"Station","Lat","Lon","Year","Season","Alive","Dead","Ground","Unknown","Sum.not.unknown","GridSize","F_alive","F_dead","F_veg","F_ground","Habitat"
"ALBALF1",33.20027,-4.03529,2016,"Spring",1,5,354,0,360,360,0.002777778,0.013888889,0.016666667,0.983333333,"Macrochloa steppe"
"ALBALF1",33.20027,-4.03529,2016,"Summer",1,8,350,1,359,360,0.002785515,0.022284123,0.025069638,0.974930362,"Macrochloa steppe"
"ALBALF1",33.20027,-4.03529,2016,"Fall",0,14,342,4,356,360,0,0.039325843,0.039325843,0.960674157,"Macrochloa steppe"
"ALBALF1",33.20027,-4.03529,2016,"Winter",0,6,354,0,360,360,0,0.016666667,0.016666667,0.983333333,"Macrochloa steppe"
"ALBALF1",33.20027,-4.03529,2017,"Spring",3,7,700,10,710,720,0.004225352,0.009859155,0.014084507,0.985915493,"Macrochloa steppe"
"ALBALF1",33.20027,-4.03529,2017,"Summer",6,21,689,4,716,720,0.008379888,0.029329609,0.037709497,0.962290503,"Macrochloa steppe"
"ALBALF1",33.20027,-4.03529,2017,"Fall",0,2,665,53,667,720,0,0.002998501,0.002998501,0.997001499,"Macrochloa steppe"
"ALBALF1",33.20027,-4.03529,2017,"Winter",6,28,684,2,718,720,0.008356546,0.038997214,0.04735376,0.95264624,"Macrochloa steppe"
"ALBALF1",33.20027,-4.03529,2018,"Spring",5,9,1059,7,1073,1080,0.004659832,0.008387698,0.01304753,0.98695247,"Macrochloa steppe"
"ALBALF1",33.20027,-4.03529,2018,"Summer",10,38,1746,6,1794,1800,0.005574136,0.021181717,0.026755853,0.973244147,"Macrochloa steppe"
"ALBALF1",33.20027,-4.03529,2018,"Fall",3,13,1057,7,1073,1080,0.002795899,0.012115564,0.014911463,0.985088537,"Macrochloa steppe"
"ALBALF1",33.20027,-4.03529,2018,"Winter",1,18,1050,11,1069,1080,0.000935454,0.016838167,0.01777362,0.98222638,"Macrochloa steppe"
"ALBALF1",33.20027,-4.03529,2019,"Spring",3,13,1055,9,1071,1080,0.00280112,0.012138189,0.014939309,0.985060691,"Macrochloa steppe"
"ALBALF1",33.20027,-4.03529,2019,"Summer",0,8,1072,0,1080,1080,0,0.007407407,0.007407407,0.992592593,"Macrochloa steppe"
"ALBALF1",33.20027,-4.03529,2019,"Fall",0,29,1044,7,1073,1080,0,0.027027027,0.027027027,0.972972973,"Macrochloa steppe"
"ALBALF1",33.20027,-4.03529,2019,"Winter",0,11,1067,2,1078,1080,0,0.010204082,0.010204082,0.989795918,"Macrochloa steppe"
"ALBALF1",33.20027,-4.03529,2020,"Spring",0,9,1066,5,1075,1080,0,0.008372093,0.008372093,0.991627907,"Macrochloa steppe"
"ALBALF1",33.20027,-4.03529,2020,"Summer",8,19,1049,4,1076,1080,0.007434944,0.017657993,0.025092937,0.974907063,"Macrochloa steppe"
"ALBALF1",33.20027,-4.03529,2020,"Fall",1,13,1061,5,1075,1080,0.000930233,0.012093023,0.013023256,0.986976744,"Macrochloa steppe"
"ALBALF1",33.20027,-4.03529,2020,"Winter",0,29,1038,13,1067,1080,0,0.027179007,0.027179007,0.972820993,"Macrochloa steppe"
"ALBALF1",33.20027,-4.03529,2021,"Spring",13,27,1037,3,1077,1080,0.012070566,0.025069638,0.037140204,0.962859796,"Macrochloa steppe"
"ALBALF1",33.20027,-4.03529,2021,"Summer",16,14,1045,5,1075,1080,0.014883721,0.013023256,0.027906977,0.972093023,"Macrochloa steppe"
"ALBALF1",33.20027,-4.03529,2021,"Fall",7,19,1052,2,1078,1080,0.006493506,0.017625232,0.024118738,0.975881262,"Macrochloa steppe"
"ALBALF1",33.20027,-4.03529,2021,"Winter",7,24,1046,3,1077,1080,0.006499536,0.022284123,0.028783658,0.971216342,"Macrochloa steppe"
"ALBALF1",33.20027,-4.03529,2022,"Spring",0,24,1043,13,1067,1080,0,0.022492971,0.022492971,0.977507029,"Macrochloa steppe"
"ALBALF1",33.20027,-4.03529,2022,"Summer",1,22,1054,3,1077,1080,0.000928505,0.020427112,0.021355617,0.978644383,"Macrochloa steppe"
"ALBALF1",33.20027,-4.03529,2022,"Fall",3,17,1053,7,1073,1080,0.002795899,0.01584343,0.018639329,0.981360671,"Macrochloa steppe"
"ALBALF1",33.20027,-4.03529,2022,"Winter",1,24,1048,7,1073,1080,0.000931966,0.022367195,0.023299161,0.976700839,"Macrochloa steppe"
"ALBALF1",33.20027,-4.03529,2023,"Spring",0,10,1068,2,1078,1080,0,0.009276438,0.009276438,0.990723562,"Macrochloa steppe"
"ALBALF1",33.20027,-4.03529,2023,"Summer",3,12,1061,4,1076,1080,0.002788104,0.011152416,0.01394052,0.98605948,"Macrochloa steppe"
"ALBALF1",33.20027,-4.03529,2023,"Fall",5,23,1046,6,1074,1080,0.004655493,0.02141527,0.026070764,0.973929236,"Macrochloa steppe"
"ALBALF1",33.20027,-4.03529,2023,"Winter",0,30,1046,4,1076,1080,0,0.027881041,0.027881041,0.972118959,"Macrochloa steppe"
"ALBALF2",33.2583,-3.9876,2016,"Spring",1,28,324,7,353,360,0.002832861,0.079320113,0.082152975,0.917847025,"Macrochloa steppe"
"ALBALF2",33.2583,-3.9876,2016,"Summer",2,27,330,1,359,360,0.005571031,0.075208914,0.080779944,0.919220056,"Macrochloa steppe"
"ALBALF2",33.2583,-3.9876,2016,"Fall",0,45,311,4,356,360,0,0.126404494,0.126404494,0.873595506,"Macrochloa steppe"
"ALBALF2",33.2583,-3.9876,2016,"Winter",5,22,330,3,357,360,0.014005602,0.06162465,0.075630252,0.924369748,"Macrochloa steppe"
"ALBALF2",33.2583,-3.9876,2017,"Spring",7,44,636,33,687,720,0.010189229,0.064046579,0.074235808,0.925764192,"Macrochloa steppe"
"ALBALF2",33.2583,-3.9876,2017,"Summer",5,29,666,20,700,720,0.007142857,0.041428571,0.048571429,0.951428571,"Macrochloa steppe"
"ALBALF2",33.2583,-3.9876,2017,"Fall",0,16,641,76,657,733,0,0.02435312,0.02435312,0.97564688,"Macrochloa steppe"
"ALBALF2",33.2583,-3.9876,2017,"Winter",6,37,666,11,709,720,0.008462623,0.052186178,0.060648801,0.939351199,"Macrochloa steppe"
"ALBALF2",33.2583,-3.9876,2018,"Spring",8,37,1025,10,1070,1080,0.007476636,0.034579439,0.042056075,0.957943925,"Macrochloa steppe"
"ALBALF2",33.2583,-3.9876,2018,"Summer",27,83,1669,21,1779,1800,0.015177066,0.046655424,0.06183249,0.93816751,"Macrochloa steppe"
"ALBALF2",33.2583,-3.9876,2018,"Fall",17,47,1010,6,1074,1080,0.015828678,0.043761639,0.059590317,0.940409683,"Macrochloa steppe"
"ALBALF2",33.2583,-3.9876,2018,"Winter",13,33,1010,24,1056,1080,0.012310606,0.03125,0.043560606,0.956439394,"Macrochloa steppe"
"ALBALF2",33.2583,-3.9876,2019,"Spring",1,80,967,32,1048,1080,0.000954198,0.076335878,0.077290076,0.922709924,"Macrochloa steppe"
"ALBALF2",33.2583,-3.9876,2019,"Summer",5,77,977,21,1059,1080,0.004721435,0.072710104,0.077431539,0.922568461,"Macrochloa steppe"
"ALBALF2",33.2583,-3.9876,2019,"Fall",0,82,987,11,1069,1080,0,0.076707203,0.076707203,0.923292797,"Macrochloa steppe"
"ALBALF2",33.2583,-3.9876,2019,"Winter",4,49,1021,6,1074,1080,0.003724395,0.045623836,0.049348231,0.950651769,"Macrochloa steppe"
"ALBALF2",33.2583,-3.9876,2020,"Spring",19,51,995,15,1065,1080,0.017840376,0.047887324,0.0657277,0.9342723,"Macrochloa steppe"
"ALBALF2",33.2583,-3.9876,2020,"Summer",20,54,996,10,1070,1080,0.018691589,0.05046729,0.069158879,0.930841121,"Macrochloa steppe"
"ALBALF2",33.2583,-3.9876,2020,"Fall",0,66,1002,12,1068,1080,0,0.061797753,0.061797753,0.938202247,"Macrochloa steppe"
"ALBALF2",33.2583,-3.9876,2020,"Winter",0,96,963,21,1059,1080,0,0.090651558,0.090651558,0.909348442,"Macrochloa steppe"
"ALBALF2",33.2583,-3.9876,2021,"Spring",3,61,1003,13,1067,1080,0.002811621,0.057169634,0.059981256,0.940018744,"Macrochloa steppe"
"ALBALF2",33.2583,-3.9876,2021,"Summer",29,54,968,29,1051,1080,0.027592769,0.051379638,0.078972407,0.921027593,"Macrochloa steppe"
"ALBALF2",33.2583,-3.9876,2021,"Fall",18,69,981,12,1068,1080,0.016853933,0.064606742,0.081460674,0.918539326,"Macrochloa steppe"
"ALBALF2",33.2583,-3.9876,2021,"Winter",15,86,971,8,1072,1080,0.013992537,0.080223881,0.094216418,0.905783582,"Macrochloa steppe"
"ALBALF2",33.2583,-3.9876,2022,"Spring",2,63,985,30,1050,1080,0.001904762,0.06,0.061904762,0.938095238,"Macrochloa steppe"
"ALBALF2",33.2583,-3.9876,2022,"Summer",0,38,1032,10,1070,1080,0,0.035514019,0.035514019,0.964485981,"Macrochloa steppe"
"ALBALF2",33.2583,-3.9876,2022,"Fall",1,61,1007,11,1069,1080,0.000935454,0.057062675,0.057998129,0.942001871,"Macrochloa steppe"
"ALBALF2",33.2583,-3.9876,2022,"Winter",3,26,1040,11,1069,1080,0.002806361,0.024321796,0.027128157,0.972871843,"Macrochloa steppe"
"ALBALF2",33.2583,-3.9876,2023,"Spring",0,38,1032,10,1070,1080,0,0.035514019,0.035514019,0.964485981,"Macrochloa steppe"
"ALBALF2",33.2583,-3.9876,2023,"Summer",11,39,1021,9,1071,1080,0.010270775,0.036414566,0.046685341,0.953314659,"Macrochloa steppe"
"ALBALF2",33.2583,-3.9876,2023,"Fall",0,13,1057,10,1070,1080,0,0.012149533,0.012149533,0.987850467,"Macrochloa steppe"
"ALBALF2",33.2583,-3.9876,2023,"Winter",0,55,1014,11,1069,1080,0,0.051449953,0.051449953,0.948550047,"Macrochloa steppe"
"ALBALF3",33.29604,-3.94828,2016,"Spring",0,11,344,5,355,360,0,0.030985915,0.030985915,0.969014085,"Macrochloa steppe"
"ALBALF3",33.29604,-3.94828,2016,"Summer",0,2,358,0,360,360,0,0.005555556,0.005555556,0.994444444,"Macrochloa steppe"
"ALBALF3",33.29604,-3.94828,2016,"Fall",0,4,355,1,359,360,0,0.011142061,0.011142061,0.988857939,"Macrochloa steppe"
"ALBALF3",33.29604,-3.94828,2016,"Winter",0,1,359,0,360,360,0,0.002777778,0.002777778,0.997222222,"Macrochloa steppe"
"ALBALF3",33.29604,-3.94828,2017,"Spring",5,9,700,6,714,720,0.007002801,0.012605042,0.019607843,0.980392157,"Macrochloa steppe"
"ALBALF3",33.29604,-3.94828,2017,"Summer",8,12,693,7,713,720,0.011220196,0.016830295,0.028050491,0.971949509,"Macrochloa steppe"
"ALBALF3",33.29604,-3.94828,2017,"Fall",0,12,630,78,642,720,0,0.018691589,0.018691589,0.981308411,"Macrochloa steppe"
"ALBALF3",33.29604,-3.94828,2017,"Winter",2,10,707,1,719,720,0.002781641,0.013908206,0.016689847,0.983310153,"Macrochloa steppe"
"ALBALF3",33.29604,-3.94828,2018,"Spring",0,10,1068,2,1078,1080,0,0.009276438,0.009276438,0.990723562,"Macrochloa steppe"
"ALBALF3",33.29604,-3.94828,2018,"Summer",7,21,1765,7,1793,1800,0.003904071,0.011712214,0.015616286,0.984383714,"Macrochloa steppe"
"ALBALF3",33.29604,-3.94828,2018,"Fall",2,11,1062,5,1075,1080,0.001860465,0.010232558,0.012093023,0.987906977,"Macrochloa steppe"
"ALBALF3",33.29604,-3.94828,2018,"Winter",11,5,1057,7,1073,1080,0.010251631,0.004659832,0.014911463,0.985088537,"Macrochloa steppe"
"ALBALF3",33.29604,-3.94828,2019,"Spring",1,6,1071,2,1078,1080,0.000927644,0.005565863,0.006493506,0.993506494,"Macrochloa steppe"
"ALBALF3",33.29604,-3.94828,2019,"Summer",0,19,1060,1,1079,1080,0,0.017608897,0.017608897,0.982391103,"Macrochloa steppe"
"ALBALF3",33.29604,-3.94828,2019,"Fall",0,11,1066,3,1077,1080,0,0.010213556,0.010213556,0.989786444,"Macrochloa steppe"
"ALBALF3",33.29604,-3.94828,2019,"Winter",1,12,1065,2,1078,1080,0.000927644,0.011131725,0.012059369,0.987940631,"Macrochloa steppe"
"ALBALF3",33.29604,-3.94828,2020,"Spring",3,13,1061,3,1077,1080,0.002785515,0.012070566,0.014856082,0.985143918,"Macrochloa steppe"
"ALBALF3",33.29604,-3.94828,2020,"Summer",4,17,1056,3,1077,1080,0.00371402,0.015784587,0.019498607,0.980501393,"Macrochloa steppe"
"ALBALF3",33.29604,-3.94828,2020,"Fall",0,6,1070,4,1076,1080,0,0.005576208,0.005576208,0.994423792,"Macrochloa steppe"
"ALBALF3",33.29604,-3.94828,2020,"Winter",0,21,1055,4,1076,1080,0,0.019516729,0.019516729,0.980483271,"Macrochloa steppe"
"ALBALF3",33.29604,-3.94828,2021,"Spring",6,16,1053,5,1075,1080,0.005581395,0.014883721,0.020465116,0.979534884,"Macrochloa steppe"
"ALBALF3",33.29604,-3.94828,2021,"Summer",2,12,1059,7,1073,1080,0.001863933,0.011183597,0.01304753,0.98695247,"Macrochloa steppe"
"ALBALF3",33.29604,-3.94828,2021,"Fall",2,19,1055,4,1076,1080,0.001858736,0.017657993,0.019516729,0.980483271,"Macrochloa steppe"
"ALBALF3",33.29604,-3.94828,2021,"Winter",0,15,1065,0,1080,1080,0,0.013888889,0.013888889,0.986111111,"Macrochloa steppe"
"ALBALF3",33.29604,-3.94828,2022,"Spring",0,19,1056,5,1075,1080,0,0.017674419,0.017674419,0.982325581,"Macrochloa steppe"
"ALBALF3",33.29604,-3.94828,2022,"Summer",1,8,1067,4,1076,1080,0.000929368,0.007434944,0.008364312,0.991635688,"Macrochloa steppe"
"ALBALF3",33.29604,-3.94828,2022,"Fall",0,13,1062,5,1075,1080,0,0.012093023,0.012093023,0.987906977,"Macrochloa steppe"
"ALBALF3",33.29604,-3.94828,2022,"Winter",0,11,1067,2,1078,1080,0,0.010204082,0.010204082,0.989795918,"Macrochloa steppe"
"ALBALF3",33.29604,-3.94828,2023,"Spring",0,6,1073,1,1079,1080,0,0.005560704,0.005560704,0.994439296,"Macrochloa steppe"
"ALBALF3",33.29604,-3.94828,2023,"Summer",1,5,1072,2,1078,1080,0.000927644,0.004638219,0.005565863,0.994434137,"Macrochloa steppe"
"ALBALF3",33.29604,-3.94828,2023,"Fall",2,4,1072,2,1078,1080,0.001855288,0.003710575,0.005565863,0.994434137,"Macrochloa steppe"
"ALBALF3",33.29604,-3.94828,2023,"Winter",0,10,1066,4,1076,1080,0,0.00929368,0.00929368,0.99070632,"Macrochloa steppe"
"ALBLDD1",33.17201,-3.97828,2016,"Spring",4,25,322,9,351,360,0.011396011,0.071225071,0.082621083,0.917378917,"Gully"
"ALBLDD1",33.17201,-3.97828,2016,"Summer",0,49,310,1,359,360,0,0.136490251,0.136490251,0.863509749,"Gully"
"ALBLDD1",33.17201,-3.97828,2016,"Fall",0,29,325,6,354,360,0,0.081920904,0.081920904,0.918079096,"Gully"
"ALBLDD1",33.17201,-3.97828,2016,"Winter",3,28,325,4,356,360,0.008426966,0.078651685,0.087078652,0.912921348,"Gully"
"ALBLDD1",33.17201,-3.97828,2017,"Spring",57,85,530,48,672,720,0.084821429,0.126488095,0.211309524,0.788690476,"Gully"
"ALBLDD1",33.17201,-3.97828,2017,"Summer",54,49,575,42,678,720,0.079646018,0.072271386,0.151917404,0.848082596,"Gully"
"ALBLDD1",33.17201,-3.97828,2017,"Fall",7,46,595,111,648,759,0.010802469,0.070987654,0.081790123,0.918209877,"Gully"
"ALBLDD1",33.17201,-3.97828,2017,"Winter",20,47,642,11,709,720,0.028208745,0.06629055,0.094499295,0.905500705,"Gully"
"ALBLDD1",33.17201,-3.97828,2018,"Spring",9,33,671,7,713,720,0.012622721,0.04628331,0.058906031,0.941093969,"Gully"
"ALBLDD1",33.17201,-3.97828,2018,"Summer",64,22,626,8,712,720,0.08988764,0.030898876,0.120786517,0.879213483,"Gully"
"ALBLDD1",33.17201,-3.97828,2018,"Fall",90,12,602,16,704,720,0.127840909,0.017045455,0.144886364,0.855113636,"Gully"
"ALBLDD1",33.17201,-3.97828,2018,"Winter",49,16,634,21,699,720,0.070100143,0.022889843,0.092989986,0.907010014,"Gully"
"ALBLDD1",33.17201,-3.97828,2019,"Spring",2,43,674,1,719,720,0.002781641,0.059805285,0.062586926,0.937413074,"Gully"
"ALBLDD1",33.17201,-3.97828,2019,"Summer",4,31,682,3,717,720,0.005578801,0.043235704,0.048814505,0.951185495,"Gully"
"ALBLDD1",33.17201,-3.97828,2019,"Fall",10,20,684,6,714,720,0.014005602,0.028011204,0.042016807,0.957983193,"Gully"
"ALBLDD1",33.17201,-3.97828,2019,"Winter",7,23,687,3,717,720,0.009762901,0.032078103,0.041841004,0.958158996,"Gully"
"ALBLDD1",33.17201,-3.97828,2020,"Spring",74,22,622,2,718,720,0.103064067,0.030640669,0.133704735,0.866295265,"Gully"
"ALBLDD1",33.17201,-3.97828,2020,"Summer",22,40,648,10,710,720,0.030985915,0.056338028,0.087323944,0.912676056,"Gully"
"ALBLDD1",33.17201,-3.97828,2020,"Fall",0,64,649,7,713,720,0,0.089761571,0.089761571,0.910238429,"Gully"
"ALBLDD1",33.17201,-3.97828,2020,"Winter",4,45,658,13,707,720,0.005657709,0.063649222,0.069306931,0.930693069,"Gully"
"ALBLDD1",33.17201,-3.97828,2021,"Spring",32,18,667,3,717,720,0.044630404,0.025104603,0.069735007,0.930264993,"Gully"
"ALBLDD1",33.17201,-3.97828,2021,"Summer",61,29,620,10,710,720,0.085915493,0.04084507,0.126760563,0.873239437,"Gully"
"ALBLDD1",33.17201,-3.97828,2021,"Fall",4,21,690,5,715,720,0.005594406,0.029370629,0.034965035,0.965034965,"Gully"
"ALBLDD1",33.17201,-3.97828,2021,"Winter",6,45,662,7,713,720,0.008415147,0.063113604,0.071528752,0.928471248,"Gully"
"ALBLDD1",33.17201,-3.97828,2022,"Spring",12,30,672,6,714,720,0.016806723,0.042016807,0.058823529,0.941176471,"Gully"
"ALBLDD1",33.17201,-3.97828,2022,"Summer",2,16,699,3,717,720,0.0027894,0.022315202,0.025104603,0.974895397,"Gully"
"ALBLDD1",33.17201,-3.97828,2022,"Fall",28,14,667,11,709,720,0.039492243,0.019746121,0.059238364,0.940761636,"Gully"
"ALBLDD1",33.17201,-3.97828,2022,"Winter",14,14,685,7,713,720,0.019635344,0.019635344,0.039270687,0.960729313,"Gully"
"ALBLDD1",33.17201,-3.97828,2023,"Spring",2,29,684,5,715,720,0.002797203,0.040559441,0.043356643,0.956643357,"Gully"
"ALBLDD1",33.17201,-3.97828,2023,"Summer",65,16,622,17,703,720,0.092460882,0.022759602,0.115220484,0.884779516,"Gully"
"ALBLDD1",33.17201,-3.97828,2023,"Fall",6,37,667,10,710,720,0.008450704,0.052112676,0.06056338,0.93943662,"Gully"
"ALBLDD1",33.17201,-3.97828,2023,"Winter",2,42,667,9,711,720,0.00281294,0.05907173,0.061884669,0.938115331,"Gully"
"ALBLDD2",33.21478,-3.91317,2016,"Spring",18,24,312,6,354,360,0.050847458,0.06779661,0.118644068,0.881355932,"Gully"
"ALBLDD2",33.21478,-3.91317,2016,"Summer",9,58,291,2,358,360,0.025139665,0.162011173,0.187150838,0.812849162,"Gully"
"ALBLDD2",33.21478,-3.91317,2016,"Fall",11,74,266,9,351,360,0.031339031,0.210826211,0.242165242,0.757834758,"Gully"
"ALBLDD2",33.21478,-3.91317,2016,"Winter",11,36,311,2,358,360,0.030726257,0.100558659,0.131284916,0.868715084,"Gully"
"ALBLDD3",33.26426,-3.84344,2016,"Spring",0,38,315,7,353,360,0,0.107648725,0.107648725,0.892351275,"Gully"
"ALBLDD3",33.26426,-3.84344,2016,"Summer",0,56,304,0,360,360,0,0.155555556,0.155555556,0.844444444,"Gully"
"ALBLDD3",33.26426,-3.84344,2016,"Fall",1,45,311,3,357,360,0.00280112,0.12605042,0.128851541,0.871148459,"Gully"
"ALBLDD3",33.26426,-3.84344,2016,"Winter",3,42,308,7,353,360,0.008498584,0.11898017,0.127478754,0.872521246,"Gully"
"ALBLDD3",33.26426,-3.84344,2017,"Spring",20,42,619,39,681,720,0.029368576,0.061674009,0.091042584,0.908957416,"Gully"
"ALBLDD3",33.26426,-3.84344,2017,"Summer",54,44,602,20,700,720,0.077142857,0.062857143,0.14,0.86,"Gully"
"ALBLDD3",33.26426,-3.84344,2017,"Fall",0,39,600,94,639,733,0,0.061032864,0.061032864,0.938967136,"Gully"
"ALBLDD3",33.26426,-3.84344,2017,"Winter",16,58,637,9,711,720,0.022503516,0.081575246,0.104078762,0.895921238,"Gully"
"ALBLDD3",33.26426,-3.84344,2018,"Spring",2,72,634,12,708,720,0.002824859,0.101694915,0.104519774,0.895480226,"Gully"
"ALBLDD3",33.26426,-3.84344,2018,"Summer",55,27,624,14,706,720,0.077903683,0.038243626,0.116147309,0.883852691,"Gully"
"ALBLDD3",33.26426,-3.84344,2018,"Fall",68,44,594,14,706,720,0.09631728,0.062322946,0.158640227,0.841359773,"Gully"
"ALBLDD3",33.26426,-3.84344,2018,"Winter",34,44,631,11,709,720,0.047954866,0.062059238,0.110014104,0.889985896,"Gully"
"ALBLDD3",33.26426,-3.84344,2019,"Spring",0,39,659,22,698,720,0,0.055873926,0.055873926,0.944126074,"Gully"
"ALBLDD3",33.26426,-3.84344,2019,"Summer",1,72,624,23,697,720,0.00143472,0.103299857,0.104734577,0.895265423,"Gully"
"ALBLDD3",33.26426,-3.84344,2019,"Fall",0,50,658,12,708,720,0,0.070621469,0.070621469,0.929378531,"Gully"
"ALBLDD3",33.26426,-3.84344,2019,"Winter",5,44,652,19,701,720,0.007132668,0.062767475,0.069900143,0.930099857,"Gully"
"ALBLDD3",33.26426,-3.84344,2020,"Spring",14,32,663,11,709,720,0.019746121,0.045133992,0.064880113,0.935119887,"Gully"
"ALBLDD3",33.26426,-3.84344,2020,"Summer",22,36,648,14,706,720,0.031161473,0.050991501,0.082152975,0.917847025,"Gully"
"ALBLDD3",33.26426,-3.84344,2020,"Fall",3,49,661,7,713,720,0.004207574,0.068723703,0.072931276,0.927068724,"Gully"
"ALBLDD3",33.26426,-3.84344,2020,"Winter",8,61,624,27,693,720,0.011544012,0.088023088,0.0995671,0.9004329,"Gully"
"ALBLDD3",33.26426,-3.84344,2021,"Spring",30,49,637,4,716,720,0.041899441,0.068435754,0.110335196,0.889664804,"Gully"
"ALBLDD3",33.26426,-3.84344,2021,"Summer",61,16,628,15,705,720,0.086524823,0.022695035,0.109219858,0.890780142,"Gully"
"ALBLDD3",33.26426,-3.84344,2021,"Fall",13,69,630,8,712,720,0.018258427,0.096910112,0.115168539,0.884831461,"Gully"
"ALBLDD3",33.26426,-3.84344,2021,"Winter",12,66,632,10,710,720,0.016901408,0.092957746,0.109859155,0.890140845,"Gully"
"ALBLDD3",33.26426,-3.84344,2022,"Spring",7,46,648,19,701,720,0.009985735,0.065620542,0.075606277,0.924393723,"Gully"
"ALBLDD3",33.26426,-3.84344,2022,"Summer",1,62,642,15,705,720,0.00141844,0.087943262,0.089361702,0.910638298,"Gully"
"ALBLDD3",33.26426,-3.84344,2022,"Fall",11,31,658,20,700,720,0.015714286,0.044285714,0.06,0.94,"Gully"
"ALBLDD3",33.26426,-3.84344,2022,"Winter",14,35,655,16,704,720,0.019886364,0.049715909,0.069602273,0.930397727,"Gully"
"ALBLDD3",33.26426,-3.84344,2023,"Spring",5,52,654,9,711,720,0.007032349,0.073136428,0.080168776,0.919831224,"Gully"
"ALBLDD3",33.26426,-3.84344,2023,"Summer",37,22,652,9,711,720,0.052039381,0.030942335,0.082981716,0.917018284,"Gully"
"ALBLDD3",33.26426,-3.84344,2023,"Fall",4,61,643,12,708,720,0.005649718,0.086158192,0.09180791,0.90819209,"Gully"
"ALBLDD3",33.26426,-3.84344,2023,"Winter",1,46,661,12,708,720,0.001412429,0.064971751,0.066384181,0.933615819,"Gully"
"ALBREG1",33.14186,-3.94049,2016,"Spring",0,2,357,1,359,360,0,0.005571031,0.005571031,0.994428969,"Reg"
"ALBREG1",33.14186,-3.94049,2016,"Summer",0,2,358,0,360,360,0,0.005555556,0.005555556,0.994444444,"Reg"
"ALBREG1",33.14186,-3.94049,2016,"Fall",0,4,354,2,358,360,0,0.011173184,0.011173184,0.988826816,"Reg"
"ALBREG1",33.14186,-3.94049,2016,"Winter",0,1,359,0,360,360,0,0.002777778,0.002777778,0.997222222,"Reg"
"ALBREG1",33.14186,-3.94049,2017,"Spring",0,3,713,4,716,720,0,0.004189944,0.004189944,0.995810056,"Reg"
"ALBREG1",33.14186,-3.94049,2017,"Fall",0,2,684,34,686,720,0,0.002915452,0.002915452,0.997084548,"Reg"
"ALBREG1",33.14186,-3.94049,2017,"Winter",0,2,718,0,720,720,0,0.002777778,0.002777778,0.997222222,"Reg"
"ALBREG1",33.14186,-3.94049,2018,"Spring",0,2,718,0,720,720,0,0.002777778,0.002777778,0.997222222,"Reg"
"ALBREG1",33.14186,-3.94049,2018,"Summer",0,0,718,2,718,720,0,0,0,1,"Reg"
"ALBREG1",33.14186,-3.94049,2018,"Fall",0,0,719,1,719,720,0,0,0,1,"Reg"
"ALBREG1",33.14186,-3.94049,2018,"Winter",0,5,712,3,717,720,0,0.006973501,0.006973501,0.993026499,"Reg"
"ALBREG1",33.14186,-3.94049,2019,"Spring",0,2,717,1,719,720,0,0.002781641,0.002781641,0.997218359,"Reg"
"ALBREG1",33.14186,-3.94049,2019,"Summer",0,2,717,1,719,720,0,0.002781641,0.002781641,0.997218359,"Reg"
"ALBREG1",33.14186,-3.94049,2019,"Fall",0,2,718,0,720,720,0,0.002777778,0.002777778,0.997222222,"Reg"
"ALBREG1",33.14186,-3.94049,2019,"Winter",0,1,719,0,720,720,0,0.001388889,0.001388889,0.998611111,"Reg"
"ALBREG1",33.14186,-3.94049,2020,"Spring",0,1,719,0,720,720,0,0.001388889,0.001388889,0.998611111,"Reg"
"ALBREG1",33.14186,-3.94049,2020,"Summer",0,1,719,0,720,720,0,0.001388889,0.001388889,0.998611111,"Reg"
"ALBREG1",33.14186,-3.94049,2020,"Fall",0,3,717,0,720,720,0,0.004166667,0.004166667,0.995833333,"Reg"
"ALBREG1",33.14186,-3.94049,2020,"Winter",0,4,716,0,720,720,0,0.005555556,0.005555556,0.994444444,"Reg"
"ALBREG1",33.14186,-3.94049,2021,"Spring",0,4,716,0,720,720,0,0.005555556,0.005555556,0.994444444,"Reg"
"ALBREG1",33.14186,-3.94049,2021,"Summer",2,1,715,2,718,720,0.002785515,0.001392758,0.004178273,0.995821727,"Reg"
"ALBREG1",33.14186,-3.94049,2021,"Fall",0,5,715,0,720,720,0,0.006944444,0.006944444,0.993055556,"Reg"
"ALBREG1",33.14186,-3.94049,2021,"Winter",0,4,716,0,720,720,0,0.005555556,0.005555556,0.994444444,"Reg"
"ALBREG1",33.14186,-3.94049,2022,"Spring",0,2,716,2,718,720,0,0.002785515,0.002785515,0.997214485,"Reg"
"ALBREG1",33.14186,-3.94049,2022,"Summer",0,4,716,0,720,720,0,0.005555556,0.005555556,0.994444444,"Reg"
"ALBREG1",33.14186,-3.94049,2022,"Fall",1,0,718,1,719,720,0.001390821,0,0.001390821,0.998609179,"Reg"
"ALBREG1",33.14186,-3.94049,2022,"Winter",0,0,720,0,720,720,0,0,0,1,"Reg"
"ALBREG1",33.14186,-3.94049,2023,"Spring",0,4,716,0,720,720,0,0.005555556,0.005555556,0.994444444,"Reg"
"ALBREG1",33.14186,-3.94049,2023,"Summer",1,0,718,1,719,720,0.001390821,0,0.001390821,0.998609179,"Reg"
"ALBREG1",33.14186,-3.94049,2023,"Fall",0,1,719,0,720,720,0,0.001388889,0.001388889,0.998611111,"Reg"
"ALBREG1",33.14186,-3.94049,2023,"Winter",0,2,718,0,720,720,0,0.002777778,0.002777778,0.997222222,"Reg"
"ALBREG1",33.14186,-3.94049,2017,"Summer",8,40,661,11,709,720,0.011283498,0.056417489,0.067700987,0.932299013,"Reg"
"ALBREG3",33.28356,-3.89417,2016,"Spring",0,5,354,1,359,360,0,0.013927577,0.013927577,0.986072423,"Reg"
"ALBREG3",33.28356,-3.89417,2016,"Summer",0,8,352,0,360,360,0,0.022222222,0.022222222,0.977777778,"Reg"
"ALBREG3",33.28356,-3.89417,2016,"Fall",0,9,351,0,360,360,0,0.025,0.025,0.975,"Reg"
"ALBREG3",33.28356,-3.89417,2016,"Winter",0,6,353,1,359,360,0,0.016713092,0.016713092,0.983286908,"Reg"
"ALBREG3",33.28356,-3.89417,2017,"Spring",4,7,704,5,715,720,0.005594406,0.00979021,0.015384615,0.984615385,"Reg"
"ALBREG3",33.28356,-3.89417,2017,"Summer",0,9,711,0,720,720,0,0.0125,0.0125,0.9875,"Reg"
"ALBREG3",33.28356,-3.89417,2017,"Fall",0,2,686,32,688,720,0,0.002906977,0.002906977,0.997093023,"Reg"
"ALBREG3",33.28356,-3.89417,2017,"Winter",0,5,714,1,719,720,0,0.006954103,0.006954103,0.993045897,"Reg"
"ALBREG3",33.28356,-3.89417,2018,"Spring",0,6,713,1,719,720,0,0.008344924,0.008344924,0.991655076,"Reg"
"ALBREG3",33.28356,-3.89417,2018,"Summer",3,2,715,0,720,720,0.004166667,0.002777778,0.006944444,0.993055556,"Reg"
"ALBREG3",33.28356,-3.89417,2018,"Fall",0,1,719,0,720,720,0,0.001388889,0.001388889,0.998611111,"Reg"
"ALBREG3",33.28356,-3.89417,2018,"Winter",8,7,702,3,717,720,0.011157601,0.009762901,0.020920502,0.979079498,"Reg"
"ALBREG3",33.28356,-3.89417,2019,"Spring",0,3,717,0,720,720,0,0.004166667,0.004166667,0.995833333,"Reg"
"ALBREG3",33.28356,-3.89417,2019,"Summer",0,4,709,7,713,720,0,0.005610098,0.005610098,0.994389902,"Reg"
"ALBREG3",33.28356,-3.89417,2019,"Fall",0,4,714,2,718,720,0,0.005571031,0.005571031,0.994428969,"Reg"
"ALBREG3",33.28356,-3.89417,2019,"Winter",0,1,719,0,720,720,0,0.001388889,0.001388889,0.998611111,"Reg"
"ALBREG3",33.28356,-3.89417,2020,"Spring",0,3,714,3,717,720,0,0.0041841,0.0041841,0.9958159,"Reg"
"ALBREG3",33.28356,-3.89417,2020,"Summer",0,2,717,1,719,720,0,0.002781641,0.002781641,0.997218359,"Reg"
"ALBREG3",33.28356,-3.89417,2020,"Fall",0,2,718,0,720,720,0,0.002777778,0.002777778,0.997222222,"Reg"
"ALBREG3",33.28356,-3.89417,2020,"Winter",0,13,703,4,716,720,0,0.018156425,0.018156425,0.981843575,"Reg"
"ALBREG3",33.28356,-3.89417,2021,"Spring",0,4,716,0,720,720,0,0.005555556,0.005555556,0.994444444,"Reg"
"ALBREG3",33.28356,-3.89417,2021,"Summer",0,0,719,1,719,720,0,0,0,1,"Reg"
"ALBREG3",33.28356,-3.89417,2021,"Fall",0,2,717,1,719,720,0,0.002781641,0.002781641,0.997218359,"Reg"
"ALBREG3",33.28356,-3.89417,2021,"Winter",0,0,719,1,719,720,0,0,0,1,"Reg"
"ALBREG3",33.28356,-3.89417,2022,"Spring",0,5,713,2,718,720,0,0.006963788,0.006963788,0.993036212,"Reg"
"ALBREG3",33.28356,-3.89417,2022,"Summer",0,7,713,0,720,720,0,0.009722222,0.009722222,0.990277778,"Reg"
"ALBREG3",33.28356,-3.89417,2022,"Fall",0,0,720,0,720,720,0,0,0,1,"Reg"
"ALBREG3",33.28356,-3.89417,2022,"Winter",1,1,715,3,717,720,0.0013947,0.0013947,0.0027894,0.9972106,"Reg"
"ALBREG3",33.28356,-3.89417,2023,"Spring",0,1,719,0,720,720,0,0.001388889,0.001388889,0.998611111,"Reg"
"ALBREG3",33.28356,-3.89417,2023,"Summer",1,4,715,0,720,720,0.001388889,0.005555556,0.006944444,0.993055556,"Reg"
"ALBREG3",33.28356,-3.89417,2023,"Fall",0,6,714,0,720,720,0,0.008333333,0.008333333,0.991666667,"Reg"
"ALBREG3",33.28356,-3.89417,2023,"Winter",0,3,717,0,720,720,0,0.004166667,0.004166667,0.995833333,"Reg"
"ALBSEP1",33.14973,-3.94129,2016,"Spring",0,25,335,0,360,360,0,0.069444444,0.069444444,0.930555556,"Alluvial spread area"
"ALBSEP1",33.14973,-3.94129,2016,"Summer",0,6,354,0,360,360,0,0.016666667,0.016666667,0.983333333,"Alluvial spread area"
"ALBSEP1",33.14973,-3.94129,2016,"Fall",0,4,354,2,358,360,0,0.011173184,0.011173184,0.988826816,"Alluvial spread area"
"ALBSEP1",33.14973,-3.94129,2016,"Winter",0,15,345,0,360,360,0,0.041666667,0.041666667,0.958333333,"Alluvial spread area"
"ALBSEP1",33.14973,-3.94129,2017,"Spring",0,16,697,7,713,720,0,0.022440393,0.022440393,0.977559607,"Alluvial spread area"
"ALBSEP1",33.14973,-3.94129,2017,"Summer",8,3,701,8,712,720,0.011235955,0.004213483,0.015449438,0.984550562,"Alluvial spread area"
"ALBSEP1",33.14973,-3.94129,2017,"Fall",0,12,1038,30,1050,1080,0,0.011428571,0.011428571,0.988571429,"Alluvial spread area"
"ALBSEP1",33.14973,-3.94129,2017,"Winter",0,17,702,1,719,720,0,0.02364395,0.02364395,0.97635605,"Alluvial spread area"
"ALBSEP1",33.14973,-3.94129,2018,"Spring",0,28,689,3,717,720,0,0.039051604,0.039051604,0.960948396,"Alluvial spread area"
"ALBSEP1",33.14973,-3.94129,2018,"Summer",6,12,694,8,712,720,0.008426966,0.016853933,0.025280899,0.974719101,"Alluvial spread area"
"ALBSEP1",33.14973,-3.94129,2018,"Fall",2,10,705,3,717,720,0.0027894,0.013947001,0.016736402,0.983263598,"Alluvial spread area"
"ALBSEP1",33.14973,-3.94129,2018,"Winter",0,16,698,6,714,720,0,0.022408964,0.022408964,0.977591036,"Alluvial spread area"
"ALBSEP1",33.14973,-3.94129,2019,"Spring",0,17,695,8,712,720,0,0.023876404,0.023876404,0.976123596,"Alluvial spread area"
"ALBSEP1",33.14973,-3.94129,2019,"Summer",0,17,692,11,709,720,0,0.023977433,0.023977433,0.976022567,"Alluvial spread area"
"ALBSEP1",33.14973,-3.94129,2019,"Fall",4,14,694,8,712,720,0.005617978,0.019662921,0.025280899,0.974719101,"Alluvial spread area"
"ALBSEP1",33.14973,-3.94129,2019,"Winter",0,16,704,0,720,720,0,0.022222222,0.022222222,0.977777778,"Alluvial spread area"
"ALBSEP1",33.14973,-3.94129,2020,"Spring",2,24,689,5,715,720,0.002797203,0.033566434,0.036363636,0.963636364,"Alluvial spread area"
"ALBSEP1",33.14973,-3.94129,2020,"Summer",0,16,700,4,716,720,0,0.022346369,0.022346369,0.977653631,"Alluvial spread area"
"ALBSEP1",33.14973,-3.94129,2020,"Fall",0,22,692,6,714,720,0,0.030812325,0.030812325,0.969187675,"Alluvial spread area"
"ALBSEP1",33.14973,-3.94129,2020,"Winter",0,9,705,6,714,720,0,0.012605042,0.012605042,0.987394958,"Alluvial spread area"
"ALBSEP1",33.14973,-3.94129,2021,"Spring",0,9,709,2,718,720,0,0.012534819,0.012534819,0.987465181,"Alluvial spread area"
"ALBSEP1",33.14973,-3.94129,2021,"Summer",3,4,710,3,717,720,0.0041841,0.005578801,0.009762901,0.990237099,"Alluvial spread area"
"ALBSEP1",33.14973,-3.94129,2021,"Fall",0,20,698,2,718,720,0,0.027855153,0.027855153,0.972144847,"Alluvial spread area"
"ALBSEP1",33.14973,-3.94129,2021,"Winter",0,16,701,3,717,720,0,0.022315202,0.022315202,0.977684798,"Alluvial spread area"
"ALBSEP1",33.14973,-3.94129,2022,"Spring",0,7,711,2,718,720,0,0.009749304,0.009749304,0.990250696,"Alluvial spread area"
"ALBSEP1",33.14973,-3.94129,2022,"Summer",0,17,702,1,719,720,0,0.02364395,0.02364395,0.97635605,"Alluvial spread area"
"ALBSEP1",33.14973,-3.94129,2022,"Fall",0,7,709,4,716,720,0,0.009776536,0.009776536,0.990223464,"Alluvial spread area"
"ALBSEP1",33.14973,-3.94129,2022,"Winter",4,11,703,2,718,720,0.005571031,0.015320334,0.020891365,0.979108635,"Alluvial spread area"
"ALBSEP1",33.14973,-3.94129,2023,"Spring",0,13,706,1,719,720,0,0.018080668,0.018080668,0.981919332,"Alluvial spread area"
"ALBSEP1",33.14973,-3.94129,2023,"Summer",2,6,710,2,718,720,0.002785515,0.008356546,0.011142061,0.988857939,"Alluvial spread area"
"ALBSEP1",33.14973,-3.94129,2023,"Fall",2,9,703,6,714,720,0.00280112,0.012605042,0.015406162,0.984593838,"Alluvial spread area"
"ALBSEP1",33.14973,-3.94129,2023,"Winter",0,11,705,4,716,720,0,0.015363128,0.015363128,0.984636872,"Alluvial spread area"
"ALBSEP2",33.22191,-3.93053,2016,"Spring",0,4,355,1,359,360,0,0.011142061,0.011142061,0.988857939,"Alluvial spread area"
"ALBSEP2",33.22191,-3.93053,2016,"Summer",0,7,353,0,360,360,0,0.019444444,0.019444444,0.980555556,"Alluvial spread area"
"ALBSEP2",33.22191,-3.93053,2016,"Fall",0,1,359,0,360,360,0,0.002777778,0.002777778,0.997222222,"Alluvial spread area"
"ALBSEP2",33.22191,-3.93053,2016,"Winter",0,9,351,0,360,360,0,0.025,0.025,0.975,"Alluvial spread area"
"ALBSEP2",33.22191,-3.93053,2017,"Spring",2,16,695,7,713,720,0.002805049,0.022440393,0.025245442,0.974754558,"Alluvial spread area"
"ALBSEP2",33.22191,-3.93053,2017,"Summer",0,8,710,2,718,720,0,0.011142061,0.011142061,0.988857939,"Alluvial spread area"
"ALBSEP2",33.22191,-3.93053,2017,"Fall",0,5,706,9,711,720,0,0.007032349,0.007032349,0.992967651,"Alluvial spread area"
"ALBSEP2",33.22191,-3.93053,2017,"Winter",0,9,709,2,718,720,0,0.012534819,0.012534819,0.987465181,"Alluvial spread area"
"ALBSEP2",33.22191,-3.93053,2018,"Spring",0,3,716,1,719,720,0,0.004172462,0.004172462,0.995827538,"Alluvial spread area"
"ALBSEP2",33.22191,-3.93053,2018,"Summer",0,8,709,3,717,720,0,0.011157601,0.011157601,0.988842399,"Alluvial spread area"
"ALBSEP2",33.22191,-3.93053,2018,"Fall",0,5,713,2,718,720,0,0.006963788,0.006963788,0.993036212,"Alluvial spread area"
"ALBSEP2",33.22191,-3.93053,2018,"Winter",0,5,711,4,716,720,0,0.00698324,0.00698324,0.99301676,"Alluvial spread area"
"ALBSEP2",33.22191,-3.93053,2019,"Spring",0,1,718,1,719,720,0,0.001390821,0.001390821,0.998609179,"Alluvial spread area"
"ALBSEP2",33.22191,-3.93053,2019,"Summer",0,6,712,2,718,720,0,0.008356546,0.008356546,0.991643454,"Alluvial spread area"
"ALBSEP2",33.22191,-3.93053,2019,"Fall",0,8,709,3,717,720,0,0.011157601,0.011157601,0.988842399,"Alluvial spread area"
"ALBSEP2",33.22191,-3.93053,2019,"Winter",0,5,715,0,720,720,0,0.006944444,0.006944444,0.993055556,"Alluvial spread area"
"ALBSEP2",33.22191,-3.93053,2020,"Spring",0,6,713,1,719,720,0,0.008344924,0.008344924,0.991655076,"Alluvial spread area"
"ALBSEP2",33.22191,-3.93053,2020,"Summer",0,4,715,1,719,720,0,0.005563282,0.005563282,0.994436718,"Alluvial spread area"
"ALBSEP2",33.22191,-3.93053,2020,"Fall",0,6,713,1,719,720,0,0.008344924,0.008344924,0.991655076,"Alluvial spread area"
"ALBSEP2",33.22191,-3.93053,2020,"Winter",0,9,706,5,715,720,0,0.012587413,0.012587413,0.987412587,"Alluvial spread area"
"ALBSEP2",33.22191,-3.93053,2021,"Spring",0,6,714,0,720,720,0,0.008333333,0.008333333,0.991666667,"Alluvial spread area"
"ALBSEP2",33.22191,-3.93053,2021,"Summer",0,5,711,4,716,720,0,0.00698324,0.00698324,0.99301676,"Alluvial spread area"
"ALBSEP2",33.22191,-3.93053,2021,"Fall",0,3,713,4,716,720,0,0.004189944,0.004189944,0.995810056,"Alluvial spread area"
"ALBSEP2",33.22191,-3.93053,2021,"Winter",0,9,709,2,718,720,0,0.012534819,0.012534819,0.987465181,"Alluvial spread area"
"ALBSEP2",33.22191,-3.93053,2022,"Spring",0,8,710,2,718,720,0,0.011142061,0.011142061,0.988857939,"Alluvial spread area"
"ALBSEP2",33.22191,-3.93053,2022,"Summer",0,2,717,1,719,720,0,0.002781641,0.002781641,0.997218359,"Alluvial spread area"
"ALBSEP2",33.22191,-3.93053,2022,"Fall",0,2,716,2,718,720,0,0.002785515,0.002785515,0.997214485,"Alluvial spread area"
"ALBSEP2",33.22191,-3.93053,2022,"Winter",0,4,712,4,716,720,0,0.005586592,0.005586592,0.994413408,"Alluvial spread area"
"ALBSEP2",33.22191,-3.93053,2023,"Spring",1,4,714,1,719,720,0.001390821,0.005563282,0.006954103,0.993045897,"Alluvial spread area"
"ALBSEP2",33.22191,-3.93053,2023,"Summer",0,3,715,2,718,720,0,0.004178273,0.004178273,0.995821727,"Alluvial spread area"
"ALBSEP2",33.22191,-3.93053,2023,"Fall",1,3,716,0,720,720,0.001388889,0.004166667,0.005555556,0.994444444,"Alluvial spread area"
"ALBSEP2",33.22191,-3.93053,2023,"Winter",0,5,711,4,716,720,0,0.00698324,0.00698324,0.99301676,"Alluvial spread area"
"ALBSEP3",33.2133,-3.85988,2016,"Spring",1,20,335,4,356,360,0.002808989,0.056179775,0.058988764,0.941011236,"Alluvial spread area"
"ALBSEP3",33.2133,-3.85988,2016,"Summer",0,9,350,1,359,360,0,0.025069638,0.025069638,0.974930362,"Alluvial spread area"
"ALBSEP3",33.2133,-3.85988,2016,"Fall",0,9,349,2,358,360,0,0.025139665,0.025139665,0.974860335,"Alluvial spread area"
"ALBSEP3",33.2133,-3.85988,2016,"Winter",0,13,342,5,355,360,0,0.036619718,0.036619718,0.963380282,"Alluvial spread area"
"ALBSEP3",33.2133,-3.85988,2017,"Spring",0,28,684,8,712,720,0,0.039325843,0.039325843,0.960674157,"Alluvial spread area"
"ALBSEP3",33.2133,-3.85988,2017,"Summer",15,13,672,20,700,720,0.021428571,0.018571429,0.04,0.96,"Alluvial spread area"
"ALBSEP3",33.2133,-3.85988,2017,"Fall",0,2,349,9,351,360,0,0.005698006,0.005698006,0.994301994,"Alluvial spread area"
"ALBSEP3",33.2133,-3.85988,2017,"Winter",1,34,681,4,716,720,0.001396648,0.047486034,0.048882682,0.951117318,"Alluvial spread area"
"ALBSEP3",33.2133,-3.85988,2018,"Spring",0,22,690,8,712,720,0,0.030898876,0.030898876,0.969101124,"Alluvial spread area"
"ALBSEP3",33.2133,-3.85988,2018,"Summer",15,10,684,11,709,720,0.021156559,0.014104372,0.035260931,0.964739069,"Alluvial spread area"
"ALBSEP3",33.2133,-3.85988,2018,"Fall",27,3,683,7,713,720,0.037868163,0.004207574,0.042075736,0.957924264,"Alluvial spread area"
"ALBSEP3",33.2133,-3.85988,2018,"Winter",25,14,668,13,707,720,0.035360679,0.01980198,0.055162659,0.944837341,"Alluvial spread area"
"ALBSEP3",33.2133,-3.85988,2019,"Spring",0,21,685,14,706,720,0,0.029745042,0.029745042,0.970254958,"Alluvial spread area"
"ALBSEP3",33.2133,-3.85988,2019,"Summer",0,19,686,15,705,720,0,0.026950355,0.026950355,0.973049645,"Alluvial spread area"
"ALBSEP3",33.2133,-3.85988,2019,"Fall",0,21,688,11,709,720,0,0.029619182,0.029619182,0.970380818,"Alluvial spread area"
"ALBSEP3",33.2133,-3.85988,2019,"Winter",5,22,690,3,717,720,0.006973501,0.030683403,0.037656904,0.962343096,"Alluvial spread area"
"ALBSEP3",33.2133,-3.85988,2020,"Spring",25,11,681,3,717,720,0.034867503,0.015341702,0.050209205,0.949790795,"Alluvial spread area"
"ALBSEP3",33.2133,-3.85988,2020,"Summer",32,31,638,19,701,720,0.045649073,0.044222539,0.089871612,0.910128388,"Alluvial spread area"
"ALBSEP3",33.2133,-3.85988,2020,"Fall",0,27,691,2,718,720,0,0.037604457,0.037604457,0.962395543,"Alluvial spread area"
"ALBSEP3",33.2133,-3.85988,2020,"Winter",0,63,648,9,711,720,0,0.088607595,0.088607595,0.911392405,"Alluvial spread area"
"ALBSEP3",33.2133,-3.85988,2021,"Spring",28,18,671,3,717,720,0.039051604,0.025104603,0.064156206,0.935843794,"Alluvial spread area"
"ALBSEP3",33.2133,-3.85988,2021,"Summer",73,15,617,15,705,720,0.103546099,0.021276596,0.124822695,0.875177305,"Alluvial spread area"
"ALBSEP3",33.2133,-3.85988,2021,"Fall",3,54,651,12,708,720,0.004237288,0.076271186,0.080508475,0.919491525,"Alluvial spread area"
"ALBSEP3",33.2133,-3.85988,2021,"Winter",0,51,655,14,706,720,0,0.07223796,0.07223796,0.92776204,"Alluvial spread area"
"ALBSEP3",33.2133,-3.85988,2022,"Spring",2,34,662,22,698,720,0.00286533,0.048710602,0.051575931,0.948424069,"Alluvial spread area"
"ALBSEP3",33.2133,-3.85988,2022,"Summer",0,43,668,9,711,720,0,0.0604782,0.0604782,0.9395218,"Alluvial spread area"
"ALBSEP3",33.2133,-3.85988,2022,"Fall",12,17,677,14,706,720,0.016997167,0.02407932,0.041076487,0.958923513,"Alluvial spread area"
"ALBSEP3",33.2133,-3.85988,2022,"Winter",3,7,702,8,712,720,0.004213483,0.009831461,0.014044944,0.985955056,"Alluvial spread area"
"ALBSEP3",33.2133,-3.85988,2023,"Spring",0,26,687,7,713,720,0,0.036465638,0.036465638,0.963534362,"Alluvial spread area"
"ALBSEP3",33.2133,-3.85988,2023,"Summer",23,11,679,7,713,720,0.032258065,0.01542777,0.047685835,0.952314165,"Alluvial spread area"
"ALBSEP3",33.2133,-3.85988,2023,"Fall",7,15,690,8,712,720,0.009831461,0.021067416,0.030898876,0.969101124,"Alluvial spread area"
"ALBSEP3",33.2133,-3.85988,2023,"Winter",1,33,678,8,712,720,0.001404494,0.046348315,0.047752809,0.952247191,"Alluvial spread area"
"BOUEX1",32.41966,-2.25862,2016,"Spring",3,13,340,4,356,360,0.008426966,0.036516854,0.04494382,0.95505618,"Alluvial spread area"
"BOUEX1",32.41966,-2.25862,2016,"Summer",0,16,344,0,360,360,0,0.044444444,0.044444444,0.955555556,"Alluvial spread area"
"BOUEX1",32.41966,-2.25862,2016,"Fall",0,10,350,0,360,360,0,0.027777778,0.027777778,0.972222222,"Alluvial spread area"
"BOUEX1",32.41966,-2.25862,2016,"Winter",0,16,344,0,360,360,0,0.044444444,0.044444444,0.955555556,"Alluvial spread area"
"BOUEX1",32.41966,-2.25862,2017,"Spring",37,44,622,17,703,720,0.052631579,0.062588905,0.115220484,0.884779516,"Alluvial spread area"
"BOUEX1",32.41966,-2.25862,2017,"Summer",16,39,643,22,698,720,0.022922636,0.055873926,0.078796562,0.921203438,"Alluvial spread area"
"BOUEX1",32.41966,-2.25862,2017,"Fall",17,31,659,13,707,720,0.024045262,0.043847242,0.067892504,0.932107496,"Alluvial spread area"
"BOUEX1",32.41966,-2.25862,2017,"Winter",33,27,658,2,718,720,0.045961003,0.037604457,0.08356546,0.91643454,"Alluvial spread area"
"BOUEX1",32.41966,-2.25862,2018,"Spring",5,37,678,0,720,720,0.006944444,0.051388889,0.058333333,0.941666667,"Alluvial spread area"
"BOUEX1",32.41966,-2.25862,2018,"Summer",9,23,677,11,709,720,0.012693935,0.032440056,0.045133992,0.954866008,"Alluvial spread area"
"BOUEX1",32.41966,-2.25862,2018,"Fall",50,19,646,5,715,720,0.06993007,0.026573427,0.096503497,0.903496503,"Alluvial spread area"
"BOUEX1",32.41966,-2.25862,2018,"Winter",42,30,630,18,702,720,0.05982906,0.042735043,0.102564103,0.897435897,"Alluvial spread area"
"BOUEX1",32.41966,-2.25862,2019,"Spring",15,47,650,8,712,720,0.021067416,0.066011236,0.087078652,0.912921348,"Alluvial spread area"
"BOUEX1",32.41966,-2.25862,2019,"Summer",1,39,666,14,706,720,0.001416431,0.055240793,0.056657224,0.943342776,"Alluvial spread area"
"BOUEX1",32.41966,-2.25862,2019,"Fall",0,26,690,4,716,720,0,0.036312849,0.036312849,0.963687151,"Alluvial spread area"
"BOUEX1",32.41966,-2.25862,2019,"Winter",2,21,697,0,720,720,0.002777778,0.029166667,0.031944444,0.968055556,"Alluvial spread area"
"BOUEX1",32.41966,-2.25862,2020,"Spring",9,46,655,10,710,720,0.012676056,0.064788732,0.077464789,0.922535211,"Alluvial spread area"
"BOUEX1",32.41966,-2.25862,2020,"Summer",1,20,696,3,717,720,0.0013947,0.027894003,0.029288703,0.970711297,"Alluvial spread area"
"BOUEX1",32.41966,-2.25862,2020,"Fall",9,26,680,5,715,720,0.012587413,0.036363636,0.048951049,0.951048951,"Alluvial spread area"
"BOUEX1",32.41966,-2.25862,2020,"Winter",4,17,696,3,717,720,0.005578801,0.023709902,0.029288703,0.970711297,"Alluvial spread area"
"BOUEX1",32.41966,-2.25862,2021,"Spring",2,12,704,2,718,720,0.002785515,0.016713092,0.019498607,0.980501393,"Alluvial spread area"
"BOUEX1",32.41966,-2.25862,2021,"Summer",6,7,703,4,716,720,0.008379888,0.009776536,0.018156425,0.981843575,"Alluvial spread area"
"BOUEX1",32.41966,-2.25862,2021,"Fall",1,8,708,3,717,720,0.0013947,0.011157601,0.012552301,0.987447699,"Alluvial spread area"
"BOUEX1",32.41966,-2.25862,2021,"Winter",1,7,710,2,718,720,0.001392758,0.009749304,0.011142061,0.988857939,"Alluvial spread area"
"BOUEX1",32.41966,-2.25862,2022,"Spring",7,21,681,11,709,720,0.009873061,0.029619182,0.039492243,0.960507757,"Alluvial spread area"
"BOUEX1",32.41966,-2.25862,2022,"Summer",4,32,679,5,715,720,0.005594406,0.044755245,0.05034965,0.94965035,"Alluvial spread area"
"BOUEX1",32.41966,-2.25862,2022,"Fall",2,23,688,7,713,720,0.002805049,0.032258065,0.035063114,0.964936886,"Alluvial spread area"
"BOUEX1",32.41966,-2.25862,2022,"Winter",4,21,684,11,709,720,0.005641749,0.029619182,0.035260931,0.964739069,"Alluvial spread area"
"BOUEX1",32.41966,-2.25862,2023,"Spring",3,19,690,8,712,720,0.004213483,0.026685393,0.030898876,0.969101124,"Alluvial spread area"
"BOUEX1",32.41966,-2.25862,2023,"Summer",6,15,692,7,713,720,0.008415147,0.021037868,0.029453015,0.970546985,"Alluvial spread area"
"BOUEX1",32.41966,-2.25862,2023,"Fall",4,18,695,3,717,720,0.005578801,0.025104603,0.030683403,0.969316597,"Alluvial spread area"
"BOUEX1",32.41966,-2.25862,2023,"Winter",4,16,691,9,711,720,0.005625879,0.022503516,0.028129395,0.971870605,"Alluvial spread area"
"BOUEX2",32.42911,-2.27631,2016,"Spring",0,6,354,0,360,360,0,0.016666667,0.016666667,0.983333333,"Alluvial spread area"
"BOUEX2",32.42911,-2.27631,2016,"Summer",0,9,351,0,360,360,0,0.025,0.025,0.975,"Alluvial spread area"
"BOUEX2",32.42911,-2.27631,2016,"Fall",0,1,359,0,360,360,0,0.002777778,0.002777778,0.997222222,"Alluvial spread area"
"BOUEX2",32.42911,-2.27631,2016,"Winter",0,2,357,1,359,360,0,0.005571031,0.005571031,0.994428969,"Alluvial spread area"
"BOUEX2",32.42911,-2.27631,2017,"Spring",15,12,684,9,711,720,0.021097046,0.016877637,0.037974684,0.962025316,"Alluvial spread area"
"BOUEX2",32.42911,-2.27631,2017,"Summer",10,7,696,7,713,720,0.014025245,0.009817672,0.023842917,0.976157083,"Alluvial spread area"
"BOUEX2",32.42911,-2.27631,2017,"Fall",15,6,694,5,715,720,0.020979021,0.008391608,0.029370629,0.970629371,"Alluvial spread area"
"BOUEX2",32.42911,-2.27631,2017,"Winter",15,17,686,2,718,720,0.020891365,0.02367688,0.044568245,0.955431755,"Alluvial spread area"
"BOUEX2",32.42911,-2.27631,2018,"Spring",0,17,703,0,720,720,0,0.023611111,0.023611111,0.976388889,"Alluvial spread area"
"BOUEX2",32.42911,-2.27631,2018,"Summer",9,10,698,3,717,720,0.012552301,0.013947001,0.026499303,0.973500697,"Alluvial spread area"
"BOUEX2",32.42911,-2.27631,2018,"Fall",4,14,696,6,714,720,0.005602241,0.019607843,0.025210084,0.974789916,"Alluvial spread area"
"BOUEX2",32.42911,-2.27631,2018,"Winter",4,12,698,6,714,720,0.005602241,0.016806723,0.022408964,0.977591036,"Alluvial spread area"
"BOUEX2",32.42911,-2.27631,2019,"Spring",4,31,682,3,717,720,0.005578801,0.043235704,0.048814505,0.951185495,"Alluvial spread area"
"BOUEX2",32.42911,-2.27631,2019,"Summer",3,13,702,2,718,720,0.004178273,0.01810585,0.022284123,0.977715877,"Alluvial spread area"
"BOUEX2",32.42911,-2.27631,2019,"Fall",2,16,702,0,720,720,0.002777778,0.022222222,0.025,0.975,"Alluvial spread area"
"BOUEX2",32.42911,-2.27631,2019,"Winter",0,4,712,4,716,720,0,0.005586592,0.005586592,0.994413408,"Alluvial spread area"
"BOUEX2",32.42911,-2.27631,2020,"Spring",2,12,704,2,718,720,0.002785515,0.016713092,0.019498607,0.980501393,"Alluvial spread area"
"BOUEX2",32.42911,-2.27631,2020,"Summer",4,5,709,2,718,720,0.005571031,0.006963788,0.012534819,0.987465181,"Alluvial spread area"
"BOUEX2",32.42911,-2.27631,2020,"Fall",2,20,694,4,716,720,0.002793296,0.027932961,0.030726257,0.969273743,"Alluvial spread area"
"BOUEX2",32.42911,-2.27631,2020,"Winter",4,15,697,4,716,720,0.005586592,0.020949721,0.026536313,0.973463687,"Alluvial spread area"
"BOUEX2",32.42911,-2.27631,2021,"Spring",51,10,655,4,716,720,0.07122905,0.01396648,0.085195531,0.914804469,"Alluvial spread area"
"BOUEX2",32.42911,-2.27631,2021,"Summer",11,31,671,7,713,720,0.01542777,0.043478261,0.058906031,0.941093969,"Alluvial spread area"
"BOUEX2",32.42911,-2.27631,2021,"Fall",3,24,689,4,716,720,0.004189944,0.033519553,0.037709497,0.962290503,"Alluvial spread area"
"BOUEX2",32.42911,-2.27631,2021,"Winter",0,29,690,1,719,720,0,0.040333797,0.040333797,0.959666203,"Alluvial spread area"
"BOUEX2",32.42911,-2.27631,2022,"Spring",0,10,706,4,716,720,0,0.01396648,0.01396648,0.98603352,"Alluvial spread area"
"BOUEX2",32.42911,-2.27631,2022,"Summer",3,6,707,4,716,720,0.004189944,0.008379888,0.012569832,0.987430168,"Alluvial spread area"
"BOUEX2",32.42911,-2.27631,2022,"Fall",2,10,703,5,715,720,0.002797203,0.013986014,0.016783217,0.983216783,"Alluvial spread area"
"BOUEX2",32.42911,-2.27631,2022,"Winter",5,10,695,10,710,720,0.007042254,0.014084507,0.021126761,0.978873239,"Alluvial spread area"
"BOUEX2",32.42911,-2.27631,2023,"Spring",1,9,707,3,717,720,0.0013947,0.012552301,0.013947001,0.986052999,"Alluvial spread area"
"BOUEX2",32.42911,-2.27631,2023,"Summer",0,4,711,5,715,720,0,0.005594406,0.005594406,0.994405594,"Alluvial spread area"
"BOUEX2",32.42911,-2.27631,2023,"Fall",0,12,705,3,717,720,0,0.016736402,0.016736402,0.983263598,"Alluvial spread area"
"BOUEX2",32.42911,-2.27631,2023,"Winter",4,9,706,1,719,720,0.005563282,0.012517385,0.018080668,0.981919332,"Alluvial spread area"
"BOUIN1",32.41504,-2.27241,2016,"Spring",0,19,340,1,359,360,0,0.052924791,0.052924791,0.947075209,"Alluvial spread area"
"BOUIN1",32.41504,-2.27241,2016,"Summer",0,23,336,1,359,360,0,0.064066852,0.064066852,0.935933148,"Alluvial spread area"
"BOUIN1",32.41504,-2.27241,2016,"Fall",0,12,348,0,360,360,0,0.033333333,0.033333333,0.966666667,"Alluvial spread area"
"BOUIN1",32.41504,-2.27241,2016,"Winter",0,26,334,0,360,360,0,0.072222222,0.072222222,0.927777778,"Alluvial spread area"
"BOUIN1",32.41504,-2.27241,2017,"Spring",18,23,660,19,701,720,0.025677603,0.032810271,0.058487874,0.941512126,"Alluvial spread area"
"BOUIN1",32.41504,-2.27241,2017,"Summer",11,33,651,25,695,720,0.015827338,0.047482014,0.063309353,0.936690647,"Alluvial spread area"
"BOUIN1",32.41504,-2.27241,2017,"Fall",5,37,668,10,710,720,0.007042254,0.052112676,0.05915493,0.94084507,"Alluvial spread area"
"BOUIN1",32.41504,-2.27241,2017,"Winter",12,42,659,7,713,720,0.016830295,0.058906031,0.075736325,0.924263675,"Alluvial spread area"
"BOUIN1",32.41504,-2.27241,2018,"Spring",0,31,687,2,718,720,0,0.043175487,0.043175487,0.956824513,"Alluvial spread area"
"BOUIN1",32.41504,-2.27241,2018,"Summer",2,31,676,11,709,720,0.002820874,0.043723554,0.046544429,0.953455571,"Alluvial spread area"
"BOUIN1",32.41504,-2.27241,2018,"Fall",9,39,666,6,714,720,0.012605042,0.054621849,0.067226891,0.932773109,"Alluvial spread area"
"BOUIN1",32.41504,-2.27241,2018,"Winter",2,40,670,8,712,720,0.002808989,0.056179775,0.058988764,0.941011236,"Alluvial spread area"
"BOUIN1",32.41504,-2.27241,2019,"Spring",2,20,694,4,716,720,0.002793296,0.027932961,0.030726257,0.969273743,"Alluvial spread area"
"BOUIN1",32.41504,-2.27241,2019,"Summer",0,23,688,9,711,720,0,0.032348805,0.032348805,0.967651195,"Alluvial spread area"
"BOUIN1",32.41504,-2.27241,2019,"Fall",0,30,684,6,714,720,0,0.042016807,0.042016807,0.957983193,"Alluvial spread area"
"BOUIN1",32.41504,-2.27241,2019,"Winter",1,20,698,1,719,720,0.001390821,0.027816412,0.029207232,0.970792768,"Alluvial spread area"
"BOUIN1",32.41504,-2.27241,2020,"Spring",0,22,696,2,718,720,0,0.030640669,0.030640669,0.969359331,"Alluvial spread area"
"BOUIN1",32.41504,-2.27241,2020,"Summer",0,20,693,7,713,720,0,0.028050491,0.028050491,0.971949509,"Alluvial spread area"
"BOUIN1",32.41504,-2.27241,2020,"Fall",1,20,692,7,713,720,0.001402525,0.028050491,0.029453015,0.970546985,"Alluvial spread area"
"BOUIN1",32.41504,-2.27241,2020,"Winter",3,18,695,4,716,720,0.004189944,0.025139665,0.029329609,0.970670391,"Alluvial spread area"
"BOUIN1",32.41504,-2.27241,2021,"Spring",3,12,704,1,719,720,0.004172462,0.016689847,0.020862309,0.979137691,"Alluvial spread area"
"BOUIN1",32.41504,-2.27241,2021,"Summer",2,12,704,2,718,720,0.002785515,0.016713092,0.019498607,0.980501393,"Alluvial spread area"
"BOUIN1",32.41504,-2.27241,2021,"Fall",0,22,695,3,717,720,0,0.030683403,0.030683403,0.969316597,"Alluvial spread area"
"BOUIN1",32.41504,-2.27241,2021,"Winter",1,25,692,2,718,720,0.001392758,0.034818942,0.036211699,0.963788301,"Alluvial spread area"
"BOUIN1",32.41504,-2.27241,2022,"Spring",1,14,694,11,709,720,0.001410437,0.019746121,0.021156559,0.978843441,"Alluvial spread area"
"BOUIN1",32.41504,-2.27241,2022,"Summer",2,11,698,9,711,720,0.00281294,0.015471167,0.018284107,0.981715893,"Alluvial spread area"
"BOUIN1",32.41504,-2.27241,2022,"Fall",4,18,693,5,715,720,0.005594406,0.025174825,0.030769231,0.969230769,"Alluvial spread area"
"BOUIN1",32.41504,-2.27241,2022,"Winter",3,8,701,8,712,720,0.004213483,0.011235955,0.015449438,0.984550562,"Alluvial spread area"
"BOUIN1",32.41054,-2.27138,2023,"Spring",9,76,626,9,711,720,0.012658228,0.106891702,0.11954993,0.88045007,"Alluvial spread area"
"BOUIN1",32.41733,-2.28434,2023,"Summer",176,178,338,28,692,720,0.25433526,0.257225434,0.511560694,0.488439306,"Alluvial spread area"
"BOUIN1",32.41733,-2.28434,2023,"Fall",1,215,483,21,699,720,0.001430615,0.30758226,0.309012876,0.690987124,"Alluvial spread area"
"BOUIN1",32.41733,-2.28434,2023,"Winter",2,185,510,23,697,720,0.00286944,0.265423242,0.268292683,0.731707317,"Alluvial spread area"
"BOUIN2",32.41793,-2.27529,2016,"Spring",0,35,321,4,356,360,0,0.098314607,0.098314607,0.901685393,"Alluvial spread area"
"BOUIN2",32.41793,-2.27529,2016,"Summer",0,17,343,0,360,360,0,0.047222222,0.047222222,0.952777778,"Alluvial spread area"
"BOUIN2",32.41793,-2.27529,2016,"Fall",0,19,340,1,359,360,0,0.052924791,0.052924791,0.947075209,"Alluvial spread area"
"BOUIN2",32.41793,-2.27529,2016,"Winter",0,13,346,1,359,360,0,0.036211699,0.036211699,0.963788301,"Alluvial spread area"
"BOUIN2",32.41793,-2.27529,2017,"Spring",27,51,609,33,687,720,0.03930131,0.074235808,0.113537118,0.886462882,"Alluvial spread area"
"BOUIN2",32.41793,-2.27529,2017,"Summer",7,57,643,13,707,720,0.00990099,0.080622348,0.090523338,0.909476662,"Alluvial spread area"
"BOUIN2",32.41793,-2.27529,2017,"Fall",13,31,662,14,706,720,0.018413598,0.043909348,0.062322946,0.937677054,"Alluvial spread area"
"BOUIN2",32.41793,-2.27529,2017,"Winter",8,42,665,5,715,720,0.011188811,0.058741259,0.06993007,0.93006993,"Alluvial spread area"
"BOUIN2",32.41793,-2.27529,2018,"Spring",0,46,665,9,711,720,0,0.064697609,0.064697609,0.935302391,"Alluvial spread area"
"BOUIN2",32.41793,-2.27529,2018,"Summer",2,46,665,7,713,720,0.002805049,0.064516129,0.067321178,0.932678822,"Alluvial spread area"
"BOUIN2",32.41793,-2.27529,2018,"Fall",9,34,675,2,718,720,0.012534819,0.04735376,0.059888579,0.940111421,"Alluvial spread area"
"BOUIN2",32.41793,-2.27529,2018,"Winter",5,28,676,11,709,720,0.007052186,0.039492243,0.046544429,0.953455571,"Alluvial spread area"
"BOUIN2",32.41793,-2.27529,2019,"Spring",1,29,689,1,719,720,0.001390821,0.040333797,0.041724618,0.958275382,"Alluvial spread area"
"BOUIN2",32.41793,-2.27529,2019,"Summer",0,35,674,11,709,720,0,0.049365303,0.049365303,0.950634697,"Alluvial spread area"
"BOUIN2",32.41793,-2.27529,2019,"Fall",0,19,698,3,717,720,0,0.026499303,0.026499303,0.973500697,"Alluvial spread area"
"BOUIN2",32.41793,-2.27529,2019,"Winter",0,32,687,1,719,720,0,0.044506259,0.044506259,0.955493741,"Alluvial spread area"
"BOUIN2",32.41793,-2.27529,2020,"Spring",0,16,703,1,719,720,0,0.022253129,0.022253129,0.977746871,"Alluvial spread area"
"BOUIN2",32.41793,-2.27529,2020,"Summer",0,15,702,3,717,720,0,0.020920502,0.020920502,0.979079498,"Alluvial spread area"
"BOUIN2",32.41793,-2.27529,2020,"Fall",1,22,689,8,712,720,0.001404494,0.030898876,0.032303371,0.967696629,"Alluvial spread area"
"BOUIN2",32.41793,-2.27529,2020,"Winter",1,24,689,6,714,720,0.00140056,0.033613445,0.035014006,0.964985994,"Alluvial spread area"
"BOUIN2",32.41793,-2.27529,2021,"Spring",8,16,692,4,716,720,0.011173184,0.022346369,0.033519553,0.966480447,"Alluvial spread area"
"BOUIN2",32.41793,-2.27529,2021,"Summer",4,12,701,3,717,720,0.005578801,0.016736402,0.022315202,0.977684798,"Alluvial spread area"
"BOUIN2",32.41793,-2.27529,2021,"Fall",2,24,692,2,718,720,0.002785515,0.033426184,0.036211699,0.963788301,"Alluvial spread area"
"BOUIN2",32.41793,-2.27529,2021,"Winter",2,28,689,1,719,720,0.002781641,0.038942976,0.041724618,0.958275382,"Alluvial spread area"
"BOUIN2",32.41793,-2.27529,2022,"Spring",0,23,691,6,714,720,0,0.032212885,0.032212885,0.967787115,"Alluvial spread area"
"BOUIN2",32.41793,-2.27529,2022,"Summer",1,22,695,2,718,720,0.001392758,0.030640669,0.032033426,0.967966574,"Alluvial spread area"
"BOUIN2",32.41793,-2.27529,2022,"Fall",0,16,697,7,713,720,0,0.022440393,0.022440393,0.977559607,"Alluvial spread area"
"BOUIN2",32.41793,-2.27529,2022,"Winter",1,15,700,4,716,720,0.001396648,0.020949721,0.022346369,0.977653631,"Alluvial spread area"
"BOUIN2",32.41793,-2.27529,2023,"Spring",0,19,697,4,716,720,0,0.026536313,0.026536313,0.973463687,"Alluvial spread area"
"BOUIN2",32.41793,-2.27529,2023,"Summer",0,5,712,3,717,720,0,0.006973501,0.006973501,0.993026499,"Alluvial spread area"
"BOUIN2",32.41793,-2.27529,2023,"Fall",2,16,694,8,712,720,0.002808989,0.02247191,0.025280899,0.974719101,"Alluvial spread area"
"BOUIN2",32.41793,-2.27529,2023,"Winter",0,15,705,0,720,720,0,0.020833333,0.020833333,0.979166667,"Alluvial spread area"
"ENJEX1",33.12976,-4.55768,2016,"Spring",2,41,315,2,358,360,0.005586592,0.11452514,0.120111732,0.879888268,"Reg"
"ENJEX1",33.12976,-4.55768,2016,"Summer",0,40,320,0,360,360,0,0.111111111,0.111111111,0.888888889,"Reg"
"ENJEX1",33.12976,-4.55768,2016,"Fall",0,29,328,3,357,360,0,0.081232493,0.081232493,0.918767507,"Reg"
"ENJEX1",33.12976,-4.55768,2016,"Winter",1,15,344,0,360,360,0.002777778,0.041666667,0.044444444,0.955555556,"Reg"
"ENJEX1",33.12976,-4.55768,2017,"Spring",28,32,630,30,690,720,0.04057971,0.046376812,0.086956522,0.913043478,"Reg"
"ENJEX1",33.12976,-4.55768,2017,"Summer",39,22,641,18,702,720,0.055555556,0.031339031,0.086894587,0.913105413,"Reg"
"ENJEX1",33.12976,-4.55768,2017,"Fall",4,14,618,84,636,720,0.006289308,0.022012579,0.028301887,0.971698113,"Reg"
"ENJEX1",33.12976,-4.55768,2017,"Winter",21,27,666,6,714,720,0.029411765,0.037815126,0.067226891,0.932773109,"Reg"
"ENJEX1",33.12976,-4.55768,2018,"Spring",26,40,650,4,716,720,0.036312849,0.055865922,0.092178771,0.907821229,"Reg"
"ENJEX1",33.12976,-4.55768,2018,"Summer",45,35,625,15,705,720,0.063829787,0.04964539,0.113475177,0.886524823,"Reg"
"ENJEX1",33.12976,-4.55768,2018,"Fall",44,24,648,4,716,720,0.061452514,0.033519553,0.094972067,0.905027933,"Reg"
"ENJEX1",33.12976,-4.55768,2018,"Winter",34,19,654,13,707,720,0.048090523,0.026874116,0.074964639,0.925035361,"Reg"
"ENJEX1",33.12976,-4.55768,2019,"Spring",18,56,623,23,697,720,0.025824964,0.080344333,0.106169297,0.893830703,"Reg"
"ENJEX1",33.12976,-4.55768,2019,"Summer",4,63,636,17,703,720,0.0056899,0.089615932,0.095305832,0.904694168,"Reg"
"ENJEX1",33.12976,-4.55768,2019,"Fall",3,24,677,16,704,720,0.004261364,0.034090909,0.038352273,0.961647727,"Reg"
"ENJEX1",33.12976,-4.55768,2019,"Winter",3,17,698,2,718,720,0.004178273,0.02367688,0.027855153,0.972144847,"Reg"
"ENJEX1",33.12976,-4.55768,2020,"Spring",54,10,649,7,713,720,0.075736325,0.014025245,0.089761571,0.910238429,"Reg"
"ENJEX1",33.12976,-4.55768,2020,"Summer",6,24,679,11,709,720,0.008462623,0.033850494,0.042313117,0.957686883,"Reg"
"ENJEX1",33.12976,-4.55768,2020,"Fall",6,25,687,2,718,720,0.008356546,0.034818942,0.043175487,0.956824513,"Reg"
"ENJEX1",33.12976,-4.55768,2020,"Winter",9,36,661,14,706,720,0.012747875,0.050991501,0.063739377,0.936260623,"Reg"
"ENJEX1",33.12976,-4.55768,2021,"Spring",31,21,662,6,714,720,0.043417367,0.029411765,0.072829132,0.927170868,"Reg"
"ENJEX1",33.12976,-4.55768,2021,"Summer",21,11,677,11,709,720,0.029619182,0.01551481,0.045133992,0.954866008,"Reg"
"ENJEX1",33.12976,-4.55768,2021,"Fall",2,51,657,10,710,720,0.002816901,0.071830986,0.074647887,0.925352113,"Reg"
"ENJEX1",33.12976,-4.55768,2021,"Winter",2,49,663,6,714,720,0.00280112,0.068627451,0.071428571,0.928571429,"Reg"
"ENJEX1",33.12976,-4.55768,2022,"Spring",4,15,691,10,710,720,0.005633803,0.021126761,0.026760563,0.973239437,"Reg"
"ENJEX1",33.12976,-4.55768,2022,"Summer",10,26,672,12,708,720,0.014124294,0.036723164,0.050847458,0.949152542,"Reg"
"ENJEX1",33.12976,-4.55768,2022,"Fall",4,15,693,8,712,720,0.005617978,0.021067416,0.026685393,0.973314607,"Reg"
"ENJEX1",33.12976,-4.55768,2022,"Winter",9,13,689,9,711,720,0.012658228,0.018284107,0.030942335,0.969057665,"Reg"
"ENJEX1",33.12976,-4.55768,2023,"Spring",2,13,703,2,718,720,0.002785515,0.01810585,0.020891365,0.979108635,"Reg"
"ENJEX1",33.12976,-4.55768,2023,"Summer",28,13,672,7,713,720,0.039270687,0.018232819,0.057503506,0.942496494,"Reg"
"ENJEX1",33.12976,-4.55768,2023,"Fall",27,26,657,10,710,720,0.038028169,0.036619718,0.074647887,0.925352113,"Reg"
"ENJEX1",33.12976,-4.55768,2023,"Winter",0,45,663,12,708,720,0,0.063559322,0.063559322,0.936440678,"Reg"
"ENJEX2",33.10762,-4.60643,2016,"Spring",0,44,312,4,356,360,0,0.123595506,0.123595506,0.876404494,"Reg"
"ENJEX2",33.10762,-4.60643,2016,"Summer",0,16,340,4,356,360,0,0.04494382,0.04494382,0.95505618,"Reg"
"ENJEX2",33.10762,-4.60643,2016,"Fall",0,40,318,2,358,360,0,0.111731844,0.111731844,0.888268156,"Reg"
"ENJEX2",33.10762,-4.60643,2016,"Winter",6,12,342,0,360,360,0.016666667,0.033333333,0.05,0.95,"Reg"
"ENJEX2",33.10762,-4.60643,2017,"Spring",17,44,703,86,764,850,0.022251309,0.057591623,0.079842932,0.920157068,"Reg"
"ENJEX2",33.10762,-4.60643,2017,"Summer",43,33,609,35,685,720,0.062773723,0.048175182,0.110948905,0.889051095,"Reg"
"ENJEX2",33.10762,-4.60643,2017,"Fall",0,15,599,106,614,720,0,0.024429967,0.024429967,0.975570033,"Reg"
"ENJEX2",33.10762,-4.60643,2017,"Winter",0,64,650,6,714,720,0,0.089635854,0.089635854,0.910364146,"Reg"
"ENJEX2",33.10762,-4.60643,2018,"Spring",7,67,642,4,716,720,0.009776536,0.093575419,0.103351955,0.896648045,"Reg"
"ENJEX2",33.10762,-4.60643,2018,"Summer",57,19,629,15,705,720,0.080851064,0.026950355,0.107801418,0.892198582,"Reg"
"ENJEX2",33.10762,-4.60643,2018,"Fall",39,31,644,6,714,720,0.054621849,0.043417367,0.098039216,0.901960784,"Reg"
"ENJEX2",33.10762,-4.60643,2018,"Winter",29,21,654,16,704,720,0.041193182,0.029829545,0.071022727,0.928977273,"Reg"
"ENJEX2",33.10762,-4.60643,2019,"Spring",15,41,649,15,705,720,0.021276596,0.058156028,0.079432624,0.920567376,"Reg"
"ENJEX2",33.10762,-4.60643,2019,"Summer",0,56,654,10,710,720,0,0.078873239,0.078873239,0.921126761,"Reg"
"ENJEX2",33.10762,-4.60643,2019,"Fall",1,27,687,5,715,720,0.001398601,0.037762238,0.039160839,0.960839161,"Reg"
"ENJEX2",33.10762,-4.60643,2019,"Winter",2,20,697,1,719,720,0.002781641,0.027816412,0.030598053,0.969401947,"Reg"
"ENJEX2",33.10762,-4.60643,2020,"Spring",42,31,636,11,709,720,0.059238364,0.043723554,0.102961918,0.897038082,"Reg"
"ENJEX2",33.10762,-4.60643,2020,"Summer",5,34,679,2,718,720,0.006963788,0.04735376,0.054317549,0.945682451,"Reg"
"ENJEX2",33.10762,-4.60643,2020,"Fall",0,29,688,3,717,720,0,0.040446304,0.040446304,0.959553696,"Reg"
"ENJEX2",33.10762,-4.60643,2020,"Winter",0,68,643,9,711,720,0,0.095639944,0.095639944,0.904360056,"Reg"
"ENJEX2",33.10762,-4.60643,2021,"Spring",30,15,668,7,713,720,0.042075736,0.021037868,0.063113604,0.936886396,"Reg"
"ENJEX2",33.10762,-4.60643,2021,"Summer",21,14,676,9,711,720,0.029535865,0.019690577,0.049226442,0.950773558,"Reg"
"ENJEX2",33.10762,-4.60643,2021,"Fall",0,37,678,5,715,720,0,0.051748252,0.051748252,0.948251748,"Reg"
"ENJEX2",33.10762,-4.60643,2021,"Winter",0,47,672,1,719,720,0,0.065368567,0.065368567,0.934631433,"Reg"
"ENJEX2",33.10762,-4.60643,2022,"Spring",2,26,688,4,716,720,0.002793296,0.036312849,0.039106145,0.960893855,"Reg"
"ENJEX2",33.10762,-4.60643,2022,"Summer",8,24,676,12,708,720,0.011299435,0.033898305,0.04519774,0.95480226,"Reg"
"ENJEX2",33.10762,-4.60643,2022,"Fall",0,22,693,5,715,720,0,0.030769231,0.030769231,0.969230769,"Reg"
"ENJEX2",33.10762,-4.60643,2022,"Winter",0,20,694,6,714,720,0,0.028011204,0.028011204,0.971988796,"Reg"
"ENJEX2",33.10762,-4.60643,2023,"Spring",0,11,706,3,717,720,0,0.015341702,0.015341702,0.984658298,"Reg"
"ENJEX2",33.10762,-4.60643,2023,"Summer",30,15,666,9,711,720,0.042194093,0.021097046,0.063291139,0.936708861,"Reg"
"ENJEX2",33.10762,-4.60643,2023,"Fall",4,15,699,2,718,720,0.005571031,0.020891365,0.026462396,0.973537604,"Reg"
"ENJEX2",33.10762,-4.60643,2023,"Winter",0,28,688,4,716,720,0,0.039106145,0.039106145,0.960893855,"Reg"
"ENJEX3",33.15221,-4.61005,2016,"Spring",3,16,340,1,359,360,0.008356546,0.044568245,0.052924791,0.947075209,"Reg"
"ENJEX3",33.15221,-4.61005,2016,"Summer",0,8,351,1,359,360,0,0.022284123,0.022284123,0.977715877,"Reg"
"ENJEX3",33.15221,-4.61005,2016,"Fall",0,4,356,0,360,360,0,0.011111111,0.011111111,0.988888889,"Reg"
"ENJEX3",33.15221,-4.61005,2016,"Winter",0,1,359,0,360,360,0,0.002777778,0.002777778,0.997222222,"Reg"
"ENJEX3",33.15221,-4.61005,2017,"Spring",24,5,665,26,694,720,0.034582133,0.007204611,0.041786744,0.958213256,"Reg"
"ENJEX3",33.15221,-4.61005,2017,"Summer",15,14,685,6,714,720,0.021008403,0.019607843,0.040616246,0.959383754,"Reg"
"ENJEX3",33.15221,-4.61005,2017,"Fall",0,7,672,41,679,720,0,0.010309278,0.010309278,0.989690722,"Reg"
"ENJEX3",33.15221,-4.61005,2017,"Winter",0,17,703,0,720,720,0,0.023611111,0.023611111,0.976388889,"Reg"
"ENJEX3",33.15221,-4.61005,2018,"Spring",0,15,701,4,716,720,0,0.020949721,0.020949721,0.979050279,"Reg"
"ENJEX3",33.15221,-4.61005,2018,"Summer",32,16,666,6,714,720,0.044817927,0.022408964,0.067226891,0.932773109,"Reg"
"ENJEX3",33.15221,-4.61005,2018,"Fall",20,16,681,3,717,720,0.027894003,0.022315202,0.050209205,0.949790795,"Reg"
"ENJEX3",33.15221,-4.61005,2018,"Winter",23,12,681,4,716,720,0.032122905,0.016759777,0.048882682,0.951117318,"Reg"
"ENJEX3",33.15221,-4.61005,2019,"Spring",21,16,674,9,711,720,0.029535865,0.022503516,0.052039381,0.947960619,"Reg"
"ENJEX3",33.15221,-4.61005,2019,"Summer",0,12,697,11,709,720,0,0.016925247,0.016925247,0.983074753,"Reg"
"ENJEX3",33.15221,-4.61005,2019,"Fall",0,6,710,4,716,720,0,0.008379888,0.008379888,0.991620112,"Reg"
"ENJEX3",33.15221,-4.61005,2019,"Winter",0,6,714,0,720,720,0,0.008333333,0.008333333,0.991666667,"Reg"
"ENJEX3",33.15221,-4.61005,2020,"Spring",22,10,684,4,716,720,0.030726257,0.01396648,0.044692737,0.955307263,"Reg"
"ENJEX3",33.15221,-4.61005,2020,"Summer",9,13,697,1,719,720,0.012517385,0.018080668,0.030598053,0.969401947,"Reg"
"ENJEX3",33.15221,-4.61005,2020,"Fall",0,13,703,4,716,720,0,0.018156425,0.018156425,0.981843575,"Reg"
"ENJEX3",33.15221,-4.61005,2020,"Winter",1,13,705,1,719,720,0.001390821,0.018080668,0.019471488,0.980528512,"Reg"
"ENJEX3",33.15221,-4.61005,2021,"Spring",32,3,682,3,717,720,0.044630404,0.0041841,0.048814505,0.951185495,"Reg"
"ENJEX3",33.15221,-4.61005,2021,"Summer",13,20,672,15,705,720,0.018439716,0.028368794,0.046808511,0.953191489,"Reg"
"ENJEX3",33.15221,-4.61005,2021,"Fall",0,15,702,3,717,720,0,0.020920502,0.020920502,0.979079498,"Reg"
"ENJEX3",33.15221,-4.61005,2021,"Winter",0,8,712,0,720,720,0,0.011111111,0.011111111,0.988888889,"Reg"
"ENJEX3",33.15221,-4.61005,2022,"Spring",3,9,703,5,715,720,0.004195804,0.012587413,0.016783217,0.983216783,"Reg"
"ENJEX3",33.15221,-4.61005,2022,"Summer",1,9,706,4,716,720,0.001396648,0.012569832,0.01396648,0.98603352,"Reg"
"ENJEX3",33.15221,-4.61005,2022,"Fall",0,4,713,3,717,720,0,0.005578801,0.005578801,0.994421199,"Reg"
"ENJEX3",33.15221,-4.61005,2022,"Winter",0,7,712,1,719,720,0,0.009735744,0.009735744,0.990264256,"Reg"
"ENJEX3",33.15221,-4.61005,2023,"Spring",0,9,710,1,719,720,0,0.012517385,0.012517385,0.987482615,"Reg"
"ENJEX3",33.15221,-4.61005,2023,"Summer",7,6,702,5,715,720,0.00979021,0.008391608,0.018181818,0.981818182,"Reg"
"ENJEX3",33.15221,-4.61005,2023,"Fall",0,15,704,1,719,720,0,0.020862309,0.020862309,0.979137691,"Reg"
"ENJEX3",33.15221,-4.61005,2023,"Winter",0,15,699,6,714,720,0,0.021008403,0.021008403,0.978991597,"Reg"
"ENJIN1",33.13827,-4.57151,2016,"Spring",0,144,204,12,348,360,0,0.413793103,0.413793103,0.586206897,"Reg"
"ENJIN1",33.13827,-4.57151,2016,"Summer",0,154,204,2,358,360,0,0.430167598,0.430167598,0.569832402,"Reg"
"ENJIN1",33.13827,-4.57151,2016,"Fall",0,113,237,10,350,360,0,0.322857143,0.322857143,0.677142857,"Reg"
"ENJIN1",33.13827,-4.57151,2016,"Winter",4,141,211,4,356,360,0.011235955,0.396067416,0.407303371,0.592696629,"Reg"
"ENJIN1",33.13827,-4.57151,2017,"Spring",34,288,649,309,971,1280,0.035015448,0.296601442,0.33161689,0.66838311,"Reg"
"ENJIN1",33.13827,-4.57151,2017,"Summer",40,268,525,147,833,980,0.048019208,0.321728691,0.369747899,0.630252101,"Reg"
"ENJIN1",33.13827,-4.57151,2017,"Fall",13,209,399,233,621,854,0.020933977,0.336553945,0.357487923,0.642512077,"Reg"
"ENJIN1",33.13827,-4.57151,2017,"Winter",11,273,410,26,694,720,0.015850144,0.393371758,0.409221902,0.590778098,"Reg"
"ENJIN1",33.13827,-4.57151,2018,"Spring",12,258,406,44,676,720,0.017751479,0.381656805,0.399408284,0.600591716,"Reg"
"ENJIN1",33.13827,-4.57151,2018,"Summer",66,334,284,36,684,720,0.096491228,0.488304094,0.584795322,0.415204678,"Reg"
"ENJIN1",33.13827,-4.57151,2018,"Fall",16,321,344,39,681,720,0.02349486,0.471365639,0.494860499,0.505139501,"Reg"
"ENJIN1",33.13827,-4.57151,2018,"Winter",1,330,361,28,692,720,0.001445087,0.476878613,0.478323699,0.521676301,"Reg"
"ENJIN1",33.13827,-4.57151,2019,"Spring",11,257,381,71,649,720,0.016949153,0.395993837,0.412942989,0.587057011,"Reg"
"ENJIN1",33.13827,-4.57151,2019,"Summer",8,238,401,73,647,720,0.01236476,0.367851623,0.380216383,0.619783617,"Reg"
"ENJIN1",33.13827,-4.57151,2019,"Fall",13,248,402,57,663,720,0.019607843,0.374057315,0.393665158,0.606334842,"Reg"
"ENJIN1",33.13827,-4.57151,2019,"Winter",5,222,475,18,702,720,0.007122507,0.316239316,0.323361823,0.676638177,"Reg"
"ENJIN1",33.13827,-4.57151,2020,"Spring",55,241,393,31,689,720,0.079825835,0.349782293,0.429608128,0.570391872,"Reg"
"ENJIN1",33.13827,-4.57151,2020,"Summer",11,199,474,36,684,720,0.016081871,0.290935673,0.307017544,0.692982456,"Reg"
"ENJIN1",33.13827,-4.57151,2020,"Fall",1,233,463,23,697,720,0.00143472,0.334289813,0.335724534,0.664275466,"Reg"
"ENJIN1",33.13827,-4.57151,2020,"Winter",2,286,416,16,704,720,0.002840909,0.40625,0.409090909,0.590909091,"Reg"
"ENJIN1",33.13827,-4.57151,2021,"Spring",13,181,511,15,705,720,0.018439716,0.256737589,0.275177305,0.724822695,"Reg"
"ENJIN1",33.13827,-4.57151,2021,"Summer",5,202,472,41,679,720,0.00736377,0.297496318,0.304860088,0.695139912,"Reg"
"ENJIN1",33.13827,-4.57151,2021,"Fall",2,222,456,40,680,720,0.002941176,0.326470588,0.329411765,0.670588235,"Reg"
"ENJIN1",33.13827,-4.57151,2021,"Winter",5,241,445,29,691,720,0.00723589,0.348769899,0.356005789,0.643994211,"Reg"
"ENJIN1",33.13827,-4.57151,2022,"Spring",2,273,539,36,814,850,0.002457002,0.335380835,0.337837838,0.662162162,"Reg"
"ENJIN1",33.13827,-4.57151,2022,"Summer",2,202,481,35,685,720,0.002919708,0.294890511,0.297810219,0.702189781,"Reg"
"ENJIN1",33.13827,-4.57151,2022,"Fall",2,141,556,21,699,720,0.00286123,0.201716738,0.204577969,0.795422031,"Reg"
"ENJIN1",33.13827,-4.57151,2022,"Winter",3,131,554,32,688,720,0.004360465,0.190406977,0.194767442,0.805232558,"Reg"
"ENJIN1",33.13827,-4.57151,2023,"Spring",4,146,555,15,705,720,0.005673759,0.207092199,0.212765957,0.787234043,"Reg"
"ENJIN1",33.13827,-4.57151,2023,"Summer",28,92,576,24,696,720,0.040229885,0.132183908,0.172413793,0.827586207,"Reg"
"ENJIN1",33.13827,-4.57151,2023,"Fall",1,71,630,18,702,720,0.001424501,0.101139601,0.102564103,0.897435897,"Reg"
"ENJIN1",33.13827,-4.57151,2023,"Winter",0,151,552,17,703,720,0,0.214793741,0.214793741,0.785206259,"Reg"
"ENJIN2",33.12315,-4.5986,2016,"Spring",2,116,232,10,350,360,0.005714286,0.331428571,0.337142857,0.662857143,"Reg"
"ENJIN2",33.12315,-4.5986,2016,"Summer",0,92,265,3,357,360,0,0.257703081,0.257703081,0.742296919,"Reg"
"ENJIN2",33.12315,-4.5986,2016,"Fall",0,74,281,5,355,360,0,0.208450704,0.208450704,0.791549296,"Reg"
"ENJIN2",33.12315,-4.5986,2016,"Winter",2,64,294,0,360,360,0.005555556,0.177777778,0.183333333,0.816666667,"Reg"
"ENJIN2",33.12315,-4.5986,2017,"Spring",100,134,904,142,1138,1280,0.087873462,0.117750439,0.205623902,0.794376098,"Reg"
"ENJIN2",33.12315,-4.5986,2017,"Summer",62,103,513,42,678,720,0.091445428,0.151917404,0.243362832,0.756637168,"Reg"
"ENJIN2",33.12315,-4.5986,2017,"Fall",0,88,544,127,632,759,0,0.139240506,0.139240506,0.860759494,"Reg"
"ENJIN2",33.12315,-4.5986,2017,"Winter",35,179,487,19,701,720,0.049928673,0.255349501,0.305278174,0.694721826,"Reg"
"ENJIN2",33.12315,-4.5986,2018,"Spring",27,179,479,35,685,720,0.039416058,0.261313869,0.300729927,0.699270073,"Reg"
"ENJIN2",33.12315,-4.5986,2018,"Summer",36,204,453,27,693,720,0.051948052,0.294372294,0.346320346,0.653679654,"Reg"
"ENJIN2",33.12315,-4.5986,2018,"Fall",37,192,454,37,683,720,0.054172767,0.281112738,0.335285505,0.664714495,"Reg"
"ENJIN2",33.12315,-4.5986,2018,"Winter",0,188,499,33,687,720,0,0.273653566,0.273653566,0.726346434,"Reg"
"ENJIN2",33.12315,-4.5986,2019,"Spring",28,120,543,29,691,720,0.040520984,0.17366136,0.214182344,0.785817656,"Reg"
"ENJIN2",33.12315,-4.5986,2019,"Summer",16,145,509,50,670,720,0.023880597,0.21641791,0.240298507,0.759701493,"Reg"
"ENJIN2",33.12315,-4.5986,2019,"Fall",5,122,560,33,687,720,0.00727802,0.177583697,0.184861718,0.815138282,"Reg"
"ENJIN2",33.12315,-4.5986,2019,"Winter",0,121,581,18,702,720,0,0.172364672,0.172364672,0.827635328,"Reg"
"ENJIN2",33.12315,-4.5986,2020,"Spring",75,106,520,19,701,720,0.106990014,0.151212553,0.258202568,0.741797432,"Reg"
"ENJIN2",33.12315,-4.5986,2020,"Summer",22,101,574,23,697,720,0.031563845,0.144906743,0.176470588,0.823529412,"Reg"
"ENJIN2",33.12315,-4.5986,2020,"Fall",8,118,580,14,706,720,0.011331445,0.16713881,0.178470255,0.821529745,"Reg"
"ENJIN2",33.12315,-4.5986,2020,"Winter",8,182,502,28,692,720,0.011560694,0.26300578,0.274566474,0.725433526,"Reg"
"ENJIN2",33.12315,-4.5986,2021,"Spring",114,62,523,21,699,720,0.163090129,0.08869814,0.251788269,0.748211731,"Reg"
"ENJIN2",33.12315,-4.5986,2021,"Summer",46,134,491,49,671,720,0.068554396,0.199701937,0.268256334,0.731743666,"Reg"
"ENJIN2",33.12315,-4.5986,2021,"Fall",5,184,507,24,696,720,0.007183908,0.264367816,0.271551724,0.728448276,"Reg"
"ENJIN2",33.12315,-4.5986,2021,"Winter",3,139,541,37,683,720,0.004392387,0.203513909,0.207906296,0.792093704,"Reg"
"ENJIN2",33.12315,-4.5986,2022,"Spring",27,108,554,31,689,720,0.039187228,0.156748911,0.195936139,0.804063861,"Reg"
"ENJIN2",33.12315,-4.5986,2022,"Summer",59,79,556,26,694,720,0.085014409,0.113832853,0.198847262,0.801152738,"Reg"
"ENJIN2",33.12315,-4.5986,2022,"Fall",17,108,566,29,691,720,0.024602026,0.156295224,0.18089725,0.81910275,"Reg"
"ENJIN2",33.12315,-4.5986,2022,"Winter",5,122,575,18,702,720,0.007122507,0.173789174,0.180911681,0.819088319,"Reg"
"ENJIN2",33.12315,-4.5986,2023,"Spring",7,75,625,13,707,720,0.00990099,0.106082037,0.115983027,0.884016973,"Reg"
"ENJIN2",33.12315,-4.5986,2023,"Summer",41,51,604,24,696,720,0.058908046,0.073275862,0.132183908,0.867816092,"Reg"
"ENJIN2",33.12315,-4.5986,2023,"Fall",2,95,607,16,704,720,0.002840909,0.134943182,0.137784091,0.862215909,"Reg"
"ENJIN2",33.12315,-4.5986,2023,"Winter",0,80,621,19,701,720,0,0.114122682,0.114122682,0.885877318,"Reg"
"ENJIN3",33.14671,-4.59543,2016,"Spring",0,310,45,5,355,360,0,0.873239437,0.873239437,0.126760563,"Reg"
"ENJIN3",33.14671,-4.59543,2016,"Summer",0,322,34,4,356,360,0,0.904494382,0.904494382,0.095505618,"Reg"
"ENJIN3",33.14671,-4.59543,2016,"Fall",0,267,61,32,328,360,0,0.81402439,0.81402439,0.18597561,"Reg"
"ENJIN3",33.14671,-4.59543,2016,"Winter",0,298,56,6,354,360,0,0.84180791,0.84180791,0.15819209,"Reg"
"ENJIN3",33.14671,-4.59543,2017,"Spring",8,502,254,216,764,980,0.010471204,0.657068063,0.667539267,0.332460733,"Reg"
"ENJIN3",33.14671,-4.59543,2017,"Summer",197,342,224,87,763,850,0.25819135,0.448230668,0.706422018,0.293577982,"Reg"
"ENJIN3",33.14671,-4.59543,2017,"Fall",331,286,11,211,628,839,0.527070064,0.455414013,0.982484076,0.017515924,"Reg"
"ENJIN3",33.14671,-4.59543,2017,"Winter",444,231,12,33,687,720,0.64628821,0.336244541,0.982532751,0.017467249,"Reg"
"ENJIN3",33.14671,-4.59543,2018,"Spring",89,519,66,46,674,720,0.132047478,0.770029674,0.902077151,0.097922849,"Reg"
"ENJIN3",33.14671,-4.59543,2018,"Summer",618,245,8,109,871,980,0.709529277,0.281285878,0.990815155,0.009184845,"Reg"
"ENJIN3",33.14671,-4.59543,2018,"Fall",45,838,17,80,900,980,0.05,0.931111111,0.981111111,0.018888889,"Reg"
"ENJIN3",33.14671,-4.59543,2018,"Winter",11,822,19,128,852,980,0.012910798,0.964788732,0.977699531,0.022300469,"Reg"
"ENJIN3",33.14671,-4.59543,2019,"Spring",7,590,32,91,629,720,0.011128776,0.93799682,0.949125596,0.050874404,"Reg"
"ENJIN3",33.14671,-4.59543,2019,"Summer",26,587,66,119,679,798,0.038291605,0.864506627,0.902798233,0.097201767,"Reg"
"ENJIN3",33.14671,-4.59543,2019,"Fall",22,549,68,107,639,746,0.034428795,0.85915493,0.893583725,0.106416275,"Reg"
"ENJIN3",33.14671,-4.59543,2019,"Winter",0,471,216,33,687,720,0,0.68558952,0.68558952,0.31441048,"Reg"
"ENJIN3",33.14671,-4.59543,2020,"Spring",12,552,112,44,676,720,0.017751479,0.816568047,0.834319527,0.165680473,"Reg"
"ENJIN3",33.14671,-4.59543,2020,"Summer",0,448,212,60,660,720,0,0.678787879,0.678787879,0.321212121,"Reg"
"ENJIN3",33.14671,-4.59543,2020,"Fall",0,452,252,16,704,720,0,0.642045455,0.642045455,0.357954545,"Reg"
"ENJIN3",33.14671,-4.59543,2020,"Winter",1,453,248,18,702,720,0.001424501,0.645299145,0.646723647,0.353276353,"Reg"
"ENJIN3",33.14671,-4.59543,2021,"Spring",21,380,292,27,693,720,0.03030303,0.548340548,0.578643579,0.421356421,"Reg"
"ENJIN3",33.14671,-4.59543,2021,"Summer",7,340,445,58,792,850,0.008838384,0.429292929,0.438131313,0.561868687,"Reg"
"ENJIN3",33.14671,-4.59543,2021,"Fall",1,235,443,41,679,720,0.001472754,0.346097202,0.347569956,0.652430044,"Reg"
"ENJIN3",33.14671,-4.59543,2021,"Winter",3,285,386,46,674,720,0.004451039,0.422848665,0.427299703,0.572700297,"Reg"
"ENJIN3",33.14671,-4.59543,2022,"Spring",2,243,438,37,683,720,0.002928258,0.355783309,0.358711567,0.641288433,"Reg"
"ENJIN3",33.14671,-4.59543,2022,"Summer",0,207,485,28,692,720,0,0.299132948,0.299132948,0.700867052,"Reg"
"ENJIN3",33.14671,-4.59543,2022,"Fall",8,148,537,27,693,720,0.011544012,0.213564214,0.225108225,0.774891775,"Reg"
"ENJIN3",33.14671,-4.59543,2022,"Winter",102,160,415,43,677,720,0.150664697,0.23633678,0.387001477,0.612998523,"Reg"
"ENJIN3",33.14671,-4.59543,2023,"Spring",9,223,476,12,708,720,0.012711864,0.314971751,0.327683616,0.672316384,"Reg"
"ENJIN3",33.14671,-4.59543,2023,"Summer",26,77,596,21,699,720,0.037195994,0.110157368,0.147353362,0.852646638,"Reg"
"ENJIN3",33.14671,-4.59543,2023,"Fall",97,200,389,34,686,720,0.141399417,0.29154519,0.432944606,0.567055394,"Reg"
"ENJIN3",33.14671,-4.59543,2023,"Winter",0,333,368,19,701,720,0,0.475035663,0.475035663,0.524964337,"Reg"
"FREDO1",32.35329,-2.26124,2017,"Spring",31,13,641,35,685,720,0.045255474,0.018978102,0.064233577,0.935766423,"Reg"
"FREDO1",32.35329,-2.26124,2017,"Summer",14,17,680,9,711,720,0.019690577,0.023909986,0.043600563,0.956399437,"Reg"
"FREDO1",32.35329,-2.26124,2017,"Fall",12,15,686,7,713,720,0.016830295,0.021037868,0.037868163,0.962131837,"Reg"
"FREDO1",32.35329,-2.26124,2017,"Winter",17,7,693,3,717,720,0.023709902,0.009762901,0.033472803,0.966527197,"Reg"
"FREDO1",32.35329,-2.26124,2018,"Spring",2,25,692,1,719,720,0.002781641,0.034770515,0.037552156,0.962447844,"Reg"
"FREDO1",32.35329,-2.26124,2018,"Summer",7,22,687,4,716,720,0.009776536,0.030726257,0.040502793,0.959497207,"Reg"
"FREDO1",32.35329,-2.26124,2018,"Fall",11,12,680,17,703,720,0.015647226,0.017069701,0.032716927,0.967283073,"Reg"
"FREDO1",32.35329,-2.26124,2018,"Winter",18,16,662,24,696,720,0.025862069,0.022988506,0.048850575,0.951149425,"Reg"
"FREDO1",32.35329,-2.26124,2019,"Spring",5,27,678,10,710,720,0.007042254,0.038028169,0.045070423,0.954929577,"Reg"
"FREDO1",32.35329,-2.26124,2019,"Summer",2,19,697,2,718,720,0.002785515,0.026462396,0.029247911,0.970752089,"Reg"
"FREDO1",32.35329,-2.26124,2019,"Fall",3,20,693,4,716,720,0.004189944,0.027932961,0.032122905,0.967877095,"Reg"
"FREDO1",32.35329,-2.26124,2019,"Winter",0,20,699,1,719,720,0,0.027816412,0.027816412,0.972183588,"Reg"
"FREDO1",32.35329,-2.26124,2020,"Spring",3,19,695,3,717,720,0.0041841,0.026499303,0.030683403,0.969316597,"Reg"
"FREDO1",32.35329,-2.26124,2020,"Summer",0,17,702,1,719,720,0,0.02364395,0.02364395,0.97635605,"Reg"
"FREDO1",32.35329,-2.26124,2020,"Fall",0,22,695,3,717,720,0,0.030683403,0.030683403,0.969316597,"Reg"
"FREDO1",32.35329,-2.26124,2020,"Winter",4,18,690,8,712,720,0.005617978,0.025280899,0.030898876,0.969101124,"Reg"
"FREDO1",32.35329,-2.26124,2021,"Spring",5,24,690,1,719,720,0.006954103,0.033379694,0.040333797,0.959666203,"Reg"
"FREDO1",32.35329,-2.26124,2021,"Summer",20,7,689,4,716,720,0.027932961,0.009776536,0.037709497,0.962290503,"Reg"
"FREDO1",32.35329,-2.26124,2021,"Fall",1,24,695,0,720,720,0.001388889,0.033333333,0.034722222,0.965277778,"Reg"
"FREDO1",32.35329,-2.26124,2021,"Winter",0,24,693,3,717,720,0,0.033472803,0.033472803,0.966527197,"Reg"
"FREDO1",32.35329,-2.26124,2022,"Spring",4,20,688,8,712,720,0.005617978,0.028089888,0.033707865,0.966292135,"Reg"
"FREDO1",32.35329,-2.26124,2022,"Summer",2,11,704,3,717,720,0.0027894,0.015341702,0.018131102,0.981868898,"Reg"
"FREDO1",32.35329,-2.26124,2022,"Fall",1,18,696,5,715,720,0.001398601,0.025174825,0.026573427,0.973426573,"Reg"
"FREDO1",32.35329,-2.26124,2022,"Winter",3,12,697,8,712,720,0.004213483,0.016853933,0.021067416,0.978932584,"Reg"
"FREDO1",32.35329,-2.26124,2023,"Spring",4,12,701,3,717,720,0.005578801,0.016736402,0.022315202,0.977684798,"Reg"
"FREDO1",32.35329,-2.26124,2023,"Summer",0,15,703,2,718,720,0,0.020891365,0.020891365,0.979108635,"Reg"
"FREDO1",32.35329,-2.26124,2023,"Fall",0,10,707,3,717,720,0,0.013947001,0.013947001,0.986052999,"Reg"
"FREDO1",32.35329,-2.26124,2023,"Winter",4,16,695,5,715,720,0.005594406,0.022377622,0.027972028,0.972027972,"Reg"
"FREDOST",32.34936,-2.27426,2017,"Spring",24,4,672,20,700,720,0.034285714,0.005714286,0.04,0.96,"Reg"
"FREDOST",32.34936,-2.27426,2017,"Summer",13,13,687,7,713,720,0.018232819,0.018232819,0.036465638,0.963534362,"Reg"
"FREDOST",32.34936,-2.27426,2017,"Fall",7,23,684,6,714,720,0.009803922,0.032212885,0.042016807,0.957983193,"Reg"
"FREDOST",32.34936,-2.27426,2017,"Winter",5,29,686,0,720,720,0.006944444,0.040277778,0.047222222,0.952777778,"Reg"
"FREDOST",32.34936,-2.27426,2018,"Spring",0,26,691,3,717,720,0,0.036262204,0.036262204,0.963737796,"Reg"
"FREDOST",32.34936,-2.27426,2018,"Summer",7,27,684,2,718,720,0.009749304,0.037604457,0.04735376,0.95264624,"Reg"
"FREDOST",32.34936,-2.27426,2018,"Fall",3,15,694,8,712,720,0.004213483,0.021067416,0.025280899,0.974719101,"Reg"
"FREDOST",32.34936,-2.27426,2018,"Winter",12,10,683,15,705,720,0.017021277,0.014184397,0.031205674,0.968794326,"Reg"
"FREDOST",32.34936,-2.27426,2019,"Spring",1,17,691,11,709,720,0.001410437,0.023977433,0.02538787,0.97461213,"Reg"
"FREDOST",32.34936,-2.27426,2019,"Summer",0,27,692,1,719,720,0,0.037552156,0.037552156,0.962447844,"Reg"
"FREDOST",32.34936,-2.27426,2019,"Fall",0,16,700,4,716,720,0,0.022346369,0.022346369,0.977653631,"Reg"
"FREDOST",32.34936,-2.27426,2019,"Winter",0,22,698,0,720,720,0,0.030555556,0.030555556,0.969444444,"Reg"
"FREDOST",32.34936,-2.27426,2020,"Spring",3,14,696,7,713,720,0.004207574,0.019635344,0.023842917,0.976157083,"Reg"
"FREDOST",32.34936,-2.27426,2020,"Summer",0,20,696,4,716,720,0,0.027932961,0.027932961,0.972067039,"Reg"
"FREDOST",32.34936,-2.27426,2020,"Fall",3,12,705,0,720,720,0.004166667,0.016666667,0.020833333,0.979166667,"Reg"
"FREDOST",32.34936,-2.27426,2020,"Winter",6,23,681,10,710,720,0.008450704,0.032394366,0.04084507,0.95915493,"Reg"
"FREDOST",32.34936,-2.27426,2021,"Spring",12,13,695,0,720,720,0.016666667,0.018055556,0.034722222,0.965277778,"Reg"
"FREDOST",32.34936,-2.27426,2021,"Summer",9,12,696,3,717,720,0.012552301,0.016736402,0.029288703,0.970711297,"Reg"
"FREDOST",32.34936,-2.27426,2021,"Fall",3,17,699,1,719,720,0.004172462,0.02364395,0.027816412,0.972183588,"Reg"
"FREDOST",32.34936,-2.27426,2021,"Winter",0,16,701,3,717,720,0,0.022315202,0.022315202,0.977684798,"Reg"
"FREDOST",32.34936,-2.27426,2022,"Spring",1,10,709,0,720,720,0.001388889,0.013888889,0.015277778,0.984722222,"Reg"
"FREDOST",32.34936,-2.27426,2022,"Summer",1,16,703,0,720,720,0.001388889,0.022222222,0.023611111,0.976388889,"Reg"
"FREDOST",32.34936,-2.27426,2022,"Fall",1,13,704,2,718,720,0.001392758,0.01810585,0.019498607,0.980501393,"Reg"
"FREDOST",32.34936,-2.27426,2022,"Winter",1,9,704,6,714,720,0.00140056,0.012605042,0.014005602,0.985994398,"Reg"
"FREDOST",32.34936,-2.27426,2023,"Spring",0,12,703,5,715,720,0,0.016783217,0.016783217,0.983216783,"Reg"
"FREDOST",32.34936,-2.27426,2023,"Summer",2,9,705,4,716,720,0.002793296,0.012569832,0.015363128,0.984636872,"Reg"
"FREDOST",32.34936,-2.27426,2023,"Fall",2,12,703,3,717,720,0.0027894,0.016736402,0.019525802,0.980474198,"Reg"
"FREDOST",32.34936,-2.27426,2023,"Winter",0,9,707,4,716,720,0,0.012569832,0.012569832,0.987430168,"Reg"
"LDD+1",33.13916,-3.98695,2017,"Spring",118,37,490,75,645,720,0.182945736,0.057364341,0.240310078,0.759689922,"Gully"
"LDD+1",33.13916,-3.98695,2017,"Summer",127,183,391,19,701,720,0.181169757,0.261055635,0.442225392,0.557774608,"Gully"
"LDD+1",33.13916,-3.98695,2017,"Fall",0,126,516,234,642,876,0,0.196261682,0.196261682,0.803738318,"Gully"
"LDD+1",33.13916,-3.98695,2017,"Winter",1,180,537,2,718,720,0.001392758,0.250696379,0.252089136,0.747910864,"Gully"
"LDD+1",33.13916,-3.98695,2018,"Spring",8,120,1088,64,1216,1280,0.006578947,0.098684211,0.105263158,0.894736842,"Gully"
"LDD+1",33.13916,-3.98695,2018,"Summer",107,94,507,12,708,720,0.151129944,0.132768362,0.283898305,0.716101695,"Gully"
"LDD+1",33.13916,-3.98695,2018,"Fall",294,32,390,4,716,720,0.410614525,0.044692737,0.455307263,0.544692737,"Gully"
"LDD+1",33.13916,-3.98695,2018,"Winter",336,184,514,96,1034,1130,0.324951644,0.17794971,0.502901354,0.497098646,"Gully"
"LDD+1",33.13916,-3.98695,2019,"Spring",88,80,542,10,710,720,0.123943662,0.112676056,0.236619718,0.763380282,"Gully"
"LDD+1",33.13916,-3.98695,2019,"Summer",16,171,502,31,689,720,0.023222061,0.248185776,0.271407837,0.728592163,"Gully"
"LDD+1",33.13916,-3.98695,2019,"Fall",53,73,580,14,706,720,0.075070822,0.103399433,0.178470255,0.821529745,"Gully"
"LDD+1",33.13916,-3.98695,2019,"Winter",56,63,597,4,716,720,0.078212291,0.087988827,0.166201117,0.833798883,"Gully"
"LDD+1",33.13916,-3.98695,2020,"Spring",250,24,443,3,717,720,0.348675035,0.033472803,0.382147838,0.617852162,"Gully"
"LDD+1",33.13916,-3.98695,2020,"Summer",66,151,481,22,698,720,0.094555874,0.216332378,0.310888252,0.689111748,"Gully"
"LDD+1",33.13916,-3.98695,2020,"Fall",0,211,493,16,704,720,0,0.299715909,0.299715909,0.700284091,"Gully"
"LDD+1",33.13916,-3.98695,2020,"Winter",0,160,537,23,697,720,0,0.229555237,0.229555237,0.770444763,"Gully"
"LDD+1",33.13916,-3.98695,2021,"Spring",111,30,570,9,711,720,0.156118143,0.042194093,0.198312236,0.801687764,"Gully"
"LDD+1",33.13916,-3.98695,2021,"Summer",201,47,459,13,707,720,0.284299859,0.066478076,0.350777935,0.649222065,"Gully"
"LDD+1",33.13916,-3.98695,2021,"Fall",0,88,625,7,713,720,0,0.12342216,0.12342216,0.87657784,"Gully"
"LDD+1",33.13916,-3.98695,2021,"Winter",16,54,642,8,712,720,0.02247191,0.075842697,0.098314607,0.901685393,"Gully"
"LDD+1",33.13916,-3.98695,2022,"Spring",32,36,644,8,712,720,0.04494382,0.050561798,0.095505618,0.904494382,"Gully"
"LDD+1",33.13916,-3.98695,2022,"Summer",0,51,668,1,719,720,0,0.07093185,0.07093185,0.92906815,"Gully"
"LDD+1",33.13916,-3.98695,2022,"Fall",40,24,641,15,705,720,0.056737589,0.034042553,0.090780142,0.909219858,"Gully"
"LDD+1",33.13916,-3.98695,2022,"Winter",25,15,667,13,707,720,0.035360679,0.021216407,0.056577086,0.943422914,"Gully"
"LDD+1",33.13916,-3.98695,2023,"Spring",81,43,578,18,702,720,0.115384615,0.061253561,0.176638177,0.823361823,"Gully"
"LDD+1",33.13916,-3.98695,2023,"Summer",344,22,332,22,698,720,0.492836676,0.031518625,0.524355301,0.475644699,"Gully"
"LDD+1",33.13916,-3.98695,2023,"Fall",30,199,470,21,699,720,0.042918455,0.284692418,0.327610873,0.672389127,"Gully"
"LDD+1",33.13916,-3.98695,2023,"Winter",2,212,490,16,704,720,0.002840909,0.301136364,0.303977273,0.696022727,"Gully"
"LDD+2",33.21383,-3.88741,2017,"Spring",4,2,707,7,713,720,0.005610098,0.002805049,0.008415147,0.991584853,"Gully"
"LDD+2",33.21383,-3.88741,2017,"Summer",9,7,701,3,717,720,0.012552301,0.009762901,0.022315202,0.977684798,"Gully"
"LDD+2",33.21383,-3.88741,2017,"Fall",1,10,676,33,687,720,0.001455604,0.014556041,0.016011645,0.983988355,"Gully"
"LDD+2",33.21383,-3.88741,2017,"Winter",1,11,706,2,718,720,0.001392758,0.015320334,0.016713092,0.983286908,"Gully"
"LDD+2",33.21383,-3.88741,2018,"Spring",1,10,835,4,846,850,0.001182033,0.011820331,0.013002364,0.986997636,"Gully"
"LDD+2",33.21383,-3.88741,2018,"Summer",12,5,698,5,715,720,0.016783217,0.006993007,0.023776224,0.976223776,"Gully"
"LDD+2",33.21383,-3.88741,2018,"Fall",61,2,657,0,720,720,0.084722222,0.002777778,0.0875,0.9125,"Gully"
"LDD+2",33.21383,-3.88741,2018,"Winter",11,2,700,7,713,720,0.01542777,0.002805049,0.018232819,0.981767181,"Gully"
"LDD+2",33.21383,-3.88741,2019,"Spring",4,8,706,2,718,720,0.005571031,0.011142061,0.016713092,0.983286908,"Gully"
"LDD+2",33.21383,-3.88741,2019,"Summer",2,12,703,3,717,720,0.0027894,0.016736402,0.019525802,0.980474198,"Gully"
"LDD+2",33.21383,-3.88741,2019,"Fall",0,11,709,0,720,720,0,0.015277778,0.015277778,0.984722222,"Gully"
"LDD+2",33.21383,-3.88741,2019,"Winter",3,10,705,2,718,720,0.004178273,0.013927577,0.01810585,0.98189415,"Gully"
"LDD+2",33.21383,-3.88741,2020,"Spring",17,5,691,7,713,720,0.023842917,0.007012623,0.03085554,0.96914446,"Gully"
"LDD+2",33.21383,-3.88741,2020,"Summer",10,11,696,3,717,720,0.013947001,0.015341702,0.029288703,0.970711297,"Gully"
"LDD+2",33.21383,-3.88741,2020,"Fall",18,11,685,6,714,720,0.025210084,0.015406162,0.040616246,0.959383754,"Gully"
"LDD+2",33.21383,-3.88741,2020,"Winter",9,7,700,4,716,720,0.012569832,0.009776536,0.022346369,0.977653631,"Gully"
"LDD+2",33.21383,-3.88741,2021,"Spring",36,8,673,3,717,720,0.050209205,0.011157601,0.061366806,0.938633194,"Gully"
"LDD+2",33.21383,-3.88741,2021,"Summer",38,7,664,11,709,720,0.053596615,0.009873061,0.063469676,0.936530324,"Gully"
"LDD+2",33.21383,-3.88741,2021,"Fall",10,16,691,3,717,720,0.013947001,0.022315202,0.036262204,0.963737796,"Gully"
"LDD+2",33.21383,-3.88741,2021,"Winter",4,10,706,0,720,720,0.005555556,0.013888889,0.019444444,0.980555556,"Gully"
"LDD+2",33.21383,-3.88741,2022,"Spring",17,9,688,6,714,720,0.023809524,0.012605042,0.036414566,0.963585434,"Gully"
"LDD+2",33.21383,-3.88741,2022,"Summer",3,16,696,5,715,720,0.004195804,0.022377622,0.026573427,0.973426573,"Gully"
"LDD+2",33.21383,-3.88741,2022,"Fall",8,1,708,3,717,720,0.011157601,0.0013947,0.012552301,0.987447699,"Gully"
"LDD+2",33.21383,-3.88741,2022,"Winter",12,13,695,0,720,720,0.016666667,0.018055556,0.034722222,0.965277778,"Gully"
"LDD+2",33.21383,-3.88741,2023,"Spring",3,7,702,8,712,720,0.004213483,0.009831461,0.014044944,0.985955056,"Gully"
"LDD+2",33.21383,-3.88741,2023,"Summer",25,3,690,2,718,720,0.034818942,0.004178273,0.038997214,0.961002786,"Gully"
"LDD+2",33.21383,-3.88741,2023,"Fall",6,36,664,14,706,720,0.008498584,0.050991501,0.059490085,0.940509915,"Gully"
"LDD+2",33.21383,-3.88741,2023,"Winter",3,8,706,3,717,720,0.0041841,0.011157601,0.015341702,0.984658298,"Gully"
"LDD+3",33.30595,-3.7685,2017,"Spring",72,62,793,53,927,980,0.077669903,0.066882416,0.144552319,0.855447681,"Gully"
"LDD+3",33.30595,-3.7685,2017,"Summer",54,56,592,18,702,720,0.076923077,0.07977208,0.156695157,0.843304843,"Gully"
"LDD+3",33.30595,-3.7685,2017,"Fall",4,67,581,81,652,733,0.006134969,0.102760736,0.108895706,0.891104294,"Gully"
"LDD+3",33.30595,-3.7685,2017,"Winter",21,96,594,9,711,720,0.029535865,0.135021097,0.164556962,0.835443038,"Gully"
"LDD+3",33.30595,-3.7685,2018,"Spring",4,44,658,14,706,720,0.005665722,0.062322946,0.067988669,0.932011331,"Gully"
"LDD+3",33.30595,-3.7685,2018,"Summer",85,13,607,15,705,720,0.120567376,0.018439716,0.139007092,0.860992908,"Gully"
"LDD+3",33.30595,-3.7685,2018,"Fall",67,41,602,10,710,720,0.094366197,0.057746479,0.152112676,0.847887324,"Gully"
"LDD+3",33.30595,-3.7685,2018,"Winter",27,38,641,14,706,720,0.038243626,0.053824363,0.092067989,0.907932011,"Gully"
"LDD+3",33.30595,-3.7685,2019,"Spring",7,48,642,23,697,720,0.010043042,0.068866571,0.078909613,0.921090387,"Gully"
"LDD+3",33.30595,-3.7685,2019,"Summer",1,59,631,29,691,720,0.001447178,0.085383502,0.08683068,0.91316932,"Gully"
"LDD+3",33.30595,-3.7685,2019,"Fall",3,51,654,12,708,720,0.004237288,0.072033898,0.076271186,0.923728814,"Gully"
"LDD+3",33.30595,-3.7685,2019,"Winter",7,31,668,14,706,720,0.009915014,0.043909348,0.053824363,0.946175637,"Gully"
"LDD+3",33.30595,-3.7685,2020,"Spring",45,25,635,15,705,720,0.063829787,0.035460993,0.09929078,0.90070922,"Gully"
"LDD+3",33.30595,-3.7685,2020,"Summer",29,56,614,21,699,720,0.04148784,0.080114449,0.121602289,0.878397711,"Gully"
"LDD+3",33.30595,-3.7685,2020,"Fall",41,32,637,10,710,720,0.057746479,0.045070423,0.102816901,0.897183099,"Gully"
"LDD+3",33.30595,-3.7685,2020,"Winter",17,42,641,20,700,720,0.024285714,0.06,0.084285714,0.915714286,"Gully"
"LDD+3",33.30595,-3.7685,2021,"Spring",63,29,618,10,710,720,0.088732394,0.04084507,0.129577465,0.870422535,"Gully"
"LDD+3",33.30595,-3.7685,2021,"Summer",76,32,596,16,704,720,0.107954545,0.045454545,0.153409091,0.846590909,"Gully"
"LDD+3",33.30595,-3.7685,2021,"Fall",10,62,638,10,710,720,0.014084507,0.087323944,0.101408451,0.898591549,"Gully"
"LDD+3",33.30595,-3.7685,2021,"Winter",12,53,646,9,711,720,0.016877637,0.074542897,0.091420534,0.908579466,"Gully"
"LDD+3",33.30595,-3.7685,2022,"Spring",42,16,642,20,700,720,0.06,0.022857143,0.082857143,0.917142857,"Gully"
"LDD+3",33.30595,-3.7685,2022,"Summer",12,41,654,13,707,720,0.016973126,0.057991513,0.074964639,0.925035361,"Gully"
"LDD+3",33.30595,-3.7685,2022,"Fall",22,33,643,22,698,720,0.031518625,0.047277937,0.078796562,0.921203438,"Gully"
"LDD+3",33.30595,-3.7685,2022,"Winter",13,36,666,5,715,720,0.018181818,0.05034965,0.068531469,0.931468531,"Gully"
"LDD+3",33.30595,-3.7685,2023,"Spring",9,51,644,16,704,720,0.012784091,0.072443182,0.085227273,0.914772727,"Gully"
"LDD+3",33.30595,-3.7685,2023,"Summer",58,36,608,18,702,720,0.082621083,0.051282051,0.133903134,0.866096866,"Gully"
"LDD+3",33.30595,-3.7685,2023,"Fall",29,31,646,14,706,720,0.041076487,0.043909348,0.084985836,0.915014164,"Gully"
"LDD+3",33.30595,-3.7685,2023,"Winter",15,43,645,17,703,720,0.021337127,0.06116643,0.082503556,0.917496444,"Gully"
"LDDACACIA3",29.16256,-8.53265,2017,"Spring",4,1,708,7,713,720,0.005610098,0.001402525,0.007012623,0.992987377,"Gully"
"LDDACACIA3",29.16256,-8.53265,2017,"Summer",0,5,715,0,720,720,0,0.006944444,0.006944444,0.993055556,"Gully"
"LDDACACIA3",29.16256,-8.53265,2017,"Fall",0,0,697,23,697,720,0,0,0,1,"Gully"
"LDDACACIA3",29.16256,-8.53265,2017,"Winter",3,9,708,0,720,720,0.004166667,0.0125,0.016666667,0.983333333,"Gully"
"LDDACACIA3",29.16256,-8.53265,2018,"Spring",0,5,715,0,720,720,0,0.006944444,0.006944444,0.993055556,"Gully"
"LDDACACIA3",29.16256,-8.53265,2018,"Summer",0,7,713,0,720,720,0,0.009722222,0.009722222,0.990277778,"Gully"
"LDDACACIA3",29.16256,-8.53265,2018,"Fall",1,4,713,2,718,720,0.001392758,0.005571031,0.006963788,0.993036212,"Gully"
"LDDACACIA3",29.16256,-8.53265,2018,"Winter",2,4,714,0,720,720,0.002777778,0.005555556,0.008333333,0.991666667,"Gully"
"LDDACACIA3",29.16256,-8.53265,2019,"Spring",0,5,713,2,718,720,0,0.006963788,0.006963788,0.993036212,"Gully"
"LDDACACIA3",29.16256,-8.53265,2019,"Summer",0,2,718,0,720,720,0,0.002777778,0.002777778,0.997222222,"Gully"
"LDDACACIA3",29.16256,-8.53265,2019,"Fall",0,1,719,0,720,720,0,0.001388889,0.001388889,0.998611111,"Gully"
"LDDACACIA3",29.16256,-8.53265,2019,"Winter",0,2,718,0,720,720,0,0.002777778,0.002777778,0.997222222,"Gully"
"LDDACACIA3",29.16256,-8.53265,2020,"Spring",1,3,714,2,718,720,0.001392758,0.004178273,0.005571031,0.994428969,"Gully"
"LDDACACIA3",29.16256,-8.53265,2020,"Summer",0,7,713,0,720,720,0,0.009722222,0.009722222,0.990277778,"Gully"
"LDDACACIA3",29.16256,-8.53265,2020,"Fall",1,1,717,1,719,720,0.001390821,0.001390821,0.002781641,0.997218359,"Gully"
"LDDACACIA3",29.16256,-8.53265,2020,"Winter",0,9,709,2,718,720,0,0.012534819,0.012534819,0.987465181,"Gully"
"LDDACACIA3",29.16256,-8.53265,2021,"Spring",0,7,713,0,720,720,0,0.009722222,0.009722222,0.990277778,"Gully"
"LDDACACIA3",29.16256,-8.53265,2021,"Summer",0,6,713,1,719,720,0,0.008344924,0.008344924,0.991655076,"Gully"
"LDDACACIA3",29.16256,-8.53265,2021,"Fall",0,6,714,0,720,720,0,0.008333333,0.008333333,0.991666667,"Gully"
"LDDACACIA3",29.16256,-8.53265,2021,"Winter",1,0,719,0,720,720,0.001388889,0,0.001388889,0.998611111,"Gully"
"LDDACACIA3",29.16256,-8.53265,2022,"Spring",0,15,703,2,718,720,0,0.020891365,0.020891365,0.979108635,"Gully"
"LDDACACIA3",29.16256,-8.53265,2022,"Summer",0,4,715,1,719,720,0,0.005563282,0.005563282,0.994436718,"Gully"
"LDDACACIA3",29.16256,-8.53265,2022,"Fall",0,4,716,0,720,720,0,0.005555556,0.005555556,0.994444444,"Gully"
"LDDACACIA3",29.16256,-8.53265,2022,"Winter",1,3,716,0,720,720,0.001388889,0.004166667,0.005555556,0.994444444,"Gully"
"LDDACACIA3",29.16256,-8.53265,2023,"Spring",6,2,710,2,718,720,0.008356546,0.002785515,0.011142061,0.988857939,"Gully"
"LDDACACIA3",29.16256,-8.53265,2023,"Summer",2,9,704,5,715,720,0.002797203,0.012587413,0.015384615,0.984615385,"Gully"
"LDDACACIA3",29.16256,-8.53265,2023,"Fall",0,1,719,0,720,720,0,0.001388889,0.001388889,0.998611111,"Gully"
"LDDACACIA3",29.16256,-8.53265,2023,"Winter",0,3,715,2,718,720,0,0.004178273,0.004178273,0.995821727,"Gully"
"LDDACACIA4",29.17983,-8.54063,2017,"Spring",15,5,680,20,700,720,0.021428571,0.007142857,0.028571429,0.971428571,"Gully"
"LDDACACIA4",29.17983,-8.54063,2017,"Summer",9,15,695,1,719,720,0.012517385,0.020862309,0.033379694,0.966620306,"Gully"
"LDDACACIA4",29.17983,-8.54063,2017,"Fall",2,10,679,29,691,720,0.002894356,0.01447178,0.017366136,0.982633864,"Gully"
"LDDACACIA4",29.17983,-8.54063,2017,"Winter",5,21,687,7,713,720,0.007012623,0.029453015,0.036465638,0.963534362,"Gully"
"LDDACACIA4",29.17983,-8.54063,2018,"Spring",0,29,687,4,716,720,0,0.040502793,0.040502793,0.959497207,"Gully"
"LDDACACIA4",29.17983,-8.54063,2018,"Summer",2,8,700,10,710,720,0.002816901,0.011267606,0.014084507,0.985915493,"Gully"
"LDDACACIA4",29.17983,-8.54063,2018,"Fall",17,19,674,10,710,720,0.023943662,0.026760563,0.050704225,0.949295775,"Gully"
"LDDACACIA4",29.17983,-8.54063,2018,"Winter",43,17,657,3,717,720,0.059972106,0.023709902,0.083682008,0.916317992,"Gully"
"LDDACACIA4",29.17983,-8.54063,2019,"Spring",13,25,673,9,711,720,0.018284107,0.035161744,0.053445851,0.946554149,"Gully"
"LDDACACIA4",29.17983,-8.54063,2019,"Summer",4,39,673,4,716,720,0.005586592,0.054469274,0.060055866,0.939944134,"Gully"
"LDDACACIA4",29.17983,-8.54063,2019,"Fall",7,19,691,3,717,720,0.009762901,0.026499303,0.036262204,0.963737796,"Gully"
"LDDACACIA4",29.17983,-8.54063,2019,"Winter",1,26,691,2,718,720,0.001392758,0.036211699,0.037604457,0.962395543,"Gully"
"LDDACACIA4",29.17983,-8.54063,2020,"Spring",9,14,683,14,706,720,0.012747875,0.019830028,0.032577904,0.967422096,"Gully"
"LDDACACIA4",29.17983,-8.54063,2020,"Summer",2,17,699,2,718,720,0.002785515,0.02367688,0.026462396,0.973537604,"Gully"
"LDDACACIA4",29.17983,-8.54063,2020,"Fall",24,17,674,5,715,720,0.033566434,0.023776224,0.057342657,0.942657343,"Gully"
"LDDACACIA4",29.17983,-8.54063,2020,"Winter",3,10,701,6,714,720,0.004201681,0.014005602,0.018207283,0.981792717,"Gully"
"LDDACACIA4",29.17983,-8.54063,2021,"Spring",4,14,699,3,717,720,0.005578801,0.019525802,0.025104603,0.974895397,"Gully"
"LDDACACIA4",29.17983,-8.54063,2021,"Summer",10,13,690,7,713,720,0.014025245,0.018232819,0.032258065,0.967741935,"Gully"
"LDDACACIA4",29.17983,-8.54063,2021,"Fall",3,18,697,2,718,720,0.004178273,0.025069638,0.029247911,0.970752089,"Gully"
"LDDACACIA4",29.17983,-8.54063,2021,"Winter",1,15,700,4,716,720,0.001396648,0.020949721,0.022346369,0.977653631,"Gully"
"LDDACACIA4",29.17983,-8.54063,2022,"Spring",25,32,654,9,711,720,0.035161744,0.045007032,0.080168776,0.919831224,"Gully"
"LDDACACIA4",29.17983,-8.54063,2022,"Summer",10,21,687,2,718,720,0.013927577,0.029247911,0.043175487,0.956824513,"Gully"
"LDDACACIA4",29.17983,-8.54063,2022,"Fall",2,19,692,7,713,720,0.002805049,0.026647966,0.029453015,0.970546985,"Gully"
"LDDACACIA4",29.17983,-8.54063,2022,"Winter",3,18,687,12,708,720,0.004237288,0.025423729,0.029661017,0.970338983,"Gully"
"LDDACACIA4",29.17983,-8.54063,2023,"Spring",31,13,671,5,715,720,0.043356643,0.018181818,0.061538462,0.938461538,"Gully"
"LDDACACIA4",29.17983,-8.54063,2023,"Summer",21,21,667,11,709,720,0.029619182,0.029619182,0.059238364,0.940761636,"Gully"
"LDDACACIA4",29.17983,-8.54063,2023,"Fall",5,16,690,9,711,720,0.007032349,0.022503516,0.029535865,0.970464135,"Gully"
"LDDACACIA4",29.17983,-8.54063,2023,"Winter",2,24,689,5,715,720,0.002797203,0.033566434,0.036363636,0.963636364,"Gully"
"LDDACACIA5",29.22637,-8.51193,2017,"Spring",0,4,705,11,709,720,0,0.005641749,0.005641749,0.994358251,"Gully"
"LDDACACIA5",29.22637,-8.51193,2017,"Summer",0,7,713,0,720,720,0,0.009722222,0.009722222,0.990277778,"Gully"
"LDDACACIA5",29.22637,-8.51193,2017,"Fall",0,9,711,0,720,720,0,0.0125,0.0125,0.9875,"Gully"
"LDDACACIA5",29.22637,-8.51193,2017,"Winter",1,3,715,1,719,720,0.001390821,0.004172462,0.005563282,0.994436718,"Gully"
"LDDACACIA5",29.22637,-8.51193,2018,"Spring",0,12,708,0,720,720,0,0.016666667,0.016666667,0.983333333,"Gully"
"LDDACACIA5",29.22637,-8.51193,2018,"Summer",0,2,717,1,719,720,0,0.002781641,0.002781641,0.997218359,"Gully"
"LDDACACIA5",29.22637,-8.51193,2018,"Fall",4,4,712,0,720,720,0.005555556,0.005555556,0.011111111,0.988888889,"Gully"
"LDDACACIA5",29.22637,-8.51193,2018,"Winter",3,3,710,4,716,720,0.004189944,0.004189944,0.008379888,0.991620112,"Gully"
"LDDACACIA5",29.22637,-8.51193,2019,"Spring",0,7,713,0,720,720,0,0.009722222,0.009722222,0.990277778,"Gully"
"LDDACACIA5",29.22637,-8.51193,2019,"Summer",0,5,715,0,720,720,0,0.006944444,0.006944444,0.993055556,"Gully"
"LDDACACIA5",29.22637,-8.51193,2019,"Fall",0,6,713,1,719,720,0,0.008344924,0.008344924,0.991655076,"Gully"
"LDDACACIA5",29.22637,-8.51193,2019,"Winter",0,15,705,0,720,720,0,0.020833333,0.020833333,0.979166667,"Gully"
"LDDACACIA5",29.22637,-8.51193,2020,"Spring",0,8,712,0,720,720,0,0.011111111,0.011111111,0.988888889,"Gully"
"LDDACACIA5",29.22637,-8.51193,2020,"Summer",0,8,712,0,720,720,0,0.011111111,0.011111111,0.988888889,"Gully"
"LDDACACIA5",29.22637,-8.51193,2020,"Fall",3,6,710,1,719,720,0.004172462,0.008344924,0.012517385,0.987482615,"Gully"
"LDDACACIA5",29.22637,-8.51193,2020,"Winter",0,4,713,3,717,720,0,0.005578801,0.005578801,0.994421199,"Gully"
"LDDACACIA5",29.22637,-8.51193,2021,"Spring",0,8,712,0,720,720,0,0.011111111,0.011111111,0.988888889,"Gully"
"LDDACACIA5",29.22637,-8.51193,2021,"Summer",0,5,715,0,720,720,0,0.006944444,0.006944444,0.993055556,"Gully"
"LDDACACIA5",29.22637,-8.51193,2021,"Fall",0,6,714,0,720,720,0,0.008333333,0.008333333,0.991666667,"Gully"
"LDDACACIA5",29.22637,-8.51193,2021,"Winter",2,11,707,0,720,720,0.002777778,0.015277778,0.018055556,0.981944444,"Gully"
"LDDACACIA5",29.22637,-8.51193,2022,"Spring",7,33,670,10,710,720,0.009859155,0.046478873,0.056338028,0.943661972,"Gully"
"LDDACACIA5",29.22637,-8.51193,2022,"Summer",0,25,690,5,715,720,0,0.034965035,0.034965035,0.965034965,"Gully"
"LDDACACIA5",29.22637,-8.51193,2022,"Fall",0,4,715,1,719,720,0,0.005563282,0.005563282,0.994436718,"Gully"
"LDDACACIA5",29.22637,-8.51193,2022,"Winter",0,7,712,1,719,720,0,0.009735744,0.009735744,0.990264256,"Gully"
"LDDACACIA5",29.22637,-8.51193,2023,"Spring",19,11,681,9,711,720,0.026722925,0.015471167,0.042194093,0.957805907,"Gully"
"LDDACACIA5",29.22637,-8.51193,2023,"Summer",0,21,691,8,712,720,0,0.029494382,0.029494382,0.970505618,"Gully"
"LDDACACIA5",29.22637,-8.51193,2023,"Fall",3,16,698,3,717,720,0.0041841,0.022315202,0.026499303,0.973500697,"Gully"
"LDDACACIA5",29.22637,-8.51193,2023,"Winter",1,12,702,5,715,720,0.001398601,0.016783217,0.018181818,0.981818182,"Gully"
"MAAEX1",33.2414,-2.74147,2016,"Spring",3,114,234,9,351,360,0.008547009,0.324786325,0.333333333,0.666666667,"Reg"
"MAAEX1",33.2414,-2.74147,2016,"Summer",0,31,328,1,359,360,0,0.086350975,0.086350975,0.913649025,"Reg"
"MAAEX1",33.2414,-2.74147,2016,"Fall",0,24,336,0,360,360,0,0.066666667,0.066666667,0.933333333,"Reg"
"MAAEX1",33.2414,-2.74147,2016,"Winter",0,8,350,2,358,360,0,0.022346369,0.022346369,0.977653631,"Reg"
"MAAEX1",33.2414,-2.74147,2017,"Spring",33,12,610,65,655,720,0.050381679,0.018320611,0.06870229,0.93129771,"Reg"
"MAAEX1",33.2414,-2.74147,2017,"Summer",8,91,611,10,710,720,0.011267606,0.128169014,0.13943662,0.86056338,"Reg"
"MAAEX1",33.2414,-2.74147,2017,"Fall",0,31,688,1,719,720,0,0.043115438,0.043115438,0.956884562,"Reg"
"MAAEX1",33.2414,-2.74147,2017,"Winter",3,64,645,8,712,720,0.004213483,0.08988764,0.094101124,0.905898876,"Reg"
"MAAEX1",33.2414,-2.74147,2018,"Spring",3,28,687,2,718,720,0.004178273,0.038997214,0.043175487,0.956824513,"Reg"
"MAAEX1",33.2414,-2.74147,2018,"Summer",5,30,678,7,713,720,0.007012623,0.042075736,0.049088359,0.950911641,"Reg"
"MAAEX1",33.2414,-2.74147,2018,"Fall",148,7,553,12,708,720,0.209039548,0.009887006,0.218926554,0.781073446,"Reg"
"MAAEX1",33.2414,-2.74147,2018,"Winter",253,42,385,40,680,720,0.372058824,0.061764706,0.433823529,0.566176471,"Reg"
"MAAEX1",33.2414,-2.74147,2019,"Spring",92,80,518,30,690,720,0.133333333,0.115942029,0.249275362,0.750724638,"Reg"
"MAAEX1",33.2414,-2.74147,2019,"Summer",0,129,574,17,703,720,0,0.183499289,0.183499289,0.816500711,"Reg"
"MAAEX1",33.2414,-2.74147,2019,"Fall",0,24,693,3,717,720,0,0.033472803,0.033472803,0.966527197,"Reg"
"MAAEX1",33.2414,-2.74147,2019,"Winter",1,26,692,1,719,720,0.001390821,0.036161335,0.037552156,0.962447844,"Reg"
"MAAEX1",33.2414,-2.74147,2020,"Spring",53,39,622,6,714,720,0.074229692,0.054621849,0.128851541,0.871148459,"Reg"
"MAAEX1",33.2414,-2.74147,2020,"Summer",14,54,601,15,669,684,0.020926756,0.080717489,0.101644245,0.898355755,"Reg"
"MAAEX1",33.2414,-2.74147,2020,"Fall",0,40,672,8,712,720,0,0.056179775,0.056179775,0.943820225,"Reg"
"MAAEX1",33.2414,-2.74147,2020,"Winter",0,18,695,7,713,720,0,0.025245442,0.025245442,0.974754558,"Reg"
"MAAEX1",33.2414,-2.74147,2021,"Spring",18,27,670,5,715,720,0.025174825,0.037762238,0.062937063,0.937062937,"Reg"
"MAAEX1",33.2414,-2.74147,2021,"Summer",35,31,645,9,711,720,0.049226442,0.043600563,0.092827004,0.907172996,"Reg"
"MAAEX1",33.2414,-2.74147,2021,"Fall",0,41,677,2,718,720,0,0.057103064,0.057103064,0.942896936,"Reg"
"MAAEX1",33.2414,-2.74147,2021,"Winter",0,36,682,2,718,720,0,0.050139276,0.050139276,0.949860724,"Reg"
"MAAEX1",33.2414,-2.74147,2022,"Spring",1,27,691,1,719,720,0.001390821,0.037552156,0.038942976,0.961057024,"Reg"
"MAAEX1",33.2414,-2.74147,2022,"Summer",0,21,694,5,715,720,0,0.029370629,0.029370629,0.970629371,"Reg"
"MAAEX1",33.2414,-2.74147,2022,"Fall",1,29,680,10,710,720,0.001408451,0.04084507,0.042253521,0.957746479,"Reg"
"MAAEX1",33.2414,-2.74147,2022,"Winter",6,30,673,11,709,720,0.008462623,0.042313117,0.05077574,0.94922426,"Reg"
"MAAEX1",33.2414,-2.74147,2023,"Spring",5,24,687,4,716,720,0.00698324,0.033519553,0.040502793,0.959497207,"Reg"
"MAAEX1",33.2414,-2.74147,2023,"Summer",7,12,696,5,715,720,0.00979021,0.016783217,0.026573427,0.973426573,"Reg"
"MAAEX1",33.2414,-2.74147,2023,"Fall",1,15,697,7,713,720,0.001402525,0.021037868,0.022440393,0.977559607,"Reg"
"MAAEX1",33.2414,-2.74147,2023,"Winter",1,16,700,3,717,720,0.0013947,0.022315202,0.023709902,0.976290098,"Reg"
"MAAIN1",33.25644,-2.73065,2016,"Spring",0,50,302,8,352,360,0,0.142045455,0.142045455,0.857954545,"Reg"
"MAAIN1",33.25644,-2.73065,2016,"Summer",0,34,325,1,359,360,0,0.094707521,0.094707521,0.905292479,"Reg"
"MAAIN1",33.25644,-2.73065,2016,"Fall",0,30,328,2,358,360,0,0.083798883,0.083798883,0.916201117,"Reg"
"MAAIN1",33.25644,-2.73065,2016,"Winter",0,24,335,1,359,360,0,0.066852368,0.066852368,0.933147632,"Reg"
"MAAIN1",33.25644,-2.73065,2017,"Spring",77,37,544,62,658,720,0.117021277,0.056231003,0.17325228,0.82674772,"Reg"
"MAAIN1",33.25644,-2.73065,2017,"Summer",14,109,570,27,693,720,0.02020202,0.157287157,0.177489177,0.822510823,"Reg"
"MAAIN1",33.25644,-2.73065,2017,"Fall",3,95,617,5,715,720,0.004195804,0.132867133,0.137062937,0.862937063,"Reg"
"MAAIN1",33.25644,-2.73065,2017,"Winter",0,104,609,7,713,720,0,0.145862553,0.145862553,0.854137447,"Reg"
"MAAIN1",33.25644,-2.73065,2018,"Spring",0,70,646,4,716,720,0,0.097765363,0.097765363,0.902234637,"Reg"
"MAAIN1",33.25644,-2.73065,2018,"Summer",4,68,641,7,713,720,0.005610098,0.095371669,0.100981767,0.899018233,"Reg"
"MAAIN1",33.25644,-2.73065,2018,"Fall",100,22,588,10,710,720,0.14084507,0.030985915,0.171830986,0.828169014,"Reg"
"MAAIN1",33.25644,-2.73065,2018,"Winter",124,28,527,41,679,720,0.182621502,0.041237113,0.223858616,0.776141384,"Reg"
"MAAIN1",33.25644,-2.73065,2019,"Spring",87,55,562,16,704,720,0.123579545,0.078125,0.201704545,0.798295455,"Reg"
"MAAIN1",33.25644,-2.73065,2019,"Summer",2,110,592,16,704,720,0.002840909,0.15625,0.159090909,0.840909091,"Reg"
"MAAIN1",33.25644,-2.73065,2019,"Fall",0,72,638,10,710,720,0,0.101408451,0.101408451,0.898591549,"Reg"
"MAAIN1",33.25644,-2.73065,2019,"Winter",0,75,640,5,715,720,0,0.104895105,0.104895105,0.895104895,"Reg"
"MAAIN1",33.25644,-2.73065,2020,"Spring",19,66,631,4,716,720,0.026536313,0.092178771,0.118715084,0.881284916,"Reg"
"MAAIN1",33.25644,-2.73065,2020,"Summer",15,77,592,36,684,720,0.021929825,0.112573099,0.134502924,0.865497076,"Reg"
"MAAIN1",33.25644,-2.73065,2020,"Fall",1,119,587,13,707,720,0.001414427,0.168316832,0.169731259,0.830268741,"Reg"
"MAAIN1",33.25644,-2.73065,2020,"Winter",2,96,614,8,712,720,0.002808989,0.134831461,0.137640449,0.862359551,"Reg"
"MAAIN1",33.25644,-2.73065,2021,"Spring",11,55,651,3,717,720,0.015341702,0.076708508,0.092050209,0.907949791,"Reg"
"MAAIN1",33.25644,-2.73065,2021,"Summer",26,61,604,29,691,720,0.037626628,0.088277858,0.125904486,0.874095514,"Reg"
"MAAIN1",33.25644,-2.73065,2021,"Fall",5,112,599,4,716,720,0.00698324,0.156424581,0.163407821,0.836592179,"Reg"
"MAAIN1",33.25644,-2.73065,2021,"Winter",1,82,632,5,715,720,0.001398601,0.114685315,0.116083916,0.883916084,"Reg"
"MAAIN1",33.25644,-2.73065,2022,"Spring",5,84,619,12,708,720,0.007062147,0.118644068,0.125706215,0.874293785,"Reg"
"MAAIN1",33.25644,-2.73065,2022,"Summer",2,51,658,9,711,720,0.00281294,0.071729958,0.074542897,0.925457103,"Reg"
"MAAIN1",33.25644,-2.73065,2022,"Fall",0,27,680,13,707,720,0,0.038189533,0.038189533,0.961810467,"Reg"
"MAAIN1",33.25644,-2.73065,2022,"Winter",7,56,647,10,710,720,0.009859155,0.078873239,0.088732394,0.911267606,"Reg"
"MAAIN1",33.25644,-2.73065,2023,"Spring",1,42,674,3,717,720,0.0013947,0.058577406,0.059972106,0.940027894,"Reg"
"MAAIN1",33.25644,-2.73065,2023,"Summer",8,27,676,9,711,720,0.011251758,0.037974684,0.049226442,0.950773558,"Reg"
"MAAIN1",33.25644,-2.73065,2023,"Fall",1,21,693,5,715,720,0.001398601,0.029370629,0.030769231,0.969230769,"Reg"
"MAAIN1",33.25644,-2.73065,2023,"Winter",0,38,668,14,706,720,0,0.053824363,0.053824363,0.946175637,"Reg"
"MISEX1",33.01786,-4.11318,2016,"Spring",0,12,346,2,358,360,0,0.033519553,0.033519553,0.966480447,"Reg"
"MISEX1",33.01786,-4.11318,2016,"Summer",0,9,350,1,359,360,0,0.025069638,0.025069638,0.974930362,"Reg"
"MISEX1",33.01786,-4.11318,2016,"Fall",0,11,349,0,360,360,0,0.030555556,0.030555556,0.969444444,"Reg"
"MISEX1",33.01786,-4.11318,2016,"Winter",0,12,342,6,354,360,0,0.033898305,0.033898305,0.966101695,"Reg"
"MISEX1",33.01786,-4.11318,2017,"Spring",4,8,687,21,699,720,0.005722461,0.011444921,0.017167382,0.982832618,"Reg"
"MISEX1",33.01786,-4.11318,2017,"Summer",9,5,703,3,717,720,0.012552301,0.006973501,0.019525802,0.980474198,"Reg"
"MISEX1",33.01786,-4.11318,2017,"Fall",9,17,678,16,704,720,0.012784091,0.024147727,0.036931818,0.963068182,"Reg"
"MISEX1",33.01786,-4.11318,2017,"Winter",5,12,699,4,716,720,0.00698324,0.016759777,0.023743017,0.976256983,"Reg"
"MISEX1",33.01786,-4.11318,2018,"Spring",2,15,698,5,715,720,0.002797203,0.020979021,0.023776224,0.976223776,"Reg"
"MISEX1",33.01786,-4.11318,2018,"Summer",5,3,704,8,712,720,0.007022472,0.004213483,0.011235955,0.988764045,"Reg"
"MISEX1",33.01786,-4.11318,2018,"Fall",28,9,676,7,713,720,0.039270687,0.012622721,0.051893408,0.948106592,"Reg"
"MISEX1",33.01786,-4.11318,2018,"Winter",30,12,673,5,715,720,0.041958042,0.016783217,0.058741259,0.941258741,"Reg"
"MISEX1",33.01786,-4.11318,2019,"Spring",9,9,702,0,720,720,0.0125,0.0125,0.025,0.975,"Reg"
"MISEX1",33.01786,-4.11318,2019,"Summer",0,26,692,2,718,720,0,0.036211699,0.036211699,0.963788301,"Reg"
"MISEX1",33.01786,-4.11318,2019,"Fall",1,23,694,2,718,720,0.001392758,0.032033426,0.033426184,0.966573816,"Reg"
"MISEX1",33.01786,-4.11318,2019,"Winter",1,12,707,0,720,720,0.001388889,0.016666667,0.018055556,0.981944444,"Reg"
"MISEX1",33.01786,-4.11318,2020,"Spring",3,15,693,9,711,720,0.004219409,0.021097046,0.025316456,0.974683544,"Reg"
"MISEX1",33.01786,-4.11318,2020,"Summer",6,15,695,4,716,720,0.008379888,0.020949721,0.029329609,0.970670391,"Reg"
"MISEX1",33.01786,-4.11318,2020,"Fall",3,18,699,0,720,720,0.004166667,0.025,0.029166667,0.970833333,"Reg"
"MISEX1",33.01786,-4.11318,2020,"Winter",4,26,683,7,713,720,0.005610098,0.036465638,0.042075736,0.957924264,"Reg"
"MISEX1",33.01786,-4.11318,2021,"Spring",16,13,684,7,713,720,0.022440393,0.018232819,0.040673212,0.959326788,"Reg"
"MISEX1",33.01786,-4.11318,2021,"Summer",22,14,678,6,714,720,0.030812325,0.019607843,0.050420168,0.949579832,"Reg"
"MISEX1",33.01786,-4.11318,2021,"Fall",6,22,690,2,718,720,0.008356546,0.030640669,0.038997214,0.961002786,"Reg"
"MISEX1",33.01786,-4.11318,2021,"Winter",0,27,693,0,720,720,0,0.0375,0.0375,0.9625,"Reg"
"MISEX1",33.01786,-4.11318,2022,"Spring",3,28,678,11,709,720,0.004231312,0.039492243,0.043723554,0.956276446,"Reg"
"MISEX1",33.01786,-4.11318,2022,"Summer",2,15,696,7,713,720,0.002805049,0.021037868,0.023842917,0.976157083,"Reg"
"MISEX1",33.01786,-4.11318,2022,"Fall",0,16,699,5,715,720,0,0.022377622,0.022377622,0.977622378,"Reg"
"MISEX1",33.01786,-4.11318,2022,"Winter",1,9,709,1,719,720,0.001390821,0.012517385,0.013908206,0.986091794,"Reg"
"MISEX1",33.01786,-4.11318,2023,"Spring",1,10,703,6,714,720,0.00140056,0.014005602,0.015406162,0.984593838,"Reg"
"MISEX1",33.01786,-4.11318,2023,"Summer",9,7,698,6,714,720,0.012605042,0.009803922,0.022408964,0.977591036,"Reg"
"MISEX1",33.01786,-4.11318,2023,"Fall",4,21,691,4,716,720,0.005586592,0.029329609,0.034916201,0.965083799,"Reg"
"MISEX1",33.01786,-4.11318,2023,"Winter",0,13,703,4,716,720,0,0.018156425,0.018156425,0.981843575,"Reg"
"MISEX2",33.01891,-4.08023,2016,"Spring",0,2,358,0,360,360,0,0.005555556,0.005555556,0.994444444,"Reg"
"MISEX2",33.01891,-4.08023,2016,"Summer",0,6,353,1,359,360,0,0.016713092,0.016713092,0.983286908,"Reg"
"MISEX2",33.01891,-4.08023,2016,"Fall",0,2,358,0,360,360,0,0.005555556,0.005555556,0.994444444,"Reg"
"MISEX2",33.01891,-4.08023,2016,"Winter",0,0,360,0,360,360,0,0,0,1,"Reg"
"MISEX2",33.01891,-4.08023,2017,"Spring",2,11,692,15,705,720,0.002836879,0.015602837,0.018439716,0.981560284,"Reg"
"MISEX2",33.01891,-4.08023,2017,"Summer",7,10,700,3,717,720,0.009762901,0.013947001,0.023709902,0.976290098,"Reg"
"MISEX2",33.01891,-4.08023,2017,"Fall",0,15,701,4,716,720,0,0.020949721,0.020949721,0.979050279,"Reg"
"MISEX2",33.01891,-4.08023,2017,"Winter",0,9,708,3,717,720,0,0.012552301,0.012552301,0.987447699,"Reg"
"MISEX2",33.01891,-4.08023,2018,"Spring",0,5,711,4,716,720,0,0.00698324,0.00698324,0.99301676,"Reg"
"MISEX2",33.01891,-4.08023,2018,"Summer",4,12,698,6,714,720,0.005602241,0.016806723,0.022408964,0.977591036,"Reg"
"MISEX2",33.01891,-4.08023,2018,"Fall",3,11,705,1,719,720,0.004172462,0.015299026,0.019471488,0.980528512,"Reg"
"MISEX2",33.01891,-4.08023,2018,"Winter",0,9,706,5,715,720,0,0.012587413,0.012587413,0.987412587,"Reg"
"MISEX2",33.01891,-4.08023,2019,"Spring",1,4,714,1,719,720,0.001390821,0.005563282,0.006954103,0.993045897,"Reg"
"MISEX2",33.01891,-4.08023,2019,"Summer",0,7,713,0,720,720,0,0.009722222,0.009722222,0.990277778,"Reg"
"MISEX2",33.01891,-4.08023,2019,"Fall",0,8,712,0,720,720,0,0.011111111,0.011111111,0.988888889,"Reg"
"MISEX2",33.01891,-4.08023,2019,"Winter",0,5,715,0,720,720,0,0.006944444,0.006944444,0.993055556,"Reg"
"MISEX2",33.01891,-4.08023,2020,"Spring",1,11,705,3,717,720,0.0013947,0.015341702,0.016736402,0.983263598,"Reg"
"MISEX2",33.01891,-4.08023,2020,"Summer",0,9,711,0,720,720,0,0.0125,0.0125,0.9875,"Reg"
"MISEX2",33.01891,-4.08023,2020,"Fall",0,15,704,1,719,720,0,0.020862309,0.020862309,0.979137691,"Reg"
"MISEX2",33.01891,-4.08023,2020,"Winter",0,9,709,2,718,720,0,0.012534819,0.012534819,0.987465181,"Reg"
"MISEX2",33.01891,-4.08023,2021,"Spring",6,9,702,3,717,720,0.008368201,0.012552301,0.020920502,0.979079498,"Reg"
"MISEX2",33.01891,-4.08023,2021,"Summer",9,4,704,3,717,720,0.012552301,0.005578801,0.018131102,0.981868898,"Reg"
"MISEX2",33.01891,-4.08023,2021,"Fall",0,12,707,1,719,720,0,0.016689847,0.016689847,0.983310153,"Reg"
"MISEX2",33.01891,-4.08023,2021,"Winter",0,7,713,0,720,720,0,0.009722222,0.009722222,0.990277778,"Reg"
"MISEX2",33.01891,-4.08023,2022,"Spring",0,8,710,2,718,720,0,0.011142061,0.011142061,0.988857939,"Reg"
"MISEX2",33.01891,-4.08023,2022,"Summer",0,10,706,4,716,720,0,0.01396648,0.01396648,0.98603352,"Reg"
"MISEX2",33.01891,-4.08023,2022,"Fall",0,1,718,1,719,720,0,0.001390821,0.001390821,0.998609179,"Reg"
"MISEX2",33.01891,-4.08023,2022,"Winter",0,8,709,3,717,720,0,0.011157601,0.011157601,0.988842399,"Reg"
"MISEX2",33.01891,-4.08023,2023,"Spring",0,11,708,1,719,720,0,0.015299026,0.015299026,0.984700974,"Reg"
"MISEX2",33.01891,-4.08023,2023,"Summer",1,4,710,5,715,720,0.001398601,0.005594406,0.006993007,0.993006993,"Reg"
"MISEX2",33.01891,-4.08023,2023,"Fall",3,18,692,7,713,720,0.004207574,0.025245442,0.029453015,0.970546985,"Reg"
"MISEX2",33.01891,-4.08023,2023,"Winter",0,9,710,1,719,720,0,0.012517385,0.012517385,0.987482615,"Reg"
"MISEX3",33.00683,-4.12298,2016,"Spring",1,19,338,2,358,360,0.002793296,0.053072626,0.055865922,0.944134078,"Reg"
"MISEX3",33.00683,-4.12298,2016,"Summer",0,12,348,0,360,360,0,0.033333333,0.033333333,0.966666667,"Reg"
"MISEX3",33.00683,-4.12298,2016,"Fall",0,18,342,0,360,360,0,0.05,0.05,0.95,"Reg"
"MISEX3",33.00683,-4.12298,2016,"Winter",0,16,343,1,359,360,0,0.044568245,0.044568245,0.955431755,"Reg"
"MISEX3",33.00683,-4.12298,2017,"Spring",15,4,683,18,702,720,0.021367521,0.005698006,0.027065527,0.972934473,"Reg"
"MISEX3",33.00683,-4.12298,2017,"Summer",18,3,687,12,708,720,0.025423729,0.004237288,0.029661017,0.970338983,"Reg"
"MISEX3",33.00683,-4.12298,2017,"Fall",1,16,690,13,707,720,0.001414427,0.022630835,0.024045262,0.975954738,"Reg"
"MISEX3",33.00683,-4.12298,2017,"Winter",13,18,683,6,714,720,0.018207283,0.025210084,0.043417367,0.956582633,"Reg"
"MISEX3",33.00683,-4.12298,2018,"Spring",2,21,692,5,715,720,0.002797203,0.029370629,0.032167832,0.967832168,"Reg"
"MISEX3",33.00683,-4.12298,2018,"Summer",20,9,683,8,712,720,0.028089888,0.012640449,0.040730337,0.959269663,"Reg"
"MISEX3",33.00683,-4.12298,2018,"Fall",19,6,691,4,716,720,0.026536313,0.008379888,0.034916201,0.965083799,"Reg"
"MISEX3",33.00683,-4.12298,2018,"Winter",28,10,675,7,713,720,0.039270687,0.014025245,0.053295933,0.946704067,"Reg"
"MISEX3",33.00683,-4.12298,2019,"Spring",7,17,692,4,716,720,0.009776536,0.023743017,0.033519553,0.966480447,"Reg"
"MISEX3",33.00683,-4.12298,2019,"Summer",1,34,679,6,714,720,0.00140056,0.047619048,0.049019608,0.950980392,"Reg"
"MISEX3",33.00683,-4.12298,2019,"Fall",0,12,704,4,716,720,0,0.016759777,0.016759777,0.983240223,"Reg"
"MISEX3",33.00683,-4.12298,2019,"Winter",1,22,697,0,720,720,0.001388889,0.030555556,0.031944444,0.968055556,"Reg"
"MISEX3",33.00683,-4.12298,2020,"Spring",9,15,683,13,707,720,0.012729844,0.021216407,0.033946252,0.966053748,"Reg"
"MISEX3",33.00683,-4.12298,2020,"Summer",9,14,694,3,717,720,0.012552301,0.019525802,0.032078103,0.967921897,"Reg"
"MISEX3",33.00683,-4.12298,2020,"Fall",4,24,690,2,718,720,0.005571031,0.033426184,0.038997214,0.961002786,"Reg"
"MISEX3",33.00683,-4.12298,2020,"Winter",5,21,685,9,711,720,0.007032349,0.029535865,0.036568214,0.963431786,"Reg"
"MISEX3",33.00683,-4.12298,2021,"Spring",27,6,683,4,716,720,0.037709497,0.008379888,0.046089385,0.953910615,"Reg"
"MISEX3",33.00683,-4.12298,2021,"Summer",24,9,678,9,711,720,0.033755274,0.012658228,0.046413502,0.953586498,"Reg"
"MISEX3",33.00683,-4.12298,2021,"Fall",7,30,676,7,713,720,0.009817672,0.042075736,0.051893408,0.948106592,"Reg"
"MISEX3",33.00683,-4.12298,2021,"Winter",9,31,679,1,719,720,0.012517385,0.043115438,0.055632823,0.944367177,"Reg"
"MISEX3",33.00683,-4.12298,2022,"Spring",6,19,683,12,708,720,0.008474576,0.026836158,0.035310734,0.964689266,"Reg"
"MISEX3",33.00683,-4.12298,2022,"Summer",1,10,692,17,703,720,0.001422475,0.014224751,0.015647226,0.984352774,"Reg"
"MISEX3",33.00683,-4.12298,2022,"Fall",3,12,696,9,711,720,0.004219409,0.016877637,0.021097046,0.978902954,"Reg"
"MISEX3",33.00683,-4.12298,2022,"Winter",6,19,684,11,709,720,0.008462623,0.026798307,0.035260931,0.964739069,"Reg"
"MISEX3",33.00683,-4.12298,2023,"Spring",1,26,690,3,717,720,0.0013947,0.036262204,0.037656904,0.962343096,"Reg"
"MISEX3",33.00683,-4.12298,2023,"Summer",12,9,694,5,715,720,0.016783217,0.012587413,0.029370629,0.970629371,"Reg"
"MISEX3",33.00683,-4.12298,2023,"Fall",3,17,688,12,708,720,0.004237288,0.024011299,0.028248588,0.971751412,"Reg"
"MISEX3",33.00683,-4.12298,2023,"Winter",2,23,690,5,715,720,0.002797203,0.032167832,0.034965035,0.965034965,"Reg"
"MISEX4",32.9926,-4.10352,2016,"Spring",0,18,339,3,357,360,0,0.050420168,0.050420168,0.949579832,"Reg"
"MISEX4",32.9926,-4.10352,2016,"Summer",0,17,343,0,360,360,0,0.047222222,0.047222222,0.952777778,"Reg"
"MISEX4",32.9926,-4.10352,2016,"Fall",0,11,349,0,360,360,0,0.030555556,0.030555556,0.969444444,"Reg"
"MISEX4",32.9926,-4.10352,2016,"Winter",0,13,347,0,360,360,0,0.036111111,0.036111111,0.963888889,"Reg"
"MISEX4",32.9926,-4.10352,2017,"Spring",12,7,686,15,705,720,0.017021277,0.009929078,0.026950355,0.973049645,"Reg"
"MISEX4",32.9926,-4.10352,2017,"Summer",24,9,685,2,718,720,0.033426184,0.012534819,0.045961003,0.954038997,"Reg"
"MISEX4",32.9926,-4.10352,2017,"Fall",7,14,693,6,714,720,0.009803922,0.019607843,0.029411765,0.970588235,"Reg"
"MISEX4",32.9926,-4.10352,2017,"Winter",14,8,694,4,716,720,0.019553073,0.011173184,0.030726257,0.969273743,"Reg"
"MISEX4",32.9926,-4.10352,2018,"Spring",1,23,694,2,718,720,0.001392758,0.032033426,0.033426184,0.966573816,"Reg"
"MISEX4",32.9926,-4.10352,2018,"Summer",4,7,703,6,714,720,0.005602241,0.009803922,0.015406162,0.984593838,"Reg"
"MISEX4",32.9926,-4.10352,2018,"Fall",11,10,697,2,718,720,0.015320334,0.013927577,0.029247911,0.970752089,"Reg"
"MISEX4",32.9926,-4.10352,2018,"Winter",21,7,687,5,715,720,0.029370629,0.00979021,0.039160839,0.960839161,"Reg"
"MISEX4",32.9926,-4.10352,2019,"Spring",5,13,701,1,719,720,0.006954103,0.018080668,0.025034771,0.974965229,"Reg"
"MISEX4",32.9926,-4.10352,2019,"Summer",3,21,693,3,717,720,0.0041841,0.029288703,0.033472803,0.966527197,"Reg"
"MISEX4",32.9926,-4.10352,2019,"Fall",1,6,711,2,718,720,0.001392758,0.008356546,0.009749304,0.990250696,"Reg"
"MISEX4",32.9926,-4.10352,2019,"Winter",1,19,700,0,720,720,0.001388889,0.026388889,0.027777778,0.972222222,"Reg"
"MISEX4",32.9926,-4.10352,2020,"Spring",6,16,691,7,713,720,0.008415147,0.022440393,0.03085554,0.96914446,"Reg"
"MISEX4",32.9926,-4.10352,2020,"Summer",0,15,702,3,717,720,0,0.020920502,0.020920502,0.979079498,"Reg"
"MISEX4",32.9926,-4.10352,2020,"Fall",1,32,683,4,716,720,0.001396648,0.044692737,0.046089385,0.953910615,"Reg"
"MISEX4",32.9926,-4.10352,2020,"Winter",4,18,690,8,712,720,0.005617978,0.025280899,0.030898876,0.969101124,"Reg"
"MISEX4",32.9926,-4.10352,2021,"Spring",11,10,696,3,717,720,0.015341702,0.013947001,0.029288703,0.970711297,"Reg"
"MISEX4",32.9926,-4.10352,2021,"Summer",15,9,692,4,716,720,0.020949721,0.012569832,0.033519553,0.966480447,"Reg"
"MISEX4",32.9926,-4.10352,2021,"Fall",1,30,688,1,719,720,0.001390821,0.041724618,0.043115438,0.956884562,"Reg"
"MISEX4",32.9926,-4.10352,2021,"Winter",1,28,690,1,719,720,0.001390821,0.038942976,0.040333797,0.959666203,"Reg"
"MISEX4",32.9926,-4.10352,2022,"Spring",2,30,680,8,712,720,0.002808989,0.042134831,0.04494382,0.95505618,"Reg"
"MISEX4",32.9926,-4.10352,2022,"Summer",2,16,694,8,712,720,0.002808989,0.02247191,0.025280899,0.974719101,"Reg"
"MISEX4",32.9926,-4.10352,2022,"Fall",0,26,686,8,712,720,0,0.036516854,0.036516854,0.963483146,"Reg"
"MISEX4",32.9926,-4.10352,2022,"Winter",10,11,688,11,709,720,0.014104372,0.01551481,0.029619182,0.970380818,"Reg"
"MISEX4",32.9926,-4.10352,2023,"Spring",0,19,697,4,716,720,0,0.026536313,0.026536313,0.973463687,"Reg"
"MISEX4",32.9926,-4.10352,2023,"Summer",4,11,701,4,716,720,0.005586592,0.015363128,0.020949721,0.979050279,"Reg"
"MISEX4",32.9926,-4.10352,2023,"Fall",2,17,695,6,714,720,0.00280112,0.023809524,0.026610644,0.973389356,"Reg"
"MISEX4",32.9926,-4.10352,2023,"Winter",1,11,703,5,715,720,0.001398601,0.015384615,0.016783217,0.983216783,"Reg"
"MISIN1",33.01386,-4.09302,2016,"Spring",0,11,347,2,358,360,0,0.030726257,0.030726257,0.969273743,"Reg"
"MISIN1",33.01386,-4.09302,2016,"Summer",0,14,346,0,360,360,0,0.038888889,0.038888889,0.961111111,"Reg"
"MISIN1",33.01386,-4.09302,2016,"Fall",0,9,351,0,360,360,0,0.025,0.025,0.975,"Reg"
"MISIN1",33.01386,-4.09302,2016,"Winter",0,23,337,0,360,360,0,0.063888889,0.063888889,0.936111111,"Reg"
"MISIN1",33.01386,-4.09302,2017,"Spring",5,7,690,18,702,720,0.007122507,0.00997151,0.017094017,0.982905983,"Reg"
"MISIN1",33.01386,-4.09302,2017,"Summer",8,18,685,9,711,720,0.011251758,0.025316456,0.036568214,0.963431786,"Reg"
"MISIN1",33.01386,-4.09302,2017,"Fall",4,27,679,10,710,720,0.005633803,0.038028169,0.043661972,0.956338028,"Reg"
"MISIN1",33.01386,-4.09302,2017,"Winter",3,15,699,3,717,720,0.0041841,0.020920502,0.025104603,0.974895397,"Reg"
"MISIN1",33.01386,-4.09302,2018,"Spring",0,26,691,3,717,720,0,0.036262204,0.036262204,0.963737796,"Reg"
"MISIN1",33.01386,-4.09302,2018,"Summer",15,15,683,7,713,720,0.021037868,0.021037868,0.042075736,0.957924264,"Reg"
"MISIN1",33.01386,-4.09302,2018,"Fall",12,7,694,7,713,720,0.016830295,0.009817672,0.026647966,0.973352034,"Reg"
"MISIN1",33.01386,-4.09302,2018,"Winter",15,27,670,8,712,720,0.021067416,0.037921348,0.058988764,0.941011236,"Reg"
"MISIN1",33.01386,-4.09302,2019,"Spring",2,12,706,0,720,720,0.002777778,0.016666667,0.019444444,0.980555556,"Reg"
"MISIN1",33.01386,-4.09302,2019,"Summer",1,21,694,4,716,720,0.001396648,0.029329609,0.030726257,0.969273743,"Reg"
"MISIN1",33.01386,-4.09302,2019,"Fall",0,8,710,2,718,720,0,0.011142061,0.011142061,0.988857939,"Reg"
"MISIN1",33.01386,-4.09302,2019,"Winter",1,37,678,4,716,720,0.001396648,0.051675978,0.053072626,0.946927374,"Reg"
"MISIN1",33.01386,-4.09302,2020,"Spring",20,22,674,4,716,720,0.027932961,0.030726257,0.058659218,0.941340782,"Reg"
"MISIN1",33.01386,-4.09302,2020,"Summer",1,20,696,3,717,720,0.0013947,0.027894003,0.029288703,0.970711297,"Reg"
"MISIN1",33.01386,-4.09302,2020,"Fall",0,26,692,2,718,720,0,0.036211699,0.036211699,0.963788301,"Reg"
"MISIN1",33.01386,-4.09302,2020,"Winter",0,27,692,1,719,720,0,0.037552156,0.037552156,0.962447844,"Reg"
"MISIN1",33.01386,-4.09302,2021,"Spring",25,17,670,8,712,720,0.03511236,0.023876404,0.058988764,0.941011236,"Reg"
"MISIN1",33.01386,-4.09302,2021,"Summer",12,21,675,12,708,720,0.016949153,0.029661017,0.046610169,0.953389831,"Reg"
"MISIN1",33.01386,-4.09302,2021,"Fall",1,16,700,3,717,720,0.0013947,0.022315202,0.023709902,0.976290098,"Reg"
"MISIN1",33.01386,-4.09302,2021,"Winter",5,14,697,4,716,720,0.00698324,0.019553073,0.026536313,0.973463687,"Reg"
"MISIN1",33.01386,-4.09302,2022,"Spring",0,36,666,18,702,720,0,0.051282051,0.051282051,0.948717949,"Reg"
"MISIN1",33.01386,-4.09302,2022,"Summer",1,23,684,12,708,720,0.001412429,0.032485876,0.033898305,0.966101695,"Reg"
"MISIN1",33.01386,-4.09302,2022,"Fall",8,20,687,5,715,720,0.011188811,0.027972028,0.039160839,0.960839161,"Reg"
"MISIN1",33.01386,-4.09302,2022,"Winter",0,19,698,3,717,720,0,0.026499303,0.026499303,0.973500697,"Reg"
"MISIN1",33.01386,-4.09302,2023,"Spring",0,18,702,0,720,720,0,0.025,0.025,0.975,"Reg"
"MISIN1",33.01386,-4.09302,2023,"Summer",8,14,692,6,714,720,0.011204482,0.019607843,0.030812325,0.969187675,"Reg"
"MISIN1",33.01386,-4.09302,2023,"Fall",0,22,694,4,716,720,0,0.030726257,0.030726257,0.969273743,"Reg"
"MISIN1",33.01386,-4.09302,2023,"Winter",4,18,693,5,715,720,0.005594406,0.025174825,0.030769231,0.969230769,"Reg"
"MISIN2",33.0117,-4.08321,2016,"Spring",0,24,336,0,360,360,0,0.066666667,0.066666667,0.933333333,"Reg"
"MISIN2",33.0117,-4.08321,2016,"Summer",0,26,334,0,360,360,0,0.072222222,0.072222222,0.927777778,"Reg"
"MISIN2",33.0117,-4.08321,2016,"Fall",0,23,337,0,360,360,0,0.063888889,0.063888889,0.936111111,"Reg"
"MISIN2",33.0117,-4.08321,2016,"Winter",0,24,336,0,360,360,0,0.066666667,0.066666667,0.933333333,"Reg"
"MISIN2",33.0117,-4.08321,2017,"Spring",6,4,704,6,714,720,0.008403361,0.005602241,0.014005602,0.985994398,"Reg"
"MISIN2",33.0117,-4.08321,2017,"Summer",9,1,708,2,718,720,0.012534819,0.001392758,0.013927577,0.986072423,"Reg"
"MISIN2",33.0117,-4.08321,2017,"Fall",3,8,705,4,716,720,0.004189944,0.011173184,0.015363128,0.984636872,"Reg"
"MISIN2",33.0117,-4.08321,2017,"Winter",1,20,695,4,716,720,0.001396648,0.027932961,0.029329609,0.970670391,"Reg"
"MISIN2",33.0117,-4.08321,2018,"Spring",0,23,695,2,718,720,0,0.032033426,0.032033426,0.967966574,"Reg"
"MISIN2",33.0117,-4.08321,2018,"Summer",12,4,695,9,711,720,0.016877637,0.005625879,0.022503516,0.977496484,"Reg"
"MISIN2",33.0117,-4.08321,2018,"Fall",7,13,697,3,717,720,0.009762901,0.018131102,0.027894003,0.972105997,"Reg"
"MISIN2",33.0117,-4.08321,2018,"Winter",10,6,700,4,716,720,0.01396648,0.008379888,0.022346369,0.977653631,"Reg"
"MISIN2",33.0117,-4.08321,2019,"Spring",0,12,707,1,719,720,0,0.016689847,0.016689847,0.983310153,"Reg"
"MISIN2",33.0117,-4.08321,2019,"Summer",0,10,708,2,718,720,0,0.013927577,0.013927577,0.986072423,"Reg"
"MISIN2",33.0117,-4.08321,2019,"Fall",0,13,705,2,718,720,0,0.01810585,0.01810585,0.98189415,"Reg"
"MISIN2",33.0117,-4.08321,2019,"Winter",0,21,698,1,719,720,0,0.029207232,0.029207232,0.970792768,"Reg"
"MISIN2",33.0117,-4.08321,2020,"Spring",15,9,693,3,717,720,0.020920502,0.012552301,0.033472803,0.966527197,"Reg"
"MISIN2",33.0117,-4.08321,2020,"Summer",0,20,698,2,718,720,0,0.027855153,0.027855153,0.972144847,"Reg"
"MISIN2",33.0117,-4.08321,2020,"Fall",0,22,697,1,719,720,0,0.030598053,0.030598053,0.969401947,"Reg"
"MISIN2",33.0117,-4.08321,2020,"Winter",0,46,671,3,717,720,0,0.064156206,0.064156206,0.935843794,"Reg"
"MISIN2",33.0117,-4.08321,2021,"Spring",23,10,686,1,719,720,0.031988873,0.013908206,0.045897079,0.954102921,"Reg"
"MISIN2",33.0117,-4.08321,2021,"Summer",10,8,695,7,713,720,0.014025245,0.011220196,0.025245442,0.974754558,"Reg"
"MISIN2",33.0117,-4.08321,2021,"Fall",4,17,697,2,718,720,0.005571031,0.02367688,0.029247911,0.970752089,"Reg"
"MISIN2",33.0117,-4.08321,2021,"Winter",2,16,700,2,718,720,0.002785515,0.022284123,0.025069638,0.974930362,"Reg"
"MISIN2",33.0117,-4.08321,2022,"Spring",2,8,698,12,708,720,0.002824859,0.011299435,0.014124294,0.985875706,"Reg"
"MISIN2",33.0117,-4.08321,2022,"Summer",1,16,696,7,713,720,0.001402525,0.022440393,0.023842917,0.976157083,"Reg"
"MISIN2",33.0117,-4.08321,2022,"Fall",1,29,680,10,710,720,0.001408451,0.04084507,0.042253521,0.957746479,"Reg"
"MISIN2",33.0117,-4.08321,2022,"Winter",10,13,692,5,715,720,0.013986014,0.018181818,0.032167832,0.967832168,"Reg"
"MISIN2",33.0117,-4.08321,2023,"Spring",0,16,702,2,718,720,0,0.022284123,0.022284123,0.977715877,"Reg"
"MISIN2",33.0117,-4.08321,2023,"Summer",1,5,711,3,717,720,0.0013947,0.006973501,0.008368201,0.991631799,"Reg"
"MISIN2",33.0117,-4.08321,2023,"Fall",2,14,699,5,715,720,0.002797203,0.01958042,0.022377622,0.977622378,"Reg"
"MISIN2",33.0117,-4.08321,2023,"Winter",0,13,706,1,719,720,0,0.018080668,0.018080668,0.981919332,"Reg"
"MISIN3",33.00727,-4.10685,2016,"Spring",0,113,242,5,355,360,0,0.318309859,0.318309859,0.681690141,"Reg"
"MISIN3",33.00727,-4.10685,2016,"Summer",0,118,242,0,360,360,0,0.327777778,0.327777778,0.672222222,"Reg"
"MISIN3",33.00727,-4.10685,2016,"Fall",0,98,261,1,359,360,0,0.272980501,0.272980501,0.727019499,"Reg"
"MISIN3",33.00727,-4.10685,2016,"Winter",0,125,231,4,356,360,0,0.351123596,0.351123596,0.648876404,"Reg"
"MISIN3",33.00727,-4.10685,2017,"Spring",12,80,566,62,658,720,0.018237082,0.121580547,0.139817629,0.860182371,"Reg"
"MISIN3",33.00727,-4.10685,2017,"Summer",22,43,615,40,680,720,0.032352941,0.063235294,0.095588235,0.904411765,"Reg"
"MISIN3",33.00727,-4.10685,2017,"Fall",0,76,613,31,689,720,0,0.11030479,0.11030479,0.88969521,"Reg"
"MISIN3",33.00727,-4.10685,2017,"Winter",7,139,560,14,706,720,0.009915014,0.196883853,0.206798867,0.793201133,"Reg"
"MISIN3",33.00727,-4.10685,2018,"Spring",0,150,557,13,707,720,0,0.212164074,0.212164074,0.787835926,"Reg"
"MISIN3",33.00727,-4.10685,2018,"Summer",29,94,581,16,704,720,0.041193182,0.133522727,0.174715909,0.825284091,"Reg"
"MISIN3",33.00727,-4.10685,2018,"Fall",55,70,577,18,702,720,0.078347578,0.0997151,0.178062678,0.821937322,"Reg"
"MISIN3",33.00727,-4.10685,2018,"Winter",24,111,566,19,701,720,0.034236805,0.158345221,0.192582026,0.807417974,"Reg"
"MISIN3",33.00727,-4.10685,2019,"Spring",6,66,636,12,708,720,0.008474576,0.093220339,0.101694915,0.898305085,"Reg"
"MISIN3",33.00727,-4.10685,2019,"Summer",0,122,571,27,693,720,0,0.176046176,0.176046176,0.823953824,"Reg"
"MISIN3",33.00727,-4.10685,2019,"Fall",0,110,591,19,701,720,0,0.156918688,0.156918688,0.843081312,"Reg"
"MISIN3",33.00727,-4.10685,2019,"Winter",1,93,623,3,717,720,0.0013947,0.129707113,0.131101813,0.868898187,"Reg"
"MISIN3",33.00727,-4.10685,2020,"Spring",15,91,595,19,701,720,0.021398003,0.129814551,0.151212553,0.848787447,"Reg"
"MISIN3",33.00727,-4.10685,2020,"Summer",2,140,558,20,700,720,0.002857143,0.2,0.202857143,0.797142857,"Reg"
"MISIN3",33.00727,-4.10685,2020,"Fall",4,113,586,17,703,720,0.0056899,0.160739687,0.166429587,0.833570413,"Reg"
"MISIN3",33.00727,-4.10685,2020,"Winter",1,143,560,16,704,720,0.001420455,0.203125,0.204545455,0.795454545,"Reg"
"MISIN3",33.00727,-4.10685,2021,"Spring",14,78,614,14,706,720,0.019830028,0.110481586,0.130311615,0.869688385,"Reg"
"MISIN3",33.00727,-4.10685,2021,"Summer",14,113,574,19,701,720,0.019971469,0.161198288,0.181169757,0.818830243,"Reg"
"MISIN3",33.00727,-4.10685,2021,"Fall",9,111,590,9,710,719,0.012676056,0.156338028,0.169014085,0.830985915,"Reg"
"MISIN3",33.00727,-4.10685,2021,"Winter",0,86,625,9,711,720,0,0.120956399,0.120956399,0.879043601,"Reg"
"MISIN3",33.00727,-4.10685,2022,"Spring",21,112,557,30,690,720,0.030434783,0.162318841,0.192753623,0.807246377,"Reg"
"MISIN3",33.00727,-4.10685,2022,"Summer",8,104,582,26,694,720,0.011527378,0.149855908,0.161383285,0.838616715,"Reg"
"MISIN3",33.00727,-4.10685,2022,"Fall",2,73,627,18,702,720,0.002849003,0.103988604,0.106837607,0.893162393,"Reg"
"MISIN3",33.00727,-4.10685,2022,"Winter",5,67,617,31,689,720,0.007256894,0.09724238,0.104499274,0.895500726,"Reg"
"MISIN3",33.00727,-4.10685,2023,"Spring",4,56,644,16,704,720,0.005681818,0.079545455,0.085227273,0.914772727,"Reg"
"MISIN3",33.00727,-4.10685,2023,"Summer",22,49,630,19,701,720,0.031383738,0.069900143,0.10128388,0.89871612,"Reg"
"MISIN3",33.00727,-4.10685,2023,"Fall",1,94,609,16,704,720,0.001420455,0.133522727,0.134943182,0.865056818,"Reg"
"MISIN3",33.00727,-4.10685,2023,"Winter",0,87,618,15,705,720,0,0.123404255,0.123404255,0.876595745,"Reg"
"MISIN4",33.00143,-4.09707,2016,"Spring",0,34,324,2,358,360,0,0.094972067,0.094972067,0.905027933,"Reg"
"MISIN4",33.00143,-4.09707,2016,"Summer",0,30,329,1,359,360,0,0.08356546,0.08356546,0.91643454,"Reg"
"MISIN4",33.00143,-4.09707,2016,"Fall",0,27,333,0,360,360,0,0.075,0.075,0.925,"Reg"
"MISIN4",33.00143,-4.09707,2016,"Winter",1,21,337,1,359,360,0.002785515,0.058495822,0.061281337,0.938718663,"Reg"
"MISIN4",33.00143,-4.09707,2017,"Spring",16,36,643,25,695,720,0.023021583,0.051798561,0.074820144,0.925179856,"Reg"
"MISIN4",33.00143,-4.09707,2017,"Summer",12,24,673,11,709,720,0.016925247,0.033850494,0.05077574,0.94922426,"Reg"
"MISIN4",33.00143,-4.09707,2017,"Fall",5,36,662,17,703,720,0.007112376,0.051209104,0.058321479,0.941678521,"Reg"
"MISIN4",33.00143,-4.09707,2017,"Winter",8,35,663,14,706,720,0.011331445,0.049575071,0.060906516,0.939093484,"Reg"
"MISIN4",33.00143,-4.09707,2018,"Spring",3,39,668,10,710,720,0.004225352,0.054929577,0.05915493,0.94084507,"Reg"
"MISIN4",33.00143,-4.09707,2018,"Summer",21,32,662,5,715,720,0.029370629,0.044755245,0.074125874,0.925874126,"Reg"
"MISIN4",33.00083,-4.08686,2018,"Fall",29,20,665,6,714,720,0.040616246,0.028011204,0.068627451,0.931372549,"Reg"
"MISIN4",33.00083,-4.08686,2018,"Winter",13,21,670,16,704,720,0.018465909,0.029829545,0.048295455,0.951704545,"Reg"
"MISIN4",33.00083,-4.08686,2019,"Spring",18,33,663,6,714,720,0.025210084,0.046218487,0.071428571,0.928571429,"Reg"
"MISIN4",33.00083,-4.08686,2019,"Summer",0,43,669,8,712,720,0,0.060393258,0.060393258,0.939606742,"Reg"
"MISIN4",33.00083,-4.08686,2019,"Fall",1,19,699,1,719,720,0.001390821,0.026425591,0.027816412,0.972183588,"Reg"
"MISIN4",33.00083,-4.08686,2019,"Winter",3,30,687,0,720,720,0.004166667,0.041666667,0.045833333,0.954166667,"Reg"
"MISIN4",33.00083,-4.08686,2020,"Spring",16,30,672,2,718,720,0.022284123,0.04178273,0.064066852,0.935933148,"Reg"
"MISIN4",33.00083,-4.08686,2020,"Summer",0,40,675,5,715,720,0,0.055944056,0.055944056,0.944055944,"Reg"
"MISIN4",33.00083,-4.08686,2020,"Fall",4,33,683,0,720,720,0.005555556,0.045833333,0.051388889,0.948611111,"Reg"
"MISIN4",33.00083,-4.08686,2020,"Winter",3,28,679,10,710,720,0.004225352,0.03943662,0.043661972,0.956338028,"Reg"
"MISIN4",33.00083,-4.08686,2021,"Spring",14,22,678,6,714,720,0.019607843,0.030812325,0.050420168,0.949579832,"Reg"
"MISIN4",33.00083,-4.08686,2021,"Summer",19,21,672,8,712,720,0.026685393,0.029494382,0.056179775,0.943820225,"Reg"
"MISIN4",33.00083,-4.08686,2021,"Fall",0,48,668,4,716,720,0,0.067039106,0.067039106,0.932960894,"Reg"
"MISIN4",33.00083,-4.08686,2021,"Winter",12,44,661,3,717,720,0.016736402,0.061366806,0.078103208,0.921896792,"Reg"
"MISIN4",33.00083,-4.08686,2022,"Spring",18,28,661,13,707,720,0.025459689,0.03960396,0.065063649,0.934936351,"Reg"
"MISIN4",33.00083,-4.08686,2022,"Summer",4,29,676,11,709,720,0.005641749,0.04090268,0.046544429,0.953455571,"Reg"
"MISIN4",33.00083,-4.08686,2022,"Fall",5,33,674,8,712,720,0.007022472,0.046348315,0.053370787,0.946629213,"Reg"
"MISIN4",33.00083,-4.08686,2022,"Winter",12,17,680,11,709,720,0.016925247,0.023977433,0.04090268,0.95909732,"Reg"
"MISIN4",33.00083,-4.08686,2023,"Spring",7,44,660,9,711,720,0.009845288,0.061884669,0.071729958,0.928270042,"Reg"
"MISIN4",33.00083,-4.08686,2023,"Summer",13,14,688,5,715,720,0.018181818,0.01958042,0.037762238,0.962237762,"Reg"
"MISIN4",33.00083,-4.08686,2023,"Fall",0,30,685,5,715,720,0,0.041958042,0.041958042,0.958041958,"Reg"
"MISIN4",33.00083,-4.08686,2023,"Winter",4,23,685,8,712,720,0.005617978,0.032303371,0.037921348,0.962078652,"Reg"
"NN42SE1",29.14138,-8.52519,2017,"Spring",0,20,682,18,702,720,0,0.028490028,0.028490028,0.971509972,"Gully"
"NN42SE1",29.14138,-8.52519,2017,"Summer",14,16,677,13,707,720,0.01980198,0.022630835,0.042432815,0.957567185,"Gully"
"NN42SE1",29.14138,-8.52519,2017,"Fall",5,12,697,6,714,720,0.007002801,0.016806723,0.023809524,0.976190476,"Gully"
"NN42SE1",29.14138,-8.52519,2017,"Winter",9,24,681,6,714,720,0.012605042,0.033613445,0.046218487,0.953781513,"Gully"
"NN42SE1",29.14138,-8.52519,2018,"Spring",0,21,697,2,718,720,0,0.029247911,0.029247911,0.970752089,"Gully"
"NN42SE1",29.14138,-8.52519,2018,"Summer",0,15,701,4,716,720,0,0.020949721,0.020949721,0.979050279,"Gully"
"NN42SE1",29.14138,-8.52519,2018,"Fall",6,10,695,9,711,720,0.008438819,0.014064698,0.022503516,0.977496484,"Gully"
"NN42SE1",29.14138,-8.52519,2018,"Winter",14,14,683,9,711,720,0.019690577,0.019690577,0.039381153,0.960618847,"Gully"
"NN42SE1",29.14138,-8.52519,2019,"Spring",3,14,695,8,712,720,0.004213483,0.019662921,0.023876404,0.976123596,"Gully"
"NN42SE1",29.14138,-8.52519,2019,"Summer",0,18,698,4,716,720,0,0.025139665,0.025139665,0.974860335,"Gully"
"NN42SE1",29.14138,-8.52519,2019,"Fall",0,16,701,3,717,720,0,0.022315202,0.022315202,0.977684798,"Gully"
"NN42SE1",29.14138,-8.52519,2019,"Winter",0,20,697,3,717,720,0,0.027894003,0.027894003,0.972105997,"Gully"
"NN42SE1",29.14138,-8.52519,2020,"Spring",0,16,697,7,713,720,0,0.022440393,0.022440393,0.977559607,"Gully"
"NN42SE1",29.14138,-8.52519,2020,"Summer",0,22,696,2,718,720,0,0.030640669,0.030640669,0.969359331,"Gully"
"NN42SE1",29.14138,-8.52519,2020,"Fall",6,20,690,4,716,720,0.008379888,0.027932961,0.036312849,0.963687151,"Gully"
"NN42SE1",29.14138,-8.52519,2020,"Winter",2,15,694,9,711,720,0.00281294,0.021097046,0.023909986,0.976090014,"Gully"
"NN42SE1",29.14138,-8.52519,2021,"Spring",12,11,693,4,716,720,0.016759777,0.015363128,0.032122905,0.967877095,"Gully"
"NN42SE1",29.14138,-8.52519,2021,"Summer",3,6,704,7,713,720,0.004207574,0.008415147,0.012622721,0.987377279,"Gully"
"NN42SE1",29.14138,-8.52519,2021,"Fall",3,23,690,4,716,720,0.004189944,0.032122905,0.036312849,0.963687151,"Gully"
"NN42SE1",29.14138,-8.52519,2021,"Winter",0,0,720,0,720,720,0,0,0,1,"Gully"
"NN42SE1",29.14138,-8.52519,2022,"Spring",9,10,692,9,711,720,0.012658228,0.014064698,0.026722925,0.973277075,"Gully"
"NN42SE1",29.14138,-8.52519,2022,"Summer",3,10,702,5,715,720,0.004195804,0.013986014,0.018181818,0.981818182,"Gully"
"NN42SE1",29.14138,-8.52519,2022,"Fall",0,16,700,4,716,720,0,0.022346369,0.022346369,0.977653631,"Gully"
"NN42SE1",29.14138,-8.52519,2022,"Winter",0,12,704,4,716,720,0,0.016759777,0.016759777,0.983240223,"Gully"
"NN42SE1",29.14138,-8.52519,2023,"Spring",6,8,705,1,719,720,0.008344924,0.011126565,0.019471488,0.980528512,"Gully"
"NN42SE1",29.14138,-8.52519,2023,"Summer",4,10,697,9,711,720,0.005625879,0.014064698,0.019690577,0.980309423,"Gully"
"NN42SE1",29.14138,-8.52519,2023,"Fall",0,13,702,5,715,720,0,0.018181818,0.018181818,0.981818182,"Gully"
"NN42SE1",29.14138,-8.52519,2023,"Winter",0,15,702,3,717,720,0,0.020920502,0.020920502,0.979079498,"Gully"
"NN42SE2",29.14112,-8.4985,2017,"Spring",0,0,720,0,720,720,0,0,0,1,"Reg"
"NN42SE2",29.14112,-8.4985,2017,"Summer",0,0,720,0,720,720,0,0,0,1,"Reg"
"NN42SE2",29.14112,-8.4985,2017,"Fall",0,0,720,0,720,720,0,0,0,1,"Reg"
"NN42SE2",29.14112,-8.4985,2017,"Winter",0,0,720,0,720,720,0,0,0,1,"Reg"
"NN42SE2",29.14112,-8.4985,2018,"Spring",0,0,720,0,720,720,0,0,0,1,"Reg"
"NN42SE2",29.14112,-8.4985,2018,"Summer",0,0,720,0,720,720,0,0,0,1,"Reg"
"NN42SE2",29.14112,-8.4985,2018,"Fall",0,1,719,0,720,720,0,0.001388889,0.001388889,0.998611111,"Reg"
"NN42SE2",29.14112,-8.4985,2018,"Winter",0,0,719,1,719,720,0,0,0,1,"Reg"
"NN42SE2",29.14112,-8.4985,2019,"Spring",0,0,720,0,720,720,0,0,0,1,"Reg"
"NN42SE2",29.14112,-8.4985,2019,"Summer",0,1,719,0,720,720,0,0.001388889,0.001388889,0.998611111,"Reg"
"NN42SE2",29.14112,-8.4985,2019,"Fall",0,0,720,0,720,720,0,0,0,1,"Reg"
"NN42SE2",29.14112,-8.4985,2019,"Winter",0,0,720,0,720,720,0,0,0,1,"Reg"
"NN42SE2",29.14112,-8.4985,2020,"Spring",0,16,697,7,713,720,0,0.022440393,0.022440393,0.977559607,"Reg"
"NN42SE2",29.14112,-8.4985,2020,"Summer",0,22,696,2,718,720,0,0.030640669,0.030640669,0.969359331,"Reg"
"NN42SE2",29.14112,-8.4985,2020,"Fall",6,20,690,4,716,720,0.008379888,0.027932961,0.036312849,0.963687151,"Reg"
"NN42SE2",29.14112,-8.4985,2020,"Winter",2,15,694,9,711,720,0.00281294,0.021097046,0.023909986,0.976090014,"Reg"
"NN42SE2",29.14112,-8.4985,2021,"Spring",0,0,720,0,720,720,0,0,0,1,"Reg"
"NN42SE2",29.14112,-8.4985,2021,"Summer",0,1,719,0,720,720,0,0.001388889,0.001388889,0.998611111,"Reg"
"NN42SE2",29.14112,-8.4985,2021,"Fall",0,1,719,0,720,720,0,0.001388889,0.001388889,0.998611111,"Reg"
"NN42SE2",29.14112,-8.4985,2021,"Winter",0,0,720,0,720,720,0,0,0,1,"Reg"
"NN42SE2",29.14112,-8.4985,2022,"Spring",0,0,720,0,720,720,0,0,0,1,"Reg"
"NN42SE2",29.14112,-8.4985,2022,"Summer",0,1,719,0,720,720,0,0.001388889,0.001388889,0.998611111,"Reg"
"NN42SE2",29.14112,-8.4985,2022,"Fall",0,0,719,1,719,720,0,0,0,1,"Reg"
"NN42SE2",29.14112,-8.4985,2022,"Winter",0,1,719,0,720,720,0,0.001388889,0.001388889,0.998611111,"Reg"
"NN42SE2",29.14112,-8.4985,2023,"Spring",0,0,720,0,720,720,0,0,0,1,"Reg"
"NN42SE2",29.14112,-8.4985,2023,"Summer",0,0,720,0,720,720,0,0,0,1,"Reg"
"NN42SE2",29.14112,-8.4985,2023,"Fall",0,0,720,0,720,720,0,0,0,1,"Reg"
"NN42SE2",29.14112,-8.4985,2023,"Winter",0,0,719,1,719,720,0,0,0,1,"Reg"
"NN42SE3",29.12327,-8.50285,2017,"Spring",0,0,720,0,720,720,0,0,0,1,"Reg"
"NN42SE3",29.12327,-8.50285,2017,"Summer",0,0,720,0,720,720,0,0,0,1,"Reg"
"NN42SE3",29.12327,-8.50285,2017,"Fall",0,1,719,0,720,720,0,0.001388889,0.001388889,0.998611111,"Reg"
"NN42SE3",29.12327,-8.50285,2017,"Winter",0,0,720,0,720,720,0,0,0,1,"Reg"
"NN42SE3",29.12327,-8.50285,2018,"Spring",0,2,718,0,720,720,0,0.002777778,0.002777778,0.997222222,"Reg"
"NN42SE3",29.12327,-8.50285,2018,"Summer",0,2,718,0,720,720,0,0.002777778,0.002777778,0.997222222,"Reg"
"NN42SE3",29.12327,-8.50285,2018,"Fall",0,1,719,0,720,720,0,0.001388889,0.001388889,0.998611111,"Reg"
"NN42SE3",29.12327,-8.50285,2018,"Winter",0,0,719,1,719,720,0,0,0,1,"Reg"
"NN42SE3",29.12327,-8.50285,2019,"Spring",0,0,720,0,720,720,0,0,0,1,"Reg"
"NN42SE3",29.12327,-8.50285,2019,"Summer",0,0,720,0,720,720,0,0,0,1,"Reg"
"NN42SE3",29.12327,-8.50285,2019,"Fall",0,0,720,0,720,720,0,0,0,1,"Reg"
"NN42SE3",29.12327,-8.50285,2019,"Winter",0,0,720,0,720,720,0,0,0,1,"Reg"
"NN42SE3",29.12327,-8.50285,2020,"Spring",0,0,720,0,720,720,0,0,0,1,"Reg"
"NN42SE3",29.12327,-8.50285,2020,"Summer",0,1,719,0,720,720,0,0.001388889,0.001388889,0.998611111,"Reg"
"NN42SE3",29.12327,-8.50285,2020,"Fall",0,0,720,0,720,720,0,0,0,1,"Reg"
"NN42SE3",29.12327,-8.50285,2020,"Winter",0,2,716,2,718,720,0,0.002785515,0.002785515,0.997214485,"Reg"
"NN42SE3",29.12327,-8.50285,2021,"Spring",0,1,719,0,720,720,0,0.001388889,0.001388889,0.998611111,"Reg"
"NN42SE3",29.12327,-8.50285,2021,"Summer",0,0,720,0,720,720,0,0,0,1,"Reg"
"NN42SE3",29.12327,-8.50285,2021,"Fall",0,0,720,0,720,720,0,0,0,1,"Reg"
"NN42SE3",29.12327,-8.50285,2021,"Winter",0,0,720,0,720,720,0,0,0,1,"Reg"
"NN42SE3",29.12327,-8.50285,2022,"Spring",0,2,718,0,720,720,0,0.002777778,0.002777778,0.997222222,"Reg"
"NN42SE3",29.12327,-8.50285,2022,"Summer",0,3,717,0,720,720,0,0.004166667,0.004166667,0.995833333,"Reg"
"NN42SE3",29.12327,-8.50285,2022,"Fall",0,0,720,0,720,720,0,0,0,1,"Reg"
"NN42SE3",29.12327,-8.50285,2022,"Winter",0,2,714,4,716,720,0,0.002793296,0.002793296,0.997206704,"Reg"
"NN42SE3",29.12327,-8.50285,2023,"Spring",1,0,719,0,720,720,0.001388889,0,0.001388889,0.998611111,"Reg"
"NN42SE3",29.12327,-8.50285,2023,"Summer",0,0,720,0,720,720,0,0,0,1,"Reg"
"NN42SE3",29.12327,-8.50285,2023,"Fall",0,4,716,0,720,720,0,0.005555556,0.005555556,0.994444444,"Reg"
"NN42SE3",29.12327,-8.50285,2023,"Winter",0,1,718,1,719,720,0,0.001390821,0.001390821,0.998609179,"Reg"
"NN42SE4",29.11871,-8.52437,2017,"Spring",0,1,719,0,720,720,0,0.001388889,0.001388889,0.998611111,"Reg"
"NN42SE4",29.11871,-8.52437,2017,"Summer",0,1,719,0,720,720,0,0.001388889,0.001388889,0.998611111,"Reg"
"NN42SE4",29.11871,-8.52437,2017,"Fall",0,3,716,1,719,720,0,0.004172462,0.004172462,0.995827538,"Reg"
"NN42SE4",29.11871,-8.52437,2017,"Winter",0,0,720,0,720,720,0,0,0,1,"Reg"
"NN42SE4",29.11871,-8.52437,2018,"Spring",0,0,720,0,720,720,0,0,0,1,"Reg"
"NN42SE4",29.11871,-8.52437,2018,"Summer",0,1,719,0,720,720,0,0.001388889,0.001388889,0.998611111,"Reg"
"NN42SE4",29.11871,-8.52437,2018,"Fall",0,0,720,0,720,720,0,0,0,1,"Reg"
"NN42SE4",29.11871,-8.52437,2018,"Winter",0,1,717,2,718,720,0,0.001392758,0.001392758,0.998607242,"Reg"
"NN42SE4",29.11871,-8.52437,2019,"Spring",0,0,719,1,719,720,0,0,0,1,"Reg"
"NN42SE4",29.11871,-8.52437,2019,"Summer",0,0,720,0,720,720,0,0,0,1,"Reg"
"NN42SE4",29.11871,-8.52437,2019,"Fall",0,2,718,0,720,720,0,0.002777778,0.002777778,0.997222222,"Reg"
"NN42SE4",29.11871,-8.52437,2019,"Winter",0,0,720,0,720,720,0,0,0,1,"Reg"
"NN42SE4",29.11871,-8.52437,2020,"Spring",0,1,719,0,720,720,0,0.001388889,0.001388889,0.998611111,"Reg"
"NN42SE4",29.11871,-8.52437,2020,"Summer",0,1,719,0,720,720,0,0.001388889,0.001388889,0.998611111,"Reg"
"NN42SE4",29.11871,-8.52437,2020,"Fall",0,1,719,0,720,720,0,0.001388889,0.001388889,0.998611111,"Reg"
"NN42SE4",29.11871,-8.52437,2020,"Winter",0,0,720,0,720,720,0,0,0,1,"Reg"
"NN42SE4",29.11871,-8.52437,2021,"Spring",0,1,719,0,720,720,0,0.001388889,0.001388889,0.998611111,"Reg"
"NN42SE4",29.11871,-8.52437,2021,"Summer",0,2,717,1,719,720,0,0.002781641,0.002781641,0.997218359,"Reg"
"NN42SE4",29.11871,-8.52437,2021,"Fall",0,0,720,0,720,720,0,0,0,1,"Reg"
"NN42SE4",29.11871,-8.52437,2021,"Winter",0,1,719,0,720,720,0,0.001388889,0.001388889,0.998611111,"Reg"
"NN42SE4",29.11871,-8.52437,2022,"Spring",3,1,715,1,719,720,0.004172462,0.001390821,0.005563282,0.994436718,"Reg"
"NN42SE4",29.11871,-8.52437,2022,"Summer",0,1,719,0,720,720,0,0.001388889,0.001388889,0.998611111,"Reg"
"NN42SE4",29.11871,-8.52437,2022,"Fall",0,6,714,0,720,720,0,0.008333333,0.008333333,0.991666667,"Reg"
"NN42SE4",29.11871,-8.52437,2022,"Winter",0,2,717,1,719,720,0,0.002781641,0.002781641,0.997218359,"Reg"
"NN42SE4",29.11871,-8.52437,2023,"Spring",1,0,718,1,719,720,0.001390821,0,0.001390821,0.998609179,"Reg"
"NN42SE4",29.11871,-8.52437,2023,"Summer",0,0,720,0,720,720,0,0,0,1,"Reg"
"NN42SE4",29.11871,-8.52437,2023,"Fall",0,0,720,0,720,720,0,0,0,1,"Reg"
"NN42SE4",29.11871,-8.52437,2023,"Winter",0,0,719,1,719,720,0,0,0,1,"Reg"
"NN42SE5",29.12992,-8.5116,2017,"Spring",0,7,706,7,713,720,0,0.009817672,0.009817672,0.990182328,"Gully"
"NN42SE5",29.12992,-8.5116,2017,"Summer",0,9,710,1,719,720,0,0.012517385,0.012517385,0.987482615,"Gully"
"NN42SE5",29.12992,-8.5116,2017,"Fall",0,4,716,0,720,720,0,0.005555556,0.005555556,0.994444444,"Gully"
"NN42SE5",29.12992,-8.5116,2017,"Winter",0,7,713,0,720,720,0,0.009722222,0.009722222,0.990277778,"Gully"
"NN42SE5",29.12992,-8.5116,2018,"Spring",0,3,717,0,720,720,0,0.004166667,0.004166667,0.995833333,"Gully"
"NN42SE5",29.12992,-8.5116,2018,"Summer",1,5,714,0,720,720,0.001388889,0.006944444,0.008333333,0.991666667,"Gully"
"NN42SE5",29.12992,-8.5116,2018,"Fall",0,12,707,1,719,720,0,0.016689847,0.016689847,0.983310153,"Gully"
"NN42SE5",29.12992,-8.5116,2018,"Winter",1,10,704,5,715,720,0.001398601,0.013986014,0.015384615,0.984615385,"Gully"
"NN42SE5",29.12992,-8.5116,2019,"Spring",0,4,715,1,719,720,0,0.005563282,0.005563282,0.994436718,"Gully"
"NN42SE5",29.12992,-8.5116,2019,"Summer",0,2,718,0,720,720,0,0.002777778,0.002777778,0.997222222,"Gully"
"NN42SE5",29.12992,-8.5116,2019,"Fall",0,3,717,0,720,720,0,0.004166667,0.004166667,0.995833333,"Gully"
"NN42SE5",29.12992,-8.5116,2019,"Winter",0,7,713,0,720,720,0,0.009722222,0.009722222,0.990277778,"Gully"
"NN42SE5",29.12992,-8.5116,2020,"Spring",0,1,719,0,720,720,0,0.001388889,0.001388889,0.998611111,"Gully"
"NN42SE5",29.12992,-8.5116,2020,"Summer",0,1,719,0,720,720,0,0.001388889,0.001388889,0.998611111,"Gully"
"NN42SE5",29.12992,-8.5116,2020,"Fall",0,0,720,0,720,720,0,0,0,1,"Gully"
"NN42SE5",29.12992,-8.5116,2020,"Winter",0,1,719,0,720,720,0,0.001388889,0.001388889,0.998611111,"Gully"
"NN42SE5",29.12992,-8.5116,2021,"Spring",1,1,717,1,719,720,0.001390821,0.001390821,0.002781641,0.997218359,"Gully"
"NN42SE5",29.12992,-8.5116,2021,"Summer",1,0,719,0,720,720,0.001388889,0,0.001388889,0.998611111,"Gully"
"NN42SE5",29.12992,-8.5116,2021,"Fall",0,3,716,1,719,720,0,0.004172462,0.004172462,0.995827538,"Gully"
"NN42SE5",29.12992,-8.5116,2021,"Winter",0,2,718,0,720,720,0,0.002777778,0.002777778,0.997222222,"Gully"
"NN42SE5",29.12992,-8.5116,2022,"Spring",2,2,715,1,719,720,0.002781641,0.002781641,0.005563282,0.994436718,"Gully"
"NN42SE5",29.12992,-8.5116,2022,"Summer",1,3,715,1,719,720,0.001390821,0.004172462,0.005563282,0.994436718,"Gully"
"NN42SE5",29.12992,-8.5116,2022,"Fall",0,4,714,2,718,720,0,0.005571031,0.005571031,0.994428969,"Gully"
"NN42SE5",29.12992,-8.5116,2022,"Winter",0,2,716,2,718,720,0,0.002785515,0.002785515,0.997214485,"Gully"
"NN42SE5",29.12992,-8.5116,2023,"Spring",3,2,713,2,718,720,0.004178273,0.002785515,0.006963788,0.993036212,"Gully"
"NN42SE5",29.12992,-8.5116,2023,"Summer",1,1,716,2,718,720,0.001392758,0.001392758,0.002785515,0.997214485,"Gully"
"NN42SE5",29.12992,-8.5116,2023,"Fall",3,6,708,3,717,720,0.0041841,0.008368201,0.012552301,0.987447699,"Gully"
"NN42SE5",29.12992,-8.5116,2023,"Winter",3,4,709,4,716,720,0.004189944,0.005586592,0.009776536,0.990223464,"Gully"
"PISTA1",33.18906,-3.9816,2017,"Spring",15,2,698,5,715,720,0.020979021,0.002797203,0.023776224,0.976223776,"Wadi"
"PISTA1",33.18906,-3.9816,2017,"Summer",0,11,700,9,711,720,0,0.015471167,0.015471167,0.984528833,"Wadi"
"PISTA1",33.18906,-3.9816,2017,"Fall",3,7,706,4,716,720,0.004189944,0.009776536,0.01396648,0.98603352,"Wadi"
"PISTA1",33.18906,-3.9816,2017,"Winter",0,8,711,1,719,720,0,0.011126565,0.011126565,0.988873435,"Wadi"
"PISTA1",33.18906,-3.9816,2018,"Spring",0,5,709,6,714,720,0,0.007002801,0.007002801,0.992997199,"Wadi"
"PISTA1",33.18906,-3.9816,2018,"Summer",8,2,707,3,717,720,0.011157601,0.0027894,0.013947001,0.986052999,"Wadi"
"PISTA1",33.18906,-3.9816,2018,"Fall",6,6,706,2,718,720,0.008356546,0.008356546,0.016713092,0.983286908,"Wadi"
"PISTA1",33.18906,-3.9816,2018,"Winter",1,3,714,2,718,720,0.001392758,0.004178273,0.005571031,0.994428969,"Wadi"
"PISTA1",33.18906,-3.9816,2019,"Spring",8,2,705,5,715,720,0.011188811,0.002797203,0.013986014,0.986013986,"Wadi"
"PISTA1",33.18906,-3.9816,2019,"Summer",1,9,709,1,719,720,0.001390821,0.012517385,0.013908206,0.986091794,"Wadi"
"PISTA1",33.18906,-3.9816,2019,"Fall",1,2,717,0,720,720,0.001388889,0.002777778,0.004166667,0.995833333,"Wadi"
"PISTA1",33.18906,-3.9816,2019,"Winter",0,4,716,0,720,720,0,0.005555556,0.005555556,0.994444444,"Wadi"
"PISTA1",33.18906,-3.9816,2020,"Spring",6,3,709,2,718,720,0.008356546,0.004178273,0.012534819,0.987465181,"Wadi"
"PISTA1",33.18906,-3.9816,2020,"Summer",0,4,715,1,719,720,0,0.005563282,0.005563282,0.994436718,"Wadi"
"PISTA1",33.18906,-3.9816,2020,"Fall",1,8,709,2,718,720,0.001392758,0.011142061,0.012534819,0.987465181,"Wadi"
"PISTA1",33.18906,-3.9816,2020,"Winter",0,4,711,5,715,720,0,0.005594406,0.005594406,0.994405594,"Wadi"
"PISTA1",33.18906,-3.9816,2021,"Spring",6,1,710,3,717,720,0.008368201,0.0013947,0.009762901,0.990237099,"Wadi"
"PISTA1",33.18906,-3.9816,2021,"Summer",3,1,715,1,719,720,0.004172462,0.001390821,0.005563282,0.994436718,"Wadi"
"PISTA1",33.18906,-3.9816,2021,"Fall",2,10,704,4,716,720,0.002793296,0.01396648,0.016759777,0.983240223,"Wadi"
"PISTA1",33.18906,-3.9816,2021,"Winter",0,5,715,0,720,720,0,0.006944444,0.006944444,0.993055556,"Wadi"
"PISTA1",33.18906,-3.9816,2022,"Spring",5,6,705,4,716,720,0.00698324,0.008379888,0.015363128,0.984636872,"Wadi"
"PISTA1",33.18906,-3.9816,2022,"Summer",3,4,710,3,717,720,0.0041841,0.005578801,0.009762901,0.990237099,"Wadi"
"PISTA1",33.18906,-3.9816,2022,"Fall",2,2,716,0,720,720,0.002777778,0.002777778,0.005555556,0.994444444,"Wadi"
"PISTA1",33.18906,-3.9816,2022,"Winter",5,7,704,4,716,720,0.00698324,0.009776536,0.016759777,0.983240223,"Wadi"
"PISTA1",33.18906,-3.9816,2023,"Spring",0,2,716,2,718,720,0,0.002785515,0.002785515,0.997214485,"Wadi"
"PISTA1",33.18906,-3.9816,2023,"Summer",7,2,709,2,718,720,0.009749304,0.002785515,0.012534819,0.987465181,"Wadi"
"PISTA1",33.18906,-3.9816,2023,"Fall",4,6,706,4,716,720,0.005586592,0.008379888,0.01396648,0.98603352,"Wadi"
"PISTA1",33.18906,-3.9816,2023,"Winter",2,8,707,3,717,720,0.0027894,0.011157601,0.013947001,0.986052999,"Wadi"
"PISTA2",33.21777,-3.98722,2017,"Spring",11,4,698,7,713,720,0.01542777,0.005610098,0.021037868,0.978962132,"Wadi"
"PISTA2",33.21777,-3.98722,2017,"Summer",4,3,710,3,717,720,0.005578801,0.0041841,0.009762901,0.990237099,"Wadi"
"PISTA2",33.21777,-3.98722,2017,"Fall",0,8,711,1,719,720,0,0.011126565,0.011126565,0.988873435,"Wadi"
"PISTA2",33.21777,-3.98722,2017,"Winter",0,5,712,3,717,720,0,0.006973501,0.006973501,0.993026499,"Wadi"
"PISTA2",33.21777,-3.98722,2018,"Spring",0,6,710,4,716,720,0,0.008379888,0.008379888,0.991620112,"Wadi"
"PISTA2",33.21777,-3.98722,2018,"Summer",2,2,716,0,720,720,0.002777778,0.002777778,0.005555556,0.994444444,"Wadi"
"PISTA2",33.21777,-3.98722,2018,"Fall",9,3,704,4,716,720,0.012569832,0.004189944,0.016759777,0.983240223,"Wadi"
"PISTA2",33.21777,-3.98722,2018,"Winter",2,3,712,3,717,720,0.0027894,0.0041841,0.006973501,0.993026499,"Wadi"
"PISTA2",33.21777,-3.98722,2019,"Spring",11,4,691,14,706,720,0.015580737,0.005665722,0.021246459,0.978753541,"Wadi"
"PISTA2",33.21777,-3.98722,2019,"Summer",0,21,691,8,712,720,0,0.029494382,0.029494382,0.970505618,"Wadi"
"PISTA2",33.21777,-3.98722,2019,"Fall",0,3,717,0,720,720,0,0.004166667,0.004166667,0.995833333,"Wadi"
"PISTA2",33.21777,-3.98722,2019,"Winter",3,17,698,2,718,720,0.004178273,0.02367688,0.027855153,0.972144847,"Wadi"
"PISTA2",33.21777,-3.98722,2020,"Spring",13,13,687,7,713,720,0.018232819,0.018232819,0.036465638,0.963534362,"Wadi"
"PISTA2",33.21777,-3.98722,2020,"Summer",1,12,706,1,719,720,0.001390821,0.016689847,0.018080668,0.981919332,"Wadi"
"PISTA2",33.21777,-3.98722,2020,"Fall",5,16,697,2,718,720,0.006963788,0.022284123,0.029247911,0.970752089,"Wadi"
"PISTA2",33.21777,-3.98722,2020,"Winter",1,8,707,4,716,720,0.001396648,0.011173184,0.012569832,0.987430168,"Wadi"
"PISTA2",33.21777,-3.98722,2021,"Spring",11,5,701,3,717,720,0.015341702,0.006973501,0.022315202,0.977684798,"Wadi"
"PISTA2",33.21777,-3.98722,2021,"Summer",3,9,705,3,717,720,0.0041841,0.012552301,0.016736402,0.983263598,"Wadi"
"PISTA2",33.21777,-3.98722,2021,"Fall",0,9,710,1,719,720,0,0.012517385,0.012517385,0.987482615,"Wadi"
"PISTA2",33.21777,-3.98722,2021,"Winter",0,7,711,2,718,720,0,0.009749304,0.009749304,0.990250696,"Wadi"
"PISTA2",33.21777,-3.98722,2022,"Spring",8,6,705,1,719,720,0.011126565,0.008344924,0.019471488,0.980528512,"Wadi"
"PISTA2",33.21777,-3.98722,2022,"Summer",3,5,708,4,716,720,0.004189944,0.00698324,0.011173184,0.988826816,"Wadi"
"PISTA2",33.21777,-3.98722,2022,"Fall",4,5,710,1,719,720,0.005563282,0.006954103,0.012517385,0.987482615,"Wadi"
"PISTA2",33.21777,-3.98722,2022,"Winter",3,9,702,6,714,720,0.004201681,0.012605042,0.016806723,0.983193277,"Wadi"
"PISTA2",33.21777,-3.98722,2023,"Spring",5,6,707,2,718,720,0.006963788,0.008356546,0.015320334,0.984679666,"Wadi"
"PISTA2",33.21777,-3.98722,2023,"Summer",8,8,700,4,716,720,0.011173184,0.011173184,0.022346369,0.977653631,"Wadi"
"PISTA2",33.21777,-3.98722,2023,"Fall",3,8,709,0,720,720,0.004166667,0.011111111,0.015277778,0.984722222,"Wadi"
"PISTA2",33.21777,-3.98722,2023,"Winter",4,7,707,2,718,720,0.005571031,0.009749304,0.015320334,0.984679666,"Wadi"
"PISTA3",33.21374,-3.94364,2017,"Spring",0,0,720,0,720,720,0,0,0,1,"Wadi"
"PISTA3",33.21374,-3.94364,2017,"Summer",0,2,718,0,720,720,0,0.002777778,0.002777778,0.997222222,"Wadi"
"PISTA3",33.21374,-3.94364,2017,"Fall",0,1,717,2,718,720,0,0.001392758,0.001392758,0.998607242,"Wadi"
"PISTA3",33.21374,-3.94364,2017,"Winter",0,3,717,0,720,720,0,0.004166667,0.004166667,0.995833333,"Wadi"
"PISTA3",33.21374,-3.94364,2018,"Spring",0,1,719,0,720,720,0,0.001388889,0.001388889,0.998611111,"Wadi"
"PISTA3",33.21374,-3.94364,2018,"Summer",2,2,716,0,720,720,0.002777778,0.002777778,0.005555556,0.994444444,"Wadi"
"PISTA3",33.21374,-3.94364,2018,"Fall",0,2,716,2,718,720,0,0.002785515,0.002785515,0.997214485,"Wadi"
"PISTA3",33.21374,-3.94364,2018,"Winter",1,1,712,6,714,720,0.00140056,0.00140056,0.00280112,0.99719888,"Wadi"
"PISTA3",33.21374,-3.94364,2019,"Spring",1,1,718,0,720,720,0.001388889,0.001388889,0.002777778,0.997222222,"Wadi"
"PISTA3",33.21374,-3.94364,2019,"Summer",0,2,718,0,720,720,0,0.002777778,0.002777778,0.997222222,"Wadi"
"PISTA3",33.21374,-3.94364,2019,"Fall",0,4,716,0,720,720,0,0.005555556,0.005555556,0.994444444,"Wadi"
"PISTA3",33.21374,-3.94364,2019,"Winter",1,4,715,0,720,720,0.001388889,0.005555556,0.006944444,0.993055556,"Wadi"
"PISTA3",33.21374,-3.94364,2020,"Spring",1,1,718,0,720,720,0.001388889,0.001388889,0.002777778,0.997222222,"Wadi"
"PISTA3",33.21374,-3.94364,2020,"Summer",0,2,718,0,720,720,0,0.002777778,0.002777778,0.997222222,"Wadi"
"PISTA3",33.21374,-3.94364,2020,"Fall",0,4,716,0,720,720,0,0.005555556,0.005555556,0.994444444,"Wadi"
"PISTA3",33.21374,-3.94364,2020,"Winter",5,6,706,3,717,720,0.006973501,0.008368201,0.015341702,0.984658298,"Wadi"
"PISTA3",33.21374,-3.94364,2021,"Spring",13,9,691,7,713,720,0.018232819,0.012622721,0.03085554,0.96914446,"Wadi"
"PISTA3",33.21374,-3.94364,2021,"Summer",22,7,681,10,710,720,0.030985915,0.009859155,0.04084507,0.95915493,"Wadi"
"PISTA3",33.21374,-3.94364,2021,"Fall",3,18,698,1,719,720,0.004172462,0.025034771,0.029207232,0.970792768,"Wadi"
"PISTA3",33.21374,-3.94364,2021,"Winter",5,20,689,6,714,720,0.007002801,0.028011204,0.035014006,0.964985994,"Wadi"
"PISTA3",33.21374,-3.94364,2022,"Spring",14,21,676,9,711,720,0.019690577,0.029535865,0.049226442,0.950773558,"Wadi"
"PISTA3",33.21374,-3.94364,2022,"Summer",15,16,673,16,704,720,0.021306818,0.022727273,0.044034091,0.955965909,"Wadi"
"PISTA3",33.21374,-3.94364,2022,"Fall",1,5,713,1,719,720,0.001390821,0.006954103,0.008344924,0.991655076,"Wadi"
"PISTA3",33.21374,-3.94364,2022,"Winter",0,3,714,3,717,720,0,0.0041841,0.0041841,0.9958159,"Wadi"
"PISTA3",33.21374,-3.94364,2023,"Spring",0,6,711,3,717,720,0,0.008368201,0.008368201,0.991631799,"Wadi"
"PISTA3",33.21374,-3.94364,2023,"Summer",5,6,705,4,716,720,0.00698324,0.008379888,0.015363128,0.984636872,"Wadi"
"PISTA3",33.21374,-3.94364,2023,"Fall",0,3,717,0,720,720,0,0.004166667,0.004166667,0.995833333,"Wadi"
"PISTA3",33.21374,-3.94364,2023,"Winter",18,8,689,5,715,720,0.025174825,0.011188811,0.036363636,0.963636364,"Wadi"
"PISTA4",33.26739,-3.94475,2017,"Spring",0,0,719,1,719,720,0,0,0,1,"Wadi"
"PISTA4",33.26739,-3.94475,2017,"Summer",0,0,720,0,720,720,0,0,0,1,"Wadi"
"PISTA4",33.26739,-3.94475,2017,"Fall",0,1,717,2,718,720,0,0.001392758,0.001392758,0.998607242,"Wadi"
"PISTA4",33.26739,-3.94475,2017,"Winter",0,2,717,1,719,720,0,0.002781641,0.002781641,0.997218359,"Wadi"
"PISTA4",33.26739,-3.94475,2018,"Spring",0,2,718,0,720,720,0,0.002777778,0.002777778,0.997222222,"Wadi"
"PISTA4",33.26739,-3.94475,2018,"Summer",0,1,719,0,720,720,0,0.001388889,0.001388889,0.998611111,"Wadi"
"PISTA4",33.26739,-3.94475,2018,"Fall",0,2,718,0,720,720,0,0.002777778,0.002777778,0.997222222,"Wadi"
"PISTA4",33.26739,-3.94475,2018,"Winter",0,0,717,3,717,720,0,0,0,1,"Wadi"
"PISTA4",33.26739,-3.94475,2019,"Spring",0,0,719,1,719,720,0,0,0,1,"Wadi"
"PISTA4",33.26739,-3.94475,2019,"Summer",0,1,719,0,720,720,0,0.001388889,0.001388889,0.998611111,"Wadi"
"PISTA4",33.26739,-3.94475,2019,"Fall",0,0,720,0,720,720,0,0,0,1,"Wadi"
"PISTA4",33.26739,-3.94475,2019,"Winter",0,1,718,1,719,720,0,0.001390821,0.001390821,0.998609179,"Wadi"
"PISTA4",33.26739,-3.94475,2020,"Spring",0,1,719,0,720,720,0,0.001388889,0.001388889,0.998611111,"Wadi"
"PISTA4",33.26739,-3.94475,2020,"Summer",0,3,717,0,720,720,0,0.004166667,0.004166667,0.995833333,"Wadi"
"PISTA4",33.26739,-3.94475,2020,"Fall",0,1,717,2,718,720,0,0.001392758,0.001392758,0.998607242,"Wadi"
"PISTA4",33.26739,-3.94475,2020,"Winter",1,3,715,1,719,720,0.001390821,0.004172462,0.005563282,0.994436718,"Wadi"
"PISTA4",33.26739,-3.94475,2021,"Spring",0,5,714,1,719,720,0,0.006954103,0.006954103,0.993045897,"Wadi"
"PISTA4",33.26739,-3.94475,2021,"Summer",0,0,718,2,718,720,0,0,0,1,"Wadi"
"PISTA4",33.26739,-3.94475,2021,"Fall",3,4,710,3,717,720,0.0041841,0.005578801,0.009762901,0.990237099,"Wadi"
"PISTA4",33.26739,-3.94475,2021,"Winter",1,9,709,1,719,720,0.001390821,0.012517385,0.013908206,0.986091794,"Wadi"
"PISTA4",33.26739,-3.94475,2022,"Spring",1,5,711,3,717,720,0.0013947,0.006973501,0.008368201,0.991631799,"Wadi"
"PISTA4",33.26739,-3.94475,2022,"Summer",0,2,718,0,720,720,0,0.002777778,0.002777778,0.997222222,"Wadi"
"PISTA4",33.26739,-3.94475,2022,"Fall",0,0,720,0,720,720,0,0,0,1,"Wadi"
"PISTA4",33.26739,-3.94475,2022,"Winter",0,2,717,1,719,720,0,0.002781641,0.002781641,0.997218359,"Wadi"
"PISTA4",33.26739,-3.94475,2023,"Spring",2,3,714,1,719,720,0.002781641,0.004172462,0.006954103,0.993045897,"Wadi"
"PISTA4",33.26739,-3.94475,2023,"Summer",0,0,720,0,720,720,0,0,0,1,"Wadi"
"PISTA4",33.26739,-3.94475,2023,"Fall",0,2,717,1,719,720,0,0.002781641,0.002781641,0.997218359,"Wadi"
"PISTA4",33.26739,-3.94475,2023,"Winter",0,8,712,0,720,720,0,0.011111111,0.011111111,0.988888889,"Wadi"
"PISTA5",33.27604,-3.9107,2017,"Spring",0,0,720,0,720,720,0,0,0,1,"Wadi"
"PISTA5",33.27604,-3.9107,2017,"Summer",0,0,720,0,720,720,0,0,0,1,"Wadi"
"PISTA5",33.27604,-3.9107,2017,"Fall",0,1,719,0,720,720,0,0.001388889,0.001388889,0.998611111,"Wadi"
"PISTA5",33.27604,-3.9107,2017,"Winter",0,3,717,0,720,720,0,0.004166667,0.004166667,0.995833333,"Wadi"
"PISTA5",33.27604,-3.9107,2018,"Spring",0,2,718,0,720,720,0,0.002777778,0.002777778,0.997222222,"Wadi"
"PISTA5",33.27604,-3.9107,2018,"Summer",0,1,719,0,720,720,0,0.001388889,0.001388889,0.998611111,"Wadi"
"PISTA5",33.27604,-3.9107,2018,"Fall",0,1,719,0,720,720,0,0.001388889,0.001388889,0.998611111,"Wadi"
"PISTA5",33.27604,-3.9107,2018,"Winter",0,0,720,0,720,720,0,0,0,1,"Wadi"
"PISTA5",33.27604,-3.9107,2019,"Spring",0,0,719,1,719,720,0,0,0,1,"Wadi"
"PISTA5",33.27604,-3.9107,2019,"Summer",0,2,718,0,720,720,0,0.002777778,0.002777778,0.997222222,"Wadi"
"PISTA5",33.27604,-3.9107,2019,"Fall",0,1,719,0,720,720,0,0.001388889,0.001388889,0.998611111,"Wadi"
"PISTA5",33.27604,-3.9107,2019,"Winter",0,0,720,0,720,720,0,0,0,1,"Wadi"
"PISTA5",33.27604,-3.9107,2020,"Spring",0,0,720,0,720,720,0,0,0,1,"Wadi"
"PISTA5",33.27604,-3.9107,2020,"Summer",0,1,719,0,720,720,0,0.001388889,0.001388889,0.998611111,"Wadi"
"PISTA5",33.27604,-3.9107,2020,"Fall",0,2,718,0,720,720,0,0.002777778,0.002777778,0.997222222,"Wadi"
"PISTA5",33.27604,-3.9107,2020,"Winter",0,8,710,2,718,720,0,0.011142061,0.011142061,0.988857939,"Wadi"
"PISTA5",33.27604,-3.9107,2021,"Spring",0,2,716,2,718,720,0,0.002785515,0.002785515,0.997214485,"Wadi"
"PISTA5",33.27604,-3.9107,2021,"Summer",1,0,718,1,719,720,0.001390821,0,0.001390821,0.998609179,"Wadi"
"PISTA5",33.27604,-3.9107,2021,"Fall",0,6,714,0,720,720,0,0.008333333,0.008333333,0.991666667,"Wadi"
"PISTA5",33.27604,-3.9107,2021,"Winter",0,1,719,0,720,720,0,0.001388889,0.001388889,0.998611111,"Wadi"
"PISTA5",33.27604,-3.9107,2022,"Spring",0,3,715,2,718,720,0,0.004178273,0.004178273,0.995821727,"Wadi"
"PISTA5",33.27604,-3.9107,2022,"Summer",0,0,720,0,720,720,0,0,0,1,"Wadi"
"PISTA5",33.27604,-3.9107,2022,"Fall",0,0,720,0,720,720,0,0,0,1,"Wadi"
"PISTA5",33.27604,-3.9107,2022,"Winter",0,5,710,5,715,720,0,0.006993007,0.006993007,0.993006993,"Wadi"
"PISTA5",33.27604,-3.9107,2023,"Spring",0,0,720,0,720,720,0,0,0,1,"Wadi"
"PISTA5",33.27604,-3.9107,2023,"Summer",0,2,718,0,720,720,0,0.002777778,0.002777778,0.997222222,"Wadi"
"PISTA5",33.27604,-3.9107,2023,"Fall",0,1,719,0,720,720,0,0.001388889,0.001388889,0.998611111,"Wadi"
"PISTA5",33.27604,-3.9107,2023,"Winter",1,3,714,2,718,720,0.001392758,0.004178273,0.005571031,0.994428969,"Wadi"
"PP40NE1",29.89938,-7.48278,2016,"Spring",7,27,323,3,357,360,0.019607843,0.075630252,0.095238095,0.904761905,"Alluvial spread area"
"PP40NE1",29.89938,-7.48278,2016,"Summer",0,5,355,0,360,360,0,0.013888889,0.013888889,0.986111111,"Alluvial spread area"
"PP40NE1",29.89938,-7.48278,2016,"Fall",0,4,356,0,360,360,0,0.011111111,0.011111111,0.988888889,"Alluvial spread area"
"PP40NE1",29.89938,-7.48278,2016,"Winter",0,24,335,1,359,360,0,0.066852368,0.066852368,0.933147632,"Alluvial spread area"
"PP40NE1",29.89938,-7.48278,2017,"Spring",25,14,662,19,701,720,0.035663338,0.019971469,0.055634807,0.944365193,"Alluvial spread area"
"PP40NE1",29.89938,-7.48278,2017,"Summer",35,7,673,5,715,720,0.048951049,0.00979021,0.058741259,0.941258741,"Alluvial spread area"
"PP40NE1",29.89938,-7.48278,2017,"Fall",16,8,690,6,714,720,0.022408964,0.011204482,0.033613445,0.966386555,"Alluvial spread area"
"PP40NE1",29.89938,-7.48278,2017,"Winter",12,12,693,3,717,720,0.016736402,0.016736402,0.033472803,0.966527197,"Alluvial spread area"
"PP40NE1",29.89938,-7.48278,2018,"Spring",0,35,677,8,712,720,0,0.049157303,0.049157303,0.950842697,"Alluvial spread area"
"PP40NE1",29.89938,-7.48278,2018,"Summer",13,18,683,6,714,720,0.018207283,0.025210084,0.043417367,0.956582633,"Alluvial spread area"
"PP40NE1",29.89938,-7.48278,2018,"Fall",22,14,684,0,720,720,0.030555556,0.019444444,0.05,0.95,"Alluvial spread area"
"PP40NE1",29.89938,-7.48278,2018,"Winter",21,13,677,9,711,720,0.029535865,0.018284107,0.047819972,0.952180028,"Alluvial spread area"
"PP40NE1",29.89938,-7.48278,2019,"Spring",4,28,682,6,714,720,0.005602241,0.039215686,0.044817927,0.955182073,"Alluvial spread area"
"PP40NE1",29.89938,-7.48278,2019,"Summer",0,36,681,3,717,720,0,0.050209205,0.050209205,0.949790795,"Alluvial spread area"
"PP40NE1",29.89938,-7.48278,2019,"Fall",1,33,684,2,718,720,0.001392758,0.045961003,0.04735376,0.95264624,"Alluvial spread area"
"PP40NE1",29.89938,-7.48278,2019,"Winter",1,17,698,4,716,720,0.001396648,0.023743017,0.025139665,0.974860335,"Alluvial spread area"
"PP40NE1",29.89938,-7.48278,2020,"Spring",8,21,686,5,715,720,0.011188811,0.029370629,0.040559441,0.959440559,"Alluvial spread area"
"PP40NE1",29.89938,-7.48278,2020,"Summer",0,37,673,10,710,720,0,0.052112676,0.052112676,0.947887324,"Alluvial spread area"
"PP40NE1",29.89938,-7.48278,2020,"Fall",14,19,679,8,712,720,0.019662921,0.026685393,0.046348315,0.953651685,"Alluvial spread area"
"PP40NE1",29.89938,-7.48278,2020,"Winter",16,33,662,9,711,720,0.022503516,0.046413502,0.068917018,0.931082982,"Alluvial spread area"
"PP40NE1",29.89938,-7.48278,2021,"Spring",15,24,678,3,717,720,0.020920502,0.033472803,0.054393305,0.945606695,"Alluvial spread area"
"PP40NE1",29.89938,-7.48278,2021,"Summer",5,22,685,8,712,720,0.007022472,0.030898876,0.037921348,0.962078652,"Alluvial spread area"
"PP40NE1",29.89775,-7.48771,2021,"Fall",0,28,683,9,711,720,0,0.039381153,0.039381153,0.960618847,"Alluvial spread area"
"PP40NE1",29.89775,-7.48771,2021,"Winter",2,21,697,0,720,720,0.002777778,0.029166667,0.031944444,0.968055556,"Alluvial spread area"
"PP40NE1",29.89775,-7.48771,2022,"Spring",3,12,705,0,720,720,0.004166667,0.016666667,0.020833333,0.979166667,"Alluvial spread area"
"PP40NE1",29.89775,-7.48771,2022,"Summer",0,19,698,3,717,720,0,0.026499303,0.026499303,0.973500697,"Alluvial spread area"
"PP40NE1",29.89775,-7.48771,2022,"Fall",0,13,706,1,719,720,0,0.018080668,0.018080668,0.981919332,"Alluvial spread area"
"PP40NE1",29.89775,-7.48771,2022,"Winter",0,29,684,7,713,720,0,0.040673212,0.040673212,0.959326788,"Alluvial spread area"
"PP40NE1",29.89775,-7.48771,2023,"Spring",20,10,688,2,718,720,0.027855153,0.013927577,0.04178273,0.95821727,"Alluvial spread area"
"PP40NE1",29.89775,-7.48771,2023,"Summer",2,26,680,12,708,720,0.002824859,0.036723164,0.039548023,0.960451977,"Alluvial spread area"
"PP40NE1",29.89775,-7.48771,2023,"Fall",0,19,699,2,718,720,0,0.026462396,0.026462396,0.973537604,"Alluvial spread area"
"PP40NE1",29.89775,-7.48771,2023,"Winter",0,3,717,0,720,720,0,0.004166667,0.004166667,0.995833333,"Alluvial spread area"
"PP40NE2",29.89977,-7.45908,2016,"Spring",1,21,337,1,359,360,0.002785515,0.058495822,0.061281337,0.938718663,"Reg"
"PP40NE2",29.89977,-7.45908,2016,"Summer",0,37,323,0,360,360,0,0.102777778,0.102777778,0.897222222,"Reg"
"PP40NE2",29.89977,-7.45908,2016,"Fall",0,13,347,0,360,360,0,0.036111111,0.036111111,0.963888889,"Reg"
"PP40NE2",29.89977,-7.45908,2016,"Winter",0,14,346,0,360,360,0,0.038888889,0.038888889,0.961111111,"Reg"
"PP40NE2",29.89977,-7.45908,2017,"Spring",7,17,694,2,718,720,0.009749304,0.02367688,0.033426184,0.966573816,"Reg"
"PP40NE2",29.89977,-7.45908,2017,"Summer",0,15,705,0,720,720,0,0.020833333,0.020833333,0.979166667,"Reg"
"PP40NE2",29.89977,-7.45908,2017,"Fall",2,31,686,1,719,720,0.002781641,0.043115438,0.045897079,0.954102921,"Reg"
"PP40NE2",29.89977,-7.45908,2017,"Winter",2,20,698,0,720,720,0.002777778,0.027777778,0.030555556,0.969444444,"Reg"
"PP40NE2",29.89977,-7.45908,2018,"Spring",0,38,676,6,714,720,0,0.053221289,0.053221289,0.946778711,"Reg"
"PP40NE2",29.89977,-7.45908,2018,"Summer",1,20,695,4,716,720,0.001396648,0.027932961,0.029329609,0.970670391,"Reg"
"PP40NE2",29.89977,-7.45908,2018,"Fall",1,17,700,2,718,720,0.001392758,0.02367688,0.025069638,0.974930362,"Reg"
"PP40NE2",29.89977,-7.45908,2018,"Winter",11,15,686,8,712,720,0.015449438,0.021067416,0.036516854,0.963483146,"Reg"
"PP40NE2",29.89977,-7.45908,2019,"Spring",1,29,686,4,716,720,0.001396648,0.040502793,0.041899441,0.958100559,"Reg"
"PP40NE2",29.89977,-7.45908,2019,"Summer",0,15,702,3,717,720,0,0.020920502,0.020920502,0.979079498,"Reg"
"PP40NE2",29.89977,-7.45908,2019,"Fall",0,15,703,2,718,720,0,0.020891365,0.020891365,0.979108635,"Reg"
"PP40NE2",29.89977,-7.45908,2019,"Winter",0,17,703,0,720,720,0,0.023611111,0.023611111,0.976388889,"Reg"
"PP40NE2",29.89977,-7.45908,2020,"Spring",0,14,702,4,716,720,0,0.019553073,0.019553073,0.980446927,"Reg"
"PP40NE2",29.89977,-7.45908,2020,"Summer",0,18,699,3,717,720,0,0.025104603,0.025104603,0.974895397,"Reg"
"PP40NE2",29.89977,-7.45908,2020,"Fall",0,12,707,1,719,720,0,0.016689847,0.016689847,0.983310153,"Reg"
"PP40NE2",29.89977,-7.45908,2020,"Winter",0,12,702,6,714,720,0,0.016806723,0.016806723,0.983193277,"Reg"
"PP40NE2",29.89977,-7.45908,2021,"Spring",0,10,709,1,719,720,0,0.013908206,0.013908206,0.986091794,"Reg"
"PP40NE2",29.89977,-7.45908,2021,"Summer",0,10,705,5,715,720,0,0.013986014,0.013986014,0.986013986,"Reg"
"PP40NE2",29.89977,-7.45908,2021,"Fall",0,9,710,1,719,720,0,0.012517385,0.012517385,0.987482615,"Reg"
"PP40NE2",29.89977,-7.45908,2021,"Winter",2,8,710,0,720,720,0.002777778,0.011111111,0.013888889,0.986111111,"Reg"
"PP40NE2",29.89977,-7.45908,2022,"Spring",3,11,706,0,720,720,0.004166667,0.015277778,0.019444444,0.980555556,"Reg"
"PP40NE2",29.89977,-7.45908,2022,"Summer",0,6,712,2,718,720,0,0.008356546,0.008356546,0.991643454,"Reg"
"PP40NE2",29.89977,-7.45908,2022,"Fall",0,13,707,0,720,720,0,0.018055556,0.018055556,0.981944444,"Reg"
"PP40NE2",29.89977,-7.45908,2022,"Winter",0,12,704,4,716,720,0,0.016759777,0.016759777,0.983240223,"Reg"
"PP40NE2",29.89977,-7.45908,2023,"Spring",18,8,690,4,716,720,0.025139665,0.011173184,0.036312849,0.963687151,"Reg"
"PP40NE2",29.89977,-7.45908,2023,"Summer",3,24,688,5,715,720,0.004195804,0.033566434,0.037762238,0.962237762,"Reg"
"PP40NE2",29.89977,-7.45908,2023,"Fall",1,17,700,2,718,720,0.001392758,0.02367688,0.025069638,0.974930362,"Reg"
"PP40NE2",29.89977,-7.45908,2023,"Winter",2,13,700,5,715,720,0.002797203,0.018181818,0.020979021,0.979020979,"Reg"
"PP40NE3",29.87654,-7.46071,2016,"Spring",11,41,306,2,358,360,0.030726257,0.11452514,0.145251397,0.854748603,"Alluvial spread area"
"PP40NE3",29.87654,-7.46071,2016,"Summer",0,33,327,0,360,360,0,0.091666667,0.091666667,0.908333333,"Alluvial spread area"
"PP40NE3",29.87654,-7.46071,2016,"Fall",7,24,329,0,360,360,0.019444444,0.066666667,0.086111111,0.913888889,"Alluvial spread area"
"PP40NE3",29.87654,-7.46071,2016,"Winter",0,34,323,3,357,360,0,0.095238095,0.095238095,0.904761905,"Alluvial spread area"
"PP40NE3",29.87654,-7.46071,2017,"Spring",28,6,672,14,706,720,0.039660057,0.008498584,0.04815864,0.95184136,"Alluvial spread area"
"PP40NE3",29.87654,-7.46071,2017,"Summer",97,13,603,7,713,720,0.136044881,0.018232819,0.1542777,0.8457223,"Alluvial spread area"
"PP40NE3",29.87654,-7.46071,2017,"Fall",28,8,671,13,707,720,0.03960396,0.011315417,0.050919378,0.949080622,"Alluvial spread area"
"PP40NE3",29.87654,-7.46071,2017,"Winter",46,12,657,5,715,720,0.064335664,0.016783217,0.081118881,0.918881119,"Alluvial spread area"
"PP40NE3",29.87654,-7.46071,2018,"Spring",3,41,668,8,712,720,0.004213483,0.05758427,0.061797753,0.938202247,"Alluvial spread area"
"PP40NE3",29.87654,-7.46071,2018,"Summer",29,10,672,9,711,720,0.040787623,0.014064698,0.054852321,0.945147679,"Alluvial spread area"
"PP40NE3",29.87654,-7.46071,2018,"Fall",62,23,624,11,709,720,0.087447109,0.032440056,0.119887165,0.880112835,"Alluvial spread area"
"PP40NE3",29.87654,-7.46071,2018,"Winter",46,7,635,32,688,720,0.066860465,0.010174419,0.077034884,0.922965116,"Alluvial spread area"
"PP40NE3",29.87654,-7.46071,2019,"Spring",27,19,668,6,714,720,0.037815126,0.026610644,0.06442577,0.93557423,"Alluvial spread area"
"PP40NE3",29.87654,-7.46071,2019,"Summer",19,81,600,20,700,720,0.027142857,0.115714286,0.142857143,0.857142857,"Alluvial spread area"
"PP40NE3",29.87654,-7.46071,2019,"Fall",0,0,719,1,719,720,0,0,0,1,"Alluvial spread area"
"PP40NE3",29.87654,-7.46071,2019,"Winter",20,16,676,8,712,720,0.028089888,0.02247191,0.050561798,0.949438202,"Alluvial spread area"
"PP40NE3",29.87654,-7.46071,2020,"Spring",36,43,628,13,707,720,0.050919378,0.060820368,0.111739745,0.888260255,"Alluvial spread area"
"PP40NE3",29.87654,-7.46071,2020,"Summer",10,69,613,28,692,720,0.014450867,0.099710983,0.11416185,0.88583815,"Alluvial spread area"
"PP40NE3",29.87654,-7.46071,2020,"Fall",18,32,664,6,714,720,0.025210084,0.044817927,0.070028011,0.929971989,"Alluvial spread area"
"PP40NE3",29.87654,-7.46071,2020,"Winter",39,30,634,17,703,720,0.055476529,0.042674253,0.098150782,0.901849218,"Alluvial spread area"
"PP40NE3",29.87654,-7.46071,2021,"Spring",43,23,646,8,712,720,0.060393258,0.032303371,0.092696629,0.907303371,"Alluvial spread area"
"PP40NE3",29.87654,-7.46071,2021,"Summer",43,19,644,14,706,720,0.060906516,0.026912181,0.087818697,0.912181303,"Alluvial spread area"
"PP40NE3",29.87654,-7.46071,2021,"Fall",9,50,652,9,711,720,0.012658228,0.070323488,0.082981716,0.917018284,"Alluvial spread area"
"PP40NE3",29.87654,-7.46071,2021,"Winter",20,35,658,7,713,720,0.028050491,0.049088359,0.07713885,0.92286115,"Alluvial spread area"
"PP40NE3",29.87654,-7.46071,2022,"Spring",43,39,631,7,713,720,0.060308555,0.054698457,0.115007013,0.884992987,"Alluvial spread area"
"PP40NE3",29.87654,-7.46071,2022,"Summer",47,24,636,13,707,720,0.066478076,0.033946252,0.100424328,0.899575672,"Alluvial spread area"
"PP40NE3",29.87654,-7.46071,2022,"Fall",29,15,664,12,708,720,0.040960452,0.021186441,0.062146893,0.937853107,"Alluvial spread area"
"PP40NE3",29.87654,-7.46071,2022,"Winter",38,21,643,18,702,720,0.054131054,0.02991453,0.084045584,0.915954416,"Alluvial spread area"
"PP40NE3",29.87654,-7.46071,2023,"Spring",71,38,599,12,708,720,0.100282486,0.053672316,0.153954802,0.846045198,"Alluvial spread area"
"PP40NE3",29.87654,-7.46071,2023,"Summer",35,64,602,19,701,720,0.049928673,0.091298146,0.141226819,0.858773181,"Alluvial spread area"
"PP40NE3",29.87654,-7.46071,2023,"Fall",14,41,652,13,707,720,0.01980198,0.057991513,0.077793494,0.922206506,"Alluvial spread area"
"PP40NE3",29.87654,-7.46071,2023,"Winter",49,36,622,13,707,720,0.069306931,0.050919378,0.120226308,0.879773692,"Alluvial spread area"
"PP40NE4",29.88181,-7.49215,2016,"Spring",0,1,359,0,360,360,0,0.002777778,0.002777778,0.997222222,"Reg"
"PP40NE4",29.88181,-7.49215,2016,"Summer",0,0,360,0,360,360,0,0,0,1,"Reg"
"PP40NE4",29.88181,-7.49215,2016,"Fall",0,0,359,1,359,360,0,0,0,1,"Reg"
"PP40NE4",29.88181,-7.49215,2016,"Winter",0,0,360,0,360,360,0,0,0,1,"Reg"
"PP40NE4",29.88181,-7.49215,2017,"Spring",0,0,720,0,720,720,0,0,0,1,"Reg"
"PP40NE4",29.88181,-7.49215,2017,"Summer",0,0,720,0,720,720,0,0,0,1,"Reg"
"PP40NE4",29.88181,-7.49215,2017,"Fall",0,0,720,0,720,720,0,0,0,1,"Reg"
"PP40NE4",29.88181,-7.49215,2017,"Winter",0,0,720,0,720,720,0,0,0,1,"Reg"
"PP40NE4",29.88181,-7.49215,2018,"Spring",0,0,720,0,720,720,0,0,0,1,"Reg"
"PP40NE4",29.88181,-7.49215,2018,"Summer",0,1,719,0,720,720,0,0.001388889,0.001388889,0.998611111,"Reg"
"PP40NE4",29.88181,-7.49215,2018,"Fall",0,0,720,0,720,720,0,0,0,1,"Reg"
"PP40NE4",29.88181,-7.49215,2018,"Winter",0,0,714,6,714,720,0,0,0,1,"Reg"
"PP40NE4",29.88181,-7.49215,2019,"Spring",0,0,720,0,720,720,0,0,0,1,"Reg"
"PP40NE4",29.88181,-7.49215,2019,"Summer",0,0,720,0,720,720,0,0,0,1,"Reg"
"PP40NE4",29.88181,-7.49215,2019,"Fall",0,0,720,0,720,720,0,0,0,1,"Reg"
"PP40NE4",29.88181,-7.49215,2019,"Winter",0,0,720,0,720,720,0,0,0,1,"Reg"
"PP40NE4",29.88181,-7.49215,2020,"Spring",0,0,718,2,718,720,0,0,0,1,"Reg"
"PP40NE4",29.88181,-7.49215,2020,"Summer",0,0,720,0,720,720,0,0,0,1,"Reg"
"PP40NE4",29.88181,-7.49215,2020,"Fall",1,1,718,0,720,720,0.001388889,0.001388889,0.002777778,0.997222222,"Reg"
"PP40NE4",29.88181,-7.49215,2020,"Winter",0,4,715,1,719,720,0,0.005563282,0.005563282,0.994436718,"Reg"
"PP40NE4",29.88181,-7.49215,2021,"Spring",0,0,720,0,720,720,0,0,0,1,"Reg"
"PP40NE4",29.88181,-7.49215,2021,"Summer",0,1,719,0,720,720,0,0.001388889,0.001388889,0.998611111,"Reg"
"PP40NE4",29.88181,-7.49215,2021,"Fall",0,0,720,0,720,720,0,0,0,1,"Reg"
"PP40NE4",29.88181,-7.49215,2021,"Winter",0,0,719,1,719,720,0,0,0,1,"Reg"
"PP40NE4",29.88181,-7.49215,2022,"Spring",0,0,720,0,720,720,0,0,0,1,"Reg"
"PP40NE4",29.88181,-7.49215,2022,"Summer",0,0,720,0,720,720,0,0,0,1,"Reg"
"PP40NE4",29.88181,-7.49215,2022,"Fall",0,1,719,0,720,720,0,0.001388889,0.001388889,0.998611111,"Reg"
"PP40NE4",29.88181,-7.49215,2022,"Winter",0,0,720,0,720,720,0,0,0,1,"Reg"
"PP40NE4",29.88181,-7.49215,2023,"Spring",0,0,720,0,720,720,0,0,0,1,"Reg"
"PP40NE4",29.88181,-7.49215,2023,"Summer",0,0,720,0,720,720,0,0,0,1,"Reg"
"PP40NE4",29.88181,-7.49215,2023,"Fall",0,0,720,0,720,720,0,0,0,1,"Reg"
"PP40NE4",29.88181,-7.49215,2023,"Winter",0,1,719,0,720,720,0,0.001388889,0.001388889,0.998611111,"Reg"
"PP40NE5",29.8885,-7.47239,2016,"Spring",0,0,360,0,360,360,0,0,0,1,"Reg"
"PP40NE5",29.8885,-7.47239,2016,"Summer",0,0,360,0,360,360,0,0,0,1,"Reg"
"PP40NE5",29.8885,-7.47239,2016,"Fall",0,0,360,0,360,360,0,0,0,1,"Reg"
"PP40NE5",29.8885,-7.47239,2016,"Winter",0,0,360,0,360,360,0,0,0,1,"Reg"
"PP40NE5",29.8885,-7.47239,2017,"Spring",0,0,720,0,720,720,0,0,0,1,"Reg"
"PP40NE5",29.8885,-7.47239,2017,"Summer",0,0,720,0,720,720,0,0,0,1,"Reg"
"PP40NE5",29.8885,-7.47239,2017,"Fall",0,0,720,0,720,720,0,0,0,1,"Reg"
"PP40NE5",29.8885,-7.47239,2017,"Winter",0,0,720,0,720,720,0,0,0,1,"Reg"
"PP40NE5",29.8885,-7.47239,2018,"Spring",0,0,720,0,720,720,0,0,0,1,"Reg"
"PP40NE5",29.8885,-7.47239,2018,"Summer",0,0,720,0,720,720,0,0,0,1,"Reg"
"PP40NE5",29.8885,-7.47239,2018,"Fall",0,0,720,0,720,720,0,0,0,1,"Reg"
"PP40NE5",29.8885,-7.47239,2018,"Winter",0,1,719,0,720,720,0,0.001388889,0.001388889,0.998611111,"Reg"
"PP40NE5",29.8885,-7.47239,2019,"Spring",0,0,720,0,720,720,0,0,0,1,"Reg"
"PP40NE5",29.8885,-7.47239,2019,"Summer",0,0,720,0,720,720,0,0,0,1,"Reg"
"PP40NE5",29.8885,-7.47239,2019,"Fall",30,78,593,19,701,720,0.042796006,0.111269615,0.154065621,0.845934379,"Reg"
"PP40NE5",29.8885,-7.47239,2019,"Winter",0,0,720,0,720,720,0,0,0,1,"Reg"
"PP40NE5",29.8885,-7.47239,2020,"Spring",0,0,720,0,720,720,0,0,0,1,"Reg"
"PP40NE5",29.8885,-7.47239,2020,"Summer",0,0,720,0,720,720,0,0,0,1,"Reg"
"PP40NE5",29.8885,-7.47239,2020,"Fall",0,1,719,0,720,720,0,0.001388889,0.001388889,0.998611111,"Reg"
"PP40NE5",29.8885,-7.47239,2020,"Winter",0,0,720,0,720,720,0,0,0,1,"Reg"
"PP40NE5",29.8885,-7.47239,2021,"Spring",0,0,720,0,720,720,0,0,0,1,"Reg"
"PP40NE5",29.8885,-7.47239,2021,"Summer",0,1,717,2,718,720,0,0.001392758,0.001392758,0.998607242,"Reg"
"PP40NE5",29.8885,-7.47239,2021,"Fall",0,0,720,0,720,720,0,0,0,1,"Reg"
"PP40NE5",29.8885,-7.47239,2021,"Winter",0,2,718,0,720,720,0,0.002777778,0.002777778,0.997222222,"Reg"
"PP40NE5",29.8885,-7.47239,2022,"Spring",0,2,718,0,720,720,0,0.002777778,0.002777778,0.997222222,"Reg"
"PP40NE5",29.8885,-7.47239,2022,"Summer",0,1,719,0,720,720,0,0.001388889,0.001388889,0.998611111,"Reg"
"PP40NE5",29.8885,-7.47239,2022,"Fall",0,3,717,0,720,720,0,0.004166667,0.004166667,0.995833333,"Reg"
"PP40NE5",29.8885,-7.47239,2022,"Winter",0,0,720,0,720,720,0,0,0,1,"Reg"
"PP40NE5",29.8885,-7.47239,2023,"Spring",2,0,718,0,720,720,0.002777778,0,0.002777778,0.997222222,"Reg"
"PP40NE5",29.8885,-7.47239,2023,"Summer",2,0,718,0,720,720,0.002777778,0,0.002777778,0.997222222,"Reg"
"PP40NE5",29.8885,-7.47239,2023,"Fall",0,2,718,0,720,720,0,0.002777778,0.002777778,0.997222222,"Reg"
"PP40NE5",29.8885,-7.47239,2023,"Winter",0,0,719,1,719,720,0,0,0,1,"Reg"
"SANS1",32.31446,-2.37904,2017,"Spring",13,15,692,0,720,720,0.018055556,0.020833333,0.038888889,0.961111111,"Salty steppe"
"SANS1",32.31446,-2.37904,2017,"Summer",18,17,673,12,708,720,0.025423729,0.024011299,0.049435028,0.950564972,"Salty steppe"
"SANS1",32.31446,-2.37904,2017,"Fall",12,21,675,12,708,720,0.016949153,0.029661017,0.046610169,0.953389831,"Salty steppe"
"SANS1",32.31446,-2.37904,2017,"Winter",30,32,648,10,710,720,0.042253521,0.045070423,0.087323944,0.912676056,"Salty steppe"
"SANS1",32.31446,-2.37904,2018,"Spring",0,52,662,6,714,720,0,0.072829132,0.072829132,0.927170868,"Salty steppe"
"SANS1",32.31446,-2.37904,2018,"Summer",17,14,687,2,718,720,0.02367688,0.019498607,0.043175487,0.956824513,"Salty steppe"
"SANS1",32.31446,-2.37904,2018,"Fall",25,20,667,8,712,720,0.03511236,0.028089888,0.063202247,0.936797753,"Salty steppe"
"SANS1",32.31446,-2.37904,2018,"Winter",28,30,655,7,713,720,0.039270687,0.042075736,0.081346424,0.918653576,"Salty steppe"
"SANS1",32.31446,-2.37904,2019,"Spring",7,33,666,14,706,720,0.009915014,0.04674221,0.056657224,0.943342776,"Salty steppe"
"SANS1",32.31446,-2.37904,2019,"Summer",1,31,683,5,715,720,0.001398601,0.043356643,0.044755245,0.955244755,"Salty steppe"
"SANS1",32.31446,-2.37904,2019,"Fall",0,31,678,11,709,720,0,0.043723554,0.043723554,0.956276446,"Salty steppe"
"SANS1",32.31446,-2.37904,2019,"Winter",0,24,694,2,718,720,0,0.033426184,0.033426184,0.966573816,"Salty steppe"
"SANS1",32.31446,-2.37904,2020,"Spring",12,22,684,2,718,720,0.016713092,0.030640669,0.04735376,0.95264624,"Salty steppe"
"SANS1",32.31446,-2.37904,2020,"Summer",0,33,679,8,712,720,0,0.046348315,0.046348315,0.953651685,"Salty steppe"
"SANS1",32.31446,-2.37904,2020,"Fall",11,29,667,13,707,720,0.015558699,0.041018388,0.056577086,0.943422914,"Salty steppe"
"SANS1",32.31446,-2.37904,2020,"Winter",13,23,684,0,720,720,0.018055556,0.031944444,0.05,0.95,"Salty steppe"
"SANS1",32.31446,-2.37904,2021,"Spring",14,12,690,4,716,720,0.019553073,0.016759777,0.036312849,0.963687151,"Salty steppe"
"SANS1",32.31446,-2.37904,2021,"Summer",10,14,683,13,707,720,0.014144272,0.01980198,0.033946252,0.966053748,"Salty steppe"
"SANS1",32.31446,-2.37904,2021,"Fall",0,24,693,3,717,720,0,0.033472803,0.033472803,0.966527197,"Salty steppe"
"SANS1",32.31446,-2.37904,2021,"Winter",2,29,685,4,716,720,0.002793296,0.040502793,0.043296089,0.956703911,"Salty steppe"
"SANS1",32.31446,-2.37904,2022,"Spring",4,20,691,5,715,720,0.005594406,0.027972028,0.033566434,0.966433566,"Salty steppe"
"SANS1",32.31446,-2.37904,2022,"Summer",6,13,698,3,717,720,0.008368201,0.018131102,0.026499303,0.973500697,"Salty steppe"
"SANS1",32.31446,-2.37904,2022,"Fall",3,27,680,10,710,720,0.004225352,0.038028169,0.042253521,0.957746479,"Salty steppe"
"SANS1",32.31446,-2.37904,2022,"Winter",1,27,685,7,713,720,0.001402525,0.037868163,0.039270687,0.960729313,"Salty steppe"
"SANS1",32.31446,-2.37904,2023,"Spring",0,31,682,7,713,720,0,0.043478261,0.043478261,0.956521739,"Salty steppe"
"SANS1",32.31446,-2.37904,2023,"Summer",1,26,691,2,718,720,0.001392758,0.036211699,0.037604457,0.962395543,"Salty steppe"
"SANS1",32.31446,-2.37904,2023,"Fall",2,38,674,6,714,720,0.00280112,0.053221289,0.056022409,0.943977591,"Salty steppe"
"SANS1",32.31446,-2.37904,2023,"Winter",3,41,669,7,713,720,0.004207574,0.057503506,0.06171108,0.93828892,"Salty steppe"
"SANS2",32.32998,-2.37061,2017,"Spring",95,111,499,15,705,720,0.134751773,0.157446809,0.292198582,0.707801418,"Salty steppe"
"SANS2",32.32998,-2.37061,2017,"Summer",120,109,686,65,915,980,0.131147541,0.119125683,0.250273224,0.749726776,"Salty steppe"
"SANS2",32.32998,-2.37061,2017,"Fall",95,91,494,40,680,720,0.139705882,0.133823529,0.273529412,0.726470588,"Salty steppe"
"SANS2",32.32998,-2.37061,2017,"Winter",128,111,468,13,707,720,0.181046676,0.157001414,0.338048091,0.661951909,"Salty steppe"
"SANS2",32.32998,-2.37061,2018,"Spring",0,158,541,21,699,720,0,0.226037196,0.226037196,0.773962804,"Salty steppe"
"SANS2",32.32998,-2.37061,2018,"Summer",57,120,531,12,708,720,0.080508475,0.169491525,0.25,0.75,"Salty steppe"
"SANS2",32.32998,-2.37061,2018,"Fall",50,138,513,19,701,720,0.071326676,0.196861626,0.268188302,0.731811698,"Salty steppe"
"SANS2",32.32998,-2.37061,2018,"Winter",47,210,662,61,919,980,0.051142546,0.228509249,0.279651795,0.720348205,"Salty steppe"
"SANS2",32.32998,-2.37061,2019,"Spring",13,147,525,35,685,720,0.018978102,0.21459854,0.233576642,0.766423358,"Salty steppe"
"SANS2",32.32998,-2.37061,2019,"Summer",0,114,576,30,690,720,0,0.165217391,0.165217391,0.834782609,"Salty steppe"
"SANS2",32.32998,-2.37061,2019,"Fall",0,112,570,38,682,720,0,0.164222874,0.164222874,0.835777126,"Salty steppe"
"SANS2",32.32998,-2.37061,2019,"Winter",3,143,567,7,713,720,0.004207574,0.20056101,0.204768583,0.795231417,"Salty steppe"
"SANS2",32.32998,-2.37061,2020,"Spring",3,140,561,16,704,720,0.004261364,0.198863636,0.203125,0.796875,"Salty steppe"
"SANS2",32.32998,-2.37061,2020,"Summer",1,153,536,30,690,720,0.001449275,0.22173913,0.223188406,0.776811594,"Salty steppe"
"SANS2",32.32998,-2.37061,2020,"Fall",1,155,537,27,693,720,0.001443001,0.223665224,0.225108225,0.774891775,"Salty steppe"
"SANS2",32.32998,-2.37061,2020,"Winter",1,174,527,18,702,720,0.001424501,0.247863248,0.249287749,0.750712251,"Salty steppe"
"SANS2",32.32998,-2.37061,2021,"Spring",7,163,536,14,706,720,0.009915014,0.230878187,0.240793201,0.759206799,"Salty steppe"
"SANS2",32.32998,-2.37061,2021,"Summer",2,106,594,18,702,720,0.002849003,0.150997151,0.153846154,0.846153846,"Salty steppe"
"SANS2",32.32998,-2.37061,2021,"Fall",0,142,550,28,692,720,0,0.205202312,0.205202312,0.794797688,"Salty steppe"
"SANS2",32.32998,-2.37061,2021,"Winter",0,137,567,16,704,720,0,0.194602273,0.194602273,0.805397727,"Salty steppe"
"SANS2",32.32998,-2.37061,2022,"Spring",0,122,588,10,710,720,0,0.171830986,0.171830986,0.828169014,"Salty steppe"
"SANS2",32.32998,-2.37061,2022,"Summer",0,137,557,26,694,720,0,0.19740634,0.19740634,0.80259366,"Salty steppe"
"SANS2",32.32998,-2.37061,2022,"Fall",0,123,583,14,706,720,0,0.174220963,0.174220963,0.825779037,"Salty steppe"
"SANS2",32.32998,-2.37061,2022,"Winter",0,128,571,21,699,720,0,0.183118741,0.183118741,0.816881259,"Salty steppe"
"SANS2",32.32998,-2.37061,2023,"Spring",0,107,601,12,708,720,0,0.151129944,0.151129944,0.848870056,"Salty steppe"
"SANS2",32.32998,-2.37061,2023,"Summer",1,84,621,14,706,720,0.001416431,0.11898017,0.120396601,0.879603399,"Salty steppe"
"SANS2",32.32998,-2.37061,2023,"Fall",0,97,604,19,701,720,0,0.138373752,0.138373752,0.861626248,"Salty steppe"
"SANS2",32.32998,-2.37061,2023,"Winter",0,114,587,19,701,720,0,0.162624822,0.162624822,0.837375178,"Salty steppe"
"SANS3",32.26654,-2.39738,2017,"Spring",75,139,483,23,697,720,0.107604017,0.199426112,0.307030129,0.692969871,"Salty steppe"
"SANS3",32.26654,-2.39738,2017,"Summer",44,131,505,40,680,720,0.064705882,0.192647059,0.257352941,0.742647059,"Salty steppe"
"SANS3",32.26654,-2.39738,2017,"Fall",38,90,564,28,692,720,0.054913295,0.130057803,0.184971098,0.815028902,"Salty steppe"
"SANS3",32.26654,-2.39738,2017,"Winter",98,188,419,15,705,720,0.139007092,0.266666667,0.405673759,0.594326241,"Salty steppe"
"SANS3",32.26654,-2.39738,2018,"Spring",0,126,588,6,714,720,0,0.176470588,0.176470588,0.823529412,"Salty steppe"
"SANS3",32.26654,-2.39738,2018,"Summer",35,85,593,7,713,720,0.049088359,0.119214586,0.168302945,0.831697055,"Salty steppe"
"SANS3",32.26654,-2.39738,2018,"Fall",87,28,597,8,712,720,0.122191011,0.039325843,0.161516854,0.838483146,"Salty steppe"
"SANS3",32.26654,-2.39738,2018,"Winter",114,27,615,94,756,850,0.150793651,0.035714286,0.186507937,0.813492063,"Salty steppe"
"SANS3",32.26654,-2.39738,2019,"Spring",42,74,560,44,676,720,0.062130178,0.109467456,0.171597633,0.828402367,"Salty steppe"
"SANS3",32.26654,-2.39738,2019,"Summer",19,71,603,27,693,720,0.027417027,0.102453102,0.12987013,0.87012987,"Salty steppe"
"SANS3",32.26654,-2.39738,2019,"Fall",3,80,621,16,704,720,0.004261364,0.113636364,0.117897727,0.882102273,"Salty steppe"
"SANS3",32.26654,-2.39738,2019,"Winter",1,93,620,6,714,720,0.00140056,0.130252101,0.131652661,0.868347339,"Salty steppe"
"SANS3",32.26654,-2.39738,2020,"Spring",85,37,583,15,705,720,0.120567376,0.05248227,0.173049645,0.826950355,"Salty steppe"
"SANS3",32.26654,-2.39738,2020,"Summer",22,57,618,23,697,720,0.031563845,0.081779053,0.113342898,0.886657102,"Salty steppe"
"SANS3",32.26654,-2.39738,2020,"Fall",48,66,576,30,690,720,0.069565217,0.095652174,0.165217391,0.834782609,"Salty steppe"
"SANS3",32.26654,-2.39738,2020,"Winter",61,35,604,20,700,720,0.087142857,0.05,0.137142857,0.862857143,"Salty steppe"
"SANS3",32.26654,-2.39738,2021,"Spring",108,25,581,6,714,720,0.151260504,0.035014006,0.18627451,0.81372549,"Salty steppe"
"SANS3",32.26654,-2.39738,2021,"Summer",82,7,608,23,697,720,0.117647059,0.010043042,0.1276901,0.8723099,"Salty steppe"
"SANS3",32.26654,-2.39738,2021,"Fall",2,124,563,31,689,720,0.002902758,0.179970972,0.18287373,0.81712627,"Salty steppe"
"SANS3",32.26654,-2.39738,2021,"Winter",1,107,598,14,706,720,0.001416431,0.151558074,0.152974504,0.847025496,"Salty steppe"
"SANS3",32.26654,-2.39738,2022,"Spring",31,52,613,24,696,720,0.04454023,0.074712644,0.119252874,0.880747126,"Salty steppe"
"SANS3",32.26654,-2.39738,2022,"Summer",19,53,625,23,697,720,0.027259684,0.076040172,0.103299857,0.896700143,"Salty steppe"
"SANS3",32.26654,-2.39738,2022,"Fall",54,40,598,28,692,720,0.078034682,0.057803468,0.13583815,0.86416185,"Salty steppe"
"SANS3",32.26654,-2.39738,2022,"Winter",27,60,599,34,686,720,0.039358601,0.087463557,0.126822157,0.873177843,"Salty steppe"
"SANS3",32.26654,-2.39738,2023,"Spring",22,66,616,16,704,720,0.03125,0.09375,0.125,0.875,"Salty steppe"
"SANS3",32.26654,-2.39738,2023,"Summer",26,32,646,16,704,720,0.036931818,0.045454545,0.082386364,0.917613636,"Salty steppe"
"SANS3",32.26654,-2.39738,2023,"Fall",30,34,642,14,706,720,0.042492918,0.04815864,0.090651558,0.909348442,"Salty steppe"
"SANS3",32.26654,-2.39738,2023,"Winter",21,48,635,16,704,720,0.029829545,0.068181818,0.098011364,0.901988636,"Salty steppe"
"SANS4",32.27097,-2.36996,2017,"Spring",100,115,486,19,701,720,0.142653352,0.164051355,0.306704708,0.693295292,"Salty steppe"
"SANS4",32.27097,-2.36996,2017,"Summer",78,124,481,37,683,720,0.11420205,0.181551977,0.295754026,0.704245974,"Salty steppe"
"SANS4",32.27097,-2.36996,2017,"Fall",96,88,509,27,693,720,0.138528139,0.126984127,0.265512266,0.734487734,"Salty steppe"
"SANS4",32.27097,-2.36996,2017,"Winter",116,101,476,27,693,720,0.167388167,0.145743146,0.313131313,0.686868687,"Salty steppe"
"SANS4",32.27097,-2.36996,2018,"Spring",4,194,498,24,696,720,0.005747126,0.278735632,0.284482759,0.715517241,"Salty steppe"
"SANS4",32.27097,-2.36996,2018,"Summer",23,163,524,10,710,720,0.032394366,0.229577465,0.261971831,0.738028169,"Salty steppe"
"SANS4",32.27097,-2.36996,2018,"Fall",99,97,506,18,702,720,0.141025641,0.138176638,0.279202279,0.720797721,"Salty steppe"
"SANS4",32.27097,-2.36996,2018,"Winter",58,81,535,46,674,720,0.086053412,0.120178042,0.206231454,0.793768546,"Salty steppe"
"SANS4",32.27097,-2.36996,2019,"Spring",33,177,467,43,677,720,0.048744461,0.261447563,0.310192024,0.689807976,"Salty steppe"
"SANS4",32.27097,-2.36996,2019,"Summer",6,146,529,39,681,720,0.008810573,0.214390602,0.223201175,0.776798825,"Salty steppe"
"SANS4",32.27097,-2.36996,2019,"Fall",3,134,567,16,704,720,0.004261364,0.190340909,0.194602273,0.805397727,"Salty steppe"
"SANS4",32.27097,-2.36996,2019,"Winter",1,142,569,8,712,720,0.001404494,0.199438202,0.200842697,0.799157303,"Salty steppe"
"SANS4",32.27097,-2.36996,2020,"Spring",36,158,501,25,695,720,0.051798561,0.227338129,0.279136691,0.720863309,"Salty steppe"
"SANS4",32.27097,-2.36996,2020,"Summer",4,129,550,37,683,720,0.005856515,0.188872621,0.194729136,0.805270864,"Salty steppe"
"SANS4",32.27097,-2.36996,2020,"Fall",25,135,528,32,688,720,0.036337209,0.19622093,0.23255814,0.76744186,"Salty steppe"
"SANS4",32.27097,-2.36996,2020,"Winter",46,98,559,17,703,720,0.065433855,0.13940256,0.204836415,0.795163585,"Salty steppe"
"SANS4",32.27097,-2.36996,2021,"Spring",95,68,550,7,713,720,0.133239832,0.095371669,0.228611501,0.771388499,"Salty steppe"
"SANS4",32.27097,-2.36996,2021,"Summer",47,73,569,31,689,720,0.068214804,0.105950653,0.174165457,0.825834543,"Salty steppe"
"SANS4",32.27097,-2.36996,2021,"Fall",8,173,505,34,686,720,0.011661808,0.252186589,0.263848397,0.736151603,"Salty steppe"
"SANS4",32.27097,-2.36996,2021,"Winter",0,139,560,21,699,720,0,0.198855508,0.198855508,0.801144492,"Salty steppe"
"SANS4",32.27097,-2.36996,2022,"Spring",56,247,386,31,689,720,0.081277213,0.358490566,0.439767779,0.560232221,"Salty steppe"
"SANS4",32.27097,-2.36996,2022,"Summer",52,166,458,44,676,720,0.076923077,0.24556213,0.322485207,0.677514793,"Salty steppe"
"SANS4",32.27097,-2.36996,2022,"Fall",62,167,458,33,687,720,0.090247453,0.243085881,0.333333333,0.666666667,"Salty steppe"
"SANS4",32.27097,-2.36996,2022,"Winter",30,156,490,44,676,720,0.044378698,0.230769231,0.275147929,0.724852071,"Salty steppe"
"SANS4",32.27097,-2.36996,2023,"Spring",30,189,475,26,694,720,0.043227666,0.272334294,0.31556196,0.68443804,"Salty steppe"
"SANS4",32.27097,-2.36996,2023,"Summer",38,180,474,28,692,720,0.054913295,0.260115607,0.315028902,0.684971098,"Salty steppe"
"SANS4",32.27097,-2.36996,2023,"Fall",30,159,505,26,694,720,0.043227666,0.229106628,0.272334294,0.727665706,"Salty steppe"
"SANS4",32.27097,-2.36996,2023,"Winter",13,219,456,32,688,720,0.018895349,0.318313953,0.337209302,0.662790698,"Salty steppe"
"SANS5",32.3396,-2.36138,2017,"Spring",51,29,629,11,709,720,0.071932299,0.04090268,0.112834979,0.887165021,"Salty steppe"
"SANS5",32.3396,-2.36138,2017,"Summer",33,23,646,18,702,720,0.047008547,0.032763533,0.07977208,0.92022792,"Salty steppe"
"SANS5",32.3396,-2.36138,2017,"Fall",19,32,654,15,705,720,0.026950355,0.045390071,0.072340426,0.927659574,"Salty steppe"
"SANS5",32.3396,-2.36138,2017,"Winter",35,35,646,4,716,720,0.048882682,0.048882682,0.097765363,0.902234637,"Salty steppe"
"SANS5",32.3396,-2.36138,2018,"Spring",3,52,662,3,717,720,0.0041841,0.072524407,0.076708508,0.923291492,"Salty steppe"
"SANS5",32.3396,-2.36138,2018,"Summer",30,31,654,5,715,720,0.041958042,0.043356643,0.085314685,0.914685315,"Salty steppe"
"SANS5",32.3396,-2.36138,2018,"Fall",32,10,673,5,715,720,0.044755245,0.013986014,0.058741259,0.941258741,"Salty steppe"
"SANS5",32.3396,-2.36138,2018,"Winter",25,22,659,14,706,720,0.035410765,0.031161473,0.066572238,0.933427762,"Salty steppe"
"SANS5",32.3396,-2.36138,2019,"Spring",16,39,647,18,702,720,0.022792023,0.055555556,0.078347578,0.921652422,"Salty steppe"
"SANS5",32.3396,-2.36138,2019,"Summer",1,34,671,14,706,720,0.001416431,0.04815864,0.049575071,0.950424929,"Salty steppe"
"SANS5",32.3396,-2.36138,2019,"Fall",1,48,665,6,714,720,0.00140056,0.067226891,0.068627451,0.931372549,"Salty steppe"
"SANS5",32.3396,-2.36138,2019,"Winter",3,44,671,2,718,720,0.004178273,0.061281337,0.06545961,0.93454039,"Salty steppe"
"SANS5",32.3396,-2.36138,2020,"Spring",17,48,647,8,712,720,0.023876404,0.06741573,0.091292135,0.908707865,"Salty steppe"
"SANS5",32.3396,-2.36138,2020,"Summer",2,33,674,11,709,720,0.002820874,0.046544429,0.049365303,0.950634697,"Salty steppe"
"SANS5",32.3396,-2.36138,2020,"Fall",14,22,672,12,708,720,0.019774011,0.031073446,0.050847458,0.949152542,"Salty steppe"
"SANS5",32.3396,-2.36138,2020,"Winter",22,35,656,7,713,720,0.03085554,0.049088359,0.079943899,0.920056101,"Salty steppe"
"SANS5",32.3396,-2.36138,2021,"Spring",25,32,658,5,715,720,0.034965035,0.044755245,0.07972028,0.92027972,"Salty steppe"
"SANS5",32.3396,-2.36138,2021,"Summer",24,23,660,13,707,720,0.033946252,0.032531825,0.066478076,0.933521924,"Salty steppe"
"SANS5",32.3396,-2.36138,2021,"Fall",13,53,635,19,701,720,0.018544936,0.075606277,0.094151213,0.905848787,"Salty steppe"
"SANS5",32.3396,-2.36138,2021,"Winter",3,44,667,6,714,720,0.004201681,0.06162465,0.065826331,0.934173669,"Salty steppe"
"SANS5",32.3396,-2.36138,2022,"Spring",8,32,678,2,718,720,0.011142061,0.044568245,0.055710306,0.944289694,"Salty steppe"
"SANS5",32.3396,-2.36138,2022,"Summer",14,32,661,13,707,720,0.01980198,0.045261669,0.065063649,0.934936351,"Salty steppe"
"SANS5",32.3396,-2.36138,2022,"Fall",10,28,671,11,709,720,0.014104372,0.039492243,0.053596615,0.946403385,"Salty steppe"
"SANS5",32.3396,-2.36138,2022,"Winter",9,46,650,15,705,720,0.012765957,0.065248227,0.078014184,0.921985816,"Salty steppe"
"SANS5",32.3396,-2.36138,2023,"Spring",11,34,662,13,707,720,0.015558699,0.048090523,0.063649222,0.936350778,"Salty steppe"
"SANS5",32.3396,-2.36138,2023,"Summer",13,45,654,8,712,720,0.018258427,0.063202247,0.081460674,0.918539326,"Salty steppe"
"SANS5",32.3396,-2.36138,2023,"Fall",18,43,650,9,711,720,0.025316456,0.0604782,0.085794655,0.914205345,"Salty steppe"
"SANS5",32.3396,-2.36138,2023,"Winter",5,46,663,6,714,720,0.007002801,0.06442577,0.071428571,0.928571429,"Salty steppe"
"UB24SW1",32.9172,-4.91128,2016,"Spring",1,33,325,1,359,360,0.002785515,0.091922006,0.094707521,0.905292479,"Reg"
"UB24SW1",32.9172,-4.91128,2016,"Summer",0,46,310,4,356,360,0,0.129213483,0.129213483,0.870786517,"Reg"
"UB24SW1",32.9172,-4.91128,2016,"Fall",0,46,313,1,359,360,0,0.128133705,0.128133705,0.871866295,"Reg"
"UB24SW1",32.9172,-4.91128,2016,"Winter",0,31,328,1,359,360,0,0.086350975,0.086350975,0.913649025,"Reg"
"UB24SW1",32.9172,-4.91128,2017,"Spring",18,60,618,24,696,720,0.025862069,0.086206897,0.112068966,0.887931034,"Reg"
"UB24SW1",32.9172,-4.91128,2017,"Summer",44,27,630,19,701,720,0.062767475,0.038516405,0.10128388,0.89871612,"Reg"
"UB24SW1",32.9172,-4.91128,2017,"Fall",15,44,636,25,695,720,0.021582734,0.063309353,0.084892086,0.915107914,"Reg"
"UB24SW1",32.9172,-4.91128,2017,"Winter",22,44,644,10,710,720,0.030985915,0.061971831,0.092957746,0.907042254,"Reg"
"UB24SW1",32.9172,-4.91128,2018,"Spring",4,48,660,8,712,720,0.005617978,0.06741573,0.073033708,0.926966292,"Reg"
"UB24SW1",32.9172,-4.91128,2018,"Summer",117,62,521,20,700,720,0.167142857,0.088571429,0.255714286,0.744285714,"Reg"
"UB24SW1",32.9172,-4.91128,2018,"Fall",152,34,514,20,700,720,0.217142857,0.048571429,0.265714286,0.734285714,"Reg"
"UB24SW1",32.9172,-4.91128,2018,"Winter",17,208,475,20,700,720,0.024285714,0.297142857,0.321428571,0.678571429,"Reg"
"UB24SW1",32.9172,-4.91128,2019,"Spring",9,109,583,19,701,720,0.012838802,0.155492154,0.168330956,0.831669044,"Reg"
"UB24SW1",32.9172,-4.91128,2019,"Summer",1,96,602,21,699,720,0.001430615,0.137339056,0.138769671,0.861230329,"Reg"
"UB24SW1",32.9172,-4.91128,2019,"Fall",0,53,647,20,700,720,0,0.075714286,0.075714286,0.924285714,"Reg"
"UB24SW1",32.9172,-4.91128,2019,"Winter",1,74,633,12,708,720,0.001412429,0.104519774,0.105932203,0.894067797,"Reg"
"UB24SW1",32.9172,-4.91128,2020,"Spring",4,76,626,14,706,720,0.005665722,0.107648725,0.113314448,0.886685552,"Reg"
"UB24SW1",32.9172,-4.91128,2020,"Summer",7,53,645,15,705,720,0.009929078,0.075177305,0.085106383,0.914893617,"Reg"
"UB24SW1",32.9172,-4.91128,2020,"Fall",3,79,624,14,706,720,0.004249292,0.111898017,0.116147309,0.883852691,"Reg"
"UB24SW1",32.9172,-4.91128,2020,"Winter",0,78,626,16,704,720,0,0.110795455,0.110795455,0.889204545,"Reg"
"UB24SW1",32.9172,-4.91128,2021,"Spring",6,71,634,9,711,720,0.008438819,0.099859353,0.108298172,0.891701828,"Reg"
"UB24SW1",32.9172,-4.91128,2021,"Summer",22,64,620,14,706,720,0.031161473,0.090651558,0.121813031,0.878186969,"Reg"
"UB24SW1",32.9172,-4.91128,2021,"Fall",0,81,623,16,704,720,0,0.115056818,0.115056818,0.884943182,"Reg"
"UB24SW1",32.9172,-4.91128,2021,"Winter",1,71,643,5,715,720,0.001398601,0.099300699,0.100699301,0.899300699,"Reg"
"UB24SW1",32.9172,-4.91128,2022,"Spring",0,51,660,9,711,720,0,0.071729958,0.071729958,0.928270042,"Reg"
"UB24SW1",32.9172,-4.91128,2022,"Summer",0,66,643,11,709,720,0,0.093088858,0.093088858,0.906911142,"Reg"
"UB24SW1",32.9172,-4.91128,2022,"Fall",0,57,658,5,715,720,0,0.07972028,0.07972028,0.92027972,"Reg"
"UB24SW1",32.9172,-4.91128,2022,"Winter",0,39,663,18,702,720,0,0.055555556,0.055555556,0.944444444,"Reg"
"UB24SW1",32.9172,-4.91128,2023,"Spring",0,50,665,5,715,720,0,0.06993007,0.06993007,0.93006993,"Reg"
"UB24SW1",32.9172,-4.91128,2023,"Summer",2,42,666,10,710,720,0.002816901,0.05915493,0.061971831,0.938028169,"Reg"
"UB24SW1",32.9172,-4.91128,2023,"Fall",3,43,666,8,712,720,0.004213483,0.060393258,0.064606742,0.935393258,"Reg"
"UB24SW1",32.9172,-4.91128,2023,"Winter",1,41,666,12,708,720,0.001412429,0.057909605,0.059322034,0.940677966,"Reg"
"UB24SW2",32.91745,-4.88498,2016,"Spring",0,29,331,0,360,360,0,0.080555556,0.080555556,0.919444444,"Reg"
"UB24SW2",32.91745,-4.88498,2016,"Summer",0,30,325,5,355,360,0,0.084507042,0.084507042,0.915492958,"Reg"
"UB24SW2",32.91745,-4.88498,2016,"Fall",0,24,334,2,358,360,0,0.067039106,0.067039106,0.932960894,"Reg"
"UB24SW2",32.91745,-4.88498,2016,"Winter",2,34,322,2,358,360,0.005586592,0.094972067,0.100558659,0.899441341,"Reg"
"UB24SW2",32.91745,-4.88498,2017,"Spring",22,36,643,19,701,720,0.031383738,0.051355207,0.082738944,0.917261056,"Reg"
"UB24SW2",32.91745,-4.88498,2017,"Summer",17,40,638,25,695,720,0.024460432,0.057553957,0.082014388,0.917985612,"Reg"
"UB24SW2",32.91745,-4.88498,2017,"Fall",6,50,646,18,702,720,0.008547009,0.071225071,0.07977208,0.92022792,"Reg"
"UB24SW2",32.91745,-4.88498,2017,"Winter",0,47,660,13,707,720,0,0.066478076,0.066478076,0.933521924,"Reg"
"UB24SW2",32.91745,-4.88498,2018,"Spring",2,53,652,13,707,720,0.002828854,0.074964639,0.077793494,0.922206506,"Reg"
"UB24SW2",32.91745,-4.88498,2018,"Summer",58,22,631,9,711,720,0.081575246,0.030942335,0.112517581,0.887482419,"Reg"
"UB24SW2",32.91745,-4.88498,2018,"Fall",52,23,626,19,701,720,0.074179743,0.032810271,0.106990014,0.893009986,"Reg"
"UB24SW2",32.91745,-4.88498,2018,"Winter",55,21,615,29,691,720,0.07959479,0.030390738,0.109985528,0.890014472,"Reg"
"UB24SW2",32.91745,-4.88498,2019,"Spring",32,30,654,4,716,720,0.044692737,0.041899441,0.086592179,0.913407821,"Reg"
"UB24SW2",32.91745,-4.88498,2019,"Summer",6,51,650,13,707,720,0.008486563,0.072135785,0.080622348,0.919377652,"Reg"
"UB24SW2",32.91745,-4.88498,2019,"Fall",0,49,654,17,703,720,0,0.06970128,0.06970128,0.93029872,"Reg"
"UB24SW2",32.91745,-4.88498,2019,"Winter",0,32,685,3,717,720,0,0.044630404,0.044630404,0.955369596,"Reg"
"UB24SW2",32.91996,-4.88558,2020,"Spring",23,27,655,15,705,720,0.032624113,0.038297872,0.070921986,0.929078014,"Reg"
"UB24SW2",32.91745,-4.88498,2020,"Summer",14,37,650,19,701,720,0.019971469,0.05278174,0.07275321,0.92724679,"Reg"
"UB24SW2",32.91745,-4.88498,2020,"Fall",1,51,657,11,709,720,0.001410437,0.071932299,0.073342736,0.926657264,"Reg"
"UB24SW2",32.91745,-4.88498,2020,"Winter",2,35,671,12,708,720,0.002824859,0.049435028,0.052259887,0.947740113,"Reg"
"UB24SW2",32.91996,-4.88558,2021,"Spring",26,16,658,20,700,720,0.037142857,0.022857143,0.06,0.94,"Reg"
"UB24SW2",32.91996,-4.88558,2021,"Summer",8,37,656,19,701,720,0.011412268,0.05278174,0.064194009,0.935805991,"Reg"
"UB24SW2",32.91996,-4.88558,2021,"Fall",0,53,659,8,712,720,0,0.074438202,0.074438202,0.925561798,"Reg"
"UB24SW2",32.91996,-4.88558,2021,"Winter",0,47,665,8,712,720,0,0.066011236,0.066011236,0.933988764,"Reg"
"UB24SW2",32.91996,-4.88558,2022,"Spring",2,41,655,22,698,720,0.00286533,0.058739255,0.061604585,0.938395415,"Reg"
"UB24SW2",32.91996,-4.88558,2022,"Summer",4,40,657,19,701,720,0.005706134,0.057061341,0.062767475,0.937232525,"Reg"
"UB24SW2",32.91996,-4.88558,2022,"Fall",0,53,656,11,709,720,0,0.074753173,0.074753173,0.925246827,"Reg"
"UB24SW2",32.91996,-4.88558,2022,"Winter",2,33,669,16,704,720,0.002840909,0.046875,0.049715909,0.950284091,"Reg"
"UB24SW2",32.91996,-4.88558,2023,"Spring",1,19,690,10,710,720,0.001408451,0.026760563,0.028169014,0.971830986,"Reg"
"UB24SW2",32.91996,-4.88558,2023,"Summer",12,20,679,9,711,720,0.016877637,0.028129395,0.045007032,0.954992968,"Reg"
"UB24SW2",32.91996,-4.88558,2023,"Fall",1,36,678,5,715,720,0.001398601,0.05034965,0.051748252,0.948251748,"Reg"
"UB24SW2",32.91996,-4.88558,2023,"Winter",0,34,678,8,712,720,0,0.047752809,0.047752809,0.952247191,"Reg"
"UB24SW3",32.89487,-4.88498,2016,"Spring",0,39,320,1,359,360,0,0.108635097,0.108635097,0.891364903,"Alluvial spread area"
"UB24SW3",32.89487,-4.88498,2016,"Summer",0,40,319,1,359,360,0,0.111420613,0.111420613,0.888579387,"Alluvial spread area"
"UB24SW3",32.89487,-4.88498,2016,"Fall",0,17,343,0,360,360,0,0.047222222,0.047222222,0.952777778,"Alluvial spread area"
"UB24SW3",32.89487,-4.88498,2016,"Winter",0,8,351,1,359,360,0,0.022284123,0.022284123,0.977715877,"Alluvial spread area"
"UB24SW3",32.89487,-4.88498,2017,"Spring",8,19,679,14,706,720,0.011331445,0.026912181,0.038243626,0.961756374,"Alluvial spread area"
"UB24SW3",32.89487,-4.88498,2017,"Summer",6,21,686,7,713,720,0.008415147,0.029453015,0.037868163,0.962131837,"Alluvial spread area"
"UB24SW3",32.89487,-4.88498,2017,"Fall",7,21,679,13,707,720,0.00990099,0.02970297,0.03960396,0.96039604,"Alluvial spread area"
"UB24SW3",32.89487,-4.88498,2017,"Winter",2,37,681,0,720,720,0.002777778,0.051388889,0.054166667,0.945833333,"Alluvial spread area"
"UB24SW3",32.89487,-4.88498,2018,"Spring",3,25,687,5,715,720,0.004195804,0.034965035,0.039160839,0.960839161,"Alluvial spread area"
"UB24SW3",32.89487,-4.88498,2018,"Summer",118,25,558,19,701,720,0.168330956,0.035663338,0.203994294,0.796005706,"Alluvial spread area"
"UB24SW3",32.89487,-4.88498,2018,"Fall",78,85,551,6,714,720,0.109243697,0.119047619,0.228291317,0.771708683,"Alluvial spread area"
"UB24SW3",32.89487,-4.88498,2018,"Winter",9,116,575,20,700,720,0.012857143,0.165714286,0.178571429,0.821428571,"Alluvial spread area"
"UB24SW3",32.89487,-4.88498,2019,"Spring",3,71,635,11,709,720,0.004231312,0.100141044,0.104372355,0.895627645,"Alluvial spread area"
"UB24SW3",32.89487,-4.88498,2019,"Summer",2,53,646,19,701,720,0.002853067,0.075606277,0.078459344,0.921540656,"Alluvial spread area"
"UB24SW3",32.89487,-4.88498,2019,"Fall",0,49,658,13,707,720,0,0.069306931,0.069306931,0.930693069,"Alluvial spread area"
"UB24SW3",32.89487,-4.88498,2019,"Winter",0,20,698,2,718,720,0,0.027855153,0.027855153,0.972144847,"Alluvial spread area"
"UB24SW3",32.89487,-4.88498,2020,"Spring",3,32,677,8,712,720,0.004213483,0.04494382,0.049157303,0.950842697,"Alluvial spread area"
"UB24SW3",32.89487,-4.88498,2020,"Summer",3,44,665,8,712,720,0.004213483,0.061797753,0.066011236,0.933988764,"Alluvial spread area"
"UB24SW3",32.89487,-4.88498,2020,"Fall",2,28,685,5,715,720,0.002797203,0.039160839,0.041958042,0.958041958,"Alluvial spread area"
"UB24SW3",32.89487,-4.88498,2020,"Winter",3,25,683,9,711,720,0.004219409,0.035161744,0.039381153,0.960618847,"Alluvial spread area"
"UB24SW3",32.89487,-4.88498,2021,"Spring",1,25,685,9,711,720,0.00140647,0.035161744,0.036568214,0.963431786,"Alluvial spread area"
"UB24SW3",32.89487,-4.88498,2021,"Summer",12,25,678,5,715,720,0.016783217,0.034965035,0.051748252,0.948251748,"Alluvial spread area"
"UB24SW3",32.89487,-4.88498,2021,"Fall",0,29,685,6,714,720,0,0.040616246,0.040616246,0.959383754,"Alluvial spread area"
"UB24SW3",32.89487,-4.88498,2021,"Winter",0,20,699,1,719,720,0,0.027816412,0.027816412,0.972183588,"Alluvial spread area"
"UB24SW3",32.89487,-4.88498,2022,"Spring",0,21,694,5,715,720,0,0.029370629,0.029370629,0.970629371,"Alluvial spread area"
"UB24SW3",32.89487,-4.88498,2022,"Summer",11,16,681,12,708,720,0.015536723,0.02259887,0.038135593,0.961864407,"Alluvial spread area"
"UB24SW3",32.89487,-4.88498,2022,"Fall",7,20,688,5,715,720,0.00979021,0.027972028,0.037762238,0.962237762,"Alluvial spread area"
"UB24SW3",32.89487,-4.88498,2022,"Winter",2,4,709,5,715,720,0.002797203,0.005594406,0.008391608,0.991608392,"Alluvial spread area"
"UB24SW3",32.89487,-4.88498,2023,"Spring",2,11,704,3,717,720,0.0027894,0.015341702,0.018131102,0.981868898,"Alluvial spread area"
"UB24SW3",32.89487,-4.88498,2023,"Summer",3,13,698,6,714,720,0.004201681,0.018207283,0.022408964,0.977591036,"Alluvial spread area"
"UB24SW3",32.89487,-4.88498,2023,"Fall",2,11,704,3,717,720,0.0027894,0.015341702,0.018131102,0.981868898,"Alluvial spread area"
"UB24SW3",32.89487,-4.88498,2023,"Winter",3,19,694,4,716,720,0.004189944,0.026536313,0.030726257,0.969273743,"Alluvial spread area"
"UB24SW4",32.89541,-4.91128,2016,"Spring",1,26,329,4,356,360,0.002808989,0.073033708,0.075842697,0.924157303,"Alluvial spread area"
"UB24SW4",32.89541,-4.91128,2016,"Summer",0,30,330,0,360,360,0,0.083333333,0.083333333,0.916666667,"Alluvial spread area"
"UB24SW4",32.89541,-4.91128,2016,"Fall",0,37,323,0,360,360,0,0.102777778,0.102777778,0.897222222,"Alluvial spread area"
"UB24SW4",32.89541,-4.91128,2016,"Winter",0,22,334,4,356,360,0,0.061797753,0.061797753,0.938202247,"Alluvial spread area"
"UB24SW4",32.89541,-4.91128,2017,"Spring",9,46,648,17,703,720,0.012802276,0.065433855,0.078236131,0.921763869,"Alluvial spread area"
"UB24SW4",32.89541,-4.91128,2017,"Summer",38,34,629,19,701,720,0.054208274,0.04850214,0.102710414,0.897289586,"Alluvial spread area"
"UB24SW4",32.89541,-4.91128,2017,"Fall",6,51,647,16,704,720,0.008522727,0.072443182,0.080965909,0.919034091,"Alluvial spread area"
"UB24SW4",32.89541,-4.91128,2017,"Winter",7,76,626,11,709,720,0.009873061,0.10719323,0.117066291,0.882933709,"Alluvial spread area"
"UB24SW4",32.89541,-4.91128,2018,"Spring",8,64,637,11,709,720,0.011283498,0.090267983,0.101551481,0.898448519,"Alluvial spread area"
"UB24SW4",32.89541,-4.91128,2018,"Summer",128,42,525,25,695,720,0.184172662,0.060431655,0.244604317,0.755395683,"Alluvial spread area"
"UB24SW4",32.89541,-4.91128,2018,"Fall",98,116,489,17,703,720,0.13940256,0.165007112,0.304409673,0.695590327,"Alluvial spread area"
"UB24SW4",32.89541,-4.91128,2018,"Winter",20,245,432,23,697,720,0.028694405,0.351506456,0.380200861,0.619799139,"Alluvial spread area"
"UB24SW4",32.89541,-4.91128,2019,"Spring",5,151,543,21,699,720,0.007153076,0.21602289,0.223175966,0.776824034,"Alluvial spread area"
"UB24SW4",32.89541,-4.91128,2019,"Summer",3,117,574,26,694,720,0.004322767,0.168587896,0.172910663,0.827089337,"Alluvial spread area"
"UB24SW4",32.89541,-4.91128,2019,"Fall",0,39,672,9,711,720,0,0.054852321,0.054852321,0.945147679,"Alluvial spread area"
"UB24SW4",32.89541,-4.91128,2019,"Winter",0,42,669,9,711,720,0,0.05907173,0.05907173,0.94092827,"Alluvial spread area"
"UB24SW4",32.89541,-4.91128,2020,"Spring",1,40,671,8,712,720,0.001404494,0.056179775,0.05758427,0.94241573,"Alluvial spread area"
"UB24SW4",32.89541,-4.91128,2020,"Summer",1,16,699,4,716,720,0.001396648,0.022346369,0.023743017,0.976256983,"Alluvial spread area"
"UB24SW4",32.89541,-4.91128,2020,"Fall",2,35,678,5,715,720,0.002797203,0.048951049,0.051748252,0.948251748,"Alluvial spread area"
"UB24SW4",32.89541,-4.91128,2020,"Winter",1,49,655,15,705,720,0.00141844,0.069503546,0.070921986,0.929078014,"Alluvial spread area"
"UB24SW4",32.89541,-4.91128,2021,"Spring",8,39,662,11,709,720,0.011283498,0.055007052,0.06629055,0.93370945,"Alluvial spread area"
"UB24SW4",32.89541,-4.91128,2021,"Summer",20,41,648,11,709,720,0.028208745,0.057827927,0.086036671,0.913963329,"Alluvial spread area"
"UB24SW4",32.89541,-4.91128,2021,"Fall",0,25,686,9,711,720,0,0.035161744,0.035161744,0.964838256,"Alluvial spread area"
"UB24SW4",32.89541,-4.91128,2021,"Winter",0,52,667,1,719,720,0,0.07232267,0.07232267,0.92767733,"Alluvial spread area"
"UB24SW4",32.89541,-4.91128,2022,"Spring",0,37,674,9,711,720,0,0.052039381,0.052039381,0.947960619,"Alluvial spread area"
"UB24SW4",32.89541,-4.91128,2022,"Summer",6,17,686,11,709,720,0.008462623,0.023977433,0.032440056,0.967559944,"Alluvial spread area"
"UB24SW4",32.89541,-4.91128,2022,"Fall",2,44,662,12,708,720,0.002824859,0.062146893,0.064971751,0.935028249,"Alluvial spread area"
"UB24SW4",32.89541,-4.91128,2022,"Winter",1,30,679,10,710,720,0.001408451,0.042253521,0.043661972,0.956338028,"Alluvial spread area"
"UB24SW4",32.89541,-4.91128,2023,"Spring",3,11,699,7,713,720,0.004207574,0.01542777,0.019635344,0.980364656,"Alluvial spread area"
"UB24SW4",32.89541,-4.91128,2023,"Summer",0,13,703,4,716,720,0,0.018156425,0.018156425,0.981843575,"Alluvial spread area"
"UB24SW4",32.89541,-4.91128,2023,"Fall",1,12,697,10,710,720,0.001408451,0.016901408,0.018309859,0.981690141,"Alluvial spread area"
"UB24SW4",32.89541,-4.91128,2023,"Winter",0,38,677,5,715,720,0,0.053146853,0.053146853,0.946853147,"Alluvial spread area"
"UB24SW5",32.90577,-4.89863,2016,"Spring",0,21,338,1,359,360,0,0.058495822,0.058495822,0.941504178,"Reg"
"UB24SW5",32.90577,-4.89863,2016,"Summer",0,24,336,0,360,360,0,0.066666667,0.066666667,0.933333333,"Reg"
"UB24SW5",32.90577,-4.89863,2016,"Fall",0,6,354,0,360,360,0,0.016666667,0.016666667,0.983333333,"Reg"
"UB24SW5",32.90577,-4.89863,2016,"Winter",0,6,354,0,360,360,0,0.016666667,0.016666667,0.983333333,"Reg"
"UB24SW5",32.90577,-4.89863,2017,"Spring",20,22,668,10,710,720,0.028169014,0.030985915,0.05915493,0.94084507,"Reg"
"UB24SW5",32.90577,-4.89863,2017,"Summer",19,25,673,3,717,720,0.026499303,0.034867503,0.061366806,0.938633194,"Reg"
"UB24SW5",32.90577,-4.89863,2017,"Fall",8,25,678,9,711,720,0.011251758,0.035161744,0.046413502,0.953586498,"Reg"
"UB24SW5",32.90577,-4.89863,2017,"Winter",2,37,680,1,719,720,0.002781641,0.051460362,0.054242003,0.945757997,"Reg"
"UB24SW5",32.90577,-4.89863,2018,"Spring",7,27,683,3,717,720,0.009762901,0.037656904,0.047419805,0.952580195,"Reg"
"UB24SW5",32.90577,-4.89863,2018,"Summer",74,57,577,12,708,720,0.104519774,0.080508475,0.185028249,0.814971751,"Reg"
"UB24SW5",32.90577,-4.89863,2018,"Fall",91,46,557,26,694,720,0.131123919,0.066282421,0.19740634,0.80259366,"Reg"
"UB24SW5",32.90577,-4.89863,2018,"Winter",12,194,504,10,710,720,0.016901408,0.273239437,0.290140845,0.709859155,"Reg"
"UB24SW5",32.90577,-4.89863,2019,"Spring",13,61,638,8,712,720,0.018258427,0.085674157,0.103932584,0.896067416,"Reg"
"UB24SW5",32.90577,-4.89863,2019,"Summer",1,70,644,5,715,720,0.001398601,0.097902098,0.099300699,0.900699301,"Reg"
"UB24SW5",32.90577,-4.89863,2019,"Fall",0,28,690,2,718,720,0,0.038997214,0.038997214,0.961002786,"Reg"
"UB24SW5",32.90577,-4.89863,2019,"Winter",0,43,677,0,720,720,0,0.059722222,0.059722222,0.940277778,"Reg"
"UB24SW5",32.90577,-4.89863,2020,"Spring",9,26,682,3,717,720,0.012552301,0.036262204,0.048814505,0.951185495,"Reg"
"UB24SW5",32.90577,-4.89863,2020,"Summer",29,31,648,12,708,720,0.040960452,0.043785311,0.084745763,0.915254237,"Reg"
"UB24SW5",32.90577,-4.89863,2020,"Fall",3,63,647,7,713,720,0.004207574,0.088359046,0.09256662,0.90743338,"Reg"
"UB24SW5",32.90577,-4.89863,2020,"Winter",0,72,632,16,704,720,0,0.102272727,0.102272727,0.897727273,"Reg"
"UB24SW5",32.90577,-4.89863,2021,"Spring",12,60,640,8,712,720,0.016853933,0.084269663,0.101123596,0.898876404,"Reg"
"UB24SW5",32.90577,-4.89863,2021,"Summer",8,75,632,5,715,720,0.011188811,0.104895105,0.116083916,0.883916084,"Reg"
"UB24SW5",32.90577,-4.89863,2021,"Fall",0,70,647,3,717,720,0,0.09762901,0.09762901,0.90237099,"Reg"
"UB24SW5",32.90577,-4.89863,2021,"Winter",0,50,668,2,718,720,0,0.069637883,0.069637883,0.930362117,"Reg"
"UB24SW5",32.90577,-4.89863,2022,"Spring",2,50,659,9,711,720,0.00281294,0.070323488,0.073136428,0.926863572,"Reg"
"UB24SW5",32.90577,-4.89863,2022,"Summer",2,19,693,6,714,720,0.00280112,0.026610644,0.029411765,0.970588235,"Reg"
"UB24SW5",32.90577,-4.89863,2022,"Fall",1,13,704,2,718,720,0.001392758,0.01810585,0.019498607,0.980501393,"Reg"
"UB24SW5",32.90577,-4.89863,2022,"Winter",0,13,705,2,718,720,0,0.01810585,0.01810585,0.98189415,"Reg"
"UB24SW5",32.90577,-4.89863,2023,"Spring",1,11,707,1,719,720,0.001390821,0.015299026,0.016689847,0.983310153,"Reg"
"UB24SW5",32.90577,-4.89863,2023,"Summer",15,6,696,3,717,720,0.020920502,0.008368201,0.029288703,0.970711297,"Reg"
"UB24SW5",32.90577,-4.89863,2023,"Fall",0,39,678,3,717,720,0,0.054393305,0.054393305,0.945606695,"Reg"
"UB24SW5",32.90577,-4.89863,2023,"Winter",0,46,667,7,713,720,0,0.064516129,0.064516129,0.935483871,"Reg"
"VB02SE1",32.74769,-4.0016,2016,"Spring",4,118,236,2,358,360,0.011173184,0.329608939,0.340782123,0.659217877,"Reg"
"VB02SE1",32.74769,-4.0016,2016,"Summer",0,120,236,4,356,360,0,0.337078652,0.337078652,0.662921348,"Reg"
"VB02SE1",32.74769,-4.0016,2016,"Fall",0,87,263,10,350,360,0,0.248571429,0.248571429,0.751428571,"Reg"
"VB02SE1",32.74769,-4.0016,2016,"Winter",0,84,266,10,350,360,0,0.24,0.24,0.76,"Reg"
"VB02SE1",32.74769,-4.0016,2017,"Spring",47,97,544,32,688,720,0.068313953,0.140988372,0.209302326,0.790697674,"Reg"
"VB02SE1",32.74769,-4.0016,2017,"Summer",59,138,685,98,882,980,0.066893424,0.156462585,0.223356009,0.776643991,"Reg"
"VB02SE1",32.74769,-4.0016,2017,"Fall",0,33,638,285,671,956,0,0.049180328,0.049180328,0.950819672,"Reg"
"VB02SE1",32.74769,-4.0016,2017,"Winter",28,121,563,8,712,720,0.039325843,0.16994382,0.209269663,0.790730337,"Reg"
"VB02SE1",32.74769,-4.0016,2018,"Spring",8,117,562,33,687,720,0.011644833,0.170305677,0.181950509,0.818049491,"Reg"
"VB02SE1",32.74769,-4.0016,2018,"Summer",55,62,592,11,709,720,0.077574048,0.087447109,0.165021157,0.834978843,"Reg"
"VB02SE1",32.74769,-4.0016,2018,"Fall",30,87,579,24,696,720,0.043103448,0.125,0.168103448,0.831896552,"Reg"
"VB02SE1",32.74769,-4.0016,2018,"Winter",68,46,575,31,689,720,0.098693759,0.066763425,0.165457184,0.834542816,"Reg"
"VB02SE1",32.74769,-4.0016,2019,"Spring",11,114,554,41,679,720,0.016200295,0.167893962,0.184094256,0.815905744,"Reg"
"VB02SE1",32.74769,-4.0016,2019,"Summer",4,108,579,29,691,720,0.005788712,0.156295224,0.162083936,0.837916064,"Reg"
"VB02SE1",32.74769,-4.0016,2019,"Fall",3,94,598,25,695,720,0.004316547,0.135251799,0.139568345,0.860431655,"Reg"
"VB02SE1",32.74769,-4.0016,2019,"Winter",4,93,610,13,707,720,0.005657709,0.131541726,0.137199434,0.862800566,"Reg"
"VB02SE1",32.74769,-4.0016,2020,"Spring",13,122,552,33,687,720,0.018922853,0.177583697,0.19650655,0.80349345,"Reg"
"VB02SE1",32.74769,-4.0016,2020,"Summer",7,87,611,15,705,720,0.009929078,0.123404255,0.133333333,0.866666667,"Reg"
"VB02SE1",32.74769,-4.0016,2020,"Fall",9,83,607,21,699,720,0.012875536,0.118741059,0.131616595,0.868383405,"Reg"
"VB02SE1",32.74769,-4.0016,2020,"Winter",15,75,607,23,697,720,0.021520803,0.107604017,0.129124821,0.870875179,"Reg"
"VB02SE1",32.74769,-4.0016,2021,"Spring",40,84,589,7,713,720,0.056100982,0.117812062,0.173913043,0.826086957,"Reg"
"VB02SE1",32.74769,-4.0016,2021,"Summer",48,68,583,21,699,720,0.068669528,0.097281831,0.165951359,0.834048641,"Reg"
"VB02SE1",32.74769,-4.0016,2021,"Fall",9,97,599,15,705,720,0.012765957,0.137588652,0.15035461,0.84964539,"Reg"
"VB02SE1",32.74769,-4.0016,2021,"Winter",7,117,578,18,702,720,0.00997151,0.166666667,0.176638177,0.823361823,"Reg"
"VB02SE1",32.74769,-4.0016,2022,"Spring",2,144,555,19,701,720,0.002853067,0.205420827,0.208273894,0.791726106,"Reg"
"VB02SE1",32.74769,-4.0016,2022,"Summer",1,130,575,14,706,720,0.001416431,0.184135977,0.185552408,0.814447592,"Reg"
"VB02SE1",32.74769,-4.0016,2022,"Fall",18,74,600,28,692,720,0.026011561,0.106936416,0.132947977,0.867052023,"Reg"
"VB02SE1",32.74769,-4.0016,2022,"Winter",10,121,564,25,695,720,0.014388489,0.174100719,0.188489209,0.811510791,"Reg"
"VB02SE1",32.74769,-4.0016,2023,"Spring",3,83,617,17,703,720,0.004267425,0.118065434,0.122332859,0.877667141,"Reg"
"VB02SE1",32.74769,-4.0016,2023,"Summer",15,97,592,16,704,720,0.021306818,0.137784091,0.159090909,0.840909091,"Reg"
"VB02SE1",32.74769,-4.0016,2023,"Fall",22,76,601,21,699,720,0.031473534,0.108726753,0.140200286,0.859799714,"Reg"
"VB02SE1",32.74769,-4.0016,2023,"Winter",1,91,617,11,709,720,0.001410437,0.128349788,0.129760226,0.870239774,"Reg"
"VB02SE2",32.74804,-3.97404,2016,"Spring",1,84,274,1,359,360,0.002785515,0.233983287,0.236768802,0.763231198,"Reg"
"VB02SE2",32.74804,-3.97404,2016,"Summer",0,58,301,1,359,360,0,0.161559889,0.161559889,0.838440111,"Reg"
"VB02SE2",32.74804,-3.97404,2016,"Fall",0,92,259,9,351,360,0,0.262108262,0.262108262,0.737891738,"Reg"
"VB02SE2",32.74804,-3.97404,2016,"Winter",0,56,291,13,347,360,0,0.161383285,0.161383285,0.838616715,"Reg"
"VB02SE2",32.74804,-3.97404,2017,"Spring",124,76,486,34,686,720,0.180758017,0.110787172,0.29154519,0.70845481,"Reg"
"VB02SE2",32.74804,-3.97404,2017,"Summer",38,100,555,27,693,720,0.054834055,0.144300144,0.199134199,0.800865801,"Reg"
"VB02SE2",32.74804,-3.97404,2017,"Fall",2,68,578,366,648,1014,0.00308642,0.104938272,0.108024691,0.891975309,"Reg"
"VB02SE2",32.74804,-3.97404,2017,"Winter",47,100,561,12,708,720,0.066384181,0.141242938,0.207627119,0.792372881,"Reg"
"VB02SE2",32.74804,-3.97404,2018,"Spring",2,131,567,20,700,720,0.002857143,0.187142857,0.19,0.81,"Reg"
"VB02SE2",32.74804,-3.97404,2018,"Summer",39,69,599,13,707,720,0.055162659,0.097595474,0.152758133,0.847241867,"Reg"
"VB02SE2",32.74804,-3.97404,2018,"Fall",20,86,588,26,694,720,0.028818444,0.123919308,0.152737752,0.847262248,"Reg"
"VB02SE2",32.74804,-3.97404,2018,"Winter",73,87,526,34,686,720,0.106413994,0.126822157,0.233236152,0.766763848,"Reg"
"VB02SE2",32.74804,-3.97404,2019,"Spring",17,121,563,19,701,720,0.02425107,0.172610556,0.196861626,0.803138374,"Reg"
"VB02SE2",32.74804,-3.97404,2019,"Summer",4,132,551,33,687,720,0.005822416,0.192139738,0.197962154,0.802037846,"Reg"
"VB02SE2",32.74804,-3.97404,2019,"Fall",4,84,615,17,703,720,0.0056899,0.119487909,0.125177809,0.874822191,"Reg"
"VB02SE2",32.74804,-3.97404,2019,"Winter",10,93,609,8,712,720,0.014044944,0.130617978,0.144662921,0.855337079,"Reg"
"VB02SE2",32.74804,-3.97404,2020,"Spring",11,134,562,13,707,720,0.015558699,0.189533239,0.205091938,0.794908062,"Reg"
"VB02SE2",32.74804,-3.97404,2020,"Summer",9,99,595,17,703,720,0.012802276,0.140825036,0.153627312,0.846372688,"Reg"
"VB02SE2",32.74804,-3.97404,2020,"Fall",9,108,590,13,707,720,0.012729844,0.152758133,0.165487977,0.834512023,"Reg"
"VB02SE2",32.74804,-3.97404,2020,"Winter",8,95,608,9,711,720,0.011251758,0.133614627,0.144866385,0.855133615,"Reg"
"VB02SE2",32.74804,-3.97404,2021,"Spring",73,60,579,8,712,720,0.10252809,0.084269663,0.186797753,0.813202247,"Reg"
"VB02SE2",32.74804,-3.97404,2021,"Summer",55,88,562,15,705,720,0.078014184,0.124822695,0.202836879,0.797163121,"Reg"
"VB02SE2",32.74804,-3.97404,2021,"Fall",11,118,564,27,693,720,0.015873016,0.17027417,0.186147186,0.813852814,"Reg"
"VB02SE2",32.74804,-3.97404,2021,"Winter",2,114,588,16,704,720,0.002840909,0.161931818,0.164772727,0.835227273,"Reg"
"VB02SE2",32.74804,-3.97404,2022,"Spring",7,131,569,13,707,720,0.00990099,0.185289958,0.195190948,0.804809052,"Reg"
"VB02SE2",32.74804,-3.97404,2022,"Summer",2,125,587,6,714,720,0.00280112,0.175070028,0.177871148,0.822128852,"Reg"
"VB02SE2",32.74804,-3.97404,2022,"Fall",8,89,592,31,689,720,0.01161103,0.129172714,0.140783745,0.859216255,"Reg"
"VB02SE2",32.74804,-3.97404,2022,"Winter",6,86,606,22,698,720,0.008595989,0.123209169,0.131805158,0.868194842,"Reg"
"VB02SE2",32.74804,-3.97404,2023,"Spring",6,103,593,18,702,720,0.008547009,0.146723647,0.155270655,0.844729345,"Reg"
"VB02SE2",32.74804,-3.97404,2023,"Summer",19,95,592,14,706,720,0.026912181,0.134560907,0.161473088,0.838526912,"Reg"
"VB02SE2",32.74804,-3.97404,2023,"Fall",22,84,596,18,702,720,0.031339031,0.11965812,0.150997151,0.849002849,"Reg"
"VB02SE2",32.74804,-3.97404,2023,"Winter",4,109,583,24,696,720,0.005747126,0.156609195,0.162356322,0.837643678,"Reg"
"VB02SE3",32.72547,-3.97384,2016,"Spring",0,61,294,5,355,360,0,0.171830986,0.171830986,0.828169014,"Reg"
"VB02SE3",32.72547,-3.97384,2016,"Summer",0,63,293,4,356,360,0,0.176966292,0.176966292,0.823033708,"Reg"
"VB02SE3",32.72547,-3.97384,2016,"Fall",0,71,279,10,350,360,0,0.202857143,0.202857143,0.797142857,"Reg"
"VB02SE3",32.72547,-3.97384,2016,"Winter",0,65,290,5,355,360,0,0.183098592,0.183098592,0.816901408,"Reg"
"VB02SE3",32.72547,-3.97384,2017,"Spring",62,69,551,38,682,720,0.090909091,0.101173021,0.192082111,0.807917889,"Reg"
"VB02SE3",32.72547,-3.97384,2017,"Summer",27,68,605,20,700,720,0.038571429,0.097142857,0.135714286,0.864285714,"Reg"
"VB02SE3",32.72547,-3.97384,2017,"Fall",0,38,613,173,651,824,0,0.058371736,0.058371736,0.941628264,"Reg"
"VB02SE3",32.72547,-3.97384,2017,"Winter",36,82,583,19,701,720,0.051355207,0.116975749,0.168330956,0.831669044,"Reg"
"VB02SE3",32.72547,-3.97384,2018,"Spring",8,119,562,31,689,720,0.01161103,0.172714078,0.184325109,0.815674891,"Reg"
"VB02SE3",32.72547,-3.97384,2018,"Summer",69,111,522,18,702,720,0.098290598,0.158119658,0.256410256,0.743589744,"Reg"
"VB02SE3",32.72547,-3.97384,2018,"Fall",17,110,559,34,686,720,0.024781341,0.160349854,0.185131195,0.814868805,"Reg"
"VB02SE3",32.72547,-3.97384,2018,"Winter",37,66,588,29,691,720,0.053545586,0.095513748,0.149059334,0.850940666,"Reg"
"VB02SE3",32.72547,-3.97384,2019,"Spring",18,140,546,16,704,720,0.025568182,0.198863636,0.224431818,0.775568182,"Reg"
"VB02SE3",32.72547,-3.97384,2019,"Summer",1,125,562,32,688,720,0.001453488,0.181686047,0.183139535,0.816860465,"Reg"
"VB02SE3",32.72547,-3.97384,2019,"Fall",1,64,632,23,697,720,0.00143472,0.091822095,0.093256815,0.906743185,"Reg"
"VB02SE3",32.72547,-3.97384,2019,"Winter",2,114,596,8,712,720,0.002808989,0.16011236,0.162921348,0.837078652,"Reg"
"VB02SE3",32.72547,-3.97384,2020,"Spring",4,90,606,20,700,720,0.005714286,0.128571429,0.134285714,0.865714286,"Reg"
"VB02SE3",32.72547,-3.97384,2020,"Summer",3,73,621,23,697,720,0.004304161,0.104734577,0.109038737,0.890961263,"Reg"
"VB02SE3",32.72547,-3.97384,2020,"Fall",0,104,594,22,698,720,0,0.148997135,0.148997135,0.851002865,"Reg"
"VB02SE3",32.72547,-3.97384,2020,"Winter",3,103,602,12,708,720,0.004237288,0.145480226,0.149717514,0.850282486,"Reg"
"VB02SE3",32.72547,-3.97384,2021,"Spring",21,62,618,19,701,720,0.029957204,0.088445078,0.118402282,0.881597718,"Reg"
"VB02SE3",32.72547,-3.97384,2021,"Summer",25,69,608,18,702,720,0.035612536,0.098290598,0.133903134,0.866096866,"Reg"
"VB02SE3",32.72547,-3.97384,2021,"Fall",4,134,537,45,675,720,0.005925926,0.198518519,0.204444444,0.795555556,"Reg"
"VB02SE3",32.72547,-3.97384,2021,"Winter",0,110,579,31,689,720,0,0.159651669,0.159651669,0.840348331,"Reg"
"VB02SE3",32.72547,-3.97384,2022,"Spring",1,98,599,22,698,720,0.001432665,0.140401146,0.141833811,0.858166189,"Reg"
"VB02SE3",32.72547,-3.97384,2022,"Summer",0,115,588,17,703,720,0,0.163584637,0.163584637,0.836415363,"Reg"
"VB02SE3",32.72547,-3.97384,2022,"Fall",2,89,607,22,698,720,0.00286533,0.127507163,0.130372493,0.869627507,"Reg"
"VB02SE3",32.72547,-3.97384,2022,"Winter",0,64,633,23,697,720,0,0.091822095,0.091822095,0.908177905,"Reg"
"VB02SE3",32.72547,-3.97384,2023,"Spring",2,98,594,26,694,720,0.002881844,0.141210375,0.144092219,0.855907781,"Reg"
"VB02SE3",32.72547,-3.97384,2023,"Summer",4,73,625,18,702,720,0.005698006,0.103988604,0.10968661,0.89031339,"Reg"
"VB02SE3",32.72547,-3.97384,2023,"Fall",3,106,598,13,707,720,0.004243281,0.149929279,0.15417256,0.84582744,"Reg"
"VB02SE3",32.72547,-3.97384,2023,"Winter",2,58,652,8,712,720,0.002808989,0.081460674,0.084269663,0.915730337,"Reg"
"VB02SE4",32.72453,-4.00011,2016,"Spring",13,48,292,7,353,360,0.036827195,0.135977337,0.172804533,0.827195467,"Macrochloa steppe"
"VB02SE4",32.72453,-4.00011,2016,"Summer",5,68,284,3,357,360,0.014005602,0.19047619,0.204481793,0.795518207,"Macrochloa steppe"
"VB02SE4",32.72453,-4.00011,2016,"Fall",0,44,311,5,355,360,0,0.123943662,0.123943662,0.876056338,"Macrochloa steppe"
"VB02SE4",32.72453,-4.00011,2016,"Winter",0,19,341,0,360,360,0,0.052777778,0.052777778,0.947222222,"Macrochloa steppe"
"VB02SE4",32.72453,-4.00011,2017,"Spring",22,60,600,38,682,720,0.032258065,0.08797654,0.120234604,0.879765396,"Macrochloa steppe"
"VB02SE4",32.72453,-4.00011,2017,"Summer",44,116,538,22,698,720,0.063037249,0.166189112,0.229226361,0.770773639,"Macrochloa steppe"
"VB02SE4",32.72453,-4.00011,2017,"Fall",0,33,613,100,646,746,0,0.051083591,0.051083591,0.948916409,"Macrochloa steppe"
"VB02SE4",32.72453,-4.00011,2017,"Winter",2,92,617,9,711,720,0.00281294,0.129395218,0.132208158,0.867791842,"Macrochloa steppe"
"VB02SE4",32.72453,-4.00011,2018,"Spring",17,220,797,46,1034,1080,0.016441006,0.212765957,0.229206963,0.770793037,"Macrochloa steppe"
"VB02SE4",32.72453,-4.00011,2018,"Summer",154,285,1769,112,2208,2320,0.069746377,0.129076087,0.198822464,0.801177536,"Macrochloa steppe"
"VB02SE4",32.72453,-4.00011,2018,"Fall",75,166,804,35,1045,1080,0.071770335,0.158851675,0.23062201,0.76937799,"Macrochloa steppe"
"VB02SE4",32.72453,-4.00011,2018,"Winter",80,113,842,45,1035,1080,0.077294686,0.109178744,0.18647343,0.81352657,"Macrochloa steppe"
"VB02SE4",32.72453,-4.00011,2019,"Spring",40,128,887,25,1055,1080,0.037914692,0.121327014,0.159241706,0.840758294,"Macrochloa steppe"
"VB02SE4",32.72453,-4.00011,2019,"Summer",20,151,855,54,1026,1080,0.019493177,0.147173489,0.166666667,0.833333333,"Macrochloa steppe"
"VB02SE4",32.72453,-4.00011,2019,"Fall",8,87,951,34,1046,1080,0.007648184,0.083173996,0.09082218,0.90917782,"Macrochloa steppe"
"VB02SE4",32.72453,-4.00011,2019,"Winter",11,144,909,16,1064,1080,0.010338346,0.135338346,0.145676692,0.854323308,"Macrochloa steppe"
"VB02SE4",32.72453,-4.00011,2020,"Spring",33,204,809,34,1046,1080,0.031548757,0.195028681,0.226577438,0.773422562,"Macrochloa steppe"
"VB02SE4",32.72453,-4.00011,2020,"Summer",18,167,858,37,1043,1080,0.01725791,0.160115053,0.177372963,0.822627037,"Macrochloa steppe"
"VB02SE4",32.72453,-4.00011,2020,"Fall",0,210,852,18,1062,1080,0,0.197740113,0.197740113,0.802259887,"Macrochloa steppe"
"VB02SE4",32.72453,-4.00011,2020,"Winter",0,153,904,23,1057,1080,0,0.14474929,0.14474929,0.85525071,"Macrochloa steppe"
"VB02SE4",32.72453,-4.00011,2021,"Spring",25,116,926,13,1067,1080,0.023430178,0.108716026,0.132146204,0.867853796,"Macrochloa steppe"
"VB02SE4",32.72453,-4.00011,2021,"Summer",14,79,967,20,1060,1080,0.013207547,0.074528302,0.087735849,0.912264151,"Macrochloa steppe"
"VB02SE4",32.72453,-4.00011,2021,"Fall",37,138,860,45,1035,1080,0.035748792,0.133333333,0.169082126,0.830917874,"Macrochloa steppe"
"VB02SE4",32.72453,-4.00011,2021,"Winter",6,115,935,24,1056,1080,0.005681818,0.108901515,0.114583333,0.885416667,"Macrochloa steppe"
"VB02SE4",32.72453,-4.00011,2022,"Spring",11,143,896,30,1050,1080,0.01047619,0.136190476,0.146666667,0.853333333,"Macrochloa steppe"
"VB02SE4",32.72453,-4.00011,2022,"Summer",13,226,813,28,1052,1080,0.012357414,0.214828897,0.227186312,0.772813688,"Macrochloa steppe"
"VB02SE4",32.72453,-4.00011,2022,"Fall",5,106,951,18,1062,1080,0.004708098,0.099811676,0.104519774,0.895480226,"Macrochloa steppe"
"VB02SE4",32.72453,-4.00011,2022,"Winter",4,132,913,31,1049,1080,0.003813155,0.125834128,0.129647283,0.870352717,"Macrochloa steppe"
"VB02SE4",32.72453,-4.00011,2023,"Spring",0,146,907,27,1053,1080,0,0.138651472,0.138651472,0.861348528,"Macrochloa steppe"
"VB02SE4",32.72453,-4.00011,2023,"Summer",14,98,952,16,1064,1080,0.013157895,0.092105263,0.105263158,0.894736842,"Macrochloa steppe"
"VB02SE4",32.72453,-4.00011,2023,"Fall",4,158,892,26,1054,1080,0.003795066,0.149905123,0.15370019,0.84629981,"Macrochloa steppe"
"VB02SE4",32.72453,-4.00011,2023,"Winter",1,146,910,23,1057,1080,0.000946074,0.138126774,0.139072848,0.860927152,"Macrochloa steppe"
"VB02SE5",32.73616,-3.98711,2016,"Spring",2,47,308,3,357,360,0.005602241,0.131652661,0.137254902,0.862745098,"Alluvial spread area"
"VB02SE5",32.73616,-3.98711,2016,"Summer",0,43,316,1,359,360,0,0.119777159,0.119777159,0.880222841,"Alluvial spread area"
"VB02SE5",32.73616,-3.98711,2016,"Fall",0,46,308,6,354,360,0,0.129943503,0.129943503,0.870056497,"Alluvial spread area"
"VB02SE5",32.73616,-3.98711,2016,"Winter",0,39,314,7,353,360,0,0.110481586,0.110481586,0.889518414,"Alluvial spread area"
"VB02SE5",32.73616,-3.98711,2017,"Spring",51,60,589,20,700,720,0.072857143,0.085714286,0.158571429,0.841428571,"Alluvial spread area"
"VB02SE5",32.73616,-3.98711,2017,"Summer",21,57,627,15,705,720,0.029787234,0.080851064,0.110638298,0.889361702,"Alluvial spread area"
"VB02SE5",32.73616,-3.98711,2017,"Fall",0,24,628,94,652,746,0,0.036809816,0.036809816,0.963190184,"Alluvial spread area"
"VB02SE5",32.73616,-3.98711,2017,"Winter",45,55,614,6,714,720,0.06302521,0.077030812,0.140056022,0.859943978,"Alluvial spread area"
"VB02SE5",32.73616,-3.98711,2018,"Spring",2,51,650,17,703,720,0.00284495,0.07254623,0.075391181,0.924608819,"Alluvial spread area"
"VB02SE5",32.73616,-3.98711,2018,"Summer",40,54,616,10,710,720,0.056338028,0.076056338,0.132394366,0.867605634,"Alluvial spread area"
"VB02SE5",32.73616,-3.98711,2018,"Fall",12,45,645,18,702,720,0.017094017,0.064102564,0.081196581,0.918803419,"Alluvial spread area"
"VB02SE5",32.73616,-3.98711,2018,"Winter",52,55,593,20,700,720,0.074285714,0.078571429,0.152857143,0.847142857,"Alluvial spread area"
"VB02SE5",32.73616,-3.98711,2019,"Spring",7,92,610,11,709,720,0.009873061,0.129760226,0.139633286,0.860366714,"Alluvial spread area"
"VB02SE5",32.73616,-3.98711,2019,"Summer",0,69,631,20,700,720,0,0.098571429,0.098571429,0.901428571,"Alluvial spread area"
"VB02SE5",32.73616,-3.98711,2019,"Fall",3,52,639,26,694,720,0.004322767,0.074927954,0.07925072,0.92074928,"Alluvial spread area"
"VB02SE5",32.73616,-3.98711,2019,"Winter",2,49,665,4,716,720,0.002793296,0.068435754,0.07122905,0.92877095,"Alluvial spread area"
"VB02SE5",32.73616,-3.98711,2020,"Spring",7,77,620,16,704,720,0.009943182,0.109375,0.119318182,0.880681818,"Alluvial spread area"
"VB02SE5",32.73616,-3.98711,2020,"Summer",2,56,650,12,708,720,0.002824859,0.079096045,0.081920904,0.918079096,"Alluvial spread area"
"VB02SE5",32.73616,-3.98711,2020,"Fall",9,52,648,11,709,720,0.012693935,0.073342736,0.086036671,0.913963329,"Alluvial spread area"
"VB02SE5",32.73616,-3.98711,2020,"Winter",3,57,654,6,714,720,0.004201681,0.079831933,0.084033613,0.915966387,"Alluvial spread area"
"VB02SE5",32.73616,-3.98711,2021,"Spring",38,43,625,14,706,720,0.053824363,0.060906516,0.114730878,0.885269122,"Alluvial spread area"
"VB02SE5",32.73616,-3.98711,2021,"Summer",31,76,596,17,703,720,0.044096728,0.108108108,0.152204836,0.847795164,"Alluvial spread area"
"VB02SE5",32.73616,-3.98711,2021,"Fall",4,83,616,17,703,720,0.0056899,0.118065434,0.123755334,0.876244666,"Alluvial spread area"
"VB02SE5",32.73616,-3.98711,2021,"Winter",4,83,623,10,710,720,0.005633803,0.116901408,0.122535211,0.877464789,"Alluvial spread area"
"VB02SE5",32.73616,-3.98711,2022,"Spring",4,99,609,8,712,720,0.005617978,0.139044944,0.144662921,0.855337079,"Alluvial spread area"
"VB02SE5",32.73616,-3.98711,2022,"Summer",2,89,621,8,712,720,0.002808989,0.125,0.127808989,0.872191011,"Alluvial spread area"
"VB02SE5",32.73616,-3.98711,2022,"Fall",3,51,646,20,700,720,0.004285714,0.072857143,0.077142857,0.922857143,"Alluvial spread area"
"VB02SE5",32.73616,-3.98711,2022,"Winter",4,66,630,20,700,720,0.005714286,0.094285714,0.1,0.9,"Alluvial spread area"
"VB02SE5",32.73616,-3.98711,2023,"Spring",0,61,642,17,703,720,0,0.086770982,0.086770982,0.913229018,"Alluvial spread area"
"VB02SE5",32.73616,-3.98711,2023,"Summer",3,48,649,20,700,720,0.004285714,0.068571429,0.072857143,0.927142857,"Alluvial spread area"
"VB02SE5",32.73616,-3.98711,2023,"Fall",8,59,634,19,701,720,0.011412268,0.084165478,0.095577746,0.904422254,"Alluvial spread area"
"VB02SE5",32.73616,-3.98711,2023,"Winter",0,37,671,12,708,720,0,0.052259887,0.052259887,0.947740113,"Alluvial spread area"
"VB14SW1",32.92851,-3.95083,2016,"Spring",0,6,367,0,373,373,0,0.016085791,0.016085791,0.983914209,"Reg"
"VB14SW1",32.92851,-3.95083,2016,"Summer",0,13,345,2,358,360,0,0.036312849,0.036312849,0.963687151,"Reg"
"VB14SW1",32.92851,-3.95083,2016,"Fall",0,5,355,0,360,360,0,0.013888889,0.013888889,0.986111111,"Reg"
"VB14SW1",32.92851,-3.95083,2016,"Winter",0,4,356,0,360,360,0,0.011111111,0.011111111,0.988888889,"Reg"
"VB14SW1",32.92851,-3.95083,2017,"Spring",8,10,697,5,715,720,0.011188811,0.013986014,0.025174825,0.974825175,"Reg"
"VB14SW1",32.92851,-3.95083,2017,"Summer",3,6,709,2,718,720,0.004178273,0.008356546,0.012534819,0.987465181,"Reg"
"VB14SW1",32.92851,-3.95083,2017,"Fall",0,11,634,75,645,720,0,0.017054264,0.017054264,0.982945736,"Reg"
"VB14SW1",32.92851,-3.95083,2017,"Winter",2,16,697,5,715,720,0.002797203,0.022377622,0.025174825,0.974825175,"Reg"
"VB14SW1",32.92851,-3.95083,2018,"Spring",0,14,706,0,720,720,0,0.019444444,0.019444444,0.980555556,"Reg"
"VB14SW1",32.92851,-3.95083,2018,"Summer",4,4,712,0,720,720,0.005555556,0.005555556,0.011111111,0.988888889,"Reg"
"VB14SW1",32.92851,-3.95083,2018,"Fall",5,16,692,7,713,720,0.007012623,0.022440393,0.029453015,0.970546985,"Reg"
"VB14SW1",32.92851,-3.95083,2018,"Winter",3,8,708,1,719,720,0.004172462,0.011126565,0.015299026,0.984700974,"Reg"
"VB14SW1",32.92851,-3.95083,2019,"Spring",1,16,703,0,720,720,0.001388889,0.022222222,0.023611111,0.976388889,"Reg"
"VB14SW1",32.92851,-3.95083,2019,"Summer",0,4,713,3,717,720,0,0.005578801,0.005578801,0.994421199,"Reg"
"VB14SW1",32.92851,-3.95083,2019,"Fall",0,5,713,2,718,720,0,0.006963788,0.006963788,0.993036212,"Reg"
"VB14SW1",32.92851,-3.95083,2019,"Winter",0,5,715,0,720,720,0,0.006944444,0.006944444,0.993055556,"Reg"
"VB14SW1",32.92851,-3.95083,2020,"Spring",9,7,702,2,718,720,0.012534819,0.009749304,0.022284123,0.977715877,"Reg"
"VB14SW1",32.92851,-3.95083,2020,"Summer",1,6,712,1,719,720,0.001390821,0.008344924,0.009735744,0.990264256,"Reg"
"VB14SW1",32.92851,-3.95083,2020,"Fall",2,14,702,2,718,720,0.002785515,0.019498607,0.022284123,0.977715877,"Reg"
"VB14SW1",32.92851,-3.95083,2020,"Winter",1,7,711,1,719,720,0.001390821,0.009735744,0.011126565,0.988873435,"Reg"
"VB14SW1",32.92851,-3.95083,2021,"Spring",12,8,698,2,718,720,0.016713092,0.011142061,0.027855153,0.972144847,"Reg"
"VB14SW1",32.92851,-3.95083,2021,"Summer",8,11,701,0,720,720,0.011111111,0.015277778,0.026388889,0.973611111,"Reg"
"VB14SW1",32.92851,-3.95083,2021,"Fall",0,17,700,3,717,720,0,0.023709902,0.023709902,0.976290098,"Reg"
"VB14SW1",32.92851,-3.95083,2021,"Winter",0,5,714,1,719,720,0,0.006954103,0.006954103,0.993045897,"Reg"
"VB14SW1",32.92851,-3.95083,2022,"Spring",2,16,699,3,717,720,0.0027894,0.022315202,0.025104603,0.974895397,"Reg"
"VB14SW1",32.92851,-3.95083,2022,"Summer",0,11,705,4,716,720,0,0.015363128,0.015363128,0.984636872,"Reg"
"VB14SW1",32.92851,-3.95083,2022,"Fall",0,9,708,3,717,720,0,0.012552301,0.012552301,0.987447699,"Reg"
"VB14SW1",32.92851,-3.95083,2022,"Winter",0,13,700,7,713,720,0,0.018232819,0.018232819,0.981767181,"Reg"
"VB14SW1",32.92851,-3.95083,2023,"Spring",0,16,699,5,715,720,0,0.022377622,0.022377622,0.977622378,"Reg"
"VB14SW1",32.92851,-3.95083,2023,"Summer",7,3,710,0,720,720,0.009722222,0.004166667,0.013888889,0.986111111,"Reg"
"VB14SW1",32.92851,-3.95083,2023,"Fall",2,13,703,2,718,720,0.002785515,0.01810585,0.020891365,0.979108635,"Reg"
"VB14SW1",32.92851,-3.95083,2023,"Winter",0,5,709,6,714,720,0,0.007002801,0.007002801,0.992997199,"Reg"
"VB14SW2",32.92837,-3.9225,2016,"Spring",0,1,358,1,359,360,0,0.002785515,0.002785515,0.997214485,"Reg"
"VB14SW2",32.92837,-3.9225,2016,"Summer",0,9,348,3,357,360,0,0.025210084,0.025210084,0.974789916,"Reg"
"VB14SW2",32.92837,-3.9225,2016,"Fall",0,6,354,0,360,360,0,0.016666667,0.016666667,0.983333333,"Reg"
"VB14SW2",32.92837,-3.9225,2016,"Winter",0,5,355,0,360,360,0,0.013888889,0.013888889,0.986111111,"Reg"
"VB14SW2",32.92837,-3.9225,2017,"Spring",4,2,708,6,714,720,0.005602241,0.00280112,0.008403361,0.991596639,"Reg"
"VB14SW2",32.92837,-3.9225,2017,"Summer",11,5,701,3,717,720,0.015341702,0.006973501,0.022315202,0.977684798,"Reg"
"VB14SW2",32.92837,-3.9225,2017,"Fall",0,13,645,75,658,733,0,0.019756839,0.019756839,0.980243161,"Reg"
"VB14SW2",32.92837,-3.9225,2017,"Winter",6,7,704,3,717,720,0.008368201,0.009762901,0.018131102,0.981868898,"Reg"
"VB14SW2",32.92837,-3.9225,2018,"Spring",0,17,697,6,714,720,0,0.023809524,0.023809524,0.976190476,"Reg"
"VB14SW2",32.92837,-3.9225,2018,"Summer",7,7,704,2,718,720,0.009749304,0.009749304,0.019498607,0.980501393,"Reg"
"VB14SW2",32.92837,-3.9225,2018,"Fall",9,7,693,11,709,720,0.012693935,0.009873061,0.022566996,0.977433004,"Reg"
"VB14SW2",32.92837,-3.9225,2018,"Winter",16,3,693,8,712,720,0.02247191,0.004213483,0.026685393,0.973314607,"Reg"
"VB14SW2",32.92837,-3.9225,2019,"Spring",7,21,689,3,717,720,0.009762901,0.029288703,0.039051604,0.960948396,"Reg"
"VB14SW2",32.92837,-3.9225,2019,"Summer",3,15,700,2,718,720,0.004178273,0.020891365,0.025069638,0.974930362,"Reg"
"VB14SW2",32.92837,-3.9225,2019,"Fall",0,14,704,2,718,720,0,0.019498607,0.019498607,0.980501393,"Reg"
"VB14SW2",32.92837,-3.9225,2019,"Winter",1,11,707,1,719,720,0.001390821,0.015299026,0.016689847,0.983310153,"Reg"
"VB14SW2",32.92837,-3.9225,2020,"Spring",10,10,693,7,713,720,0.014025245,0.014025245,0.028050491,0.971949509,"Reg"
"VB14SW2",32.92837,-3.9225,2020,"Summer",6,13,692,9,711,720,0.008438819,0.018284107,0.026722925,0.973277075,"Reg"
"VB14SW2",32.92837,-3.9225,2020,"Fall",5,27,683,5,715,720,0.006993007,0.037762238,0.044755245,0.955244755,"Reg"
"VB14SW2",32.92837,-3.9225,2020,"Winter",1,8,706,5,715,720,0.001398601,0.011188811,0.012587413,0.987412587,"Reg"
"VB14SW2",32.92837,-3.9225,2021,"Spring",10,14,690,6,714,720,0.014005602,0.019607843,0.033613445,0.966386555,"Reg"
"VB14SW2",32.92837,-3.9225,2021,"Summer",14,14,686,6,714,720,0.019607843,0.019607843,0.039215686,0.960784314,"Reg"
"VB14SW2",32.92837,-3.9225,2021,"Fall",8,14,689,9,711,720,0.011251758,0.019690577,0.030942335,0.969057665,"Reg"
"VB14SW2",32.92837,-3.9225,2021,"Winter",0,20,700,0,720,720,0,0.027777778,0.027777778,0.972222222,"Reg"
"VB14SW2",32.92837,-3.9225,2022,"Spring",0,24,687,9,711,720,0,0.033755274,0.033755274,0.966244726,"Reg"
"VB14SW2",32.92837,-3.9225,2022,"Summer",0,10,702,8,712,720,0,0.014044944,0.014044944,0.985955056,"Reg"
"VB14SW2",32.92837,-3.9225,2022,"Fall",3,19,692,6,714,720,0.004201681,0.026610644,0.030812325,0.969187675,"Reg"
"VB14SW2",32.92837,-3.9225,2022,"Winter",1,19,689,11,709,720,0.001410437,0.026798307,0.028208745,0.971791255,"Reg"
"VB14SW2",32.92837,-3.9225,2023,"Spring",0,12,704,4,716,720,0,0.016759777,0.016759777,0.983240223,"Reg"
"VB14SW2",32.92837,-3.9225,2023,"Summer",4,12,697,7,713,720,0.005610098,0.016830295,0.022440393,0.977559607,"Reg"
"VB14SW2",32.92837,-3.9225,2023,"Fall",8,9,701,2,718,720,0.011142061,0.012534819,0.02367688,0.97632312,"Reg"
"VB14SW2",32.92837,-3.9225,2023,"Winter",0,8,707,5,715,720,0,0.011188811,0.011188811,0.988811189,"Reg"
"VB14SW3",32.90524,-3.92202,2016,"Spring",0,22,335,3,357,360,0,0.06162465,0.06162465,0.93837535,"Reg"
"VB14SW3",32.90524,-3.92202,2016,"Summer",1,15,342,2,358,360,0.002793296,0.041899441,0.044692737,0.955307263,"Reg"
"VB14SW3",32.90524,-3.92202,2016,"Fall",0,11,349,0,360,360,0,0.030555556,0.030555556,0.969444444,"Reg"
"VB14SW3",32.90524,-3.92202,2016,"Winter",0,4,356,0,360,360,0,0.011111111,0.011111111,0.988888889,"Reg"
"VB14SW3",32.90524,-3.92202,2017,"Spring",22,22,658,18,702,720,0.031339031,0.031339031,0.062678063,0.937321937,"Reg"
"VB14SW3",32.90524,-3.92202,2017,"Summer",19,10,679,12,708,720,0.026836158,0.014124294,0.040960452,0.959039548,"Reg"
"VB14SW3",32.90524,-3.92202,2017,"Fall",6,4,637,73,647,720,0.00927357,0.00618238,0.015455951,0.984544049,"Reg"
"VB14SW3",32.90524,-3.92202,2017,"Winter",21,34,657,8,712,720,0.029494382,0.047752809,0.077247191,0.922752809,"Reg"
"VB14SW3",32.90524,-3.92202,2018,"Spring",4,38,676,2,718,720,0.005571031,0.052924791,0.058495822,0.941504178,"Reg"
"VB14SW3",32.90524,-3.92202,2018,"Summer",44,21,650,5,715,720,0.061538462,0.029370629,0.090909091,0.909090909,"Reg"
"VB14SW3",32.90524,-3.92202,2018,"Fall",37,6,669,8,712,720,0.051966292,0.008426966,0.060393258,0.939606742,"Reg"
"VB14SW3",32.90524,-3.92202,2018,"Winter",17,3,690,10,710,720,0.023943662,0.004225352,0.028169014,0.971830986,"Reg"
"VB14SW3",32.90524,-3.92202,2019,"Spring",6,26,681,7,713,720,0.008415147,0.036465638,0.044880785,0.955119215,"Reg"
"VB14SW3",32.90524,-3.92202,2019,"Summer",8,26,681,5,715,720,0.011188811,0.036363636,0.047552448,0.952447552,"Reg"
"VB14SW3",32.90524,-3.92202,2019,"Fall",3,24,689,4,716,720,0.004189944,0.033519553,0.037709497,0.962290503,"Reg"
"VB14SW3",32.90524,-3.92202,2019,"Winter",4,34,676,6,714,720,0.005602241,0.047619048,0.053221289,0.946778711,"Reg"
"VB14SW3",32.90524,-3.92202,2020,"Spring",26,29,652,13,707,720,0.036775106,0.041018388,0.077793494,0.922206506,"Reg"
"VB14SW3",32.90524,-3.92202,2020,"Summer",20,33,649,18,702,720,0.028490028,0.047008547,0.075498575,0.924501425,"Reg"
"VB14SW3",32.90524,-3.92202,2020,"Fall",23,24,664,9,711,720,0.032348805,0.033755274,0.066104079,0.933895921,"Reg"
"VB14SW3",32.90524,-3.92202,2020,"Winter",18,29,662,11,709,720,0.02538787,0.04090268,0.06629055,0.93370945,"Reg"
"VB14SW3",32.90524,-3.92202,2021,"Spring",33,21,659,7,713,720,0.04628331,0.029453015,0.075736325,0.924263675,"Reg"
"VB14SW3",32.90524,-3.92202,2021,"Summer",16,25,662,17,703,720,0.022759602,0.035561878,0.058321479,0.941678521,"Reg"
"VB14SW3",32.90524,-3.92202,2021,"Fall",19,32,659,10,710,720,0.026760563,0.045070423,0.071830986,0.928169014,"Reg"
"VB14SW3",32.90524,-3.92202,2021,"Winter",0,34,683,3,717,720,0,0.047419805,0.047419805,0.952580195,"Reg"
"VB14SW3",32.90524,-3.92202,2022,"Spring",0,28,684,8,712,720,0,0.039325843,0.039325843,0.960674157,"Reg"
"VB14SW3",32.90524,-3.92202,2022,"Summer",9,27,665,19,701,720,0.012838802,0.038516405,0.051355207,0.948644793,"Reg"
"VB14SW3",32.90524,-3.92202,2022,"Fall",16,26,670,8,712,720,0.02247191,0.036516854,0.058988764,0.941011236,"Reg"
"VB14SW3",32.90524,-3.92202,2022,"Winter",11,32,656,21,699,720,0.015736767,0.045779685,0.061516452,0.938483548,"Reg"
"VB14SW3",32.90524,-3.92202,2023,"Spring",0,18,691,11,709,720,0,0.02538787,0.02538787,0.97461213,"Reg"
"VB14SW3",32.90524,-3.92202,2023,"Summer",17,18,675,10,710,720,0.023943662,0.025352113,0.049295775,0.950704225,"Reg"
"VB14SW3",32.90524,-3.92202,2023,"Fall",51,24,637,8,712,720,0.071629213,0.033707865,0.105337079,0.894662921,"Reg"
"VB14SW3",32.90524,-3.92202,2023,"Winter",11,16,679,14,706,720,0.015580737,0.02266289,0.038243626,0.961756374,"Reg"
"VB14SW4",32.90565,-3.94929,2016,"Spring",0,12,344,4,356,360,0,0.033707865,0.033707865,0.966292135,"Alluvial spread area"
"VB14SW4",32.90565,-3.94929,2016,"Summer",0,25,334,1,359,360,0,0.069637883,0.069637883,0.930362117,"Alluvial spread area"
"VB14SW4",32.90565,-3.94929,2016,"Fall",0,11,347,2,358,360,0,0.030726257,0.030726257,0.969273743,"Alluvial spread area"
"VB14SW4",32.90565,-3.94929,2016,"Winter",0,5,354,1,359,360,0,0.013927577,0.013927577,0.986072423,"Alluvial spread area"
"VB14SW4",32.90565,-3.94929,2017,"Spring",9,20,685,6,714,720,0.012605042,0.028011204,0.040616246,0.959383754,"Alluvial spread area"
"VB14SW4",32.90565,-3.94929,2017,"Summer",10,15,686,9,711,720,0.014064698,0.021097046,0.035161744,0.964838256,"Alluvial spread area"
"VB14SW4",32.90565,-3.94929,2017,"Fall",0,9,659,52,668,720,0,0.013473054,0.013473054,0.986526946,"Alluvial spread area"
"VB14SW4",32.90565,-3.94929,2017,"Winter",8,20,687,5,715,720,0.011188811,0.027972028,0.039160839,0.960839161,"Alluvial spread area"
"VB14SW4",32.90565,-3.94929,2018,"Spring",1,27,684,8,712,720,0.001404494,0.037921348,0.039325843,0.960674157,"Alluvial spread area"
"VB14SW4",32.90565,-3.94929,2018,"Summer",5,14,700,1,719,720,0.006954103,0.019471488,0.026425591,0.973574409,"Alluvial spread area"
"VB14SW4",32.90565,-3.94929,2018,"Fall",10,12,695,3,717,720,0.013947001,0.016736402,0.030683403,0.969316597,"Alluvial spread area"
"VB14SW4",32.90565,-3.94929,2018,"Winter",17,11,683,9,711,720,0.023909986,0.015471167,0.039381153,0.960618847,"Alluvial spread area"
"VB14SW4",32.90565,-3.94929,2019,"Spring",0,22,690,8,712,720,0,0.030898876,0.030898876,0.969101124,"Alluvial spread area"
"VB14SW4",32.90565,-3.94929,2019,"Summer",0,26,684,10,710,720,0,0.036619718,0.036619718,0.963380282,"Alluvial spread area"
"VB14SW4",32.90565,-3.94929,2019,"Fall",0,8,705,7,713,720,0,0.011220196,0.011220196,0.988779804,"Alluvial spread area"
"VB14SW4",32.90565,-3.94929,2019,"Winter",0,18,699,3,717,720,0,0.025104603,0.025104603,0.974895397,"Alluvial spread area"
"VB14SW4",32.90565,-3.94929,2020,"Spring",8,7,692,13,707,720,0.011315417,0.00990099,0.021216407,0.978783593,"Alluvial spread area"
"VB14SW4",32.90565,-3.94929,2020,"Summer",2,16,690,12,708,720,0.002824859,0.02259887,0.025423729,0.974576271,"Alluvial spread area"
"VB14SW4",32.90565,-3.94929,2020,"Fall",1,17,691,11,709,720,0.001410437,0.023977433,0.02538787,0.97461213,"Alluvial spread area"
"VB14SW4",32.90565,-3.94929,2020,"Winter",4,13,696,7,713,720,0.005610098,0.018232819,0.023842917,0.976157083,"Alluvial spread area"
"VB14SW4",32.90565,-3.94929,2021,"Spring",13,10,696,1,719,720,0.018080668,0.013908206,0.031988873,0.968011127,"Alluvial spread area"
"VB14SW4",32.90565,-3.94929,2021,"Summer",22,7,684,7,713,720,0.03085554,0.009817672,0.040673212,0.959326788,"Alluvial spread area"
"VB14SW4",32.90565,-3.94929,2021,"Fall",5,23,681,11,709,720,0.007052186,0.032440056,0.039492243,0.960507757,"Alluvial spread area"
"VB14SW4",32.90565,-3.94929,2021,"Winter",0,43,669,8,712,720,0,0.060393258,0.060393258,0.939606742,"Alluvial spread area"
"VB14SW4",32.90565,-3.94929,2022,"Spring",1,22,693,4,716,720,0.001396648,0.030726257,0.032122905,0.967877095,"Alluvial spread area"
"VB14SW4",32.90565,-3.94929,2022,"Summer",3,21,689,7,713,720,0.004207574,0.029453015,0.033660589,0.966339411,"Alluvial spread area"
"VB14SW4",32.90565,-3.94929,2022,"Fall",2,15,697,6,714,720,0.00280112,0.021008403,0.023809524,0.976190476,"Alluvial spread area"
"VB14SW4",32.90565,-3.94929,2022,"Winter",1,14,695,10,710,720,0.001408451,0.01971831,0.021126761,0.978873239,"Alluvial spread area"
"VB14SW4",32.90565,-3.94929,2023,"Spring",0,18,695,7,713,720,0,0.025245442,0.025245442,0.974754558,"Alluvial spread area"
"VB14SW4",32.90565,-3.94929,2023,"Summer",8,15,689,8,712,720,0.011235955,0.021067416,0.032303371,0.967696629,"Alluvial spread area"
"VB14SW4",32.90565,-3.94929,2023,"Fall",16,20,673,11,709,720,0.022566996,0.028208745,0.05077574,0.94922426,"Alluvial spread area"
"VB14SW4",32.90565,-3.94929,2023,"Winter",0,7,708,5,715,720,0,0.00979021,0.00979021,0.99020979,"Alluvial spread area"
"VB14SW5",32.91688,-3.93535,2016,"Spring",0,28,328,4,356,360,0,0.078651685,0.078651685,0.921348315,"Reg"
"VB14SW5",32.91688,-3.93535,2016,"Summer",0,50,310,0,360,360,0,0.138888889,0.138888889,0.861111111,"Reg"
"VB14SW5",32.91688,-3.93535,2016,"Fall",4,37,315,4,356,360,0.011235955,0.103932584,0.115168539,0.884831461,"Reg"
"VB14SW5",32.91688,-3.93535,2016,"Winter",0,34,326,0,360,360,0,0.094444444,0.094444444,0.905555556,"Reg"
"VB14SW5",32.91688,-3.93535,2017,"Spring",16,29,660,15,705,720,0.022695035,0.041134752,0.063829787,0.936170213,"Reg"
"VB14SW5",32.91688,-3.93535,2017,"Summer",28,14,667,11,709,720,0.039492243,0.019746121,0.059238364,0.940761636,"Reg"
"VB14SW5",32.91688,-3.93535,2017,"Fall",1,8,621,129,630,759,0.001587302,0.012698413,0.014285714,0.985714286,"Reg"
"VB14SW5",32.91688,-3.93535,2017,"Winter",27,24,663,6,714,720,0.037815126,0.033613445,0.071428571,0.928571429,"Reg"
"VB14SW5",32.91688,-3.93535,2018,"Spring",4,60,641,15,705,720,0.005673759,0.085106383,0.090780142,0.909219858,"Reg"
"VB14SW5",32.91688,-3.93535,2018,"Summer",47,35,631,7,713,720,0.065918654,0.049088359,0.115007013,0.884992987,"Reg"
"VB14SW5",32.91688,-3.93535,2018,"Fall",45,14,648,13,707,720,0.063649222,0.01980198,0.083451202,0.916548798,"Reg"
"VB14SW5",32.91688,-3.93535,2018,"Winter",25,13,667,15,705,720,0.035460993,0.018439716,0.053900709,0.946099291,"Reg"
"VB14SW5",32.91688,-3.93535,2019,"Spring",18,23,673,6,714,720,0.025210084,0.032212885,0.057422969,0.942577031,"Reg"
"VB14SW5",32.91688,-3.93535,2019,"Summer",7,33,670,10,710,720,0.009859155,0.046478873,0.056338028,0.943661972,"Reg"
"VB14SW5",32.91688,-3.93535,2019,"Fall",8,26,679,7,713,720,0.011220196,0.036465638,0.047685835,0.952314165,"Reg"
"VB14SW5",32.91688,-3.93535,2019,"Winter",7,22,689,2,718,720,0.009749304,0.030640669,0.040389972,0.959610028,"Reg"
"VB14SW5",32.91688,-3.93535,2020,"Spring",26,26,653,15,705,720,0.036879433,0.036879433,0.073758865,0.926241135,"Reg"
"VB14SW5",32.91688,-3.93535,2020,"Summer",6,26,669,19,701,720,0.008559201,0.037089872,0.045649073,0.954350927,"Reg"
"VB14SW5",32.91688,-3.93535,2020,"Fall",18,30,660,12,708,720,0.025423729,0.042372881,0.06779661,0.93220339,"Reg"
"VB14SW5",32.91688,-3.93535,2020,"Winter",13,38,658,11,709,720,0.018335684,0.053596615,0.071932299,0.928067701,"Reg"
"VB14SW5",32.91688,-3.93535,2021,"Spring",60,71,577,12,708,720,0.084745763,0.100282486,0.185028249,0.814971751,"Reg"
"VB14SW5",32.91688,-3.93535,2021,"Summer",44,30,636,10,710,720,0.061971831,0.042253521,0.104225352,0.895774648,"Reg"
"VB14SW5",32.91688,-3.93535,2021,"Fall",21,49,629,21,699,720,0.030042918,0.070100143,0.100143062,0.899856938,"Reg"
"VB14SW5",32.91688,-3.93535,2021,"Winter",8,62,639,11,709,720,0.011283498,0.087447109,0.098730606,0.901269394,"Reg"
"VB14SW5",32.91688,-3.93535,2022,"Spring",3,33,673,11,709,720,0.004231312,0.046544429,0.05077574,0.94922426,"Reg"
"VB14SW5",32.91688,-3.93535,2022,"Summer",8,24,676,12,708,720,0.011299435,0.033898305,0.04519774,0.95480226,"Reg"
"VB14SW5",32.91688,-3.93535,2022,"Fall",20,43,650,7,713,720,0.028050491,0.060308555,0.088359046,0.911640954,"Reg"
"VB14SW5",32.91688,-3.93535,2022,"Winter",7,40,647,26,694,720,0.010086455,0.057636888,0.067723343,0.932276657,"Reg"
"VB14SW5",32.91688,-3.93535,2023,"Spring",7,49,649,15,705,720,0.009929078,0.069503546,0.079432624,0.920567376,"Reg"
"VB14SW5",32.91688,-3.93535,2023,"Summer",21,36,653,10,710,720,0.029577465,0.050704225,0.08028169,0.91971831,"Reg"
"VB14SW5",32.91688,-3.93535,2023,"Fall",33,24,654,9,711,720,0.046413502,0.033755274,0.080168776,0.919831224,"Reg"
"VB14SW5",32.91688,-3.93535,2023,"Winter",4,37,671,8,712,720,0.005617978,0.051966292,0.05758427,0.94241573,"Reg"
"VB17NW1",33.24372,-3.95266,2016,"Spring",0,8,351,1,359,360,0,0.022284123,0.022284123,0.977715877,"Reg"
"VB17NW1",33.24372,-3.95266,2016,"Summer",0,4,356,0,360,360,0,0.011111111,0.011111111,0.988888889,"Reg"
"VB17NW1",33.24372,-3.95266,2016,"Fall",0,9,351,0,360,360,0,0.025,0.025,0.975,"Reg"
"VB17NW1",33.24372,-3.95266,2016,"Winter",0,0,360,0,360,360,0,0,0,1,"Reg"
"VB17NW1",33.24372,-3.95266,2017,"Spring",2,1,717,0,720,720,0.002777778,0.001388889,0.004166667,0.995833333,"Reg"
"VB17NW1",33.24372,-3.95266,2017,"Summer",2,3,711,4,716,720,0.002793296,0.004189944,0.00698324,0.99301676,"Reg"
"VB17NW1",33.24372,-3.95266,2017,"Fall",0,3,672,45,675,720,0,0.004444444,0.004444444,0.995555556,"Reg"
"VB17NW1",33.24372,-3.95266,2017,"Winter",0,3,715,2,718,720,0,0.004178273,0.004178273,0.995821727,"Reg"
"VB17NW1",33.24372,-3.95266,2018,"Spring",0,5,713,2,718,720,0,0.006963788,0.006963788,0.993036212,"Reg"
"VB17NW1",33.24372,-3.95266,2018,"Summer",6,2,710,2,718,720,0.008356546,0.002785515,0.011142061,0.988857939,"Reg"
"VB17NW1",33.24372,-3.95266,2018,"Fall",4,6,706,4,716,720,0.005586592,0.008379888,0.01396648,0.98603352,"Reg"
"VB17NW1",33.24372,-3.95266,2018,"Winter",2,2,712,4,716,720,0.002793296,0.002793296,0.005586592,0.994413408,"Reg"
"VB17NW1",33.24372,-3.95266,2019,"Spring",0,4,714,2,718,720,0,0.005571031,0.005571031,0.994428969,"Reg"
"VB17NW1",33.24372,-3.95266,2019,"Summer",0,1,717,2,718,720,0,0.001392758,0.001392758,0.998607242,"Reg"
"VB17NW1",33.24372,-3.95266,2019,"Fall",0,3,717,0,720,720,0,0.004166667,0.004166667,0.995833333,"Reg"
"VB17NW1",33.24372,-3.95266,2019,"Winter",0,9,711,0,720,720,0,0.0125,0.0125,0.9875,"Reg"
"VB17NW1",33.24372,-3.95266,2020,"Spring",3,3,713,1,719,720,0.004172462,0.004172462,0.008344924,0.991655076,"Reg"
"VB17NW1",33.24372,-3.95266,2020,"Summer",1,3,715,1,719,720,0.001390821,0.004172462,0.005563282,0.994436718,"Reg"
"VB17NW1",33.24372,-3.95266,2020,"Fall",0,4,713,3,717,720,0,0.005578801,0.005578801,0.994421199,"Reg"
"VB17NW1",33.24372,-3.95266,2020,"Winter",0,10,706,4,716,720,0,0.01396648,0.01396648,0.98603352,"Reg"
"VB17NW1",33.24372,-3.95266,2021,"Spring",5,3,710,2,718,720,0.006963788,0.004178273,0.011142061,0.988857939,"Reg"
"VB17NW1",33.24372,-3.95266,2021,"Summer",3,4,711,2,718,720,0.004178273,0.005571031,0.009749304,0.990250696,"Reg"
"VB17NW1",33.24372,-3.95266,2021,"Fall",0,12,708,0,720,720,0,0.016666667,0.016666667,0.983333333,"Reg"
"VB17NW1",33.24372,-3.95266,2021,"Winter",0,5,714,1,719,720,0,0.006954103,0.006954103,0.993045897,"Reg"
"VB17NW1",33.24372,-3.95266,2022,"Spring",0,4,716,0,720,720,0,0.005555556,0.005555556,0.994444444,"Reg"
"VB17NW1",33.24372,-3.95266,2022,"Summer",0,6,714,0,720,720,0,0.008333333,0.008333333,0.991666667,"Reg"
"VB17NW1",33.24372,-3.95266,2022,"Fall",0,5,715,0,720,720,0,0.006944444,0.006944444,0.993055556,"Reg"
"VB17NW1",33.24372,-3.95266,2022,"Winter",0,12,703,5,715,720,0,0.016783217,0.016783217,0.983216783,"Reg"
"VB17NW1",33.24372,-3.95266,2023,"Spring",0,5,713,2,718,720,0,0.006963788,0.006963788,0.993036212,"Reg"
"VB17NW1",33.24372,-3.95266,2023,"Summer",1,1,717,1,719,720,0.001390821,0.001390821,0.002781641,0.997218359,"Reg"
"VB17NW1",33.24372,-3.95266,2023,"Fall",0,13,706,1,719,720,0,0.018080668,0.018080668,0.981919332,"Reg"
"VB17NW1",33.24372,-3.95266,2023,"Winter",0,2,718,0,720,720,0,0.002777778,0.002777778,0.997222222,"Reg"
"VB17NW2",33.24394,-3.92644,2016,"Spring",0,1,359,0,360,360,0,0.002777778,0.002777778,0.997222222,"Reg"
"VB17NW2",33.24394,-3.92644,2016,"Summer",0,2,358,0,360,360,0,0.005555556,0.005555556,0.994444444,"Reg"
"VB17NW2",33.24394,-3.92644,2016,"Fall",0,2,358,0,360,360,0,0.005555556,0.005555556,0.994444444,"Reg"
"VB17NW2",33.24394,-3.92644,2016,"Winter",0,5,355,0,360,360,0,0.013888889,0.013888889,0.986111111,"Reg"
"VB17NW2",33.24394,-3.92644,2017,"Spring",5,3,709,3,717,720,0.006973501,0.0041841,0.011157601,0.988842399,"Reg"
"VB17NW2",33.24394,-3.92644,2017,"Summer",6,6,706,2,718,720,0.008356546,0.008356546,0.016713092,0.983286908,"Reg"
"VB17NW2",33.24394,-3.92644,2017,"Fall",0,2,674,44,676,720,0,0.00295858,0.00295858,0.99704142,"Reg"
"VB17NW2",33.24394,-3.92644,2017,"Winter",4,6,710,0,720,720,0.005555556,0.008333333,0.013888889,0.986111111,"Reg"
"VB17NW2",33.24394,-3.92644,2018,"Spring",0,3,716,1,719,720,0,0.004172462,0.004172462,0.995827538,"Reg"
"VB17NW2",33.24394,-3.92644,2018,"Summer",0,3,715,2,718,720,0,0.004178273,0.004178273,0.995821727,"Reg"
"VB17NW2",33.24394,-3.92644,2018,"Fall",3,3,712,2,718,720,0.004178273,0.004178273,0.008356546,0.991643454,"Reg"
"VB17NW2",33.24394,-3.92644,2018,"Winter",1,5,709,5,715,720,0.001398601,0.006993007,0.008391608,0.991608392,"Reg"
"VB17NW2",33.24394,-3.92644,2019,"Spring",0,5,714,1,719,720,0,0.006954103,0.006954103,0.993045897,"Reg"
"VB17NW2",33.24394,-3.92644,2019,"Summer",0,12,706,2,718,720,0,0.016713092,0.016713092,0.983286908,"Reg"
"VB17NW2",33.24394,-3.92644,2019,"Fall",0,5,714,1,719,720,0,0.006954103,0.006954103,0.993045897,"Reg"
"VB17NW2",33.24394,-3.92644,2019,"Winter",0,5,715,0,720,720,0,0.006944444,0.006944444,0.993055556,"Reg"
"VB17NW2",33.24394,-3.92644,2020,"Spring",2,2,715,1,719,720,0.002781641,0.002781641,0.005563282,0.994436718,"Reg"
"VB17NW2",33.24394,-3.92644,2020,"Summer",6,10,699,5,715,720,0.008391608,0.013986014,0.022377622,0.977622378,"Reg"
"VB17NW2",33.24394,-3.92644,2020,"Fall",0,9,711,0,720,720,0,0.0125,0.0125,0.9875,"Reg"
"VB17NW2",33.24394,-3.92644,2020,"Winter",0,8,708,4,716,720,0,0.011173184,0.011173184,0.988826816,"Reg"
"VB17NW2",33.24394,-3.92644,2021,"Spring",6,3,710,1,719,720,0.008344924,0.004172462,0.012517385,0.987482615,"Reg"
"VB17NW2",33.24394,-3.92644,2021,"Summer",10,2,702,6,714,720,0.014005602,0.00280112,0.016806723,0.983193277,"Reg"
"VB17NW2",33.24394,-3.92644,2021,"Fall",0,10,709,1,719,720,0,0.013908206,0.013908206,0.986091794,"Reg"
"VB17NW2",33.24394,-3.92644,2021,"Winter",0,10,709,1,719,720,0,0.013908206,0.013908206,0.986091794,"Reg"
"VB17NW2",33.24394,-3.92644,2022,"Spring",0,6,713,1,719,720,0,0.008344924,0.008344924,0.991655076,"Reg"
"VB17NW2",33.24394,-3.92644,2022,"Summer",0,7,712,1,719,720,0,0.009735744,0.009735744,0.990264256,"Reg"
"VB17NW2",33.24394,-3.92644,2022,"Fall",0,9,710,1,719,720,0,0.012517385,0.012517385,0.987482615,"Reg"
"VB17NW2",33.24394,-3.92644,2022,"Winter",0,8,709,3,717,720,0,0.011157601,0.011157601,0.988842399,"Reg"
"VB17NW2",33.24394,-3.92644,2023,"Spring",0,8,712,0,720,720,0,0.011111111,0.011111111,0.988888889,"Reg"
"VB17NW2",33.24394,-3.92644,2023,"Summer",3,8,705,4,716,720,0.004189944,0.011173184,0.015363128,0.984636872,"Reg"
"VB17NW2",33.24394,-3.92644,2023,"Fall",0,3,712,5,715,720,0,0.004195804,0.004195804,0.995804196,"Reg"
"VB17NW2",33.24394,-3.92644,2023,"Winter",0,5,715,0,720,720,0,0.006944444,0.006944444,0.993055556,"Reg"
"VB17NW3",33.22201,-3.92537,2016,"Spring",0,4,356,0,360,360,0,0.011111111,0.011111111,0.988888889,"Reg"
"VB17NW3",33.22201,-3.92537,2016,"Summer",0,4,356,0,360,360,0,0.011111111,0.011111111,0.988888889,"Reg"
"VB17NW3",33.22201,-3.92537,2016,"Fall",0,7,353,0,360,360,0,0.019444444,0.019444444,0.980555556,"Reg"
"VB17NW3",33.22201,-3.92537,2016,"Winter",0,1,359,0,360,360,0,0.002777778,0.002777778,0.997222222,"Reg"
"VB17NW3",33.22201,-3.92537,2017,"Spring",7,3,707,3,717,720,0.009762901,0.0041841,0.013947001,0.986052999,"Reg"
"VB17NW3",33.22201,-3.92537,2017,"Summer",2,7,709,2,718,720,0.002785515,0.009749304,0.012534819,0.987465181,"Reg"
"VB17NW3",33.22201,-3.92537,2017,"Fall",0,12,644,64,656,720,0,0.018292683,0.018292683,0.981707317,"Reg"
"VB17NW3",33.22201,-3.92537,2017,"Winter",2,6,711,1,719,720,0.002781641,0.008344924,0.011126565,0.988873435,"Reg"
"VB17NW3",33.22201,-3.92537,2018,"Spring",0,3,716,1,719,720,0,0.004172462,0.004172462,0.995827538,"Reg"
"VB17NW3",33.22201,-3.92537,2018,"Summer",5,1,710,4,716,720,0.00698324,0.001396648,0.008379888,0.991620112,"Reg"
"VB17NW3",33.22201,-3.92537,2018,"Fall",1,4,710,5,715,720,0.001398601,0.005594406,0.006993007,0.993006993,"Reg"
"VB17NW3",33.22201,-3.92537,2018,"Winter",7,2,706,5,715,720,0.00979021,0.002797203,0.012587413,0.987412587,"Reg"
"VB17NW3",33.22201,-3.92537,2019,"Spring",0,5,713,2,718,720,0,0.006963788,0.006963788,0.993036212,"Reg"
"VB17NW3",33.22201,-3.92537,2019,"Summer",0,3,716,1,719,720,0,0.004172462,0.004172462,0.995827538,"Reg"
"VB17NW3",33.22201,-3.92537,2019,"Fall",0,0,720,0,720,720,0,0,0,1,"Reg"
"VB17NW3",33.22201,-3.92537,2019,"Winter",0,4,716,0,720,720,0,0.005555556,0.005555556,0.994444444,"Reg"
"VB17NW3",33.22201,-3.92537,2020,"Spring",2,2,715,1,719,720,0.002781641,0.002781641,0.005563282,0.994436718,"Reg"
"VB17NW3",33.22201,-3.92537,2020,"Summer",3,9,704,4,716,720,0.004189944,0.012569832,0.016759777,0.983240223,"Reg"
"VB17NW3",33.22201,-3.92537,2020,"Fall",0,11,709,0,720,720,0,0.015277778,0.015277778,0.984722222,"Reg"
"VB17NW3",33.22201,-3.92537,2020,"Winter",1,10,707,2,718,720,0.001392758,0.013927577,0.015320334,0.984679666,"Reg"
"VB17NW3",33.22201,-3.92537,2021,"Spring",7,2,708,3,717,720,0.009762901,0.0027894,0.012552301,0.987447699,"Reg"
"VB17NW3",33.22201,-3.92537,2021,"Summer",8,5,704,3,717,720,0.011157601,0.006973501,0.018131102,0.981868898,"Reg"
"VB17NW3",33.22201,-3.92537,2021,"Fall",0,9,711,0,720,720,0,0.0125,0.0125,0.9875,"Reg"
"VB17NW3",33.22201,-3.92537,2021,"Winter",0,10,709,1,719,720,0,0.013908206,0.013908206,0.986091794,"Reg"
"VB17NW3",33.22201,-3.92537,2022,"Spring",0,10,708,2,718,720,0,0.013927577,0.013927577,0.986072423,"Reg"
"VB17NW3",33.22201,-3.92537,2022,"Summer",0,13,706,1,719,720,0,0.018080668,0.018080668,0.981919332,"Reg"
"VB17NW3",33.22201,-3.92537,2022,"Fall",0,2,716,2,718,720,0,0.002785515,0.002785515,0.997214485,"Reg"
"VB17NW3",33.22201,-3.92537,2022,"Winter",1,4,715,0,720,720,0.001388889,0.005555556,0.006944444,0.993055556,"Reg"
"VB17NW3",33.22201,-3.92537,2023,"Spring",0,7,710,3,717,720,0,0.009762901,0.009762901,0.990237099,"Reg"
"VB17NW3",33.22201,-3.92537,2023,"Summer",4,6,707,3,717,720,0.005578801,0.008368201,0.013947001,0.986052999,"Reg"
"VB17NW3",33.22201,-3.92537,2023,"Fall",0,8,711,1,719,720,0,0.011126565,0.011126565,0.988873435,"Reg"
"VB17NW3",33.22201,-3.92537,2023,"Winter",0,4,714,2,718,720,0,0.005571031,0.005571031,0.994428969,"Reg"
"VB17NW4",33.22181,-3.95174,2016,"Spring",0,4,356,0,360,360,0,0.011111111,0.011111111,0.988888889,"Reg"
"VB17NW4",33.22181,-3.95174,2016,"Summer",0,2,358,0,360,360,0,0.005555556,0.005555556,0.994444444,"Reg"
"VB17NW4",33.22181,-3.95174,2016,"Fall",0,1,359,0,360,360,0,0.002777778,0.002777778,0.997222222,"Reg"
"VB17NW4",33.22181,-3.95174,2016,"Winter",0,0,360,0,360,360,0,0,0,1,"Reg"
"VB17NW4",33.22181,-3.95174,2017,"Spring",1,3,715,1,719,720,0.001390821,0.004172462,0.005563282,0.994436718,"Reg"
"VB17NW4",33.22181,-3.95174,2017,"Summer",1,10,704,5,715,720,0.001398601,0.013986014,0.015384615,0.984615385,"Reg"
"VB17NW4",33.22181,-3.95174,2017,"Fall",0,2,642,76,644,720,0,0.00310559,0.00310559,0.99689441,"Reg"
"VB17NW4",33.22181,-3.95174,2017,"Winter",2,6,711,1,719,720,0.002781641,0.008344924,0.011126565,0.988873435,"Reg"
"VB17NW4",33.22181,-3.95174,2018,"Spring",1,5,713,1,719,720,0.001390821,0.006954103,0.008344924,0.991655076,"Reg"
"VB17NW4",33.22181,-3.95174,2018,"Summer",8,1,710,1,719,720,0.011126565,0.001390821,0.012517385,0.987482615,"Reg"
"VB17NW4",33.22181,-3.95174,2018,"Fall",3,1,715,1,719,720,0.004172462,0.001390821,0.005563282,0.994436718,"Reg"
"VB17NW4",33.22181,-3.95174,2018,"Winter",4,6,707,3,717,720,0.005578801,0.008368201,0.013947001,0.986052999,"Reg"
"VB17NW4",33.22181,-3.95174,2019,"Spring",0,6,713,1,719,720,0,0.008344924,0.008344924,0.991655076,"Reg"
"VB17NW4",33.22181,-3.95174,2019,"Summer",0,8,709,3,717,720,0,0.011157601,0.011157601,0.988842399,"Reg"
"VB17NW4",33.22181,-3.95174,2019,"Fall",0,4,716,0,720,720,0,0.005555556,0.005555556,0.994444444,"Reg"
"VB17NW4",33.22181,-3.95174,2019,"Winter",0,11,709,0,720,720,0,0.015277778,0.015277778,0.984722222,"Reg"
"VB17NW4",33.22181,-3.95174,2020,"Spring",11,8,700,1,719,720,0.015299026,0.011126565,0.026425591,0.973574409,"Reg"
"VB17NW4",33.22181,-3.95174,2020,"Summer",1,4,712,3,717,720,0.0013947,0.005578801,0.006973501,0.993026499,"Reg"
"VB17NW4",33.22181,-3.95174,2020,"Fall",0,11,708,1,719,720,0,0.015299026,0.015299026,0.984700974,"Reg"
"VB17NW4",33.22181,-3.95174,2020,"Winter",0,3,711,6,714,720,0,0.004201681,0.004201681,0.995798319,"Reg"
"VB17NW4",33.22181,-3.95174,2021,"Spring",8,7,705,0,720,720,0.011111111,0.009722222,0.020833333,0.979166667,"Reg"
"VB17NW4",33.22181,-3.95174,2021,"Summer",2,2,715,1,719,720,0.002781641,0.002781641,0.005563282,0.994436718,"Reg"
"VB17NW4",33.22181,-3.95174,2021,"Fall",0,14,706,0,720,720,0,0.019444444,0.019444444,0.980555556,"Reg"
"VB17NW4",33.22181,-3.95174,2021,"Winter",0,3,716,1,719,720,0,0.004172462,0.004172462,0.995827538,"Reg"
"VB17NW4",33.22181,-3.95174,2022,"Spring",0,6,710,4,716,720,0,0.008379888,0.008379888,0.991620112,"Reg"
"VB17NW4",33.22181,-3.95174,2022,"Summer",0,8,710,2,718,720,0,0.011142061,0.011142061,0.988857939,"Reg"
"VB17NW4",33.22181,-3.95174,2022,"Fall",1,2,716,1,719,720,0.001390821,0.002781641,0.004172462,0.995827538,"Reg"
"VB17NW4",33.22181,-3.95174,2022,"Winter",0,1,717,2,718,720,0,0.001392758,0.001392758,0.998607242,"Reg"
"VB17NW4",33.22181,-3.95174,2023,"Spring",0,2,715,3,717,720,0,0.0027894,0.0027894,0.9972106,"Reg"
"VB17NW4",33.22181,-3.95174,2023,"Summer",6,3,709,2,718,720,0.008356546,0.004178273,0.012534819,0.987465181,"Reg"
"VB17NW4",33.22181,-3.95174,2023,"Fall",0,3,716,1,719,720,0,0.004172462,0.004172462,0.995827538,"Reg"
"VB17NW4",33.22181,-3.95174,2023,"Winter",0,5,711,4,716,720,0,0.00698324,0.00698324,0.99301676,"Reg"
"VB17NW5",33.23245,-3.9387,2016,"Spring",0,6,354,0,360,360,0,0.016666667,0.016666667,0.983333333,"Reg"
"VB17NW5",33.23245,-3.9387,2016,"Summer",0,2,358,0,360,360,0,0.005555556,0.005555556,0.994444444,"Reg"
"VB17NW5",33.23245,-3.9387,2016,"Fall",0,4,356,0,360,360,0,0.011111111,0.011111111,0.988888889,"Reg"
"VB17NW5",33.23245,-3.9387,2016,"Winter",0,1,359,0,360,360,0,0.002777778,0.002777778,0.997222222,"Reg"
"VB17NW5",33.23245,-3.9387,2017,"Spring",1,7,708,4,716,720,0.001396648,0.009776536,0.011173184,0.988826816,"Reg"
"VB17NW5",33.23245,-3.9387,2017,"Summer",0,1,718,1,719,720,0,0.001390821,0.001390821,0.998609179,"Reg"
"VB17NW5",33.23245,-3.9387,2017,"Fall",0,4,677,39,681,720,0,0.005873715,0.005873715,0.994126285,"Reg"
"VB17NW5",33.23245,-3.9387,2017,"Winter",0,8,712,0,720,720,0,0.011111111,0.011111111,0.988888889,"Reg"
"VB17NW5",33.23245,-3.9387,2018,"Spring",0,5,713,2,718,720,0,0.006963788,0.006963788,0.993036212,"Reg"
"VB17NW5",33.23245,-3.9387,2018,"Summer",0,7,710,3,717,720,0,0.009762901,0.009762901,0.990237099,"Reg"
"VB17NW5",33.23245,-3.9387,2018,"Fall",0,5,714,1,719,720,0,0.006954103,0.006954103,0.993045897,"Reg"
"VB17NW5",33.23245,-3.9387,2018,"Winter",0,4,714,2,718,720,0,0.005571031,0.005571031,0.994428969,"Reg"
"VB17NW5",33.23245,-3.9387,2019,"Spring",0,6,713,1,719,720,0,0.008344924,0.008344924,0.991655076,"Reg"
"VB17NW5",33.23245,-3.9387,2019,"Summer",0,4,712,4,716,720,0,0.005586592,0.005586592,0.994413408,"Reg"
"VB17NW5",33.23245,-3.9387,2019,"Fall",0,8,709,3,717,720,0,0.011157601,0.011157601,0.988842399,"Reg"
"VB17NW5",33.23245,-3.9387,2019,"Winter",0,5,715,0,720,720,0,0.006944444,0.006944444,0.993055556,"Reg"
"VB17NW5",33.23245,-3.9387,2020,"Spring",3,6,711,0,720,720,0.004166667,0.008333333,0.0125,0.9875,"Reg"
"VB17NW5",33.23245,-3.9387,2020,"Summer",1,2,717,0,720,720,0.001388889,0.002777778,0.004166667,0.995833333,"Reg"
"VB17NW5",33.23245,-3.9387,2020,"Fall",0,6,710,4,716,720,0,0.008379888,0.008379888,0.991620112,"Reg"
"VB17NW5",33.23245,-3.9387,2020,"Winter",0,9,710,1,719,720,0,0.012517385,0.012517385,0.987482615,"Reg"
"VB17NW5",33.23245,-3.9387,2021,"Spring",1,7,711,1,719,720,0.001390821,0.009735744,0.011126565,0.988873435,"Reg"
"VB17NW5",33.23245,-3.9387,2021,"Summer",0,4,716,0,720,720,0,0.005555556,0.005555556,0.994444444,"Reg"
"VB17NW5",33.23245,-3.9387,2021,"Fall",0,3,717,0,720,720,0,0.004166667,0.004166667,0.995833333,"Reg"
"VB17NW5",33.23245,-3.9387,2021,"Winter",0,10,707,3,717,720,0,0.013947001,0.013947001,0.986052999,"Reg"
"VB17NW5",33.23245,-3.9387,2022,"Spring",0,3,716,1,719,720,0,0.004172462,0.004172462,0.995827538,"Reg"
"VB17NW5",33.23245,-3.9387,2022,"Summer",0,11,706,3,717,720,0,0.015341702,0.015341702,0.984658298,"Reg"
"VB17NW5",33.23245,-3.9387,2022,"Fall",0,4,714,2,718,720,0,0.005571031,0.005571031,0.994428969,"Reg"
"VB17NW5",33.23245,-3.9387,2022,"Winter",0,6,713,1,719,720,0,0.008344924,0.008344924,0.991655076,"Reg"
"VB17NW5",33.23245,-3.9387,2023,"Spring",0,3,716,1,719,720,0,0.004172462,0.004172462,0.995827538,"Reg"
"VB17NW5",33.23245,-3.9387,2023,"Summer",0,7,710,3,717,720,0,0.009762901,0.009762901,0.990237099,"Reg"
"VB17NW5",33.23245,-3.9387,2023,"Fall",1,3,715,1,719,720,0.001390821,0.004172462,0.005563282,0.994436718,"Reg"
"VB17NW5",33.23245,-3.9387,2023,"Winter",0,4,713,3,717,720,0,0.005578801,0.005578801,0.994421199,"Reg"
"VB84NW1",32.97655,-3.20103,2016,"Spring",8,100,239,13,347,360,0.023054755,0.288184438,0.311239193,0.688760807,"Reg"
"VB84NW1",32.97655,-3.20103,2016,"Summer",0,82,277,1,359,360,0,0.228412256,0.228412256,0.771587744,"Reg"
"VB84NW1",32.97655,-3.20103,2016,"Fall",0,34,326,0,360,360,0,0.094444444,0.094444444,0.905555556,"Reg"
"VB84NW1",32.97655,-3.20103,2016,"Winter",0,61,293,6,354,360,0,0.172316384,0.172316384,0.827683616,"Reg"
"VB84NW1",32.97655,-3.20103,2017,"Spring",45,91,567,17,703,720,0.06401138,0.129445235,0.193456615,0.806543385,"Reg"
"VB84NW1",32.97655,-3.20103,2017,"Summer",73,61,550,36,684,720,0.106725146,0.089181287,0.195906433,0.804093567,"Reg"
"VB84NW1",32.97655,-3.20103,2017,"Fall",0,35,624,243,659,902,0,0.053110774,0.053110774,0.946889226,"Reg"
"VB84NW1",32.97655,-3.20103,2017,"Winter",0,146,562,12,708,720,0,0.206214689,0.206214689,0.793785311,"Reg"
"VB84NW1",32.97655,-3.20103,2018,"Spring",3,136,579,2,718,720,0.004178273,0.189415042,0.193593315,0.806406685,"Reg"
"VB84NW1",32.97655,-3.20103,2018,"Summer",67,78,562,13,707,720,0.09476662,0.110325318,0.205091938,0.794908062,"Reg"
"VB84NW1",32.97655,-3.20103,2018,"Fall",40,55,592,33,687,720,0.058224163,0.080058224,0.138282387,0.861717613,"Reg"
"VB84NW1",32.97655,-3.20103,2018,"Winter",81,74,542,23,697,720,0.116212339,0.106169297,0.222381636,0.777618364,"Reg"
"VB84NW1",32.97655,-3.20103,2019,"Spring",23,127,545,25,695,720,0.033093525,0.182733813,0.215827338,0.784172662,"Reg"
"VB84NW1",32.97655,-3.20103,2019,"Summer",3,137,558,22,698,720,0.004297994,0.196275072,0.200573066,0.799426934,"Reg"
"VB84NW1",32.97655,-3.20103,2019,"Fall",0,94,595,31,689,720,0,0.136429608,0.136429608,0.863570392,"Reg"
"VB84NW1",32.97655,-3.20103,2019,"Winter",2,126,581,11,709,720,0.002820874,0.177715092,0.180535966,0.819464034,"Reg"
"VB84NW1",32.97655,-3.20103,2020,"Spring",33,79,582,26,694,720,0.047550432,0.113832853,0.161383285,0.838616715,"Reg"
"VB84NW1",32.97655,-3.20103,2020,"Summer",43,88,568,21,699,720,0.061516452,0.125894134,0.187410587,0.812589413,"Reg"
"VB84NW1",32.97655,-3.20103,2020,"Fall",1,169,527,23,697,720,0.00143472,0.242467719,0.243902439,0.756097561,"Reg"
"VB84NW1",32.97655,-3.20103,2020,"Winter",1,120,565,34,686,720,0.001457726,0.174927114,0.17638484,0.82361516,"Reg"
"VB84NW1",32.97655,-3.20103,2021,"Spring",61,50,593,16,704,720,0.086647727,0.071022727,0.157670455,0.842329545,"Reg"
"VB84NW1",32.97655,-3.20103,2021,"Summer",53,48,594,25,695,720,0.076258993,0.069064748,0.145323741,0.854676259,"Reg"
"VB84NW1",32.97655,-3.20103,2021,"Fall",1,127,565,27,693,720,0.001443001,0.183261183,0.184704185,0.815295815,"Reg"
"VB84NW1",32.97655,-3.20103,2021,"Winter",1,95,612,12,708,720,0.001412429,0.134180791,0.13559322,0.86440678,"Reg"
"VB84NW1",32.97655,-3.20103,2022,"Spring",0,116,577,27,693,720,0,0.167388167,0.167388167,0.832611833,"Reg"
"VB84NW1",32.97655,-3.20103,2022,"Summer",7,88,600,25,695,720,0.010071942,0.126618705,0.136690647,0.863309353,"Reg"
"VB84NW1",32.97655,-3.20103,2022,"Fall",4,75,612,29,691,720,0.005788712,0.10853835,0.114327062,0.885672938,"Reg"
"VB84NW1",32.97655,-3.20103,2022,"Winter",0,114,586,20,700,720,0,0.162857143,0.162857143,0.837142857,"Reg"
"VB84NW1",32.97655,-3.20103,2023,"Spring",1,109,586,24,696,720,0.001436782,0.156609195,0.158045977,0.841954023,"Reg"
"VB84NW1",32.97655,-3.20103,2023,"Summer",7,59,639,15,705,720,0.009929078,0.083687943,0.093617021,0.906382979,"Reg"
"VB84NW1",32.97655,-3.20103,2023,"Fall",0,83,616,21,699,720,0,0.118741059,0.118741059,0.881258941,"Reg"
"VB84NW1",32.97655,-3.20103,2023,"Winter",0,87,618,15,705,720,0,0.123404255,0.123404255,0.876595745,"Reg"
"VB84NW2",32.97679,-3.17399,2016,"Spring",0,70,282,8,352,360,0,0.198863636,0.198863636,0.801136364,"Reg"
"VB84NW2",32.97679,-3.17399,2016,"Summer",0,82,275,3,357,360,0,0.229691877,0.229691877,0.770308123,"Reg"
"VB84NW2",32.97679,-3.17399,2016,"Fall",0,57,303,0,360,360,0,0.158333333,0.158333333,0.841666667,"Reg"
"VB84NW2",32.97679,-3.17399,2016,"Winter",0,81,273,6,354,360,0,0.228813559,0.228813559,0.771186441,"Reg"
"VB84NW2",32.97679,-3.17399,2017,"Spring",41,126,529,24,696,720,0.058908046,0.181034483,0.239942529,0.760057471,"Reg"
"VB84NW2",32.97679,-3.17399,2017,"Summer",71,55,557,37,683,720,0.103953148,0.080527086,0.184480234,0.815519766,"Reg"
"VB84NW2",32.97679,-3.17399,2017,"Fall",0,57,594,335,651,986,0,0.087557604,0.087557604,0.912442396,"Reg"
"VB84NW2",32.97679,-3.17399,2017,"Winter",0,174,517,29,691,720,0,0.251808973,0.251808973,0.748191027,"Reg"
"VB84NW2",32.97679,-3.17399,2018,"Spring",0,119,595,6,714,720,0,0.166666667,0.166666667,0.833333333,"Reg"
"VB84NW2",32.97679,-3.17399,2018,"Summer",62,86,563,9,711,720,0.087201125,0.120956399,0.208157525,0.791842475,"Reg"
"VB84NW2",32.97679,-3.17399,2018,"Fall",58,64,563,35,685,720,0.084671533,0.093430657,0.17810219,0.82189781,"Reg"
"VB84NW2",32.97679,-3.17399,2018,"Winter",91,72,545,12,708,720,0.128531073,0.101694915,0.230225989,0.769774011,"Reg"
"VB84NW2",32.97679,-3.17399,2019,"Spring",27,115,553,25,695,720,0.038848921,0.165467626,0.204316547,0.795683453,"Reg"
"VB84NW2",32.97679,-3.17399,2019,"Summer",3,137,557,23,697,720,0.004304161,0.196556671,0.200860832,0.799139168,"Reg"
"VB84NW2",32.97679,-3.17399,2019,"Fall",0,71,624,25,695,720,0,0.102158273,0.102158273,0.897841727,"Reg"
"VB84NW2",32.97679,-3.17399,2019,"Winter",1,83,631,5,715,720,0.001398601,0.116083916,0.117482517,0.882517483,"Reg"
"VB84NW2",32.97679,-3.17399,2020,"Spring",26,98,583,13,707,720,0.036775106,0.138613861,0.175388967,0.824611033,"Reg"
"VB84NW2",32.97679,-3.17399,2020,"Summer",67,71,562,20,700,720,0.095714286,0.101428571,0.197142857,0.802857143,"Reg"
"VB84NW2",32.97679,-3.17399,2020,"Fall",0,147,540,33,687,720,0,0.213973799,0.213973799,0.786026201,"Reg"
"VB84NW2",32.97679,-3.17399,2020,"Winter",1,147,537,35,685,720,0.001459854,0.21459854,0.216058394,0.783941606,"Reg"
"VB84NW2",32.97679,-3.17399,2021,"Spring",50,84,569,17,703,720,0.071123755,0.119487909,0.190611664,0.809388336,"Reg"
"VB84NW2",32.97679,-3.17399,2021,"Summer",61,63,565,31,689,720,0.088534107,0.091436865,0.179970972,0.820029028,"Reg"
"VB84NW2",32.97679,-3.17399,2021,"Fall",3,130,570,17,703,720,0.004267425,0.184921764,0.189189189,0.810810811,"Reg"
"VB84NW2",32.97679,-3.17399,2021,"Winter",1,111,592,16,704,720,0.001420455,0.157670455,0.159090909,0.840909091,"Reg"
"VB84NW2",32.97679,-3.17399,2022,"Spring",1,151,543,25,695,720,0.001438849,0.217266187,0.218705036,0.781294964,"Reg"
"VB84NW2",32.97679,-3.17399,2022,"Summer",4,117,578,21,699,720,0.005722461,0.167381974,0.173104435,0.826895565,"Reg"
"VB84NW2",32.97679,-3.17399,2022,"Fall",1,127,558,34,686,720,0.001457726,0.185131195,0.186588921,0.813411079,"Reg"
"VB84NW2",32.97679,-3.17399,2022,"Winter",6,127,563,24,696,720,0.00862069,0.182471264,0.191091954,0.808908046,"Reg"
"VB84NW2",32.97679,-3.17399,2023,"Spring",0,105,598,17,703,720,0,0.149359886,0.149359886,0.850640114,"Reg"
"VB84NW2",32.97679,-3.17399,2023,"Summer",5,82,616,17,703,720,0.007112376,0.116642959,0.123755334,0.876244666,"Reg"
"VB84NW2",32.97679,-3.17399,2023,"Fall",0,97,597,26,694,720,0,0.139769452,0.139769452,0.860230548,"Reg"
"VB84NW2",32.97679,-3.17399,2023,"Winter",1,87,612,20,700,720,0.001428571,0.124285714,0.125714286,0.874285714,"Reg"
"VB84NW3",32.95816,-3.17614,2016,"Spring",10,91,247,12,348,360,0.028735632,0.261494253,0.290229885,0.709770115,"Reg"
"VB84NW3",32.95816,-3.17614,2016,"Summer",0,58,300,2,358,360,0,0.162011173,0.162011173,0.837988827,"Reg"
"VB84NW3",32.95816,-3.17614,2016,"Fall",0,27,332,1,359,360,0,0.075208914,0.075208914,0.924791086,"Reg"
"VB84NW3",32.95816,-3.17614,2016,"Winter",0,43,314,3,357,360,0,0.120448179,0.120448179,0.879551821,"Reg"
"VB84NW3",32.95816,-3.17614,2017,"Spring",49,73,584,14,706,720,0.069405099,0.103399433,0.172804533,0.827195467,"Reg"
"VB84NW3",32.95816,-3.17614,2017,"Summer",62,32,617,9,711,720,0.087201125,0.045007032,0.132208158,0.867791842,"Reg"
"VB84NW3",32.95816,-3.17614,2017,"Fall",0,30,620,200,650,850,0,0.046153846,0.046153846,0.953846154,"Reg"
"VB84NW3",32.95816,-3.17614,2017,"Winter",0,118,591,11,709,720,0,0.166431594,0.166431594,0.833568406,"Reg"
"VB84NW3",32.95816,-3.17614,2018,"Spring",1,57,656,6,714,720,0.00140056,0.079831933,0.081232493,0.918767507,"Reg"
"VB84NW3",32.95816,-3.17614,2018,"Summer",58,54,602,6,714,720,0.081232493,0.075630252,0.156862745,0.843137255,"Reg"
"VB84NW3",32.95816,-3.17614,2018,"Fall",57,45,591,27,693,720,0.082251082,0.064935065,0.147186147,0.852813853,"Reg"
"VB84NW3",32.95816,-3.17614,2018,"Winter",54,86,561,19,701,720,0.07703281,0.122681883,0.199714693,0.800285307,"Reg"
"VB84NW3",32.95816,-3.17614,2019,"Spring",15,85,607,13,707,720,0.021216407,0.120226308,0.141442716,0.858557284,"Reg"
"VB84NW3",32.95816,-3.17614,2019,"Summer",5,63,638,14,706,720,0.007082153,0.089235127,0.09631728,0.90368272,"Reg"
"VB84NW3",32.95816,-3.17614,2019,"Fall",0,46,665,9,711,720,0,0.064697609,0.064697609,0.935302391,"Reg"
"VB84NW3",32.95816,-3.17614,2019,"Winter",2,55,657,6,714,720,0.00280112,0.077030812,0.079831933,0.920168067,"Reg"
"VB84NW3",32.95816,-3.17614,2020,"Spring",48,64,582,26,694,720,0.069164265,0.09221902,0.161383285,0.838616715,"Reg"
"VB84NW3",32.95816,-3.17614,2020,"Summer",45,82,569,24,696,720,0.064655172,0.117816092,0.182471264,0.817528736,"Reg"
"VB84NW3",32.95816,-3.17614,2020,"Fall",0,117,586,17,703,720,0,0.166429587,0.166429587,0.833570413,"Reg"
"VB84NW3",32.95816,-3.17614,2020,"Winter",0,94,608,18,702,720,0,0.133903134,0.133903134,0.866096866,"Reg"
"VB84NW3",32.95816,-3.17614,2021,"Spring",47,24,636,13,707,720,0.066478076,0.033946252,0.100424328,0.899575672,"Reg"
"VB84NW3",32.95816,-3.17614,2021,"Summer",42,39,624,15,705,720,0.059574468,0.055319149,0.114893617,0.885106383,"Reg"
"VB84NW3",32.95816,-3.17614,2021,"Fall",0,87,623,10,710,720,0,0.122535211,0.122535211,0.877464789,"Reg"
"VB84NW3",32.95816,-3.17614,2021,"Winter",0,61,654,5,715,720,0,0.085314685,0.085314685,0.914685315,"Reg"
"VB84NW3",32.95816,-3.17614,2022,"Spring",7,65,635,13,707,720,0.00990099,0.091937765,0.101838755,0.898161245,"Reg"
"VB84NW3",32.95816,-3.17614,2022,"Summer",8,41,652,19,701,720,0.011412268,0.058487874,0.069900143,0.930099857,"Reg"
"VB84NW3",32.95816,-3.17614,2022,"Fall",0,60,640,20,700,720,0,0.085714286,0.085714286,0.914285714,"Reg"
"VB84NW3",32.95816,-3.17614,2022,"Winter",0,58,648,14,706,720,0,0.082152975,0.082152975,0.917847025,"Reg"
"VB84NW3",32.95816,-3.17614,2023,"Spring",0,44,668,8,712,720,0,0.061797753,0.061797753,0.938202247,"Reg"
"VB84NW3",32.95816,-3.17614,2023,"Summer",1,53,654,12,708,720,0.001412429,0.074858757,0.076271186,0.923728814,"Reg"
"VB84NW3",32.95816,-3.17614,2023,"Fall",3,60,642,15,705,720,0.004255319,0.085106383,0.089361702,0.910638298,"Reg"
"VB84NW3",32.95816,-3.17614,2023,"Winter",2,69,643,6,714,720,0.00280112,0.096638655,0.099439776,0.900560224,"Reg"
"VB84NW4",32.95183,-3.19767,2016,"Spring",0,75,272,13,347,360,0,0.216138329,0.216138329,0.783861671,"Reg"
"VB84NW4",32.95183,-3.19767,2016,"Summer",1,34,324,1,359,360,0.002785515,0.094707521,0.097493036,0.902506964,"Reg"
"VB84NW4",32.95183,-3.19767,2016,"Fall",0,13,347,0,360,360,0,0.036111111,0.036111111,0.963888889,"Reg"
"VB84NW4",32.95183,-3.19767,2016,"Winter",0,20,338,2,358,360,0,0.055865922,0.055865922,0.944134078,"Reg"
"VB84NW4",32.95183,-3.19767,2017,"Spring",51,28,633,8,712,720,0.071629213,0.039325843,0.110955056,0.889044944,"Reg"
"VB84NW4",32.95183,-3.19767,2017,"Summer",9,31,673,7,713,720,0.012622721,0.043478261,0.056100982,0.943899018,"Reg"
"VB84NW4",32.95183,-3.19767,2017,"Fall",0,4,663,53,667,720,0,0.005997001,0.005997001,0.994002999,"Reg"
"VB84NW4",32.95183,-3.19767,2017,"Winter",0,19,698,3,717,720,0,0.026499303,0.026499303,0.973500697,"Reg"
"VB84NW4",32.95183,-3.19767,2018,"Spring",9,25,686,0,720,720,0.0125,0.034722222,0.047222222,0.952777778,"Reg"
"VB84NW4",32.95183,-3.19767,2018,"Summer",11,17,686,6,714,720,0.015406162,0.023809524,0.039215686,0.960784314,"Reg"
"VB84NW4",32.95183,-3.19767,2018,"Fall",52,10,651,7,713,720,0.072931276,0.014025245,0.086956522,0.913043478,"Reg"
"VB84NW4",32.95183,-3.19767,2018,"Winter",69,13,629,9,711,720,0.097046414,0.018284107,0.11533052,0.88466948,"Reg"
"VB84NW4",32.95183,-3.19767,2019,"Spring",22,22,671,5,715,720,0.030769231,0.030769231,0.061538462,0.938461538,"Reg"
"VB84NW4",32.95183,-3.19767,2019,"Summer",3,53,656,8,712,720,0.004213483,0.074438202,0.078651685,0.921348315,"Reg"
"VB84NW4",32.95183,-3.19767,2019,"Fall",1,40,672,7,713,720,0.001402525,0.056100982,0.057503506,0.942496494,"Reg"
"VB84NW4",32.95183,-3.19767,2019,"Winter",6,20,692,2,718,720,0.008356546,0.027855153,0.036211699,0.963788301,"Reg"
"VB84NW4",32.95183,-3.19767,2020,"Spring",56,8,647,9,711,720,0.078762307,0.011251758,0.090014065,0.909985935,"Reg"
"VB84NW4",32.95183,-3.19767,2020,"Summer",17,60,623,20,700,720,0.024285714,0.085714286,0.11,0.89,"Reg"
"VB84NW4",32.95183,-3.19767,2020,"Fall",0,74,641,5,715,720,0,0.103496503,0.103496503,0.896503497,"Reg"
"VB84NW4",32.95183,-3.19767,2020,"Winter",0,31,681,8,712,720,0,0.043539326,0.043539326,0.956460674,"Reg"
"VB84NW4",32.95183,-3.19767,2021,"Spring",25,6,684,5,715,720,0.034965035,0.008391608,0.043356643,0.956643357,"Reg"
"VB84NW4",32.95183,-3.19767,2021,"Summer",27,21,662,10,710,720,0.038028169,0.029577465,0.067605634,0.932394366,"Reg"
"VB84NW4",32.95183,-3.19767,2021,"Fall",0,34,681,5,715,720,0,0.047552448,0.047552448,0.952447552,"Reg"
"VB84NW4",32.95183,-3.19767,2021,"Winter",1,14,704,1,719,720,0.001390821,0.019471488,0.020862309,0.979137691,"Reg"
"VB84NW4",32.95183,-3.19767,2022,"Spring",2,20,694,4,716,720,0.002793296,0.027932961,0.030726257,0.969273743,"Reg"
"VB84NW4",32.95183,-3.19767,2022,"Summer",6,11,693,10,710,720,0.008450704,0.015492958,0.023943662,0.976056338,"Reg"
"VB84NW4",32.95183,-3.19767,2022,"Fall",2,15,696,7,713,720,0.002805049,0.021037868,0.023842917,0.976157083,"Reg"
"VB84NW4",32.95183,-3.19767,2022,"Winter",1,19,698,2,718,720,0.001392758,0.026462396,0.027855153,0.972144847,"Reg"
"VB84NW4",32.95183,-3.19767,2023,"Spring",1,13,700,6,714,720,0.00140056,0.018207283,0.019607843,0.980392157,"Reg"
"VB84NW4",32.95183,-3.19767,2023,"Summer",10,2,705,3,717,720,0.013947001,0.0027894,0.016736402,0.983263598,"Reg"
"VB84NW4",32.95183,-3.19767,2023,"Fall",7,7,702,4,716,720,0.009776536,0.009776536,0.019553073,0.980446927,"Reg"
"VB84NW4",32.95183,-3.19767,2023,"Winter",3,8,706,3,717,720,0.0041841,0.011157601,0.015341702,0.984658298,"Reg"
"VB84NW5",32.96318,-3.19304,2016,"Spring",18,43,288,11,349,360,0.051575931,0.123209169,0.1747851,0.8252149,"Macrochloa steppe"
"VB84NW5",32.96318,-3.19304,2016,"Summer",0,68,287,5,355,360,0,0.191549296,0.191549296,0.808450704,"Macrochloa steppe"
"VB84NW5",32.96318,-3.19304,2016,"Fall",0,30,330,0,360,360,0,0.083333333,0.083333333,0.916666667,"Macrochloa steppe"
"VB84NW5",32.96318,-3.19304,2016,"Winter",0,14,343,3,357,360,0,0.039215686,0.039215686,0.960784314,"Macrochloa steppe"
"VB84NW5",32.96318,-3.19304,2017,"Spring",63,149,469,39,681,720,0.092511013,0.218795888,0.311306902,0.688693098,"Macrochloa steppe"
"VB84NW5",32.96318,-3.19304,2017,"Summer",57,115,509,39,681,720,0.083700441,0.16886931,0.25256975,0.74743025,"Macrochloa steppe"
"VB84NW5",32.96318,-3.19304,2017,"Fall",16,93,543,384,652,1036,0.024539877,0.142638037,0.167177914,0.832822086,"Macrochloa steppe"
"VB84NW5",32.96318,-3.19304,2017,"Winter",11,128,551,30,690,720,0.015942029,0.185507246,0.201449275,0.798550725,"Macrochloa steppe"
"VB84NW5",32.96318,-3.19304,2018,"Spring",19,170,872,19,1061,1080,0.017907634,0.160226202,0.178133836,0.821866164,"Macrochloa steppe"
"VB84NW5",32.96318,-3.19304,2018,"Summer",108,401,1248,43,1757,1800,0.061468412,0.228229937,0.289698349,0.710301651,"Macrochloa steppe"
"VB84NW5",32.96318,-3.19304,2018,"Fall",63,180,786,51,1029,1080,0.06122449,0.174927114,0.236151603,0.763848397,"Macrochloa steppe"
"VB84NW5",32.96318,-3.19304,2018,"Winter",65,263,1009,133,1337,1470,0.048616305,0.19670905,0.245325355,0.754674645,"Macrochloa steppe"
"VB84NW5",32.96318,-3.19304,2019,"Spring",19,81,594,26,694,720,0.027377522,0.116714697,0.144092219,0.855907781,"Macrochloa steppe"
"VB84NW5",32.96318,-3.19304,2019,"Summer",20,175,850,35,1045,1080,0.019138756,0.167464115,0.186602871,0.813397129,"Macrochloa steppe"
"VB84NW5",32.96318,-3.19304,2019,"Fall",21,242,743,74,1006,1080,0.020874751,0.24055666,0.261431412,0.738568588,"Macrochloa steppe"
"VB84NW5",32.96318,-3.19304,2019,"Winter",31,220,779,50,1030,1080,0.030097087,0.213592233,0.24368932,0.75631068,"Macrochloa steppe"
"VB84NW5",32.96318,-3.19304,2020,"Spring",40,159,846,35,1045,1080,0.038277512,0.15215311,0.190430622,0.809569378,"Macrochloa steppe"
"VB84NW5",32.96318,-3.19304,2020,"Summer",60,169,812,39,1041,1080,0.057636888,0.1623439,0.219980788,0.780019212,"Macrochloa steppe"
"VB84NW5",32.96318,-3.19304,2020,"Fall",9,243,788,40,1040,1080,0.008653846,0.233653846,0.242307692,0.757692308,"Macrochloa steppe"
"VB84NW5",32.96318,-3.19304,2020,"Winter",15,177,852,36,1044,1080,0.014367816,0.16954023,0.183908046,0.816091954,"Macrochloa steppe"
"VB84NW5",32.96318,-3.19304,2021,"Spring",65,209,883,53,1157,1210,0.056179775,0.180639585,0.23681936,0.76318064,"Macrochloa steppe"
"VB84NW5",32.96318,-3.19304,2021,"Summer",49,220,867,74,1136,1210,0.043133803,0.193661972,0.236795775,0.763204225,"Macrochloa steppe"
"VB84NW5",32.96318,-3.19304,2021,"Fall",54,247,724,55,1025,1080,0.052682927,0.24097561,0.293658537,0.706341463,"Macrochloa steppe"
"VB84NW5",32.96318,-3.19304,2021,"Winter",40,197,825,31,1062,1093,0.037664783,0.185499058,0.223163842,0.776836158,"Macrochloa steppe"
"VB84NW5",32.96318,-3.19304,2022,"Spring",19,289,737,35,1045,1080,0.018181818,0.276555024,0.294736842,0.705263158,"Macrochloa steppe"
"VB84NW5",32.96318,-3.19304,2022,"Summer",11,245,783,41,1039,1080,0.010587103,0.235803657,0.24639076,0.75360924,"Macrochloa steppe"
"VB84NW5",32.96318,-3.19304,2022,"Fall",30,348,997,95,1375,1470,0.021818182,0.253090909,0.274909091,0.725090909,"Macrochloa steppe"
"VB84NW5",32.96318,-3.19304,2022,"Winter",6,287,730,57,1023,1080,0.005865103,0.28054741,0.286412512,0.713587488,"Macrochloa steppe"
"VB84NW5",32.96318,-3.19304,2023,"Spring",2,237,804,37,1043,1080,0.001917546,0.227229147,0.229146692,0.770853308,"Macrochloa steppe"
"VB84NW5",32.96318,-3.19304,2023,"Summer",25,190,939,56,1154,1210,0.021663778,0.164644714,0.186308492,0.813691508,"Macrochloa steppe"
"VB84NW5",32.96318,-3.19304,2023,"Fall",13,127,910,30,1050,1080,0.012380952,0.120952381,0.133333333,0.866666667,"Macrochloa steppe"
"VB84NW5",32.96318,-3.19304,2023,"Winter",13,165,873,29,1051,1080,0.012369172,0.15699334,0.169362512,0.830637488,"Macrochloa steppe"
"VB85SE1",33.0221,-3.14706,2016,"Spring",0,54,305,0,360,360,0,0.15,0.15,0.847222222,"Reg"
"VB85SE1",33.0221,-3.14706,2016,"Summer",0,79,281,0,360,360,0,0.219444444,0.219444444,0.780555556,"Reg"
"VB85SE1",33.0221,-3.14706,2016,"Fall",0,41,319,0,360,360,0,0.113888889,0.113888889,0.886111111,"Reg"
"VB85SE1",33.0221,-3.14706,2016,"Winter",0,35,325,0,360,360,0,0.097222222,0.097222222,0.902777778,"Reg"
"VB85SE1",33.0221,-3.14706,2017,"Spring",38,62,607,13,707,720,0.053748232,0.087694484,0.141442716,0.858557284,"Reg"
"VB85SE1",33.0221,-3.14706,2017,"Summer",69,23,620,8,712,720,0.096910112,0.032303371,0.129213483,0.870786517,"Reg"
"VB85SE1",33.0221,-3.14706,2017,"Fall",0,43,676,261,719,980,0,0.059805285,0.059805285,0.940194715,"Reg"
"VB85SE1",33.0221,-3.14706,2017,"Winter",0,139,575,6,714,720,0,0.194677871,0.194677871,0.805322129,"Reg"
"VB85SE1",33.0221,-3.14706,2018,"Spring",1,83,631,5,715,720,0.001398601,0.116083916,0.117482517,0.882517483,"Reg"
"VB85SE1",33.0221,-3.14706,2018,"Summer",43,46,630,1,719,720,0.059805285,0.063977747,0.123783032,0.876216968,"Reg"
"VB85SE1",33.0221,-3.14706,2018,"Fall",71,26,598,25,695,720,0.102158273,0.037410072,0.139568345,0.860431655,"Reg"
"VB85SE1",33.0221,-3.14706,2018,"Winter",104,41,531,44,676,720,0.153846154,0.060650888,0.214497041,0.785502959,"Reg"
"VB85SE1",33.0221,-3.14706,2019,"Spring",23,97,571,29,691,720,0.033285094,0.140376266,0.17366136,0.82633864,"Reg"
"VB85SE1",33.0221,-3.14706,2019,"Summer",0,143,557,20,700,720,0,0.204285714,0.204285714,0.795714286,"Reg"
"VB85SE1",33.0221,-3.14706,2019,"Fall",0,76,634,10,710,720,0,0.107042254,0.107042254,0.892957746,"Reg"
"VB85SE1",33.0221,-3.14706,2019,"Winter",0,86,627,7,713,720,0,0.120617111,0.120617111,0.879382889,"Reg"
"VB85SE1",33.0221,-3.14706,2020,"Spring",48,66,578,28,692,720,0.069364162,0.095375723,0.164739884,0.835260116,"Reg"
"VB85SE1",33.0221,-3.14706,2020,"Summer",39,72,590,19,701,720,0.055634807,0.102710414,0.158345221,0.841654779,"Reg"
"VB85SE1",33.0221,-3.14706,2020,"Fall",0,113,592,15,705,720,0,0.160283688,0.160283688,0.839716312,"Reg"
"VB85SE1",33.0221,-3.14706,2020,"Winter",0,109,603,8,712,720,0,0.153089888,0.153089888,0.846910112,"Reg"
"VB85SE1",33.0221,-3.14706,2021,"Spring",40,55,618,7,713,720,0.056100982,0.07713885,0.133239832,0.866760168,"Reg"
"VB85SE1",33.0221,-3.14706,2021,"Summer",45,22,644,9,711,720,0.063291139,0.030942335,0.094233474,0.905766526,"Reg"
"VB85SE1",33.0221,-3.14706,2021,"Fall",0,79,631,10,710,720,0,0.111267606,0.111267606,0.888732394,"Reg"
"VB85SE1",33.0221,-3.14706,2021,"Winter",0,54,661,5,715,720,0,0.075524476,0.075524476,0.924475524,"Reg"
"VB85SE1",33.0221,-3.14706,2022,"Spring",0,72,631,17,703,720,0,0.102418208,0.102418208,0.897581792,"Reg"
"VB85SE1",33.0221,-3.14706,2022,"Summer",1,70,634,15,705,720,0.00141844,0.09929078,0.10070922,0.89929078,"Reg"
"VB85SE1",33.0221,-3.14706,2022,"Fall",0,60,642,18,702,720,0,0.085470085,0.085470085,0.914529915,"Reg"
"VB85SE1",33.0221,-3.14706,2022,"Winter",0,55,646,19,701,720,0,0.078459344,0.078459344,0.921540656,"Reg"
"VB85SE1",33.0221,-3.14706,2023,"Spring",0,45,665,10,710,720,0,0.063380282,0.063380282,0.936619718,"Reg"
"VB85SE1",33.0221,-3.14706,2023,"Summer",1,54,654,11,709,720,0.001410437,0.076163611,0.077574048,0.922425952,"Reg"
"VB85SE1",33.0221,-3.14706,2023,"Fall",1,44,666,9,711,720,0.00140647,0.061884669,0.063291139,0.936708861,"Reg"
"VB85SE1",33.0221,-3.14706,2023,"Winter",0,31,673,16,704,720,0,0.044034091,0.044034091,0.955965909,"Reg"
"VB85SE2",33.0217,-3.12037,2016,"Spring",7,83,270,0,360,360,0.019444444,0.230555556,0.25,0.75,"Reg"
"VB85SE2",33.0217,-3.12037,2016,"Summer",0,58,301,1,359,360,0,0.161559889,0.161559889,0.838440111,"Reg"
"VB85SE2",33.0217,-3.12037,2016,"Fall",0,55,305,0,360,360,0,0.152777778,0.152777778,0.847222222,"Reg"
"VB85SE2",33.0217,-3.12037,2016,"Winter",0,40,316,4,356,360,0,0.112359551,0.112359551,0.887640449,"Reg"
"VB85SE2",33.0217,-3.12037,2017,"Spring",77,93,538,12,708,720,0.108757062,0.131355932,0.240112994,0.759887006,"Reg"
"VB85SE2",33.0217,-3.12037,2017,"Summer",61,58,575,26,694,720,0.087896254,0.083573487,0.171469741,0.828530259,"Reg"
"VB85SE2",33.0217,-3.12037,2017,"Fall",0,41,643,311,684,995,0,0.05994152,0.05994152,0.94005848,"Reg"
"VB85SE2",33.0217,-3.12037,2017,"Winter",0,120,579,21,699,720,0,0.17167382,0.17167382,0.82832618,"Reg"
"VB85SE2",33.0217,-3.12037,2018,"Spring",2,62,652,4,716,720,0.002793296,0.086592179,0.089385475,0.910614525,"Reg"
"VB85SE2",33.0217,-3.12037,2018,"Summer",59,41,617,3,717,720,0.082287308,0.057182706,0.139470014,0.860529986,"Reg"
"VB85SE2",33.0217,-3.12037,2018,"Fall",144,23,540,13,707,720,0.203677511,0.032531825,0.236209335,0.763790665,"Reg"
"VB85SE2",33.0217,-3.12037,2018,"Winter",215,20,447,38,682,720,0.315249267,0.029325513,0.34457478,0.65542522,"Reg"
"VB85SE2",33.0217,-3.12037,2019,"Spring",44,160,504,12,708,720,0.062146893,0.225988701,0.288135593,0.711864407,"Reg"
"VB85SE2",33.0217,-3.12037,2019,"Summer",3,129,563,25,695,720,0.004316547,0.185611511,0.189928058,0.810071942,"Reg"
"VB85SE2",33.0217,-3.12037,2019,"Fall",0,75,633,12,708,720,0,0.105932203,0.105932203,0.894067797,"Reg"
"VB85SE2",33.0217,-3.12037,2019,"Winter",1,94,607,18,702,720,0.001424501,0.133903134,0.135327635,0.864672365,"Reg"
"VB85SE2",33.0217,-3.12037,2020,"Spring",104,61,535,20,700,720,0.148571429,0.087142857,0.235714286,0.764285714,"Reg"
"VB85SE2",33.0217,-3.12037,2020,"Summer",22,112,566,20,700,720,0.031428571,0.16,0.191428571,0.808571429,"Reg"
"VB85SE2",33.0217,-3.12037,2020,"Fall",0,170,520,30,690,720,0,0.246376812,0.246376812,0.753623188,"Reg"
"VB85SE2",33.0217,-3.12037,2020,"Winter",0,150,554,16,704,720,0,0.213068182,0.213068182,0.786931818,"Reg"
"VB85SE2",33.0217,-3.12037,2021,"Spring",29,56,624,11,709,720,0.04090268,0.078984485,0.119887165,0.880112835,"Reg"
"VB85SE2",33.0217,-3.12037,2021,"Summer",33,40,639,8,712,720,0.046348315,0.056179775,0.10252809,0.89747191,"Reg"
"VB85SE2",33.0217,-3.12037,2021,"Fall",1,88,619,12,708,720,0.001412429,0.124293785,0.125706215,0.874293785,"Reg"
"VB85SE2",33.0217,-3.12037,2021,"Winter",0,69,647,4,716,720,0,0.096368715,0.096368715,0.903631285,"Reg"
"VB85SE2",33.0217,-3.12037,2022,"Spring",0,76,636,8,712,720,0,0.106741573,0.106741573,0.893258427,"Reg"
"VB85SE2",33.0217,-3.12037,2022,"Summer",6,63,640,11,709,720,0.008462623,0.088857546,0.097320169,0.902679831,"Reg"
"VB85SE2",33.0217,-3.12037,2022,"Fall",0,44,664,12,708,720,0,0.062146893,0.062146893,0.937853107,"Reg"
"VB85SE2",33.0217,-3.12037,2022,"Winter",0,47,661,12,708,720,0,0.066384181,0.066384181,0.933615819,"Reg"
"VB85SE2",33.0217,-3.12037,2023,"Spring",0,41,673,6,714,720,0,0.057422969,0.057422969,0.942577031,"Reg"
"VB85SE2",33.0217,-3.12037,2023,"Summer",3,38,667,12,708,720,0.004237288,0.053672316,0.057909605,0.942090395,"Reg"
"VB85SE2",33.0217,-3.12037,2023,"Fall",21,33,645,21,699,720,0.030042918,0.0472103,0.077253219,0.922746781,"Reg"
"VB85SE2",33.0217,-3.12037,2023,"Winter",0,57,651,12,708,720,0,0.080508475,0.080508475,0.919491525,"Reg"
"VB85SE3",32.99928,-3.12061,2016,"Spring",1,86,272,1,359,360,0.002785515,0.239554318,0.242339833,0.757660167,"Reg"
"VB85SE3",32.99928,-3.12061,2016,"Summer",0,72,284,4,356,360,0,0.202247191,0.202247191,0.797752809,"Reg"
"VB85SE3",32.99928,-3.12061,2016,"Fall",0,68,290,2,358,360,0,0.189944134,0.189944134,0.810055866,"Reg"
"VB85SE3",32.99928,-3.12061,2016,"Winter",0,45,308,7,353,360,0,0.127478754,0.127478754,0.872521246,"Reg"
"VB85SE3",32.99928,-3.12061,2017,"Spring",54,91,556,19,701,720,0.07703281,0.129814551,0.206847361,0.793152639,"Reg"
"VB85SE3",32.99928,-3.12061,2017,"Summer",65,68,573,14,706,720,0.092067989,0.09631728,0.188385269,0.811614731,"Reg"
"VB85SE3",32.99928,-3.12061,2017,"Fall",0,130,564,26,694,720,0,0.187319885,0.187319885,0.812680115,"Reg"
"VB85SE3",32.99928,-3.12061,2017,"Winter",0,166,546,8,712,720,0,0.233146067,0.233146067,0.766853933,"Reg"
"VB85SE3",32.99928,-3.12061,2018,"Spring",2,79,638,1,719,720,0.002781641,0.109874826,0.112656467,0.887343533,"Reg"
"VB85SE3",32.99928,-3.12061,2018,"Summer",45,61,600,14,706,720,0.063739377,0.086402266,0.150141643,0.849858357,"Reg"
"VB85SE3",32.99928,-3.12061,2018,"Fall",147,31,516,26,694,720,0.211815562,0.044668588,0.25648415,0.74351585,"Reg"
"VB85SE3",32.99928,-3.12061,2018,"Winter",233,32,413,42,678,720,0.343657817,0.04719764,0.390855457,0.609144543,"Reg"
"VB85SE3",32.99928,-3.12061,2019,"Spring",41,165,492,22,698,720,0.058739255,0.236389685,0.29512894,0.70487106,"Reg"
"VB85SE3",32.99928,-3.12061,2019,"Summer",0,155,551,14,706,720,0,0.219546742,0.219546742,0.780453258,"Reg"
"VB85SE3",32.99928,-3.12061,2019,"Fall",0,140,565,15,705,720,0,0.19858156,0.19858156,0.80141844,"Reg"
"VB85SE3",32.99928,-3.12061,2019,"Winter",0,88,626,6,714,720,0,0.1232493,0.1232493,0.8767507,"Reg"
"VB85SE3",32.99928,-3.12061,2020,"Spring",121,64,523,12,708,720,0.170903955,0.09039548,0.261299435,0.738700565,"Reg"
"VB85SE3",32.99928,-3.12061,2020,"Summer",7,108,588,17,703,720,0.009957326,0.153627312,0.163584637,0.836415363,"Reg"
"VB85SE3",32.99928,-3.12061,2020,"Fall",0,218,474,28,692,720,0,0.315028902,0.315028902,0.684971098,"Reg"
"VB85SE3",32.99928,-3.12061,2020,"Winter",0,156,535,29,691,720,0,0.225759768,0.225759768,0.774240232,"Reg"
"VB85SE3",32.99928,-3.12061,2021,"Spring",7,68,629,16,704,720,0.009943182,0.096590909,0.106534091,0.893465909,"Reg"
"VB85SE3",32.99928,-3.12061,2021,"Summer",40,48,622,10,710,720,0.056338028,0.067605634,0.123943662,0.876056338,"Reg"
"VB85SE3",32.99928,-3.12061,2021,"Fall",0,74,637,9,711,720,0,0.104078762,0.104078762,0.895921238,"Reg"
"VB85SE3",32.99928,-3.12061,2021,"Winter",0,59,659,2,718,720,0,0.082172702,0.082172702,0.917827298,"Reg"
"VB85SE3",32.99928,-3.12061,2022,"Spring",4,63,645,8,712,720,0.005617978,0.088483146,0.094101124,0.905898876,"Reg"
"VB85SE3",32.99928,-3.12061,2022,"Summer",9,51,645,15,705,720,0.012765957,0.072340426,0.085106383,0.914893617,"Reg"
"VB85SE3",32.99928,-3.12061,2022,"Fall",0,57,640,23,697,720,0,0.081779053,0.081779053,0.918220947,"Reg"
"VB85SE3",32.99928,-3.12061,2022,"Winter",1,55,647,17,703,720,0.001422475,0.078236131,0.079658606,0.920341394,"Reg"
"VB85SE3",32.99928,-3.12061,2023,"Spring",0,37,670,13,707,720,0,0.052333805,0.052333805,0.947666195,"Reg"
"VB85SE3",32.99928,-3.12061,2023,"Summer",2,27,684,7,713,720,0.002805049,0.037868163,0.040673212,0.959326788,"Reg"
"VB85SE3",32.99928,-3.12061,2023,"Fall",1,35,673,11,709,720,0.001410437,0.049365303,0.05077574,0.94922426,"Reg"
"VB85SE3",32.99928,-3.12061,2023,"Winter",2,32,679,7,713,720,0.002805049,0.044880785,0.047685835,0.952314165,"Reg"
"VB85SE4",32.99919,-3.14711,2016,"Spring",1,104,255,0,360,360,0.002777778,0.288888889,0.291666667,0.708333333,"Reg"
"VB85SE4",32.99919,-3.14711,2016,"Summer",0,80,278,2,358,360,0,0.223463687,0.223463687,0.776536313,"Reg"
"VB85SE4",32.99919,-3.14711,2016,"Fall",0,98,257,5,355,360,0,0.276056338,0.276056338,0.723943662,"Reg"
"VB85SE4",32.99919,-3.14711,2016,"Winter",0,59,290,11,349,360,0,0.169054441,0.169054441,0.830945559,"Reg"
"VB85SE4",32.99919,-3.14711,2017,"Spring",33,126,529,32,688,720,0.047965116,0.183139535,0.231104651,0.768895349,"Reg"
"VB85SE4",32.99919,-3.14711,2017,"Summer",79,72,545,24,696,720,0.113505747,0.103448276,0.216954023,0.783045977,"Reg"
"VB85SE4",32.99919,-3.14711,2017,"Fall",0,162,522,36,684,720,0,0.236842105,0.236842105,0.763157895,"Reg"
"VB85SE4",32.99919,-3.14711,2017,"Winter",0,236,475,9,711,720,0,0.331926864,0.331926864,0.668073136,"Reg"
"VB85SE4",32.99919,-3.14711,2018,"Spring",1,148,554,17,703,720,0.001422475,0.210526316,0.211948791,0.788051209,"Reg"
"VB85SE4",32.99919,-3.14711,2018,"Summer",52,105,545,18,702,720,0.074074074,0.14957265,0.223646724,0.776353276,"Reg"
"VB85SE4",32.99919,-3.14711,2018,"Fall",93,90,504,33,687,720,0.135371179,0.131004367,0.266375546,0.733624454,"Reg"
"VB85SE4",32.99919,-3.14711,2018,"Winter",172,67,437,44,676,720,0.25443787,0.099112426,0.353550296,0.646449704,"Reg"
"VB85SE4",32.99919,-3.14711,2019,"Spring",19,141,522,38,682,720,0.027859238,0.206744868,0.234604106,0.765395894,"Reg"
"VB85SE4",32.99919,-3.14711,2019,"Summer",0,171,517,32,688,720,0,0.248546512,0.248546512,0.751453488,"Reg"
"VB85SE4",32.99919,-3.14711,2019,"Fall",0,136,559,25,695,720,0,0.195683453,0.195683453,0.804316547,"Reg"
"VB85SE4",32.99919,-3.14711,2019,"Winter",1,129,579,11,709,720,0.001410437,0.181946403,0.183356841,0.816643159,"Reg"
"VB85SE4",32.99919,-3.14711,2020,"Spring",58,107,522,33,687,720,0.084425036,0.155749636,0.240174672,0.759825328,"Reg"
"VB85SE4",32.99919,-3.14711,2020,"Summer",23,138,533,26,694,720,0.03314121,0.198847262,0.231988473,0.768011527,"Reg"
"VB85SE4",32.99919,-3.14711,2020,"Fall",0,208,488,24,696,720,0,0.298850575,0.298850575,0.701149425,"Reg"
"VB85SE4",32.99919,-3.14711,2020,"Winter",0,148,546,26,694,720,0,0.213256484,0.213256484,0.786743516,"Reg"
"VB85SE4",32.99919,-3.14711,2021,"Spring",21,90,596,13,707,720,0.02970297,0.127298444,0.157001414,0.842998586,"Reg"
"VB85SE4",32.99919,-3.14711,2021,"Summer",51,87,568,14,706,720,0.07223796,0.123229462,0.195467422,0.804532578,"Reg"
"VB85SE4",32.99919,-3.14711,2021,"Fall",0,125,571,24,696,720,0,0.179597701,0.179597701,0.820402299,"Reg"
"VB85SE4",32.99919,-3.14711,2021,"Winter",0,90,617,13,707,720,0,0.127298444,0.127298444,0.872701556,"Reg"
"VB85SE4",32.99919,-3.14711,2022,"Spring",0,125,563,32,688,720,0,0.181686047,0.181686047,0.818313953,"Reg"
"VB85SE4",32.99919,-3.14711,2022,"Summer",0,105,598,17,703,720,0,0.149359886,0.149359886,0.850640114,"Reg"
"VB85SE4",32.99919,-3.14711,2022,"Fall",0,102,583,35,685,720,0,0.148905109,0.148905109,0.851094891,"Reg"
"VB85SE4",32.99919,-3.14711,2022,"Winter",0,95,609,16,704,720,0,0.134943182,0.134943182,0.865056818,"Reg"
"VB85SE4",32.99919,-3.14711,2023,"Spring",0,90,621,9,711,720,0,0.126582278,0.126582278,0.873417722,"Reg"
"VB85SE4",32.99919,-3.14711,2023,"Summer",1,82,621,16,704,720,0.001420455,0.116477273,0.117897727,0.882102273,"Reg"
"VB85SE4",32.99919,-3.14711,2023,"Fall",3,88,604,25,695,720,0.004316547,0.126618705,0.130935252,0.869064748,"Reg"
"VB85SE4",32.99919,-3.14711,2023,"Winter",1,97,608,14,706,720,0.001416431,0.137393768,0.138810198,0.861189802,"Reg"
"VB85SE5",33.01056,-3.13407,2016,"Spring",7,90,263,0,360,360,0.019444444,0.25,0.269444444,0.730555556,"Reg"
"VB85SE5",33.01056,-3.13407,2016,"Summer",0,86,273,1,359,360,0,0.239554318,0.239554318,0.760445682,"Reg"
"VB85SE5",33.01056,-3.13407,2016,"Fall",0,61,295,4,356,360,0,0.171348315,0.171348315,0.828651685,"Reg"
"VB85SE5",33.01056,-3.13407,2016,"Winter",0,66,283,11,349,360,0,0.189111748,0.189111748,0.810888252,"Reg"
"VB85SE5",33.01056,-3.13407,2017,"Spring",27,102,561,30,690,720,0.039130435,0.147826087,0.186956522,0.813043478,"Reg"
"VB85SE5",33.01056,-3.13407,2017,"Summer",36,88,589,7,713,720,0.050490884,0.12342216,0.173913043,0.826086957,"Reg"
"VB85SE5",33.01056,-3.13407,2017,"Fall",1,128,556,35,685,720,0.001459854,0.186861314,0.188321168,0.811678832,"Reg"
"VB85SE5",33.01056,-3.13407,2017,"Winter",0,145,573,2,718,720,0,0.201949861,0.201949861,0.798050139,"Reg"
"VB85SE5",33.01056,-3.13407,2018,"Spring",0,86,631,3,717,720,0,0.119944212,0.119944212,0.880055788,"Reg"
"VB85SE5",33.01056,-3.13407,2018,"Summer",30,107,572,11,709,720,0.042313117,0.150916784,0.193229901,0.806770099,"Reg"
"VB85SE5",33.01056,-3.13407,2018,"Fall",99,71,536,14,706,720,0.140226629,0.100566572,0.240793201,0.759206799,"Reg"
"VB85SE5",33.01056,-3.13407,2018,"Winter",139,59,491,31,689,720,0.201741655,0.08563135,0.287373004,0.712626996,"Reg"
"VB85SE5",33.01056,-3.13407,2019,"Spring",13,73,616,18,702,720,0.018518519,0.103988604,0.122507123,0.877492877,"Reg"
"VB85SE5",33.01056,-3.13407,2019,"Summer",0,79,626,15,705,720,0,0.112056738,0.112056738,0.887943262,"Reg"
"VB85SE5",33.01056,-3.13407,2019,"Fall",0,96,602,22,698,720,0,0.137535817,0.137535817,0.862464183,"Reg"
"VB85SE5",33.01056,-3.13407,2019,"Winter",0,56,655,9,711,720,0,0.078762307,0.078762307,0.921237693,"Reg"
"VB85SE5",33.01056,-3.13407,2020,"Spring",7,75,622,16,704,720,0.009943182,0.106534091,0.116477273,0.883522727,"Reg"
"VB85SE5",33.01056,-3.13407,2020,"Summer",17,81,607,15,705,720,0.024113475,0.114893617,0.139007092,0.860992908,"Reg"
"VB85SE5",33.01056,-3.13407,2020,"Fall",0,77,627,16,704,720,0,0.109375,0.109375,0.890625,"Reg"
"VB85SE5",33.01056,-3.13407,2020,"Winter",0,69,634,17,703,720,0,0.098150782,0.098150782,0.901849218,"Reg"
"VB85SE5",33.01056,-3.13407,2021,"Spring",15,60,635,10,710,720,0.021126761,0.084507042,0.105633803,0.894366197,"Reg"
"VB85SE5",33.01056,-3.13407,2021,"Summer",23,50,637,10,710,720,0.032394366,0.070422535,0.102816901,0.897183099,"Reg"
"VB85SE5",33.01056,-3.13407,2021,"Fall",0,58,643,19,701,720,0,0.082738944,0.082738944,0.917261056,"Reg"
"VB85SE5",33.01056,-3.13407,2021,"Winter",0,38,674,8,712,720,0,0.053370787,0.053370787,0.946629213,"Reg"
"VB85SE5",33.01056,-3.13407,2022,"Spring",1,65,635,19,701,720,0.001426534,0.092724679,0.094151213,0.905848787,"Reg"
"VB85SE5",33.01056,-3.13407,2022,"Summer",0,57,640,23,697,720,0,0.081779053,0.081779053,0.918220947,"Reg"
"VB85SE5",33.01056,-3.13407,2022,"Fall",0,55,651,14,706,720,0,0.077903683,0.077903683,0.922096317,"Reg"
"VB85SE5",33.01056,-3.13407,2022,"Winter",0,51,651,18,702,720,0,0.072649573,0.072649573,0.927350427,"Reg"
"VB85SE5",33.01056,-3.13407,2023,"Spring",0,39,668,13,707,720,0,0.055162659,0.055162659,0.944837341,"Reg"
"VB85SE5",33.01056,-3.13407,2023,"Summer",1,37,671,11,709,720,0.001410437,0.052186178,0.053596615,0.946403385,"Reg"
"VB85SE5",33.01056,-3.13407,2023,"Fall",2,42,662,14,706,720,0.002832861,0.059490085,0.062322946,0.937677054,"Reg"
"VB85SE5",33.01056,-3.13407,2023,"Winter",0,39,667,14,706,720,0,0.055240793,0.055240793,0.944759207,"Reg"
"VC52SE1",33.65246,-3.47136,2016,"Spring",0,3,357,0,360,360,0,0.008333333,0.008333333,0.991666667,"Reg"
"VC52SE1",33.65246,-3.47136,2016,"Summer",0,6,354,0,360,360,0,0.016666667,0.016666667,0.983333333,"Reg"
"VC52SE1",33.65246,-3.47136,2016,"Fall",0,12,347,1,359,360,0,0.033426184,0.033426184,0.966573816,"Reg"
"VC52SE1",33.65246,-3.47136,2016,"Winter",0,4,356,0,360,360,0,0.011111111,0.011111111,0.988888889,"Reg"
"VC52SE1",33.65246,-3.47136,2017,"Spring",12,21,684,3,717,720,0.016736402,0.029288703,0.046025105,0.953974895,"Reg"
"VC52SE1",33.65246,-3.47136,2017,"Summer",6,14,692,8,712,720,0.008426966,0.019662921,0.028089888,0.971910112,"Reg"
"VC52SE1",33.65246,-3.47136,2017,"Fall",0,5,672,43,677,720,0,0.007385524,0.007385524,0.992614476,"Reg"
"VC52SE1",33.65246,-3.47136,2017,"Winter",1,32,680,7,713,720,0.001402525,0.044880785,0.04628331,0.95371669,"Reg"
"VC52SE1",33.65246,-3.47136,2018,"Spring",3,10,706,1,719,720,0.004172462,0.013908206,0.018080668,0.981919332,"Reg"
"VC52SE1",33.65246,-3.47136,2018,"Summer",4,9,706,1,719,720,0.005563282,0.012517385,0.018080668,0.981919332,"Reg"
"VC52SE1",33.65246,-3.47136,2018,"Fall",7,6,705,2,718,720,0.009749304,0.008356546,0.01810585,0.98189415,"Reg"
"VC52SE1",33.65246,-3.47136,2018,"Winter",10,8,690,12,708,720,0.014124294,0.011299435,0.025423729,0.974576271,"Reg"
"VC52SE1",33.65246,-3.47136,2019,"Spring",1,8,706,5,715,720,0.001398601,0.011188811,0.012587413,0.987412587,"Reg"
"VC52SE1",33.65246,-3.47136,2019,"Summer",2,12,703,3,717,720,0.0027894,0.016736402,0.019525802,0.980474198,"Reg"
"VC52SE1",33.65246,-3.47136,2019,"Fall",0,14,704,2,718,720,0,0.019498607,0.019498607,0.980501393,"Reg"
"VC52SE1",33.65246,-3.47136,2019,"Winter",4,13,703,0,720,720,0.005555556,0.018055556,0.023611111,0.976388889,"Reg"
"VC52SE1",33.65246,-3.47136,2020,"Spring",5,18,694,3,717,720,0.006973501,0.025104603,0.032078103,0.967921897,"Reg"
"VC52SE1",33.65246,-3.47136,2020,"Summer",7,16,689,8,712,720,0.009831461,0.02247191,0.032303371,0.967696629,"Reg"
"VC52SE1",33.65246,-3.47136,2020,"Fall",0,38,674,8,712,720,0,0.053370787,0.053370787,0.946629213,"Reg"
"VC52SE1",33.65246,-3.47136,2020,"Winter",0,25,690,5,715,720,0,0.034965035,0.034965035,0.965034965,"Reg"
"VC52SE1",33.65246,-3.47136,2021,"Spring",3,11,696,10,710,720,0.004225352,0.015492958,0.01971831,0.98028169,"Reg"
"VC52SE1",33.65246,-3.47136,2021,"Summer",8,10,693,9,711,720,0.011251758,0.014064698,0.025316456,0.974683544,"Reg"
"VC52SE1",33.65246,-3.47136,2021,"Fall",0,42,671,7,713,720,0,0.058906031,0.058906031,0.941093969,"Reg"
"VC52SE1",33.65246,-3.47136,2021,"Winter",1,18,694,7,713,720,0.001402525,0.025245442,0.026647966,0.973352034,"Reg"
"VC52SE1",33.65246,-3.47136,2022,"Spring",3,27,681,9,711,720,0.004219409,0.037974684,0.042194093,0.957805907,"Reg"
"VC52SE1",33.65246,-3.47136,2022,"Summer",3,28,680,9,711,720,0.004219409,0.039381153,0.043600563,0.956399437,"Reg"
"VC52SE1",33.65246,-3.47136,2022,"Fall",1,17,697,5,715,720,0.001398601,0.023776224,0.025174825,0.974825175,"Reg"
"VC52SE1",33.65246,-3.47136,2022,"Winter",2,7,705,6,714,720,0.00280112,0.009803922,0.012605042,0.987394958,"Reg"
"VC52SE1",33.65246,-3.47136,2023,"Spring",0,19,697,4,716,720,0,0.026536313,0.026536313,0.973463687,"Reg"
"VC52SE1",33.65246,-3.47136,2023,"Summer",0,17,696,7,713,720,0,0.023842917,0.023842917,0.976157083,"Reg"
"VC52SE1",33.65246,-3.47136,2023,"Fall",0,19,696,5,715,720,0,0.026573427,0.026573427,0.973426573,"Reg"
"VC52SE1",33.65246,-3.47136,2023,"Winter",0,10,708,2,718,720,0,0.013927577,0.013927577,0.986072423,"Reg"
"VC52SE2",33.65212,-3.444,2016,"Spring",0,11,349,0,360,360,0,0.030555556,0.030555556,0.969444444,"Reg"
"VC52SE2",33.65212,-3.444,2016,"Summer",0,20,340,0,360,360,0,0.055555556,0.055555556,0.944444444,"Reg"
"VC52SE2",33.65212,-3.444,2016,"Fall",0,23,335,2,358,360,0,0.06424581,0.06424581,0.93575419,"Reg"
"VC52SE2",33.65212,-3.444,2016,"Winter",0,23,337,0,360,360,0,0.063888889,0.063888889,0.936111111,"Reg"
"VC52SE2",33.65212,-3.444,2017,"Spring",39,14,654,13,707,720,0.055162659,0.01980198,0.074964639,0.925035361,"Reg"
"VC52SE2",33.65212,-3.444,2017,"Summer",13,37,661,9,711,720,0.018284107,0.052039381,0.070323488,0.929676512,"Reg"
"VC52SE2",33.65212,-3.444,2017,"Fall",0,15,678,27,693,720,0,0.021645022,0.021645022,0.978354978,"Reg"
"VC52SE2",33.65212,-3.444,2017,"Winter",0,36,680,4,716,720,0,0.05027933,0.05027933,0.94972067,"Reg"
"VC52SE2",33.65212,-3.444,2018,"Spring",4,39,671,6,714,720,0.005602241,0.054621849,0.06022409,0.93977591,"Reg"
"VC52SE2",33.65212,-3.444,2018,"Summer",2,43,672,3,717,720,0.0027894,0.059972106,0.062761506,0.937238494,"Reg"
"VC52SE2",33.65212,-3.444,2018,"Fall",6,26,684,4,716,720,0.008379888,0.036312849,0.044692737,0.955307263,"Reg"
"VC52SE2",33.65212,-3.444,2018,"Winter",19,17,669,15,705,720,0.026950355,0.024113475,0.05106383,0.94893617,"Reg"
"VC52SE2",33.65212,-3.444,2019,"Spring",10,22,677,11,709,720,0.014104372,0.031029619,0.045133992,0.954866008,"Reg"
"VC52SE2",33.65212,-3.444,2019,"Summer",3,23,688,6,714,720,0.004201681,0.032212885,0.036414566,0.963585434,"Reg"
"VC52SE2",33.65212,-3.444,2019,"Fall",0,23,692,5,715,720,0,0.032167832,0.032167832,0.967832168,"Reg"
"VC52SE2",33.65212,-3.444,2019,"Winter",6,21,692,1,719,720,0.008344924,0.029207232,0.037552156,0.962447844,"Reg"
"VC52SE2",33.65212,-3.444,2020,"Spring",22,15,676,7,713,720,0.03085554,0.021037868,0.051893408,0.948106592,"Reg"
"VC52SE2",33.65212,-3.444,2020,"Summer",17,16,671,16,704,720,0.024147727,0.022727273,0.046875,0.953125,"Reg"
"VC52SE2",33.65212,-3.444,2020,"Fall",0,30,681,9,711,720,0,0.042194093,0.042194093,0.957805907,"Reg"
"VC52SE2",33.65212,-3.444,2020,"Winter",0,21,688,11,709,720,0,0.029619182,0.029619182,0.970380818,"Reg"
"VC52SE2",33.65212,-3.444,2021,"Spring",13,20,677,10,710,720,0.018309859,0.028169014,0.046478873,0.953521127,"Reg"
"VC52SE2",33.65212,-3.444,2021,"Summer",19,10,681,10,710,720,0.026760563,0.014084507,0.04084507,0.95915493,"Reg"
"VC52SE2",33.65212,-3.444,2021,"Fall",1,34,674,11,709,720,0.001410437,0.047954866,0.049365303,0.950634697,"Reg"
"VC52SE2",33.65212,-3.444,2021,"Winter",0,19,693,8,712,720,0,0.026685393,0.026685393,0.973314607,"Reg"
"VC52SE2",33.65212,-3.444,2022,"Spring",3,20,690,7,713,720,0.004207574,0.028050491,0.032258065,0.967741935,"Reg"
"VC52SE2",33.65212,-3.444,2022,"Summer",3,47,658,12,708,720,0.004237288,0.066384181,0.070621469,0.929378531,"Reg"
"VC52SE2",33.65212,-3.444,2022,"Fall",0,30,681,9,711,720,0,0.042194093,0.042194093,0.957805907,"Reg"
"VC52SE2",33.65212,-3.444,2022,"Winter",2,26,685,7,713,720,0.002805049,0.036465638,0.039270687,0.960729313,"Reg"
"VC52SE2",33.65212,-3.444,2023,"Spring",0,34,676,10,710,720,0,0.047887324,0.047887324,0.952112676,"Reg"
"VC52SE2",33.65212,-3.444,2023,"Summer",0,40,667,13,707,720,0,0.056577086,0.056577086,0.943422914,"Reg"
"VC52SE2",33.65212,-3.444,2023,"Fall",0,35,676,9,711,720,0,0.049226442,0.049226442,0.950773558,"Reg"
"VC52SE2",33.65212,-3.444,2023,"Winter",0,20,698,2,718,720,0,0.027855153,0.027855153,0.972144847,"Reg"
"VC52SE3",33.63064,-3.44553,2016,"Spring",0,5,354,1,359,360,0,0.013927577,0.013927577,0.986072423,"Reg"
"VC52SE3",33.63064,-3.44553,2016,"Summer",0,4,356,0,360,360,0,0.011111111,0.011111111,0.988888889,"Reg"
"VC52SE3",33.63064,-3.44553,2016,"Fall",0,8,352,0,360,360,0,0.022222222,0.022222222,0.977777778,"Reg"
"VC52SE3",33.63064,-3.44553,2016,"Winter",1,1,358,0,360,360,0.002777778,0.002777778,0.005555556,0.994444444,"Reg"
"VC52SE3",33.63064,-3.44553,2017,"Spring",6,7,706,1,719,720,0.008344924,0.009735744,0.018080668,0.981919332,"Reg"
"VC52SE3",33.63064,-3.44553,2017,"Summer",2,5,709,4,716,720,0.002793296,0.00698324,0.009776536,0.990223464,"Reg"
"VC52SE3",33.63064,-3.44553,2017,"Fall",0,28,635,57,663,720,0,0.042232278,0.042232278,0.957767722,"Reg"
"VC52SE3",33.63064,-3.44553,2017,"Winter",0,12,706,2,718,720,0,0.016713092,0.016713092,0.983286908,"Reg"
"VC52SE3",33.63064,-3.44553,2018,"Spring",1,10,707,2,718,720,0.001392758,0.013927577,0.015320334,0.984679666,"Reg"
"VC52SE3",33.63064,-3.44553,2018,"Summer",1,5,713,1,719,720,0.001390821,0.006954103,0.008344924,0.991655076,"Reg"
"VC52SE3",33.63064,-3.44553,2018,"Fall",0,11,708,1,719,720,0,0.015299026,0.015299026,0.984700974,"Reg"
"VC52SE3",33.63064,-3.44553,2018,"Winter",6,3,703,8,712,720,0.008426966,0.004213483,0.012640449,0.987359551,"Reg"
"VC52SE3",33.63064,-3.44553,2019,"Spring",1,4,710,5,715,720,0.001398601,0.005594406,0.006993007,0.993006993,"Reg"
"VC52SE3",33.63064,-3.44553,2019,"Summer",0,9,708,3,717,720,0,0.012552301,0.012552301,0.987447699,"Reg"
"VC52SE3",33.63064,-3.44553,2019,"Fall",0,9,710,1,719,720,0,0.012517385,0.012517385,0.987482615,"Reg"
"VC52SE3",33.63064,-3.44553,2019,"Winter",0,5,714,1,719,720,0,0.006954103,0.006954103,0.993045897,"Reg"
"VC52SE3",33.63064,-3.44553,2020,"Spring",9,5,703,3,717,720,0.012552301,0.006973501,0.019525802,0.980474198,"Reg"
"VC52SE3",33.63064,-3.44553,2020,"Summer",3,1,715,1,719,720,0.004172462,0.001390821,0.005563282,0.994436718,"Reg"
"VC52SE3",33.63064,-3.44553,2020,"Fall",0,7,712,1,719,720,0,0.009735744,0.009735744,0.990264256,"Reg"
"VC52SE3",33.63064,-3.44553,2020,"Winter",0,18,698,4,716,720,0,0.025139665,0.025139665,0.974860335,"Reg"
"VC52SE3",33.63064,-3.44553,2021,"Spring",2,4,712,2,718,720,0.002785515,0.005571031,0.008356546,0.991643454,"Reg"
"VC52SE3",33.63064,-3.44553,2021,"Summer",8,9,699,4,716,720,0.011173184,0.012569832,0.023743017,0.976256983,"Reg"
"VC52SE3",33.63064,-3.44553,2021,"Fall",0,16,702,2,718,720,0,0.022284123,0.022284123,0.977715877,"Reg"
"VC52SE3",33.63064,-3.44553,2021,"Winter",0,7,713,0,720,720,0,0.009722222,0.009722222,0.990277778,"Reg"
"VC52SE3",33.63064,-3.44553,2022,"Spring",1,12,705,2,718,720,0.001392758,0.016713092,0.01810585,0.98189415,"Reg"
"VC52SE3",33.63064,-3.44553,2022,"Summer",0,6,709,5,715,720,0,0.008391608,0.008391608,0.991608392,"Reg"
"VC52SE3",33.63064,-3.44553,2022,"Fall",0,23,694,3,717,720,0,0.032078103,0.032078103,0.967921897,"Reg"
"VC52SE3",33.63064,-3.44553,2022,"Winter",1,11,706,2,718,720,0.001392758,0.015320334,0.016713092,0.983286908,"Reg"
"VC52SE3",33.63064,-3.44553,2023,"Spring",0,6,712,2,718,720,0,0.008356546,0.008356546,0.991643454,"Reg"
"VC52SE3",33.63064,-3.44553,2023,"Summer",0,8,709,3,717,720,0,0.011157601,0.011157601,0.988842399,"Reg"
"VC52SE3",33.63064,-3.44553,2023,"Fall",0,10,707,3,717,720,0,0.013947001,0.013947001,0.986052999,"Reg"
"VC52SE3",33.63064,-3.44553,2023,"Winter",0,9,711,0,720,720,0,0.0125,0.0125,0.9875,"Reg"
"VC52SE4",33.63083,-3.47116,2016,"Spring",0,13,342,5,355,360,0,0.036619718,0.036619718,0.963380282,"Reg"
"VC52SE4",33.63083,-3.47116,2016,"Summer",0,22,338,0,360,360,0,0.061111111,0.061111111,0.938888889,"Reg"
"VC52SE4",33.63083,-3.47116,2016,"Fall",0,21,334,5,355,360,0,0.05915493,0.05915493,0.94084507,"Reg"
"VC52SE4",33.63083,-3.47116,2016,"Winter",3,25,332,0,360,360,0.008333333,0.069444444,0.077777778,0.922222222,"Reg"
"VC52SE4",33.63083,-3.47116,2017,"Spring",23,36,653,8,712,720,0.032303371,0.050561798,0.082865169,0.917134831,"Reg"
"VC52SE4",33.63083,-3.47116,2017,"Summer",12,44,653,11,709,720,0.016925247,0.062059238,0.078984485,0.921015515,"Reg"
"VC52SE4",33.63083,-3.47116,2017,"Fall",0,18,643,59,661,720,0,0.027231467,0.027231467,0.972768533,"Reg"
"VC52SE4",33.63083,-3.47116,2017,"Winter",0,35,680,5,715,720,0,0.048951049,0.048951049,0.951048951,"Reg"
"VC52SE4",33.63083,-3.47116,2018,"Spring",7,35,672,6,714,720,0.009803922,0.049019608,0.058823529,0.941176471,"Reg"
"VC52SE4",33.63083,-3.47116,2018,"Summer",5,44,661,10,710,720,0.007042254,0.061971831,0.069014085,0.930985915,"Reg"
"VC52SE4",33.63083,-3.47116,2018,"Fall",8,43,669,0,720,720,0.011111111,0.059722222,0.070833333,0.929166667,"Reg"
"VC52SE4",33.63083,-3.47116,2018,"Winter",25,13,663,19,701,720,0.035663338,0.018544936,0.054208274,0.945791726,"Reg"
"VC52SE4",33.63083,-3.47116,2019,"Spring",6,28,673,13,707,720,0.008486563,0.03960396,0.048090523,0.951909477,"Reg"
"VC52SE4",33.63083,-3.47116,2019,"Summer",0,29,687,4,716,720,0,0.040502793,0.040502793,0.959497207,"Reg"
"VC52SE4",33.63083,-3.47116,2019,"Fall",0,33,682,5,715,720,0,0.046153846,0.046153846,0.953846154,"Reg"
"VC52SE4",33.63083,-3.47116,2019,"Winter",9,14,693,4,716,720,0.012569832,0.019553073,0.032122905,0.967877095,"Reg"
"VC52SE4",33.63083,-3.47116,2020,"Spring",20,20,673,7,713,720,0.028050491,0.028050491,0.056100982,0.943899018,"Reg"
"VC52SE4",33.63083,-3.47116,2020,"Summer",24,17,668,11,709,720,0.033850494,0.023977433,0.057827927,0.942172073,"Reg"
"VC52SE4",33.63083,-3.47116,2020,"Fall",0,40,667,13,707,720,0,0.056577086,0.056577086,0.943422914,"Reg"
"VC52SE4",33.63083,-3.47116,2020,"Winter",0,35,675,10,710,720,0,0.049295775,0.049295775,0.950704225,"Reg"
"VC52SE4",33.63083,-3.47116,2021,"Spring",25,18,667,10,710,720,0.035211268,0.025352113,0.06056338,0.93943662,"Reg"
"VC52SE4",33.63083,-3.47116,2021,"Summer",18,26,665,11,709,720,0.02538787,0.036671368,0.062059238,0.937940762,"Reg"
"VC52SE4",33.63083,-3.47116,2021,"Fall",2,44,666,8,712,720,0.002808989,0.061797753,0.064606742,0.935393258,"Reg"
"VC52SE4",33.63083,-3.47116,2021,"Winter",0,38,675,7,713,720,0,0.053295933,0.053295933,0.946704067,"Reg"
"VC52SE4",33.63083,-3.47116,2022,"Spring",6,34,676,4,716,720,0.008379888,0.047486034,0.055865922,0.944134078,"Reg"
"VC52SE4",33.63083,-3.47116,2022,"Summer",7,45,656,12,708,720,0.009887006,0.063559322,0.073446328,0.926553672,"Reg"
"VC52SE4",33.63083,-3.47116,2022,"Fall",4,20,687,9,711,720,0.005625879,0.028129395,0.033755274,0.966244726,"Reg"
"VC52SE4",33.63083,-3.47116,2022,"Winter",6,23,683,8,712,720,0.008426966,0.032303371,0.040730337,0.959269663,"Reg"
"VC52SE4",33.63083,-3.47116,2023,"Spring",0,34,676,10,710,720,0,0.047887324,0.047887324,0.952112676,"Reg"
"VC52SE4",33.63083,-3.47116,2023,"Summer",3,27,677,13,707,720,0.004243281,0.038189533,0.042432815,0.957567185,"Reg"
"VC52SE4",33.63083,-3.47116,2023,"Fall",0,39,673,8,712,720,0,0.054775281,0.054775281,0.945224719,"Reg"
"VC52SE4",33.63083,-3.47116,2023,"Winter",0,45,670,5,715,720,0,0.062937063,0.062937063,0.937062937,"Reg"
"VC52SE5",33.6425,-3.45835,2016,"Spring",0,0,360,0,360,360,0,0,0,1,"Reg"
"VC52SE5",33.6425,-3.45835,2016,"Summer",0,0,360,0,360,360,0,0,0,1,"Reg"
"VC52SE5",33.6425,-3.45835,2016,"Fall",0,2,358,0,360,360,0,0.005555556,0.005555556,0.994444444,"Reg"
"VC52SE5",33.6425,-3.45835,2016,"Winter",0,0,359,1,359,360,0,0,0,1,"Reg"
"VC52SE5",33.6425,-3.45835,2017,"Spring",4,2,714,0,720,720,0.005555556,0.002777778,0.008333333,0.991666667,"Reg"
"VC52SE5",33.6425,-3.45835,2017,"Summer",2,8,710,0,720,720,0.002777778,0.011111111,0.013888889,0.986111111,"Reg"
"VC52SE5",33.6425,-3.45835,2017,"Fall",0,5,700,15,705,720,0,0.007092199,0.007092199,0.992907801,"Reg"
"VC52SE5",33.6425,-3.45835,2017,"Winter",0,4,714,2,718,720,0,0.005571031,0.005571031,0.994428969,"Reg"
"VC52SE5",33.6425,-3.45835,2018,"Spring",0,4,716,0,720,720,0,0.005555556,0.005555556,0.994444444,"Reg"
"VC52SE5",33.6425,-3.45835,2018,"Summer",0,3,716,1,719,720,0,0.004172462,0.004172462,0.995827538,"Reg"
"VC52SE5",33.6425,-3.45835,2018,"Fall",0,2,718,0,720,720,0,0.002777778,0.002777778,0.997222222,"Reg"
"VC52SE5",33.6425,-3.45835,2018,"Winter",4,3,711,2,718,720,0.005571031,0.004178273,0.009749304,0.990250696,"Reg"
"VC52SE5",33.6425,-3.45835,2019,"Spring",1,1,717,1,719,720,0.001390821,0.001390821,0.002781641,0.997218359,"Reg"
"VC52SE5",33.6425,-3.45835,2019,"Summer",2,8,707,3,717,720,0.0027894,0.011157601,0.013947001,0.986052999,"Reg"
"VC52SE5",33.6425,-3.45835,2019,"Fall",0,1,718,1,719,720,0,0.001390821,0.001390821,0.998609179,"Reg"
"VC52SE5",33.6425,-3.45835,2019,"Winter",0,3,717,0,720,720,0,0.004166667,0.004166667,0.995833333,"Reg"
"VC52SE5",33.6425,-3.45835,2020,"Spring",1,2,714,3,717,720,0.0013947,0.0027894,0.0041841,0.9958159,"Reg"
"VC52SE5",33.6425,-3.45835,2020,"Summer",2,4,713,1,719,720,0.002781641,0.005563282,0.008344924,0.991655076,"Reg"
"VC52SE5",33.6425,-3.45835,2020,"Fall",0,4,715,1,719,720,0,0.005563282,0.005563282,0.994436718,"Reg"
"VC52SE5",33.6425,-3.45835,2020,"Winter",0,3,717,0,720,720,0,0.004166667,0.004166667,0.995833333,"Reg"
"VC52SE5",33.6425,-3.45835,2021,"Spring",4,4,711,1,719,720,0.005563282,0.005563282,0.011126565,0.988873435,"Reg"
"VC52SE5",33.6425,-3.45835,2021,"Summer",2,10,705,3,717,720,0.0027894,0.013947001,0.016736402,0.983263598,"Reg"
"VC52SE5",33.6425,-3.45835,2021,"Fall",0,0,720,0,720,720,0,0,0,1,"Reg"
"VC52SE5",33.6425,-3.45835,2021,"Winter",0,3,716,1,719,720,0,0.004172462,0.004172462,0.995827538,"Reg"
"VC52SE5",33.6425,-3.45835,2022,"Spring",0,1,714,5,715,720,0,0.001398601,0.001398601,0.998601399,"Reg"
"VC52SE5",33.6425,-3.45835,2022,"Summer",0,2,714,4,716,720,0,0.002793296,0.002793296,0.997206704,"Reg"
"VC52SE5",33.6425,-3.45835,2022,"Fall",0,5,713,2,718,720,0,0.006963788,0.006963788,0.993036212,"Reg"
"VC52SE5",33.6425,-3.45835,2022,"Winter",0,2,717,1,719,720,0,0.002781641,0.002781641,0.997218359,"Reg"
"VC52SE5",33.6425,-3.45835,2023,"Spring",0,2,718,0,720,720,0,0.002777778,0.002777778,0.997222222,"Reg"
"VC52SE5",33.6425,-3.45835,2023,"Summer",0,2,716,2,718,720,0,0.002785515,0.002785515,0.997214485,"Reg"
"VC52SE5",33.6425,-3.45835,2023,"Fall",0,0,720,0,720,720,0,0,0,1,"Reg"
"VC52SE5",33.6425,-3.45835,2023,"Winter",0,4,715,1,719,720,0,0.005563282,0.005563282,0.994436718,"Reg"
"WA67CHENOP",32.34727,-2.308,2017,"Spring",227,181,248,77,656,733,0.346036585,0.275914634,0.62195122,0.37804878,"Alluvial spread area"
"WA67CHENOP",32.34727,-2.308,2017,"Summer",298,164,229,29,691,720,0.431259045,0.237337192,0.668596237,0.331403763,"Alluvial spread area"
"WA67CHENOP",32.34727,-2.308,2017,"Fall",298,276,275,131,849,980,0.351001178,0.325088339,0.676089517,0.323910483,"Alluvial spread area"
"WA67CHENOP",32.34727,-2.308,2017,"Winter",256,298,323,103,877,980,0.291904219,0.339794755,0.631698974,0.368301026,"Alluvial spread area"
"WA67CHENOP",32.34727,-2.308,2018,"Spring",4,307,370,39,681,720,0.005873715,0.450807636,0.456681351,0.543318649,"Alluvial spread area"
"WA67CHENOP",32.34727,-2.308,2018,"Summer",162,241,485,92,888,980,0.182432432,0.271396396,0.453828829,0.546171171,"Alluvial spread area"
"WA67CHENOP",32.34727,-2.308,2018,"Fall",295,141,263,34,699,733,0.422031474,0.201716738,0.623748212,0.376251788,"Alluvial spread area"
"WA67CHENOP",32.34727,-2.308,2018,"Winter",322,230,329,99,881,980,0.365493757,0.261066969,0.626560726,0.373439274,"Alluvial spread area"
"WA67CHENOP",32.34727,-2.308,2019,"Spring",45,200,410,65,655,720,0.06870229,0.305343511,0.374045802,0.625954198,"Alluvial spread area"
"WA67CHENOP",32.34727,-2.308,2019,"Summer",14,287,366,53,667,720,0.020989505,0.430284858,0.451274363,0.548725637,"Alluvial spread area"
"WA67CHENOP",32.34727,-2.308,2019,"Fall",4,210,463,43,677,720,0.005908419,0.310192024,0.316100443,0.683899557,"Alluvial spread area"
"WA67CHENOP",32.34727,-2.308,2019,"Winter",16,233,448,23,697,720,0.022955524,0.334289813,0.357245337,0.642754663,"Alluvial spread area"
"WA67CHENOP",32.34727,-2.308,2020,"Spring",81,461,345,93,887,980,0.091319053,0.519729425,0.611048478,0.388951522,"Alluvial spread area"
"WA67CHENOP",32.34727,-2.308,2020,"Summer",88,227,474,61,789,850,0.111533587,0.287705957,0.399239544,0.600760456,"Alluvial spread area"
"WA67CHENOP",32.34727,-2.308,2020,"Fall",93,214,390,23,697,720,0.133428981,0.307030129,0.44045911,0.55954089,"Alluvial spread area"
"WA67CHENOP",32.34727,-2.308,2020,"Winter",150,194,347,29,691,720,0.2170767,0.280752533,0.497829233,0.502170767,"Alluvial spread area"
"WA67CHENOP",32.34727,-2.308,2021,"Spring",265,186,240,29,691,720,0.383502171,0.269175109,0.652677279,0.347322721,"Alluvial spread area"
"WA67CHENOP",32.34727,-2.308,2021,"Summer",210,223,497,50,930,980,0.225806452,0.239784946,0.465591398,0.534408602,"Alluvial spread area"
"WA67CHENOP",32.34727,-2.308,2021,"Fall",10,325,341,44,676,720,0.014792899,0.480769231,0.49556213,0.50443787,"Alluvial spread area"
"WA67CHENOP",32.34727,-2.308,2021,"Winter",0,259,427,34,686,720,0,0.37755102,0.37755102,0.62244898,"Alluvial spread area"
"WA67CHENOP",32.34727,-2.308,2022,"Spring",57,269,584,70,910,980,0.062637363,0.295604396,0.358241758,0.641758242,"Alluvial spread area"
"WA67CHENOP",32.34727,-2.308,2022,"Summer",83,294,547,56,924,980,0.08982684,0.318181818,0.408008658,0.591991342,"Alluvial spread area"
"WA67CHENOP",32.34727,-2.308,2022,"Fall",64,374,490,52,928,980,0.068965517,0.403017241,0.471982759,0.528017241,"Alluvial spread area"
"WA67CHENOP",32.34727,-2.308,2022,"Winter",62,242,627,49,931,980,0.066595059,0.259935553,0.326530612,0.673469388,"Alluvial spread area"
"WA67CHENOP",32.34727,-2.308,2023,"Spring",60,299,547,74,906,980,0.066225166,0.330022075,0.396247241,0.603752759,"Alluvial spread area"
"WA67CHENOP",32.34727,-2.308,2023,"Summer",82,341,507,50,930,980,0.088172043,0.366666667,0.45483871,0.54516129,"Alluvial spread area"
"WA67CHENOP",32.34727,-2.308,2023,"Fall",37,322,587,34,946,980,0.039112051,0.34038055,0.3794926,0.6205074,"Alluvial spread area"
"WA67CHENOP",32.34727,-2.308,2023,"Winter",33,332,578,37,943,980,0.034994698,0.352067869,0.387062566,0.612937434,"Alluvial spread area"
"WA67NW1",32.3443,-2.34932,2017,"Spring",228,64,406,22,698,720,0.326647564,0.091690544,0.418338109,0.581661891,"Alluvial spread area"
"WA67NW1",32.3443,-2.34932,2017,"Summer",52,202,448,18,702,720,0.074074074,0.287749288,0.361823362,0.638176638,"Alluvial spread area"
"WA67NW1",32.3443,-2.34932,2017,"Fall",41,183,455,41,679,720,0.060382916,0.269513991,0.329896907,0.670103093,"Alluvial spread area"
"WA67NW1",32.3443,-2.34932,2017,"Winter",31,169,478,42,678,720,0.045722714,0.249262537,0.294985251,0.705014749,"Alluvial spread area"
"WA67NW1",32.3443,-2.34932,2018,"Spring",0,100,604,16,704,720,0,0.142045455,0.142045455,0.857954545,"Alluvial spread area"
"WA67NW1",32.3443,-2.34932,2018,"Summer",17,114,570,19,701,720,0.02425107,0.162624822,0.186875892,0.813124108,"Alluvial spread area"
"WA67NW1",32.3443,-2.34932,2018,"Fall",31,70,608,11,709,720,0.043723554,0.098730606,0.142454161,0.857545839,"Alluvial spread area"
"WA67NW1",32.3443,-2.34932,2018,"Winter",39,80,570,31,689,720,0.056603774,0.116110305,0.172714078,0.827285922,"Alluvial spread area"
"WA67NW1",32.3443,-2.34932,2019,"Spring",10,80,618,12,708,720,0.014124294,0.11299435,0.127118644,0.872881356,"Alluvial spread area"
"WA67NW1",32.3443,-2.34932,2019,"Summer",5,68,635,12,708,720,0.007062147,0.096045198,0.103107345,0.896892655,"Alluvial spread area"
"WA67NW1",32.3443,-2.34932,2019,"Fall",0,109,583,28,692,720,0,0.157514451,0.157514451,0.842485549,"Alluvial spread area"
"WA67NW1",32.3443,-2.34932,2019,"Winter",0,93,625,2,718,720,0,0.129526462,0.129526462,0.870473538,"Alluvial spread area"
"WA67NW1",32.3443,-2.34932,2020,"Spring",16,79,606,19,701,720,0.022824536,0.112696148,0.135520685,0.864479315,"Alluvial spread area"
"WA67NW1",32.3443,-2.34932,2020,"Summer",14,75,611,20,700,720,0.02,0.107142857,0.127142857,0.872857143,"Alluvial spread area"
"WA67NW1",32.3443,-2.34932,2020,"Fall",15,89,584,32,688,720,0.021802326,0.129360465,0.151162791,0.848837209,"Alluvial spread area"
"WA67NW1",32.3443,-2.34932,2020,"Winter",32,83,594,11,709,720,0.045133992,0.117066291,0.162200282,0.837799718,"Alluvial spread area"
"WA67NW1",32.3443,-2.34932,2021,"Spring",19,82,605,14,706,720,0.026912181,0.116147309,0.14305949,0.85694051,"Alluvial spread area"
"WA67NW1",32.3443,-2.34932,2021,"Summer",24,56,626,14,706,720,0.033994334,0.079320113,0.113314448,0.886685552,"Alluvial spread area"
"WA67NW1",32.3443,-2.34932,2021,"Fall",2,143,557,18,702,720,0.002849003,0.203703704,0.206552707,0.793447293,"Alluvial spread area"
"WA67NW1",32.3443,-2.34932,2021,"Winter",0,120,582,18,702,720,0,0.170940171,0.170940171,0.829059829,"Alluvial spread area"
"WA67NW1",32.3443,-2.34932,2022,"Spring",7,80,617,16,704,720,0.009943182,0.113636364,0.123579545,0.876420455,"Alluvial spread area"
"WA67NW1",32.3443,-2.34932,2022,"Summer",8,71,627,14,706,720,0.011331445,0.100566572,0.111898017,0.888101983,"Alluvial spread area"
"WA67NW1",32.3443,-2.34932,2022,"Fall",11,94,605,10,710,720,0.015492958,0.132394366,0.147887324,0.852112676,"Alluvial spread area"
"WA67NW1",32.3443,-2.34932,2022,"Winter",5,93,603,19,701,720,0.007132668,0.132667618,0.139800285,0.860199715,"Alluvial spread area"
"WA67NW1",32.3443,-2.34932,2023,"Spring",0,10,1068,2,1078,720,0,0.009276438,0.009276438,0.990723562,"Alluvial spread area"
"WA67NW1",32.3443,-2.34932,2023,"Summer",3,12,1061,4,1076,720,0.002788104,0.011152416,0.01394052,0.98605948,"Alluvial spread area"
"WA67NW1",32.3443,-2.34932,2023,"Fall",5,23,1046,6,1074,720,0.004655493,0.02141527,0.026070764,0.973929236,"Alluvial spread area"
"WA67NW1",32.3443,-2.34932,2023,"Winter",0,30,1046,4,1076,720,0,0.027881041,0.027881041,0.972118959,"Alluvial spread area"
"WA67NW2",32.34383,-2.32254,2017,"Spring",13,2,702,3,717,720,0.018131102,0.0027894,0.020920502,0.979079498,"Alluvial spread area"
"WA67NW2",32.34383,-2.32254,2017,"Summer",7,2,709,2,718,720,0.009749304,0.002785515,0.012534819,0.987465181,"Alluvial spread area"
"WA67NW2",32.34373,-2.3227,2017,"Fall",22,41,650,7,713,720,0.03085554,0.057503506,0.088359046,0.911640954,"Alluvial spread area"
"WA67NW2",32.34373,-2.3227,2017,"Winter",33,32,654,1,719,720,0.045897079,0.044506259,0.090403338,0.909596662,"Alluvial spread area"
"WA67NW2",32.34373,-2.3227,2018,"Spring",5,54,659,2,718,720,0.006963788,0.075208914,0.082172702,0.917827298,"Alluvial spread area"
"WA67NW2",32.34373,-2.3227,2018,"Summer",29,18,659,14,706,720,0.041076487,0.025495751,0.066572238,0.933427762,"Alluvial spread area"
"WA67NW2",32.34373,-2.3227,2018,"Fall",29,10,676,5,715,720,0.040559441,0.013986014,0.054545455,0.945454545,"Alluvial spread area"
"WA67NW2",32.34373,-2.3227,2018,"Winter",36,34,633,17,703,720,0.051209104,0.048364154,0.099573257,0.900426743,"Alluvial spread area"
"WA67NW2",32.34373,-2.3227,2019,"Spring",9,25,682,4,716,720,0.012569832,0.034916201,0.047486034,0.952513966,"Alluvial spread area"
"WA67NW2",32.34373,-2.3227,2019,"Summer",10,38,659,13,707,720,0.014144272,0.053748232,0.067892504,0.932107496,"Alluvial spread area"
"WA67NW2",32.34373,-2.3227,2019,"Fall",0,44,658,18,702,720,0,0.062678063,0.062678063,0.937321937,"Alluvial spread area"
"WA67NW2",32.34373,-2.3227,2019,"Winter",3,48,668,1,719,720,0.004172462,0.066759388,0.07093185,0.92906815,"Alluvial spread area"
"WA67NW2",32.34373,-2.3227,2020,"Spring",18,40,650,12,708,720,0.025423729,0.056497175,0.081920904,0.918079096,"Alluvial spread area"
"WA67NW2",32.34373,-2.3227,2020,"Summer",36,31,641,12,708,720,0.050847458,0.043785311,0.094632768,0.905367232,"Alluvial spread area"
"WA67NW2",32.34373,-2.3227,2020,"Fall",9,35,664,12,708,720,0.012711864,0.049435028,0.062146893,0.937853107,"Alluvial spread area"
"WA67NW2",32.34373,-2.3227,2020,"Winter",24,35,649,12,708,720,0.033898305,0.049435028,0.083333333,0.916666667,"Alluvial spread area"
"WA67NW2",32.34373,-2.3227,2021,"Spring",34,22,656,8,712,720,0.047752809,0.030898876,0.078651685,0.921348315,"Alluvial spread area"
"WA67NW2",32.34373,-2.3227,2021,"Summer",41,16,646,17,703,720,0.058321479,0.022759602,0.081081081,0.918918919,"Alluvial spread area"
"WA67NW2",32.34373,-2.3227,2021,"Fall",0,39,675,6,714,720,0,0.054621849,0.054621849,0.945378151,"Alluvial spread area"
"WA67NW2",32.34373,-2.3227,2021,"Winter",1,43,673,3,717,720,0.0013947,0.059972106,0.061366806,0.938633194,"Alluvial spread area"
"WA67NW2",32.34373,-2.3227,2022,"Spring",11,20,677,12,708,720,0.015536723,0.028248588,0.043785311,0.956214689,"Alluvial spread area"
"WA67NW2",32.34373,-2.3227,2022,"Summer",14,36,651,19,701,720,0.019971469,0.051355207,0.071326676,0.928673324,"Alluvial spread area"
"WA67NW2",32.34373,-2.3227,2022,"Fall",2,25,683,10,710,720,0.002816901,0.035211268,0.038028169,0.961971831,"Alluvial spread area"
"WA67NW2",32.34373,-2.3227,2022,"Winter",3,32,675,10,710,720,0.004225352,0.045070423,0.049295775,0.950704225,"Alluvial spread area"
"WA67NW2",32.34373,-2.3227,2023,"Spring",0,10,1068,2,1078,720,0,0.009276438,0.009276438,0.990723562,"Alluvial spread area"
"WA67NW2",32.34373,-2.3227,2023,"Summer",3,12,1061,4,1076,720,0.002788104,0.011152416,0.01394052,0.98605948,"Alluvial spread area"
"WA67NW2",32.34373,-2.3227,2023,"Fall",5,23,1046,6,1074,720,0.004655493,0.02141527,0.026070764,0.973929236,"Alluvial spread area"
"WA67NW2",32.34373,-2.3227,2023,"Winter",0,30,1046,4,1076,720,0,0.027881041,0.027881041,0.972118959,"Alluvial spread area"
"WA67NW3",32.32128,-2.32271,2017,"Spring",33,12,666,9,711,720,0.046413502,0.016877637,0.063291139,0.936708861,"Alluvial spread area"
"WA67NW3",32.32128,-2.32271,2017,"Summer",8,35,674,3,717,720,0.011157601,0.048814505,0.059972106,0.940027894,"Alluvial spread area"
"WA67NW3",32.32128,-2.32271,2017,"Fall",9,12,694,5,715,720,0.012587413,0.016783217,0.029370629,0.970629371,"Alluvial spread area"
"WA67NW3",32.32128,-2.32271,2017,"Winter",8,25,684,3,717,720,0.011157601,0.034867503,0.046025105,0.953974895,"Alluvial spread area"
"WA67NW3",32.32128,-2.32271,2018,"Spring",0,9,709,2,718,720,0,0.012534819,0.012534819,0.987465181,"Alluvial spread area"
"WA67NW3",32.32128,-2.32271,2018,"Summer",9,7,701,3,717,720,0.012552301,0.009762901,0.022315202,0.977684798,"Alluvial spread area"
"WA67NW3",32.32128,-2.32271,2018,"Fall",16,8,693,3,717,720,0.022315202,0.011157601,0.033472803,0.966527197,"Alluvial spread area"
"WA67NW3",32.32128,-2.32271,2018,"Winter",12,6,693,9,711,720,0.016877637,0.008438819,0.025316456,0.974683544,"Alluvial spread area"
"WA67NW3",32.32128,-2.32271,2019,"Spring",8,12,695,5,715,720,0.011188811,0.016783217,0.027972028,0.972027972,"Alluvial spread area"
"WA67NW3",32.32128,-2.32271,2019,"Summer",1,10,707,2,718,720,0.001392758,0.013927577,0.015320334,0.984679666,"Alluvial spread area"
"WA67NW3",32.32128,-2.32271,2019,"Fall",0,8,708,4,716,720,0,0.011173184,0.011173184,0.988826816,"Alluvial spread area"
"WA67NW3",32.32128,-2.32271,2019,"Winter",2,10,707,1,719,720,0.002781641,0.013908206,0.016689847,0.983310153,"Alluvial spread area"
"WA67NW3",32.32128,-2.32271,2020,"Spring",7,6,705,2,718,720,0.009749304,0.008356546,0.01810585,0.98189415,"Alluvial spread area"
"WA67NW3",32.32128,-2.32271,2020,"Summer",7,9,698,6,714,720,0.009803922,0.012605042,0.022408964,0.977591036,"Alluvial spread area"
"WA67NW3",32.32128,-2.32271,2020,"Fall",8,3,706,3,717,720,0.011157601,0.0041841,0.015341702,0.984658298,"Alluvial spread area"
"WA67NW3",32.32128,-2.32271,2020,"Winter",8,5,702,5,715,720,0.011188811,0.006993007,0.018181818,0.981818182,"Alluvial spread area"
"WA67NW3",32.32128,-2.32271,2021,"Spring",9,6,702,3,717,720,0.012552301,0.008368201,0.020920502,0.979079498,"Alluvial spread area"
"WA67NW3",32.32128,-2.32271,2021,"Summer",10,4,705,1,719,720,0.013908206,0.005563282,0.019471488,0.980528512,"Alluvial spread area"
"WA67NW3",32.32128,-2.32271,2021,"Fall",2,10,708,0,720,720,0.002777778,0.013888889,0.016666667,0.983333333,"Alluvial spread area"
"WA67NW3",32.32128,-2.32271,2021,"Winter",0,10,709,1,719,720,0,0.013908206,0.013908206,0.986091794,"Alluvial spread area"
"WA67NW3",32.32128,-2.32271,2022,"Spring",3,12,703,2,718,720,0.004178273,0.016713092,0.020891365,0.979108635,"Alluvial spread area"
"WA67NW3",32.32128,-2.32271,2022,"Summer",3,6,704,7,713,720,0.004207574,0.008415147,0.012622721,0.987377279,"Alluvial spread area"
"WA67NW3",32.32128,-2.32271,2022,"Fall",2,4,710,4,716,720,0.002793296,0.005586592,0.008379888,0.991620112,"Alluvial spread area"
"WA67NW3",32.32128,-2.32271,2022,"Winter",1,9,702,8,712,720,0.001404494,0.012640449,0.014044944,0.985955056,"Alluvial spread area"
"WA67NW3",32.32128,-2.32271,2023,"Spring",0,10,1068,2,1078,720,0,0.009276438,0.009276438,0.990723562,"Alluvial spread area"
"WA67NW3",32.32128,-2.32271,2023,"Summer",3,12,1061,4,1076,720,0.002788104,0.011152416,0.01394052,0.98605948,"Alluvial spread area"
"WA67NW3",32.32128,-2.32271,2023,"Fall",5,23,1046,6,1074,720,0.004655493,0.02141527,0.026070764,0.973929236,"Alluvial spread area"
"WA67NW3",32.32128,-2.32271,2023,"Winter",0,30,1046,4,1076,720,0,0.027881041,0.027881041,0.972118959,"Alluvial spread area"
"WA67NW4",32.32142,-2.34927,2017,"Spring",87,6,622,5,715,720,0.121678322,0.008391608,0.13006993,0.86993007,"Alluvial spread area"
"WA67NW4",32.32142,-2.34927,2017,"Summer",40,19,656,5,715,720,0.055944056,0.026573427,0.082517483,0.917482517,"Alluvial spread area"
"WA67NW4",32.32142,-2.34927,2017,"Fall",10,28,676,6,714,720,0.014005602,0.039215686,0.053221289,0.946778711,"Alluvial spread area"
"WA67NW4",32.32142,-2.34927,2017,"Winter",13,17,685,5,715,720,0.018181818,0.023776224,0.041958042,0.958041958,"Alluvial spread area"
"WA67NW4",32.32142,-2.34927,2018,"Spring",0,22,695,3,717,720,0,0.030683403,0.030683403,0.969316597,"Alluvial spread area"
"WA67NW4",32.32142,-2.34927,2018,"Summer",32,14,665,9,711,720,0.045007032,0.019690577,0.064697609,0.935302391,"Alluvial spread area"
"WA67NW4",32.32142,-2.34927,2018,"Fall",29,10,671,10,710,720,0.04084507,0.014084507,0.054929577,0.945070423,"Alluvial spread area"
"WA67NW4",32.32142,-2.34927,2018,"Winter",48,9,649,14,706,720,0.067988669,0.012747875,0.080736544,0.919263456,"Alluvial spread area"
"WA67NW4",32.32142,-2.34927,2019,"Spring",1,33,673,13,707,720,0.001414427,0.046676096,0.048090523,0.951909477,"Alluvial spread area"
"WA67NW4",32.32142,-2.34927,2019,"Summer",3,39,674,4,716,720,0.004189944,0.054469274,0.058659218,0.941340782,"Alluvial spread area"
"WA67NW4",32.32142,-2.34927,2019,"Fall",2,24,686,8,712,720,0.002808989,0.033707865,0.036516854,0.963483146,"Alluvial spread area"
"WA67NW4",32.32142,-2.34927,2019,"Winter",0,36,683,1,719,720,0,0.050069541,0.050069541,0.949930459,"Alluvial spread area"
"WA67NW4",32.32142,-2.34927,2020,"Spring",8,8,698,6,714,720,0.011204482,0.011204482,0.022408964,0.977591036,"Alluvial spread area"
"WA67NW4",32.32142,-2.34927,2020,"Summer",9,28,676,7,713,720,0.012622721,0.039270687,0.051893408,0.948106592,"Alluvial spread area"
"WA67NW4",32.32142,-2.34927,2020,"Fall",4,8,703,5,715,720,0.005594406,0.011188811,0.016783217,0.983216783,"Alluvial spread area"
"WA67NW4",32.32142,-2.34927,2020,"Winter",3,10,698,9,711,720,0.004219409,0.014064698,0.018284107,0.981715893,"Alluvial spread area"
"WA67NW4",32.32142,-2.34927,2021,"Spring",26,16,670,8,712,720,0.036516854,0.02247191,0.058988764,0.941011236,"Alluvial spread area"
"WA67NW4",32.32142,-2.34927,2021,"Summer",28,7,677,8,712,720,0.039325843,0.009831461,0.049157303,0.950842697,"Alluvial spread area"
"WA67NW4",32.32142,-2.34927,2021,"Fall",4,9,706,1,719,720,0.005563282,0.012517385,0.018080668,0.981919332,"Alluvial spread area"
"WA67NW4",32.32142,-2.34927,2021,"Winter",0,29,683,8,712,720,0,0.040730337,0.040730337,0.959269663,"Alluvial spread area"
"WA67NW4",32.32142,-2.34927,2022,"Spring",1,16,697,6,714,720,0.00140056,0.022408964,0.023809524,0.976190476,"Alluvial spread area"
"WA67NW4",32.32142,-2.34927,2022,"Summer",0,27,691,2,718,720,0,0.037604457,0.037604457,0.962395543,"Alluvial spread area"
"WA67NW4",32.32142,-2.34927,2022,"Fall",7,11,697,5,715,720,0.00979021,0.015384615,0.025174825,0.974825175,"Alluvial spread area"
"WA67NW4",32.32142,-2.34927,2022,"Winter",2,16,690,12,708,720,0.002824859,0.02259887,0.025423729,0.974576271,"Alluvial spread area"
"WA67NW4",32.32142,-2.34927,2023,"Spring",0,10,1068,2,1078,720,0,0.009276438,0.009276438,0.990723562,"Alluvial spread area"
"WA67NW4",32.32142,-2.34927,2023,"Summer",3,12,1061,4,1076,720,0.002788104,0.011152416,0.01394052,0.98605948,"Alluvial spread area"
"WA67NW4",32.32142,-2.34927,2023,"Fall",5,23,1046,6,1074,720,0.004655493,0.02141527,0.026070764,0.973929236,"Alluvial spread area"
"WA67NW4",32.32142,-2.34927,2023,"Winter",0,30,1046,4,1076,720,0,0.027881041,0.027881041,0.972118959,"Alluvial spread area"
"WA67NW5",32.33263,-2.3359,2017,"Spring",33,12,671,4,716,720,0.046089385,0.016759777,0.062849162,0.937150838,"Alluvial spread area"
"WA67NW5",32.33263,-2.3359,2017,"Summer",31,15,668,6,714,720,0.043417367,0.021008403,0.06442577,0.93557423,"Alluvial spread area"
"WA67NW5",32.33263,-2.3359,2017,"Fall",11,13,691,5,715,720,0.015384615,0.018181818,0.033566434,0.966433566,"Alluvial spread area"
"WA67NW5",32.33263,-2.3359,2017,"Winter",20,10,687,3,717,720,0.027894003,0.013947001,0.041841004,0.958158996,"Alluvial spread area"
"WA67NW5",32.33263,-2.3359,2018,"Spring",1,27,690,2,718,720,0.001392758,0.037604457,0.038997214,0.961002786,"Alluvial spread area"
"WA67NW5",32.33263,-2.3359,2018,"Summer",15,6,693,6,714,720,0.021008403,0.008403361,0.029411765,0.970588235,"Alluvial spread area"
"WA67NW5",32.33263,-2.3359,2018,"Fall",30,12,671,7,713,720,0.042075736,0.016830295,0.058906031,0.941093969,"Alluvial spread area"
"WA67NW5",32.33263,-2.3359,2018,"Winter",25,9,680,6,714,720,0.035014006,0.012605042,0.047619048,0.952380952,"Alluvial spread area"
"WA67NW5",32.33263,-2.3359,2019,"Spring",1,25,690,4,716,720,0.001396648,0.034916201,0.036312849,0.963687151,"Alluvial spread area"
"WA67NW5",32.33263,-2.3359,2019,"Summer",2,24,683,11,709,720,0.002820874,0.033850494,0.036671368,0.963328632,"Alluvial spread area"
"WA67NW5",32.33263,-2.3359,2019,"Fall",1,22,692,5,715,720,0.001398601,0.030769231,0.032167832,0.967832168,"Alluvial spread area"
"WA67NW5",32.33263,-2.3359,2019,"Winter",1,12,706,1,719,720,0.001390821,0.016689847,0.018080668,0.981919332,"Alluvial spread area"
"WA67NW5",32.33263,-2.3359,2020,"Spring",13,5,694,8,712,720,0.018258427,0.007022472,0.025280899,0.974719101,"Alluvial spread area"
"WA67NW5",32.33263,-2.3359,2020,"Summer",8,14,691,7,713,720,0.011220196,0.019635344,0.03085554,0.96914446,"Alluvial spread area"
"WA67NW5",32.33263,-2.3359,2020,"Fall",11,13,683,13,707,720,0.015558699,0.018387553,0.033946252,0.966053748,"Alluvial spread area"
"WA67NW5",32.33263,-2.3359,2020,"Winter",18,8,687,7,713,720,0.025245442,0.011220196,0.036465638,0.963534362,"Alluvial spread area"
"WA67NW5",32.33263,-2.3359,2021,"Spring",28,6,684,2,718,720,0.038997214,0.008356546,0.04735376,0.95264624,"Alluvial spread area"
"WA67NW5",32.33263,-2.3359,2021,"Summer",15,5,693,7,713,720,0.021037868,0.007012623,0.028050491,0.971949509,"Alluvial spread area"
"WA67NW5",32.33263,-2.3359,2021,"Fall",3,38,675,4,716,720,0.004189944,0.053072626,0.05726257,0.94273743,"Alluvial spread area"
"WA67NW5",32.33263,-2.3359,2021,"Winter",0,22,695,3,717,720,0,0.030683403,0.030683403,0.969316597,"Alluvial spread area"
"WA67NW5",32.33263,-2.3359,2022,"Spring",4,27,680,9,711,720,0.005625879,0.037974684,0.043600563,0.956399437,"Alluvial spread area"
"WA67NW5",32.33263,-2.3359,2022,"Summer",8,22,684,6,714,720,0.011204482,0.030812325,0.042016807,0.957983193,"Alluvial spread area"
"WA67NW5",32.33263,-2.3359,2022,"Fall",6,21,689,4,716,720,0.008379888,0.029329609,0.037709497,0.962290503,"Alluvial spread area"
"WA67NW5",32.33263,-2.3359,2022,"Winter",4,24,683,9,711,720,0.005625879,0.033755274,0.039381153,0.960618847,"Alluvial spread area"
"WA67NW5",32.33263,-2.3359,2023,"Spring",0,10,1068,2,1078,720,0,0.009276438,0.009276438,0.990723562,"Alluvial spread area"
"WA67NW5",32.33263,-2.3359,2023,"Summer",3,12,1061,4,1076,720,0.002788104,0.011152416,0.01394052,0.98605948,"Alluvial spread area"
"WA67NW5",32.33263,-2.3359,2023,"Fall",5,23,1046,6,1074,720,0.004655493,0.02141527,0.026070764,0.973929236,"Alluvial spread area"
"WA67NW5",32.33263,-2.3359,2023,"Winter",0,30,1046,4,1076,720,0,0.027881041,0.027881041,0.972118959,"Alluvial spread area"
"WB61NE1",32.70417,-2.29306,2016,"Spring",2,71,282,5,355,360,0.005633803,0.2,0.205633803,0.794366197,"Macrochloa steppe"
"WB61NE1",32.70417,-2.29306,2016,"Summer",0,56,302,2,358,360,0,0.156424581,0.156424581,0.843575419,"Macrochloa steppe"
"WB61NE1",32.70417,-2.29306,2016,"Fall",0,67,293,0,360,360,0,0.186111111,0.186111111,0.813888889,"Macrochloa steppe"
"WB61NE1",32.70417,-2.29306,2016,"Winter",3,44,306,7,353,360,0.008498584,0.124645892,0.133144476,0.866855524,"Macrochloa steppe"
"WB61NE1",32.70417,-2.29306,2017,"Spring",117,92,480,31,689,720,0.169811321,0.133526851,0.303338171,0.696661829,"Macrochloa steppe"
"WB61NE1",32.70417,-2.29306,2017,"Summer",43,121,532,24,696,720,0.061781609,0.173850575,0.235632184,0.764367816,"Macrochloa steppe"
"WB61NE1",32.70417,-2.29306,2017,"Fall",15,101,567,37,683,720,0.021961933,0.147877013,0.169838946,0.830161054,"Macrochloa steppe"
"WB61NE1",32.70417,-2.29306,2017,"Winter",15,130,561,14,706,720,0.021246459,0.184135977,0.205382436,0.794617564,"Macrochloa steppe"
"WB61NE1",32.70417,-2.29306,2018,"Spring",25,183,837,35,1045,1080,0.023923445,0.175119617,0.199043062,0.800956938,"Macrochloa steppe"
"WB61NE1",32.70417,-2.29306,2018,"Summer",68,273,1397,62,1738,1800,0.039125432,0.1570771,0.196202532,0.803797468,"Macrochloa steppe"
"WB61NE1",32.70417,-2.29306,2018,"Fall",74,96,888,22,1058,1080,0.069943289,0.09073724,0.160680529,0.839319471,"Macrochloa steppe"
"WB61NE1",32.70417,-2.29306,2018,"Winter",241,137,653,49,1031,1080,0.233753637,0.132880698,0.366634336,0.633365664,"Macrochloa steppe"
"WB61NE1",32.70417,-2.29306,2019,"Spring",176,160,693,51,1029,1080,0.171039845,0.155490768,0.326530612,0.673469388,"Macrochloa steppe"
"WB61NE1",32.70417,-2.29306,2019,"Summer",16,261,762,41,1039,1080,0.015399423,0.25120308,0.266602502,0.733397498,"Macrochloa steppe"
"WB61NE1",32.70417,-2.29306,2019,"Fall",9,189,823,59,1021,1080,0.008814887,0.185112635,0.193927522,0.806072478,"Macrochloa steppe"
"WB61NE1",32.70417,-2.29306,2019,"Winter",6,160,901,13,1067,1080,0.005623243,0.14995314,0.155576382,0.844423618,"Macrochloa steppe"
"WB61NE1",32.70417,-2.29306,2020,"Spring",12,215,822,31,1049,1080,0.011439466,0.204957102,0.216396568,0.783603432,"Macrochloa steppe"
"WB61NE1",32.70417,-2.29306,2020,"Summer",9,214,807,50,1030,1080,0.008737864,0.20776699,0.216504854,0.783495146,"Macrochloa steppe"
"WB61NE1",32.70417,-2.29306,2020,"Fall",0,381,656,43,1037,1080,0,0.367405979,0.367405979,0.632594021,"Macrochloa steppe"
"WB61NE1",32.70417,-2.29306,2020,"Winter",0,238,810,32,1048,1080,0,0.227099237,0.227099237,0.772900763,"Macrochloa steppe"
"WB61NE1",32.70417,-2.29306,2021,"Spring",16,188,839,37,1043,1080,0.015340364,0.180249281,0.195589645,0.804410355,"Macrochloa steppe"
"WB61NE1",32.70417,-2.29306,2021,"Summer",31,259,747,43,1037,1080,0.029893925,0.24975892,0.279652845,0.720347155,"Macrochloa steppe"
"WB61NE1",32.70417,-2.29306,2021,"Fall",16,179,864,21,1059,1080,0.015108593,0.169027384,0.184135977,0.815864023,"Macrochloa steppe"
"WB61NE1",32.70417,-2.29306,2021,"Winter",18,205,815,42,1038,1080,0.01734104,0.197495183,0.214836224,0.785163776,"Macrochloa steppe"
"WB61NE1",32.70417,-2.29306,2022,"Spring",10,210,835,25,1055,1080,0.009478673,0.199052133,0.208530806,0.791469194,"Macrochloa steppe"
"WB61NE1",32.70417,-2.29306,2022,"Summer",2,151,896,31,1049,1080,0.001906578,0.143946616,0.145853194,0.854146806,"Macrochloa steppe"
"WB61NE1",32.70417,-2.29306,2022,"Fall",10,190,855,25,1055,1080,0.009478673,0.180094787,0.18957346,0.81042654,"Macrochloa steppe"
"WB61NE1",32.70417,-2.29306,2022,"Winter",6,227,823,24,1056,1080,0.005681818,0.214962121,0.220643939,0.779356061,"Macrochloa steppe"
"WB61NE1",32.70417,-2.29306,2023,"Spring",0,184,868,28,1052,1080,0,0.174904943,0.174904943,0.825095057,"Macrochloa steppe"
"WB61NE1",32.70417,-2.29306,2023,"Summer",6,142,909,23,1057,1080,0.005676443,0.134342479,0.140018921,0.859981079,"Macrochloa steppe"
"WB61NE1",32.70417,-2.29306,2023,"Fall",0,128,931,21,1059,1080,0,0.120868744,0.120868744,0.879131256,"Macrochloa steppe"
"WB61NE1",32.70417,-2.29306,2023,"Winter",0,139,918,23,1057,1080,0,0.131504257,0.131504257,0.868495743,"Macrochloa steppe"
"WB61NE2",32.70424,-2.26585,2016,"Spring",0,35,323,2,358,360,0,0.097765363,0.097765363,0.902234637,"Macrochloa steppe"
"WB61NE2",32.70424,-2.26585,2016,"Summer",1,41,318,0,360,360,0.002777778,0.113888889,0.116666667,0.883333333,"Macrochloa steppe"
"WB61NE2",32.70424,-2.26585,2016,"Fall",0,29,331,0,360,360,0,0.080555556,0.080555556,0.919444444,"Macrochloa steppe"
"WB61NE2",32.70424,-2.26585,2016,"Winter",0,19,338,3,357,360,0,0.053221289,0.053221289,0.946778711,"Macrochloa steppe"
"WB61NE2",32.70424,-2.26585,2017,"Spring",76,126,490,41,692,733,0.10982659,0.182080925,0.291907514,0.708092486,"Macrochloa steppe"
"WB61NE2",32.70424,-2.26585,2017,"Summer",44,136,507,33,687,720,0.064046579,0.197962154,0.262008734,0.737991266,"Macrochloa steppe"
"WB61NE2",32.70424,-2.26585,2017,"Fall",18,86,604,12,708,720,0.025423729,0.121468927,0.146892655,0.853107345,"Macrochloa steppe"
"WB61NE2",32.70424,-2.26585,2017,"Winter",6,84,626,4,716,720,0.008379888,0.117318436,0.125698324,0.874301676,"Macrochloa steppe"
"WB61NE2",32.70424,-2.26585,2018,"Spring",6,140,911,23,1057,1080,0.005676443,0.132450331,0.138126774,0.861873226,"Macrochloa steppe"
"WB61NE2",32.70424,-2.26585,2018,"Summer",18,201,1531,50,1750,1800,0.010285714,0.114857143,0.125142857,0.874857143,"Macrochloa steppe"
"WB61NE2",32.70424,-2.26585,2018,"Fall",36,104,927,13,1067,1080,0.033739456,0.097469541,0.131208997,0.868791003,"Macrochloa steppe"
"WB61NE2",32.70424,-2.26585,2018,"Winter",144,150,747,39,1041,1080,0.13832853,0.144092219,0.282420749,0.717579251,"Macrochloa steppe"
"WB61NE2",32.70424,-2.26585,2019,"Spring",44,96,909,31,1049,1080,0.041944709,0.091515729,0.133460439,0.866539561,"Macrochloa steppe"
"WB61NE2",32.70424,-2.26585,2019,"Summer",6,160,878,36,1044,1080,0.005747126,0.153256705,0.159003831,0.840996169,"Macrochloa steppe"
"WB61NE2",32.70424,-2.26585,2019,"Fall",4,159,884,33,1047,1080,0.003820439,0.151862464,0.155682904,0.844317096,"Macrochloa steppe"
"WB61NE2",32.70424,-2.26585,2019,"Winter",8,140,918,14,1066,1080,0.00750469,0.131332083,0.138836773,0.861163227,"Macrochloa steppe"
"WB61NE2",32.70424,-2.26585,2020,"Spring",13,242,792,33,1047,1080,0.012416428,0.231136581,0.243553009,0.756446991,"Macrochloa steppe"
"WB61NE2",32.70424,-2.26585,2020,"Summer",9,188,848,35,1045,1080,0.00861244,0.179904306,0.188516746,0.811483254,"Macrochloa steppe"
"WB61NE2",32.70424,-2.26585,2020,"Fall",0,187,869,24,1056,1080,0,0.177083333,0.177083333,0.822916667,"Macrochloa steppe"
"WB61NE2",32.70424,-2.26585,2020,"Winter",0,163,892,25,1055,1080,0,0.15450237,0.15450237,0.84549763,"Macrochloa steppe"
"WB61NE2",32.70424,-2.26585,2021,"Spring",17,116,918,29,1051,1080,0.016175071,0.110371075,0.126546147,0.873453853,"Macrochloa steppe"
"WB61NE2",32.70424,-2.26585,2021,"Summer",10,122,927,21,1059,1080,0.009442871,0.115203022,0.124645892,0.875354108,"Macrochloa steppe"
"WB61NE2",32.70424,-2.26585,2021,"Fall",23,191,841,25,1055,1080,0.021800948,0.181042654,0.202843602,0.797156398,"Macrochloa steppe"
"WB61NE2",32.70424,-2.26585,2021,"Winter",6,108,954,12,1068,1080,0.005617978,0.101123596,0.106741573,0.893258427,"Macrochloa steppe"
"WB61NE2",32.70424,-2.26585,2022,"Spring",5,108,950,17,1063,1080,0.004703669,0.101599247,0.106302916,0.893697084,"Macrochloa steppe"
"WB61NE2",32.70424,-2.26585,2022,"Summer",3,129,925,23,1057,1080,0.002838221,0.122043519,0.124881741,0.875118259,"Macrochloa steppe"
"WB61NE2",32.70424,-2.26585,2022,"Fall",6,70,993,11,1069,1080,0.005612722,0.065481759,0.071094481,0.928905519,"Macrochloa steppe"
"WB61NE2",32.70424,-2.26585,2022,"Winter",5,155,894,26,1054,1080,0.004743833,0.147058824,0.151802657,0.848197343,"Macrochloa steppe"
"WB61NE2",32.70424,-2.26585,2023,"Spring",3,137,919,21,1059,1080,0.002832861,0.129367328,0.132200189,0.867799811,"Macrochloa steppe"
"WB61NE2",32.70424,-2.26585,2023,"Summer",7,134,911,28,1052,1080,0.006653992,0.127376426,0.134030418,0.865969582,"Macrochloa steppe"
"WB61NE2",32.70424,-2.26585,2023,"Fall",0,92,970,18,1062,1080,0,0.086629002,0.086629002,0.913370998,"Macrochloa steppe"
"WB61NE2",32.70424,-2.26585,2023,"Winter",0,103,960,17,1063,1080,0,0.096895579,0.096895579,0.903104421,"Macrochloa steppe"
"WB61NE3",32.68553,-2.25491,2016,"Spring",0,99,257,4,356,360,0,0.278089888,0.278089888,0.721910112,"Macrochloa steppe"
"WB61NE3",32.68553,-2.25491,2016,"Summer",0,65,291,4,356,360,0,0.18258427,0.18258427,0.81741573,"Macrochloa steppe"
"WB61NE3",32.68553,-2.25491,2016,"Fall",0,70,287,3,357,360,0,0.196078431,0.196078431,0.803921569,"Macrochloa steppe"
"WB61NE3",32.68553,-2.25491,2016,"Winter",5,69,275,11,349,360,0.014326648,0.197707736,0.212034384,0.787965616,"Macrochloa steppe"
"WB61NE3",32.68553,-2.25491,2017,"Spring",119,121,444,36,684,720,0.173976608,0.176900585,0.350877193,0.649122807,"Macrochloa steppe"
"WB61NE3",32.68553,-2.25491,2017,"Summer",29,163,501,27,693,720,0.041847042,0.235209235,0.277056277,0.722943723,"Macrochloa steppe"
"WB61NE3",32.68553,-2.25491,2017,"Fall",19,249,419,33,687,720,0.027656477,0.362445415,0.390101892,0.609898108,"Macrochloa steppe"
"WB61NE3",32.68553,-2.25491,2017,"Winter",20,224,462,14,706,720,0.028328612,0.317280453,0.345609065,0.654390935,"Macrochloa steppe"
"WB61NE3",32.68553,-2.25491,2018,"Spring",17,202,831,30,1050,1080,0.016190476,0.192380952,0.208571429,0.791428571,"Macrochloa steppe"
"WB61NE3",32.68553,-2.25491,2018,"Summer",56,361,1294,89,1711,1800,0.032729398,0.210987726,0.243717124,0.756282876,"Macrochloa steppe"
"WB61NE3",32.68553,-2.25491,2018,"Fall",85,182,786,27,1053,1080,0.080721747,0.172839506,0.253561254,0.746438746,"Macrochloa steppe"
"WB61NE3",32.68553,-2.25491,2018,"Winter",133,162,748,37,1043,1080,0.127516779,0.155321189,0.282837967,0.717162033,"Macrochloa steppe"
"WB61NE3",32.68553,-2.25491,2019,"Spring",138,144,731,67,1013,1080,0.136229023,0.142152024,0.278381046,0.721618954,"Macrochloa steppe"
"WB61NE3",32.68553,-2.25491,2019,"Summer",14,263,765,38,1042,1080,0.013435701,0.252399232,0.265834933,0.734165067,"Macrochloa steppe"
"WB61NE3",32.68553,-2.25491,2019,"Fall",6,193,827,54,1026,1080,0.005847953,0.188109162,0.193957115,0.806042885,"Macrochloa steppe"
"WB61NE3",32.68553,-2.25491,2019,"Winter",10,200,856,14,1066,1080,0.009380863,0.187617261,0.196998124,0.803001876,"Macrochloa steppe"
"WB61NE3",32.68553,-2.25491,2020,"Spring",29,274,749,28,1052,1080,0.02756654,0.260456274,0.288022814,0.711977186,"Macrochloa steppe"
"WB61NE3",32.68553,-2.25491,2020,"Summer",7,222,814,37,1043,1080,0.006711409,0.212847555,0.219558965,0.780441035,"Macrochloa steppe"
"WB61NE3",32.68553,-2.25491,2020,"Fall",0,297,754,29,1051,1080,0,0.282588011,0.282588011,0.717411989,"Macrochloa steppe"
"WB61NE3",32.68553,-2.25491,2020,"Winter",0,246,806,28,1052,1080,0,0.233840304,0.233840304,0.766159696,"Macrochloa steppe"
"WB61NE3",32.68553,-2.25491,2021,"Spring",27,194,826,33,1047,1080,0.025787966,0.185291309,0.211079274,0.788920726,"Macrochloa steppe"
"WB61NE3",32.68553,-2.25491,2021,"Summer",34,210,804,32,1048,1080,0.032442748,0.200381679,0.232824427,0.767175573,"Macrochloa steppe"
"WB61NE3",32.68553,-2.25491,2021,"Fall",35,203,815,27,1053,1080,0.033238367,0.192782526,0.226020893,0.773979107,"Macrochloa steppe"
"WB61NE3",32.68553,-2.25491,2021,"Winter",24,230,804,22,1058,1080,0.02268431,0.217391304,0.240075614,0.759924386,"Macrochloa steppe"
"WB61NE3",32.68553,-2.25491,2022,"Spring",5,226,809,40,1040,1080,0.004807692,0.217307692,0.222115385,0.777884615,"Macrochloa steppe"
"WB61NE3",32.68553,-2.25491,2022,"Summer",3,229,817,31,1049,1080,0.002859867,0.218303146,0.221163012,0.778836988,"Macrochloa steppe"
"WB61NE3",32.68553,-2.25491,2022,"Fall",28,215,793,44,1036,1080,0.027027027,0.207528958,0.234555985,0.765444015,"Macrochloa steppe"
"WB61NE3",32.68553,-2.25491,2022,"Winter",14,341,808,47,1163,1210,0.012037833,0.293207223,0.305245056,0.694754944,"Macrochloa steppe"
"WB61NE3",32.68553,-2.25491,2023,"Spring",1,164,898,17,1063,1080,0.000940734,0.154280339,0.155221072,0.844778928,"Macrochloa steppe"
"WB61NE3",32.68553,-2.25491,2023,"Summer",9,193,850,28,1052,1080,0.008555133,0.183460076,0.192015209,0.807984791,"Macrochloa steppe"
"WB61NE3",32.68553,-2.25491,2023,"Fall",0,187,865,28,1052,1080,0,0.177756654,0.177756654,0.822243346,"Macrochloa steppe"
"WB61NE3",32.68553,-2.25491,2023,"Winter",0,164,890,26,1054,1080,0,0.155597723,0.155597723,0.844402277,"Macrochloa steppe"
"WB61NE4",32.68225,-2.29274,2016,"Spring",1,57,301,1,359,360,0.002785515,0.158774373,0.161559889,0.838440111,"Macrochloa steppe"
"WB61NE4",32.68225,-2.29274,2016,"Summer",0,66,291,3,357,360,0,0.18487395,0.18487395,0.81512605,"Macrochloa steppe"
"WB61NE4",32.68225,-2.29274,2016,"Fall",1,66,291,2,358,360,0.002793296,0.184357542,0.187150838,0.812849162,"Macrochloa steppe"
"WB61NE4",32.68225,-2.29274,2016,"Winter",1,62,291,6,354,360,0.002824859,0.175141243,0.177966102,0.822033898,"Macrochloa steppe"
"WB61NE4",32.68225,-2.29274,2017,"Spring",59,111,528,22,698,720,0.084527221,0.159025788,0.243553009,0.756446991,"Macrochloa steppe"
"WB61NE4",32.68225,-2.29274,2017,"Summer",50,104,546,20,700,720,0.071428571,0.148571429,0.22,0.78,"Macrochloa steppe"
"WB61NE4",32.68225,-2.29274,2017,"Fall",27,151,516,26,694,720,0.038904899,0.217579251,0.25648415,0.74351585,"Macrochloa steppe"
"WB61NE4",32.68225,-2.29274,2017,"Winter",22,155,528,15,705,720,0.031205674,0.219858156,0.25106383,0.74893617,"Macrochloa steppe"
"WB61NE4",32.68225,-2.29274,2018,"Spring",14,193,844,29,1051,1080,0.013320647,0.183634634,0.196955281,0.803044719,"Macrochloa steppe"
"WB61NE4",32.68225,-2.29274,2018,"Summer",40,376,1316,68,1732,1800,0.023094688,0.217090069,0.240184758,0.759815242,"Macrochloa steppe"
"WB61NE4",32.68225,-2.29274,2018,"Fall",38,222,786,34,1046,1080,0.036328872,0.212237094,0.248565966,0.751434034,"Macrochloa steppe"
"WB61NE4",32.68225,-2.29274,2018,"Winter",128,180,712,60,1020,1080,0.125490196,0.176470588,0.301960784,0.698039216,"Macrochloa steppe"
"WB61NE4",32.687,-2.30134,2019,"Spring",132,131,777,40,1040,1080,0.126923077,0.125961538,0.252884615,0.747115385,"Macrochloa steppe"
"WB61NE4",32.687,-2.30134,2019,"Summer",22,182,849,27,1053,1080,0.020892688,0.172839506,0.193732194,0.806267806,"Macrochloa steppe"
"WB61NE4",32.687,-2.30134,2019,"Fall",24,203,796,57,1023,1080,0.023460411,0.198435973,0.221896383,0.778103617,"Macrochloa steppe"
"WB61NE4",32.687,-2.30134,2019,"Winter",24,191,846,19,1061,1080,0.02262017,0.18001885,0.20263902,0.79736098,"Macrochloa steppe"
"WB61NE4",32.687,-2.30134,2020,"Spring",12,221,824,23,1057,1080,0.011352886,0.209082308,0.220435194,0.779564806,"Macrochloa steppe"
"WB61NE4",32.687,-2.30134,2020,"Summer",8,139,902,31,1049,1080,0.007626311,0.13250715,0.14013346,0.85986654,"Macrochloa steppe"
"WB61NE4",32.687,-2.30134,2020,"Fall",0,252,801,27,1053,1080,0,0.239316239,0.239316239,0.760683761,"Macrochloa steppe"
"WB61NE4",32.687,-2.30134,2020,"Winter",0,250,788,42,1038,1080,0,0.240847784,0.240847784,0.759152216,"Macrochloa steppe"
"WB61NE4",32.687,-2.30134,2021,"Spring",13,173,869,25,1055,1080,0.012322275,0.163981043,0.176303318,0.823696682,"Macrochloa steppe"
"WB61NE4",32.687,-2.30134,2021,"Summer",21,173,858,28,1052,1080,0.019961977,0.164448669,0.184410646,0.815589354,"Macrochloa steppe"
"WB61NE4",32.687,-2.30134,2021,"Fall",13,167,882,18,1062,1080,0.012241055,0.157250471,0.169491525,0.830508475,"Macrochloa steppe"
"WB61NE4",32.687,-2.30134,2021,"Winter",12,192,828,48,1032,1080,0.011627907,0.186046512,0.197674419,0.802325581,"Macrochloa steppe"
"WB61NE4",32.687,-2.30134,2022,"Spring",1,174,878,27,1053,1080,0.000949668,0.165242165,0.166191833,0.833808167,"Macrochloa steppe"
"WB61NE4",32.687,-2.30134,2022,"Summer",0,137,902,41,1039,1080,0,0.131857555,0.131857555,0.868142445,"Macrochloa steppe"
"WB61NE4",32.687,-2.30134,2022,"Fall",0,130,918,32,1048,1080,0,0.124045802,0.124045802,0.875954198,"Macrochloa steppe"
"WB61NE4",32.687,-2.30134,2022,"Winter",1,144,902,33,1047,1080,0.00095511,0.137535817,0.138490926,0.861509074,"Macrochloa steppe"
"WB61NE4",32.687,-2.30134,2023,"Spring",0,153,908,19,1061,1080,0,0.144203582,0.144203582,0.855796418,"Macrochloa steppe"
"WB61NE4",32.687,-2.30134,2023,"Summer",2,207,848,23,1057,1080,0.001892148,0.195837275,0.197729423,0.802270577,"Macrochloa steppe"
"WB61NE4",32.687,-2.30134,2023,"Fall",0,139,922,19,1061,1080,0,0.131008483,0.131008483,0.868991517,"Macrochloa steppe"
"WB61NE4",32.687,-2.30134,2023,"Winter",0,145,900,35,1045,1080,0,0.138755981,0.138755981,0.861244019,"Macrochloa steppe"
"WB61NE5",32.69308,-2.27949,2016,"Spring",1,47,311,1,359,360,0.002785515,0.13091922,0.133704735,0.866295265,"Macrochloa steppe"
"WB61NE5",32.69308,-2.27949,2016,"Summer",3,45,311,1,359,360,0.008356546,0.125348189,0.133704735,0.866295265,"Macrochloa steppe"
"WB61NE5",32.69308,-2.27949,2016,"Fall",0,44,315,1,359,360,0,0.122562674,0.122562674,0.877437326,"Macrochloa steppe"
"WB61NE5",32.69308,-2.27949,2016,"Winter",0,28,331,1,359,360,0,0.077994429,0.077994429,0.922005571,"Macrochloa steppe"
"WB61NE5",32.69308,-2.27949,2017,"Spring",118,98,482,22,698,720,0.169054441,0.140401146,0.309455587,0.690544413,"Macrochloa steppe"
"WB61NE5",32.69308,-2.27949,2017,"Summer",49,136,515,20,700,720,0.07,0.194285714,0.264285714,0.735714286,"Macrochloa steppe"
"WB61NE5",32.69308,-2.27949,2017,"Fall",17,223,451,29,691,720,0.024602026,0.322720695,0.347322721,0.652677279,"Macrochloa steppe"
"WB61NE5",32.69308,-2.27949,2017,"Winter",7,192,514,7,713,720,0.009817672,0.269284712,0.279102384,0.720897616,"Macrochloa steppe"
"WB61NE5",32.69308,-2.27949,2018,"Spring",30,233,785,32,1048,1080,0.028625954,0.222328244,0.250954198,0.749045802,"Macrochloa steppe"
"WB61NE5",32.69308,-2.27949,2018,"Summer",35,284,1414,67,1733,1800,0.020196192,0.163877669,0.18407386,0.81592614,"Macrochloa steppe"
"WB61NE5",32.69308,-2.27949,2018,"Fall",74,167,800,39,1041,1080,0.071085495,0.160422671,0.231508165,0.768491835,"Macrochloa steppe"
"WB61NE5",32.69308,-2.27949,2018,"Winter",215,165,647,53,1027,1080,0.209347614,0.160662123,0.370009737,0.629990263,"Macrochloa steppe"
"WB61NE5",32.69308,-2.27949,2019,"Spring",186,161,654,79,1001,1080,0.185814186,0.160839161,0.346653347,0.653346653,"Macrochloa steppe"
"WB61NE5",32.69308,-2.27949,2019,"Summer",16,302,729,33,1047,1080,0.015281757,0.288443171,0.303724928,0.696275072,"Macrochloa steppe"
"WB61NE5",32.69308,-2.27949,2019,"Fall",17,184,827,52,1028,1080,0.016536965,0.178988327,0.195525292,0.804474708,"Macrochloa steppe"
"WB61NE5",32.69308,-2.27949,2019,"Winter",31,299,722,28,1052,1080,0.029467681,0.284220532,0.313688213,0.686311787,"Macrochloa steppe"
"WB61NE5",32.69308,-2.27949,2020,"Spring",24,230,796,30,1050,1080,0.022857143,0.219047619,0.241904762,0.758095238,"Macrochloa steppe"
"WB61NE5",32.69308,-2.27949,2020,"Summer",6,168,870,36,1044,1080,0.005747126,0.16091954,0.166666667,0.833333333,"Macrochloa steppe"
"WB61NE5",32.69308,-2.27949,2020,"Fall",0,280,772,28,1052,1080,0,0.266159696,0.266159696,0.733840304,"Macrochloa steppe"
"WB61NE5",32.69308,-2.27949,2020,"Winter",0,254,801,25,1055,1080,0,0.240758294,0.240758294,0.759241706,"Macrochloa steppe"
"WB61NE5",32.69308,-2.27949,2021,"Spring",29,147,884,20,1060,1080,0.027358491,0.138679245,0.166037736,0.833962264,"Macrochloa steppe"
"WB61NE5",32.69308,-2.27949,2021,"Summer",19,199,823,39,1041,1080,0.018251681,0.191162344,0.209414025,0.790585975,"Macrochloa steppe"
"WB61NE5",32.69308,-2.27949,2021,"Fall",26,176,849,29,1051,1080,0.024738344,0.167459562,0.192197907,0.807802093,"Macrochloa steppe"
"WB61NE5",32.69308,-2.27949,2021,"Winter",7,159,883,31,1049,1080,0.006673022,0.151572927,0.158245949,0.841754051,"Macrochloa steppe"
"WB61NE5",32.69308,-2.27949,2022,"Spring",5,173,880,22,1058,1080,0.004725898,0.163516068,0.168241966,0.831758034,"Macrochloa steppe"
"WB61NE5",32.69308,-2.27949,2022,"Summer",4,110,930,36,1044,1080,0.003831418,0.105363985,0.109195402,0.890804598,"Macrochloa steppe"
"WB61NE5",32.69308,-2.27949,2022,"Fall",9,211,827,33,1047,1080,0.008595989,0.201528176,0.210124164,0.789875836,"Macrochloa steppe"
"WB61NE5",32.69308,-2.27949,2022,"Winter",2,162,891,25,1055,1080,0.001895735,0.153554502,0.155450237,0.844549763,"Macrochloa steppe"
"WB61NE5",32.69308,-2.27949,2023,"Spring",0,147,906,27,1053,1080,0,0.13960114,0.13960114,0.86039886,"Macrochloa steppe"
"WB61NE5",32.69308,-2.27949,2023,"Summer",3,185,863,29,1051,1080,0.002854424,0.176022835,0.17887726,0.82112274,"Macrochloa steppe"
"WB61NE5",32.69308,-2.27949,2023,"Fall",0,156,903,21,1059,1080,0,0.147308782,0.147308782,0.852691218,"Macrochloa steppe"
"WB61NE5",32.69308,-2.27949,2023,"Winter",0,145,914,21,1059,1080,0,0.136921624,0.136921624,0.863078376,"Macrochloa steppe"
"WC24NE1",33.87822,-2.71555,2016,"Spring",4,39,316,1,359,360,0.011142061,0.108635097,0.119777159,0.880222841,"Macrochloa steppe"
"WC24NE1",33.87822,-2.71555,2016,"Summer",2,35,317,6,354,360,0.005649718,0.098870056,0.104519774,0.895480226,"Macrochloa steppe"
"WC24NE1",33.87822,-2.71555,2016,"Fall",4,86,268,2,358,360,0.011173184,0.240223464,0.251396648,0.748603352,"Macrochloa steppe"
"WC24NE1",33.87822,-2.71555,2016,"Winter",0,28,328,4,356,360,0,0.078651685,0.078651685,0.921348315,"Macrochloa steppe"
"WC24NE1",33.87822,-2.71555,2017,"Spring",52,82,571,15,705,720,0.073758865,0.116312057,0.190070922,0.809929078,"Macrochloa steppe"
"WC24NE1",33.87822,-2.71555,2017,"Summer",63,87,550,20,700,720,0.09,0.124285714,0.214285714,0.785714286,"Macrochloa steppe"
"WC24NE1",33.87822,-2.71555,2017,"Fall",59,117,515,29,691,720,0.085383502,0.169319826,0.254703329,0.745296671,"Macrochloa steppe"
"WC24NE1",33.87822,-2.71555,2017,"Winter",73,133,505,9,711,720,0.102672293,0.187060478,0.289732771,0.710267229,"Macrochloa steppe"
"WC24NE1",33.87822,-2.71555,2018,"Spring",27,187,817,49,1031,1080,0.026188167,0.181377304,0.20756547,0.79243453,"Macrochloa steppe"
"WC24NE1",33.87822,-2.71555,2018,"Summer",105,348,1293,54,1746,1800,0.060137457,0.199312715,0.259450172,0.740549828,"Macrochloa steppe"
"WC24NE1",33.87822,-2.71555,2018,"Fall",72,160,822,26,1054,1080,0.068311195,0.151802657,0.220113852,0.779886148,"Macrochloa steppe"
"WC24NE1",33.87822,-2.71555,2018,"Winter",131,177,725,47,1033,1080,0.126815102,0.171345595,0.298160697,0.701839303,"Macrochloa steppe"
"WC24NE1",33.87822,-2.71555,2019,"Spring",45,112,882,41,1039,1080,0.043310876,0.107795958,0.151106833,0.848893167,"Macrochloa steppe"
"WC24NE1",33.87822,-2.71555,2019,"Summer",23,171,848,38,1042,1080,0.022072937,0.164107486,0.186180422,0.813819578,"Macrochloa steppe"
"WC24NE1",33.87822,-2.71555,2019,"Fall",21,109,937,13,1067,1080,0.01968135,0.102155576,0.121836926,0.878163074,"Macrochloa steppe"
"WC24NE1",33.87822,-2.71555,2019,"Winter",52,134,865,29,1051,1080,0.049476689,0.127497621,0.17697431,0.82302569,"Macrochloa steppe"
"WC24NE1",33.87822,-2.71555,2020,"Spring",44,150,857,29,1051,1080,0.041864891,0.142721218,0.184586108,0.815413892,"Macrochloa steppe"
"WC24NE1",33.87822,-2.71555,2020,"Summer",21,131,883,45,1035,1080,0.020289855,0.126570048,0.146859903,0.853140097,"Macrochloa steppe"
"WC24NE1",33.87822,-2.71555,2020,"Fall",34,202,798,46,1034,1080,0.032882012,0.195357834,0.228239845,0.771760155,"Macrochloa steppe"
"WC24NE1",33.87822,-2.71555,2020,"Winter",31,223,801,25,1055,1080,0.029383886,0.211374408,0.240758294,0.759241706,"Macrochloa steppe"
"WC24NE1",33.87822,-2.71555,2021,"Spring",7,190,861,22,1058,1080,0.006616257,0.179584121,0.186200378,0.813799622,"Macrochloa steppe"
"WC24NE1",33.87822,-2.71555,2021,"Summer",31,159,846,44,1036,1080,0.02992278,0.153474903,0.183397683,0.816602317,"Macrochloa steppe"
"WC24NE1",33.87822,-2.71555,2021,"Fall",19,166,849,46,1034,1080,0.018375242,0.160541586,0.178916828,0.821083172,"Macrochloa steppe"
"WC24NE1",33.87822,-2.71555,2021,"Winter",1,153,893,33,1047,1080,0.00095511,0.146131805,0.147086915,0.852913085,"Macrochloa steppe"
"WC24NE1",33.87822,-2.71555,2022,"Spring",0,115,927,38,1042,1080,0,0.110364683,0.110364683,0.889635317,"Macrochloa steppe"
"WC24NE1",33.87822,-2.71555,2022,"Summer",1,138,907,34,1046,1080,0.000956023,0.131931166,0.132887189,0.867112811,"Macrochloa steppe"
"WC24NE1",33.87822,-2.71555,2022,"Fall",3,119,934,24,1056,1080,0.002840909,0.112689394,0.115530303,0.884469697,"Macrochloa steppe"
"WC24NE1",33.87822,-2.71555,2022,"Winter",8,167,893,12,1068,1080,0.007490637,0.156367041,0.163857678,0.836142322,"Macrochloa steppe"
"WC24NE1",33.87822,-2.71555,2023,"Spring",11,194,848,27,1053,1080,0.010446344,0.184235518,0.194681861,0.805318139,"Macrochloa steppe"
"WC24NE1",33.87822,-2.71555,2023,"Summer",10,121,923,26,1054,1080,0.009487666,0.114800759,0.124288425,0.875711575,"Macrochloa steppe"
"WC24NE1",33.87822,-2.71555,2023,"Fall",0,102,964,14,1066,1080,0,0.095684803,0.095684803,0.904315197,"Macrochloa steppe"
"WC24NE1",33.87822,-2.71555,2023,"Winter",1,86,976,17,1063,1080,0.000940734,0.080903104,0.081843838,0.918156162,"Macrochloa steppe"
"WC24NE2",33.8781,-2.68879,2016,"Spring",25,28,305,2,358,360,0.069832402,0.078212291,0.148044693,0.851955307,"Macrochloa steppe"
"WC24NE2",33.8781,-2.68879,2016,"Summer",11,67,276,6,354,360,0.031073446,0.189265537,0.220338983,0.779661017,"Macrochloa steppe"
"WC24NE2",33.8781,-2.68879,2016,"Fall",0,35,323,2,358,360,0,0.097765363,0.097765363,0.902234637,"Macrochloa steppe"
"WC24NE2",33.8781,-2.68879,2016,"Winter",0,35,319,6,354,360,0,0.098870056,0.098870056,0.901129944,"Macrochloa steppe"
"WC24NE2",33.8781,-2.68879,2017,"Spring",50,83,574,13,707,720,0.070721358,0.117397454,0.188118812,0.811881188,"Macrochloa steppe"
"WC24NE2",33.8781,-2.68879,2017,"Summer",36,87,566,31,689,720,0.052249637,0.126269956,0.178519594,0.821480406,"Macrochloa steppe"
"WC24NE2",33.8781,-2.68879,2017,"Fall",34,84,585,17,703,720,0.048364154,0.119487909,0.167852063,0.832147937,"Macrochloa steppe"
"WC24NE2",33.8781,-2.68879,2017,"Winter",26,92,590,12,708,720,0.036723164,0.129943503,0.166666667,0.833333333,"Macrochloa steppe"
"WC24NE2",33.8781,-2.68879,2018,"Spring",32,184,829,48,1045,1093,0.03062201,0.176076555,0.206698565,0.793301435,"Macrochloa steppe"
"WC24NE2",33.8781,-2.68879,2018,"Summer",85,289,1365,61,1739,1800,0.048878666,0.166187464,0.21506613,0.78493387,"Macrochloa steppe"
"WC24NE2",33.8781,-2.68879,2018,"Fall",99,150,800,31,1049,1080,0.094375596,0.142993327,0.237368923,0.762631077,"Macrochloa steppe"
"WC24NE2",33.8781,-2.68879,2018,"Winter",90,122,832,36,1044,1080,0.086206897,0.116858238,0.203065134,0.796934866,"Macrochloa steppe"
"WC24NE2",33.8781,-2.68879,2019,"Spring",51,160,824,71,1035,1106,0.049275362,0.154589372,0.203864734,0.796135266,"Macrochloa steppe"
"WC24NE2",33.8781,-2.68879,2019,"Summer",30,159,839,52,1028,1080,0.029182879,0.154669261,0.18385214,0.81614786,"Macrochloa steppe"
"WC24NE2",33.8781,-2.68879,2019,"Fall",23,168,838,51,1029,1080,0.022351798,0.163265306,0.185617104,0.814382896,"Macrochloa steppe"
"WC24NE2",33.8781,-2.68879,2019,"Winter",34,137,881,28,1052,1080,0.032319392,0.130228137,0.162547529,0.837452471,"Macrochloa steppe"
"WC24NE2",33.8781,-2.68879,2020,"Spring",47,81,924,28,1052,1080,0.044676806,0.076996198,0.121673004,0.878326996,"Macrochloa steppe"
"WC24NE2",33.8781,-2.68879,2020,"Summer",33,96,919,32,1048,1080,0.03148855,0.091603053,0.123091603,0.876908397,"Macrochloa steppe"
"WC24NE2",33.8781,-2.68879,2020,"Fall",18,211,814,37,1043,1080,0.01725791,0.202301055,0.219558965,0.780441035,"Macrochloa steppe"
"WC24NE2",33.8781,-2.68879,2020,"Winter",12,159,881,28,1052,1080,0.011406844,0.151140684,0.162547529,0.837452471,"Macrochloa steppe"
"WC24NE2",33.8781,-2.68879,2021,"Spring",18,157,879,26,1054,1080,0.017077799,0.148956357,0.166034156,0.833965844,"Macrochloa steppe"
"WC24NE2",33.8781,-2.68879,2021,"Summer",52,158,819,51,1029,1080,0.0505345,0.153547133,0.204081633,0.795918367,"Macrochloa steppe"
"WC24NE2",33.8781,-2.68879,2021,"Fall",16,216,799,49,1031,1080,0.015518914,0.209505335,0.225024248,0.774975752,"Macrochloa steppe"
"WC24NE2",33.8781,-2.68879,2021,"Winter",3,136,918,36,1057,1093,0.002838221,0.128666036,0.131504257,0.868495743,"Macrochloa steppe"
"WC24NE2",33.8781,-2.68879,2022,"Spring",1,178,874,27,1053,1080,0.000949668,0.169040836,0.169990503,0.830009497,"Macrochloa steppe"
"WC24NE2",33.8781,-2.68879,2022,"Summer",4,151,908,17,1063,1080,0.003762935,0.1420508,0.145813735,0.854186265,"Macrochloa steppe"
"WC24NE2",33.8781,-2.68879,2022,"Fall",1,212,842,25,1055,1080,0.000947867,0.200947867,0.201895735,0.798104265,"Macrochloa steppe"
"WC24NE2",33.8781,-2.68879,2022,"Winter",1,223,836,20,1060,1080,0.000943396,0.210377358,0.211320755,0.788679245,"Macrochloa steppe"
"WC24NE2",33.8781,-2.68879,2023,"Spring",3,209,839,29,1051,1080,0.002854424,0.19885823,0.201712655,0.798287345,"Macrochloa steppe"
"WC24NE2",33.8781,-2.68879,2023,"Summer",9,157,883,31,1049,1080,0.0085796,0.149666349,0.158245949,0.841754051,"Macrochloa steppe"
"WC24NE2",33.8781,-2.68879,2023,"Fall",0,98,962,20,1060,1080,0,0.09245283,0.09245283,0.90754717,"Macrochloa steppe"
"WC24NE2",33.8781,-2.68879,2023,"Winter",0,70,996,14,1066,1080,0,0.065666041,0.065666041,0.934333959,"Macrochloa steppe"
"WC24NE3",33.85576,-2.68914,2016,"Spring",16,36,308,0,360,360,0.044444444,0.1,0.144444444,0.855555556,"Macrochloa steppe"
"WC24NE3",33.85576,-2.68914,2016,"Summer",5,35,317,3,357,360,0.014005602,0.098039216,0.112044818,0.887955182,"Macrochloa steppe"
"WC24NE3",33.85576,-2.68914,2016,"Fall",1,66,291,2,358,360,0.002793296,0.184357542,0.187150838,0.812849162,"Macrochloa steppe"
"WC24NE3",33.85576,-2.68914,2016,"Winter",0,15,342,3,357,360,0,0.042016807,0.042016807,0.957983193,"Macrochloa steppe"
"WC24NE3",33.85576,-2.68914,2017,"Spring",36,49,614,21,699,720,0.051502146,0.070100143,0.121602289,0.878397711,"Macrochloa steppe"
"WC24NE3",33.85576,-2.68914,2017,"Summer",24,86,592,18,702,720,0.034188034,0.122507123,0.156695157,0.843304843,"Macrochloa steppe"
"WC24NE3",33.85576,-2.68914,2017,"Fall",12,76,613,19,701,720,0.017118402,0.108416548,0.12553495,0.87446505,"Macrochloa steppe"
"WC24NE3",33.85576,-2.68914,2017,"Winter",18,86,611,5,715,720,0.025174825,0.12027972,0.145454545,0.854545455,"Macrochloa steppe"
"WC24NE3",33.85576,-2.68914,2018,"Spring",4,116,944,16,1064,1080,0.003759398,0.109022556,0.112781955,0.887218045,"Macrochloa steppe"
"WC24NE3",33.85576,-2.68914,2018,"Summer",25,260,1466,49,1751,1800,0.014277556,0.148486579,0.162764135,0.837235865,"Macrochloa steppe"
"WC24NE3",33.85576,-2.68914,2018,"Fall",15,73,972,20,1060,1080,0.014150943,0.068867925,0.083018868,0.916981132,"Macrochloa steppe"
"WC24NE3",33.85576,-2.68914,2018,"Winter",51,77,925,27,1053,1080,0.048433048,0.073124406,0.121557455,0.878442545,"Macrochloa steppe"
"WC24NE3",33.85576,-2.68914,2019,"Spring",32,106,917,25,1055,1080,0.030331754,0.100473934,0.130805687,0.869194313,"Macrochloa steppe"
"WC24NE3",33.85576,-2.68914,2019,"Summer",13,176,870,21,1059,1080,0.012275732,0.166194523,0.178470255,0.821529745,"Macrochloa steppe"
"WC24NE3",33.85576,-2.68914,2019,"Fall",5,115,942,18,1062,1080,0.004708098,0.108286252,0.11299435,0.88700565,"Macrochloa steppe"
"WC24NE3",33.85576,-2.68914,2019,"Winter",21,99,941,19,1061,1080,0.019792648,0.0933082,0.113100848,0.886899152,"Macrochloa steppe"
"WC24NE3",33.85576,-2.68914,2020,"Spring",43,63,958,16,1064,1080,0.040413534,0.059210526,0.09962406,0.90037594,"Macrochloa steppe"
"WC24NE3",33.85576,-2.68914,2020,"Summer",10,197,835,38,1042,1080,0.009596929,0.189059501,0.19865643,0.80134357,"Macrochloa steppe"
"WC24NE3",33.85576,-2.68914,2020,"Fall",9,197,850,24,1056,1080,0.008522727,0.18655303,0.195075758,0.804924242,"Macrochloa steppe"
"WC24NE3",33.85576,-2.68914,2020,"Winter",2,136,915,27,1053,1080,0.001899335,0.129154796,0.131054131,0.868945869,"Macrochloa steppe"
"WC24NE3",33.85576,-2.68914,2021,"Spring",4,107,954,15,1065,1080,0.003755869,0.100469484,0.104225352,0.895774648,"Macrochloa steppe"
"WC24NE3",33.85576,-2.68914,2021,"Summer",12,139,899,30,1050,1080,0.011428571,0.132380952,0.143809524,0.856190476,"Macrochloa steppe"
"WC24NE3",33.85576,-2.68914,2021,"Fall",10,102,950,18,1062,1080,0.009416196,0.096045198,0.105461394,0.894538606,"Macrochloa steppe"
"WC24NE3",33.85576,-2.68914,2021,"Winter",2,100,950,28,1052,1080,0.001901141,0.095057034,0.096958175,0.903041825,"Macrochloa steppe"
"WC24NE3",33.85576,-2.68914,2022,"Spring",1,98,967,14,1066,1080,0.000938086,0.091932458,0.092870544,0.907129456,"Macrochloa steppe"
"WC24NE3",33.85576,-2.68914,2022,"Summer",2,57,1002,19,1061,1080,0.001885014,0.053722903,0.055607917,0.944392083,"Macrochloa steppe"
"WC24NE3",33.85576,-2.68914,2022,"Fall",2,95,971,12,1068,1080,0.001872659,0.088951311,0.09082397,0.90917603,"Macrochloa steppe"
"WC24NE3",33.85576,-2.68914,2022,"Winter",0,94,972,14,1066,1080,0,0.088180113,0.088180113,0.911819887,"Macrochloa steppe"
"WC24NE3",33.85576,-2.68914,2023,"Spring",1,68,997,14,1066,1080,0.000938086,0.063789869,0.064727955,0.935272045,"Macrochloa steppe"
"WC24NE3",33.85576,-2.68914,2023,"Summer",0,79,990,11,1069,1080,0,0.073900842,0.073900842,0.926099158,"Macrochloa steppe"
"WC24NE3",33.85576,-2.68914,2023,"Fall",1,98,968,13,1067,1080,0.000937207,0.091846298,0.092783505,0.907216495,"Macrochloa steppe"
"WC24NE3",33.85576,-2.68914,2023,"Winter",0,52,1020,8,1072,1080,0,0.048507463,0.048507463,0.951492537,"Macrochloa steppe"
"WC24NE4",33.85588,-2.7159,2016,"Spring",3,17,339,1,359,360,0.008356546,0.04735376,0.055710306,0.944289694,"Macrochloa steppe"
"WC24NE4",33.85588,-2.7159,2016,"Summer",6,55,291,8,352,360,0.017045455,0.15625,0.173295455,0.826704545,"Macrochloa steppe"
"WC24NE4",33.85588,-2.7159,2016,"Fall",0,48,311,1,359,360,0,0.133704735,0.133704735,0.866295265,"Macrochloa steppe"
"WC24NE4",33.85588,-2.7159,2016,"Winter",0,39,313,8,352,360,0,0.110795455,0.110795455,0.889204545,"Macrochloa steppe"
"WC24NE4",33.85588,-2.7159,2017,"Spring",31,91,572,26,694,720,0.044668588,0.131123919,0.175792507,0.824207493,"Macrochloa steppe"
"WC24NE4",33.85588,-2.7159,2017,"Summer",33,64,607,16,704,720,0.046875,0.090909091,0.137784091,0.862215909,"Macrochloa steppe"
"WC24NE4",33.85588,-2.7159,2017,"Fall",35,70,593,22,698,720,0.050143266,0.100286533,0.150429799,0.849570201,"Macrochloa steppe"
"WC24NE4",33.85588,-2.7159,2017,"Winter",5,70,639,6,714,720,0.007002801,0.098039216,0.105042017,0.894957983,"Macrochloa steppe"
"WC24NE4",33.85588,-2.7159,2018,"Spring",10,78,971,21,1059,1080,0.009442871,0.073654391,0.083097262,0.916902738,"Macrochloa steppe"
"WC24NE4",33.85588,-2.7159,2018,"Summer",35,243,1479,43,1757,1800,0.019920319,0.138303927,0.158224246,0.841775754,"Macrochloa steppe"
"WC24NE4",33.85588,-2.7159,2018,"Fall",25,108,910,37,1043,1080,0.023969319,0.103547459,0.127516779,0.872483221,"Macrochloa steppe"
"WC24NE4",33.85588,-2.7159,2018,"Winter",37,93,923,27,1053,1080,0.035137702,0.088319088,0.12345679,0.87654321,"Macrochloa steppe"
"WC24NE4",33.85588,-2.7159,2019,"Spring",29,85,936,30,1050,1080,0.027619048,0.080952381,0.108571429,0.891428571,"Macrochloa steppe"
"WC24NE4",33.85588,-2.7159,2019,"Summer",13,91,951,25,1055,1080,0.012322275,0.086255924,0.098578199,0.901421801,"Macrochloa steppe"
"WC24NE4",33.85588,-2.7159,2019,"Fall",13,64,988,15,1065,1080,0.012206573,0.060093897,0.072300469,0.927699531,"Macrochloa steppe"
"WC24NE4",33.85588,-2.7159,2019,"Winter",32,111,916,21,1059,1080,0.030217186,0.104815864,0.13503305,0.86496695,"Macrochloa steppe"
"WC24NE4",33.85588,-2.7159,2020,"Spring",34,80,952,14,1066,1080,0.031894934,0.075046904,0.106941839,0.893058161,"Macrochloa steppe"
"WC24NE4",33.85588,-2.7159,2020,"Summer",12,94,959,15,1065,1080,0.011267606,0.088262911,0.099530516,0.900469484,"Macrochloa steppe"
"WC24NE4",33.85588,-2.7159,2020,"Fall",4,116,922,38,1042,1080,0.003838772,0.111324376,0.115163148,0.884836852,"Macrochloa steppe"
"WC24NE4",33.85588,-2.7159,2020,"Winter",14,101,951,14,1066,1080,0.013133208,0.094746717,0.107879925,0.892120075,"Macrochloa steppe"
"WC24NE4",33.85588,-2.7159,2021,"Spring",3,77,981,19,1061,1080,0.002827521,0.072573044,0.075400566,0.924599434,"Macrochloa steppe"
"WC24NE4",33.85588,-2.7159,2021,"Summer",15,103,935,27,1053,1080,0.014245014,0.097815764,0.112060779,0.887939221,"Macrochloa steppe"
"WC24NE4",33.85588,-2.7159,2021,"Fall",11,78,972,19,1061,1080,0.010367578,0.073515551,0.083883129,0.916116871,"Macrochloa steppe"
"WC24NE4",33.85588,-2.7159,2021,"Winter",1,37,1032,10,1070,1080,0.000934579,0.034579439,0.035514019,0.964485981,"Macrochloa steppe"
"WC24NE4",33.85588,-2.7159,2022,"Spring",2,73,983,22,1058,1080,0.001890359,0.06899811,0.070888469,0.929111531,"Macrochloa steppe"
"WC24NE4",33.85588,-2.7159,2022,"Summer",0,108,941,31,1049,1080,0,0.102955195,0.102955195,0.897044805,"Macrochloa steppe"
"WC24NE4",33.85588,-2.7159,2022,"Fall",0,59,1011,10,1070,1080,0,0.055140187,0.055140187,0.944859813,"Macrochloa steppe"
"WC24NE4",33.85588,-2.7159,2022,"Winter",0,93,971,16,1064,1080,0,0.087406015,0.087406015,0.912593985,"Macrochloa steppe"
"WC24NE4",33.85588,-2.7159,2023,"Spring",2,59,997,22,1058,1080,0.001890359,0.055765595,0.057655955,0.942344045,"Macrochloa steppe"
"WC24NE4",33.85588,-2.7159,2023,"Summer",8,95,957,20,1060,1080,0.00754717,0.089622642,0.097169811,0.902830189,"Macrochloa steppe"
"WC24NE4",33.85588,-2.7159,2023,"Fall",0,52,1020,8,1072,1080,0,0.048507463,0.048507463,0.951492537,"Macrochloa steppe"
"WC24NE4",33.85588,-2.7159,2023,"Winter",1,60,1009,10,1070,1080,0.000934579,0.056074766,0.057009346,0.942990654,"Macrochloa steppe"
"WC24NE5",33.86718,-2.70229,2016,"Spring",21,66,272,1,359,360,0.058495822,0.183844011,0.242339833,0.757660167,"Macrochloa steppe"
"WC24NE5",33.86718,-2.70229,2016,"Summer",3,74,279,4,356,360,0.008426966,0.207865169,0.216292135,0.783707865,"Macrochloa steppe"
"WC24NE5",33.86718,-2.70229,2016,"Fall",0,59,298,3,357,360,0,0.165266106,0.165266106,0.834733894,"Macrochloa steppe"
"WC24NE5",33.86718,-2.70229,2016,"Winter",8,83,262,7,353,360,0.02266289,0.235127479,0.257790368,0.742209632,"Macrochloa steppe"
"WC24NE5",33.86718,-2.70229,2017,"Spring",34,90,584,12,708,720,0.048022599,0.127118644,0.175141243,0.824858757,"Macrochloa steppe"
"WC24NE5",33.86718,-2.70229,2017,"Summer",38,62,607,13,707,720,0.053748232,0.087694484,0.141442716,0.858557284,"Macrochloa steppe"
"WC24NE5",33.86718,-2.70229,2017,"Fall",27,80,588,25,695,720,0.038848921,0.115107914,0.153956835,0.846043165,"Macrochloa steppe"
"WC24NE5",33.86718,-2.70229,2017,"Winter",27,117,570,6,714,720,0.037815126,0.163865546,0.201680672,0.798319328,"Macrochloa steppe"
"WC24NE5",33.86718,-2.70229,2018,"Spring",9,157,879,35,1045,1080,0.00861244,0.150239234,0.158851675,0.841148325,"Macrochloa steppe"
"WC24NE5",33.86718,-2.70229,2018,"Summer",32,318,1402,48,1752,1800,0.01826484,0.181506849,0.199771689,0.800228311,"Macrochloa steppe"
"WC24NE5",33.86718,-2.70229,2018,"Fall",27,145,874,34,1046,1080,0.02581262,0.138623327,0.164435946,0.835564054,"Macrochloa steppe"
"WC24NE5",33.86718,-2.70229,2018,"Winter",59,175,811,35,1045,1080,0.05645933,0.167464115,0.223923445,0.776076555,"Macrochloa steppe"
"WC24NE5",33.86718,-2.70229,2019,"Spring",42,163,812,63,1017,1080,0.041297935,0.16027532,0.201573255,0.798426745,"Macrochloa steppe"
"WC24NE5",33.86718,-2.70229,2019,"Summer",13,118,922,27,1053,1080,0.012345679,0.112060779,0.124406458,0.875593542,"Macrochloa steppe"
"WC24NE5",33.86718,-2.70229,2019,"Fall",32,130,890,28,1052,1080,0.030418251,0.123574144,0.153992395,0.846007605,"Macrochloa steppe"
"WC24NE5",33.86718,-2.70229,2019,"Winter",29,119,919,13,1067,1080,0.027179007,0.111527648,0.138706654,0.861293346,"Macrochloa steppe"
"WC24NE5",33.86718,-2.70229,2020,"Spring",40,118,880,42,1038,1080,0.038535645,0.113680154,0.1522158,0.8477842,"Macrochloa steppe"
"WC24NE5",33.86718,-2.70229,2020,"Summer",25,164,858,33,1047,1080,0.023877746,0.156638013,0.180515759,0.819484241,"Macrochloa steppe"
"WC24NE5",33.86718,-2.70229,2020,"Fall",8,189,832,51,1029,1080,0.007774538,0.183673469,0.191448008,0.808551992,"Macrochloa steppe"
"WC24NE5",33.86718,-2.70229,2020,"Winter",16,184,852,28,1052,1080,0.015209125,0.174904943,0.190114068,0.809885932,"Macrochloa steppe"
"WC24NE5",33.86718,-2.70229,2021,"Spring",4,155,888,33,1047,1080,0.003820439,0.148042025,0.151862464,0.848137536,"Macrochloa steppe"
"WC24NE5",33.86718,-2.70229,2021,"Summer",27,164,851,38,1042,1080,0.025911708,0.157389635,0.183301344,0.816698656,"Macrochloa steppe"
"WC24NE5",33.86718,-2.70229,2021,"Fall",13,120,909,38,1042,1080,0.012476008,0.115163148,0.127639155,0.872360845,"Macrochloa steppe"
"WC24NE5",33.86718,-2.70229,2021,"Winter",0,145,904,31,1049,1080,0,0.138226883,0.138226883,0.861773117,"Macrochloa steppe"
"WC24NE5",33.86718,-2.70229,2022,"Spring",2,126,935,17,1063,1080,0.001881468,0.118532455,0.120413923,0.879586077,"Macrochloa steppe"
"WC24NE5",33.86718,-2.70229,2022,"Summer",1,131,918,30,1050,1080,0.000952381,0.124761905,0.125714286,0.874285714,"Macrochloa steppe"
"WC24NE5",33.86718,-2.70229,2022,"Fall",0,148,905,27,1053,1080,0,0.140550807,0.140550807,0.859449193,"Macrochloa steppe"
"WC24NE5",33.86718,-2.70229,2022,"Winter",0,165,896,19,1061,1080,0,0.155513666,0.155513666,0.844486334,"Macrochloa steppe"
"WC24NE5",33.86718,-2.70229,2023,"Spring",1,151,912,16,1064,1080,0.00093985,0.141917293,0.142857143,0.857142857,"Macrochloa steppe"
"WC24NE5",33.86718,-2.70229,2023,"Summer",6,108,946,20,1060,1080,0.005660377,0.101886792,0.10754717,0.89245283,"Macrochloa steppe"
"WC24NE5",33.86718,-2.70229,2023,"Fall",1,114,945,20,1060,1080,0.000943396,0.10754717,0.108490566,0.891509434,"Macrochloa steppe"
"WC24NE5",33.86718,-2.70229,2023,"Winter",0,96,968,16,1064,1080,0,0.090225564,0.090225564,0.909774436,"Macrochloa steppe"
"WC43NE1",33.78783,-2.50081,2016,"Spring",0,55,303,2,358,360,0,0.153631285,0.153631285,0.846368715,"Alluvial spread area"
"WC43NE1",33.78783,-2.50081,2016,"Summer",3,42,308,7,353,360,0.008498584,0.11898017,0.127478754,0.872521246,"Alluvial spread area"
"WC43NE1",33.78783,-2.50081,2016,"Fall",0,49,309,2,358,360,0,0.136871508,0.136871508,0.863128492,"Alluvial spread area"
"WC43NE1",33.78783,-2.50081,2016,"Winter",0,46,306,8,352,360,0,0.130681818,0.130681818,0.869318182,"Alluvial spread area"
"WC43NE1",33.78783,-2.50081,2017,"Spring",47,76,561,36,684,720,0.06871345,0.111111111,0.179824561,0.820175439,"Alluvial spread area"
"WC43NE1",33.78783,-2.50081,2017,"Summer",46,25,634,15,705,720,0.065248227,0.035460993,0.10070922,0.89929078,"Alluvial spread area"
"WC43NE1",33.78783,-2.50081,2017,"Fall",3,68,627,22,698,720,0.004297994,0.097421203,0.101719198,0.898280802,"Alluvial spread area"
"WC43NE1",33.78783,-2.50081,2017,"Winter",0,68,643,9,711,720,0,0.095639944,0.095639944,0.904360056,"Alluvial spread area"
"WC43NE1",33.78783,-2.50081,2018,"Spring",0,58,657,5,715,720,0,0.081118881,0.081118881,0.918881119,"Alluvial spread area"
"WC43NE1",33.78783,-2.50081,2018,"Summer",0,80,620,20,700,720,0,0.114285714,0.114285714,0.885714286,"Alluvial spread area"
"WC43NE1",33.78783,-2.50081,2018,"Fall",7,57,651,5,715,720,0.00979021,0.07972028,0.08951049,0.91048951,"Alluvial spread area"
"WC43NE1",33.78783,-2.50081,2018,"Winter",33,69,596,22,698,720,0.047277937,0.098853868,0.146131805,0.853868195,"Alluvial spread area"
"WC43NE1",33.78783,-2.50081,2019,"Spring",8,43,666,3,717,720,0.011157601,0.059972106,0.071129707,0.928870293,"Alluvial spread area"
"WC43NE1",33.78783,-2.50081,2019,"Summer",12,46,647,15,705,720,0.017021277,0.065248227,0.082269504,0.917730496,"Alluvial spread area"
"WC43NE1",33.78783,-2.50081,2019,"Fall",0,25,691,4,716,720,0,0.034916201,0.034916201,0.965083799,"Alluvial spread area"
"WC43NE1",33.78783,-2.50081,2019,"Winter",0,52,663,5,715,720,0,0.072727273,0.072727273,0.927272727,"Alluvial spread area"
"WC43NE1",33.78783,-2.50081,2020,"Spring",17,42,644,17,703,720,0.024182077,0.059743954,0.083926031,0.916073969,"Alluvial spread area"
"WC43NE1",33.78783,-2.50081,2020,"Summer",29,30,643,18,702,720,0.041310541,0.042735043,0.084045584,0.915954416,"Alluvial spread area"
"WC43NE1",33.78783,-2.50081,2020,"Fall",2,63,640,15,705,720,0.002836879,0.089361702,0.092198582,0.907801418,"Alluvial spread area"
"WC43NE1",33.78783,-2.50081,2020,"Winter",4,65,638,13,707,720,0.005657709,0.091937765,0.097595474,0.902404526,"Alluvial spread area"
"WC43NE1",33.78783,-2.50081,2021,"Spring",0,43,665,12,708,720,0,0.060734463,0.060734463,0.939265537,"Alluvial spread area"
"WC43NE1",33.78783,-2.50081,2021,"Summer",1,36,675,8,712,720,0.001404494,0.050561798,0.051966292,0.948033708,"Alluvial spread area"
"WC43NE1",33.78783,-2.50081,2021,"Fall",1,38,674,7,713,720,0.001402525,0.053295933,0.054698457,0.945301543,"Alluvial spread area"
"WC43NE1",33.78783,-2.50081,2021,"Winter",0,23,693,4,716,720,0,0.032122905,0.032122905,0.967877095,"Alluvial spread area"
"WC43NE1",33.78783,-2.50081,2022,"Spring",0,34,673,13,707,720,0,0.048090523,0.048090523,0.951909477,"Alluvial spread area"
"WC43NE1",33.78783,-2.50081,2022,"Summer",0,25,690,5,715,720,0,0.034965035,0.034965035,0.965034965,"Alluvial spread area"
"WC43NE1",33.78783,-2.50081,2022,"Fall",2,24,694,0,720,720,0.002777778,0.033333333,0.036111111,0.963888889,"Alluvial spread area"
"WC43NE1",33.78783,-2.50081,2022,"Winter",0,23,693,4,716,720,0,0.032122905,0.032122905,0.967877095,"Alluvial spread area"
"WC43NE1",33.78783,-2.50081,2023,"Spring",0,22,695,3,717,720,0,0.030683403,0.030683403,0.969316597,"Alluvial spread area"
"WC43NE1",33.78783,-2.50081,2023,"Summer",0,14,702,4,716,720,0,0.019553073,0.019553073,0.980446927,"Alluvial spread area"
"WC43NE1",33.78783,-2.50081,2023,"Fall",0,21,694,5,715,720,0,0.029370629,0.029370629,0.970629371,"Alluvial spread area"
"WC43NE1",33.78783,-2.50081,2023,"Winter",0,19,698,3,717,720,0,0.026499303,0.026499303,0.973500697,"Alluvial spread area"
"WC43NE2",33.78772,-2.4733,2016,"Spring",1,47,311,1,359,360,0.002785515,0.13091922,0.133704735,0.866295265,"Alluvial spread area"
"WC43NE2",33.78772,-2.4733,2016,"Summer",0,35,325,0,360,360,0,0.097222222,0.097222222,0.902777778,"Alluvial spread area"
"WC43NE2",33.78772,-2.4733,2016,"Fall",0,37,323,0,360,360,0,0.102777778,0.102777778,0.897222222,"Alluvial spread area"
"WC43NE2",33.78772,-2.4733,2016,"Winter",0,13,346,1,359,360,0,0.036211699,0.036211699,0.963788301,"Alluvial spread area"
"WC43NE2",33.78772,-2.4733,2017,"Spring",23,33,654,10,710,720,0.032394366,0.046478873,0.078873239,0.921126761,"Alluvial spread area"
"WC43NE2",33.78772,-2.4733,2017,"Summer",48,19,638,15,705,720,0.068085106,0.026950355,0.095035461,0.904964539,"Alluvial spread area"
"WC43NE2",33.78772,-2.4733,2017,"Fall",50,51,599,20,700,720,0.071428571,0.072857143,0.144285714,0.855714286,"Alluvial spread area"
"WC43NE2",33.78772,-2.4733,2017,"Winter",0,62,657,1,719,720,0,0.086230876,0.086230876,0.913769124,"Alluvial spread area"
"WC43NE2",33.78772,-2.4733,2018,"Spring",0,88,616,16,704,720,0,0.125,0.125,0.875,"Alluvial spread area"
"WC43NE2",33.78772,-2.4733,2018,"Summer",10,29,663,18,702,720,0.014245014,0.041310541,0.055555556,0.944444444,"Alluvial spread area"
"WC43NE2",33.78772,-2.4733,2018,"Fall",8,39,661,12,708,720,0.011299435,0.055084746,0.066384181,0.933615819,"Alluvial spread area"
"WC43NE2",33.78772,-2.4733,2018,"Winter",28,63,602,27,693,720,0.04040404,0.090909091,0.131313131,0.868686869,"Alluvial spread area"
"WC43NE2",33.78772,-2.4733,2019,"Spring",14,70,1158,38,1242,1280,0.011272142,0.056360709,0.06763285,0.93236715,"Alluvial spread area"
"WC43NE2",33.78772,-2.4733,2019,"Summer",5,34,657,24,696,720,0.007183908,0.048850575,0.056034483,0.943965517,"Alluvial spread area"
"WC43NE2",33.78772,-2.4733,2019,"Fall",17,26,669,8,712,720,0.023876404,0.036516854,0.060393258,0.939606742,"Alluvial spread area"
"WC43NE2",33.78772,-2.4733,2019,"Winter",0,63,647,10,710,720,0,0.088732394,0.088732394,0.911267606,"Alluvial spread area"
"WC43NE2",33.78772,-2.4733,2020,"Spring",22,41,647,10,710,720,0.030985915,0.057746479,0.088732394,0.911267606,"Alluvial spread area"
"WC43NE2",33.78772,-2.4733,2020,"Summer",42,22,639,17,703,720,0.059743954,0.031294452,0.091038407,0.908961593,"Alluvial spread area"
"WC43NE2",33.78772,-2.4733,2020,"Fall",46,32,625,17,703,720,0.065433855,0.045519203,0.110953058,0.889046942,"Alluvial spread area"
"WC43NE2",33.78772,-2.4733,2020,"Winter",4,75,621,20,700,720,0.005714286,0.107142857,0.112857143,0.887142857,"Alluvial spread area"
"WC43NE2",33.78772,-2.4733,2021,"Spring",1,74,634,11,709,720,0.001410437,0.104372355,0.105782793,0.894217207,"Alluvial spread area"
"WC43NE2",33.78772,-2.4733,2021,"Summer",23,39,647,11,709,720,0.032440056,0.055007052,0.087447109,0.912552891,"Alluvial spread area"
"WC43NE2",33.78772,-2.4733,2021,"Fall",10,49,652,9,711,720,0.014064698,0.068917018,0.082981716,0.917018284,"Alluvial spread area"
"WC43NE2",33.78772,-2.4733,2021,"Winter",0,56,652,12,708,720,0,0.079096045,0.079096045,0.920903955,"Alluvial spread area"
"WC43NE2",33.78772,-2.4733,2022,"Spring",1,47,660,12,708,720,0.001412429,0.066384181,0.06779661,0.93220339,"Alluvial spread area"
"WC43NE2",33.78772,-2.4733,2022,"Summer",6,36,665,13,707,720,0.008486563,0.050919378,0.059405941,0.940594059,"Alluvial spread area"
"WC43NE2",33.78772,-2.4733,2022,"Fall",7,25,682,6,714,720,0.009803922,0.035014006,0.044817927,0.955182073,"Alluvial spread area"
"WC43NE2",33.78772,-2.4733,2022,"Winter",8,31,672,9,711,720,0.011251758,0.043600563,0.054852321,0.945147679,"Alluvial spread area"
"WC43NE2",33.78772,-2.4733,2023,"Spring",16,36,651,17,703,720,0.022759602,0.051209104,0.073968706,0.926031294,"Alluvial spread area"
"WC43NE2",33.78772,-2.4733,2023,"Summer",46,19,632,23,697,720,0.065997131,0.027259684,0.093256815,0.906743185,"Alluvial spread area"
"WC43NE2",33.78772,-2.4733,2023,"Fall",51,12,652,5,715,720,0.071328671,0.016783217,0.088111888,0.911888112,"Alluvial spread area"
"WC43NE2",33.78772,-2.4733,2023,"Winter",0,64,644,12,708,720,0,0.09039548,0.09039548,0.90960452,"Alluvial spread area"
"WC43NE3",33.76426,-2.47316,2016,"Spring",1,113,239,7,353,360,0.002832861,0.320113314,0.322946176,0.677053824,"Alluvial spread area"
"WC43NE3",33.76426,-2.47316,2016,"Summer",2,62,288,8,352,360,0.005681818,0.176136364,0.181818182,0.818181818,"Alluvial spread area"
"WC43NE3",33.76426,-2.47316,2016,"Fall",1,108,236,15,345,360,0.002898551,0.313043478,0.315942029,0.684057971,"Alluvial spread area"
"WC43NE3",33.76426,-2.47316,2016,"Winter",0,35,319,6,354,360,0,0.098870056,0.098870056,0.901129944,"Alluvial spread area"
"WC43NE3",33.76426,-2.47316,2017,"Spring",149,96,445,30,690,720,0.215942029,0.139130435,0.355072464,0.644927536,"Alluvial spread area"
"WC43NE3",33.76426,-2.47316,2017,"Summer",172,42,488,18,702,720,0.245014245,0.05982906,0.304843305,0.695156695,"Alluvial spread area"
"WC43NE3",33.76426,-2.47316,2017,"Fall",13,59,629,19,701,720,0.018544936,0.084165478,0.102710414,0.897289586,"Alluvial spread area"
"WC43NE3",33.76426,-2.47316,2017,"Winter",0,150,566,4,716,720,0,0.209497207,0.209497207,0.790502793,"Alluvial spread area"
"WC43NE3",33.76426,-2.47316,2018,"Spring",0,114,590,16,704,720,0,0.161931818,0.161931818,0.838068182,"Alluvial spread area"
"WC43NE3",33.76426,-2.47316,2018,"Summer",14,152,514,40,680,720,0.020588235,0.223529412,0.244117647,0.755882353,"Alluvial spread area"
"WC43NE3",33.76426,-2.47316,2018,"Fall",27,80,601,12,708,720,0.038135593,0.11299435,0.151129944,0.848870056,"Alluvial spread area"
"WC43NE3",33.76426,-2.47316,2018,"Winter",62,96,522,40,680,720,0.091176471,0.141176471,0.232352941,0.767647059,"Alluvial spread area"
"WC43NE3",33.76426,-2.47316,2019,"Spring",36,146,1024,74,1206,1280,0.029850746,0.12106136,0.150912106,0.849087894,"Alluvial spread area"
"WC43NE3",33.76426,-2.47316,2019,"Summer",13,49,620,38,682,720,0.019061584,0.071847507,0.090909091,0.909090909,"Alluvial spread area"
"WC43NE3",33.76426,-2.47316,2019,"Fall",5,62,643,10,710,720,0.007042254,0.087323944,0.094366197,0.905633803,"Alluvial spread area"
"WC43NE3",33.76426,-2.47316,2019,"Winter",1,67,645,7,713,720,0.001402525,0.093969144,0.095371669,0.904628331,"Alluvial spread area"
"WC43NE3",33.76426,-2.47316,2020,"Spring",63,49,593,15,705,720,0.089361702,0.069503546,0.158865248,0.841134752,"Alluvial spread area"
"WC43NE3",33.76426,-2.47316,2020,"Summer",45,28,623,24,696,720,0.064655172,0.040229885,0.104885057,0.895114943,"Alluvial spread area"
"WC43NE3",33.76426,-2.47316,2020,"Fall",14,93,586,27,693,720,0.02020202,0.134199134,0.154401154,0.845598846,"Alluvial spread area"
"WC43NE3",33.76426,-2.47316,2020,"Winter",5,125,575,15,705,720,0.007092199,0.177304965,0.184397163,0.815602837,"Alluvial spread area"
"WC43NE3",33.76426,-2.47316,2021,"Spring",0,98,603,19,701,720,0,0.139800285,0.139800285,0.860199715,"Alluvial spread area"
"WC43NE3",33.76426,-2.47316,2021,"Summer",7,82,606,25,695,720,0.010071942,0.117985612,0.128057554,0.871942446,"Alluvial spread area"
"WC43NE3",33.76426,-2.47316,2021,"Fall",5,69,640,6,714,720,0.007002801,0.096638655,0.103641457,0.896358543,"Alluvial spread area"
"WC43NE3",33.76426,-2.47316,2021,"Winter",0,76,636,8,712,720,0,0.106741573,0.106741573,0.893258427,"Alluvial spread area"
"WC43NE3",33.76426,-2.47316,2022,"Spring",2,82,616,20,700,720,0.002857143,0.117142857,0.12,0.88,"Alluvial spread area"
"WC43NE3",33.76426,-2.47316,2022,"Summer",0,69,637,14,706,720,0,0.097733711,0.097733711,0.902266289,"Alluvial spread area"
"WC43NE3",33.76426,-2.47316,2022,"Fall",3,40,673,4,716,720,0.004189944,0.055865922,0.060055866,0.939944134,"Alluvial spread area"
"WC43NE3",33.76426,-2.47316,2022,"Winter",12,57,637,14,706,720,0.016997167,0.080736544,0.097733711,0.902266289,"Alluvial spread area"
"WC43NE3",33.76426,-2.47316,2023,"Spring",8,44,654,14,706,720,0.011331445,0.062322946,0.073654391,0.926345609,"Alluvial spread area"
"WC43NE3",33.76426,-2.47316,2023,"Summer",17,25,660,18,702,720,0.024216524,0.035612536,0.05982906,0.94017094,"Alluvial spread area"
"WC43NE3",33.76426,-2.47316,2023,"Fall",8,19,678,15,705,720,0.011347518,0.026950355,0.038297872,0.961702128,"Alluvial spread area"
"WC43NE3",33.76426,-2.47316,2023,"Winter",0,33,682,5,715,720,0,0.046153846,0.046153846,0.953846154,"Alluvial spread area"
"WC43NE4",33.7645,-2.50062,2016,"Spring",1,93,260,6,354,360,0.002824859,0.262711864,0.265536723,0.734463277,"Alluvial spread area"
"WC43NE4",33.7645,-2.50062,2016,"Summer",3,45,307,5,355,360,0.008450704,0.126760563,0.135211268,0.864788732,"Alluvial spread area"
"WC43NE4",33.7645,-2.50062,2016,"Fall",8,64,283,5,355,360,0.022535211,0.18028169,0.202816901,0.797183099,"Alluvial spread area"
"WC43NE4",33.7645,-2.50062,2016,"Winter",0,66,284,10,350,360,0,0.188571429,0.188571429,0.811428571,"Alluvial spread area"
"WC43NE4",33.7645,-2.50062,2017,"Spring",79,118,501,22,698,720,0.113180516,0.169054441,0.282234957,0.717765043,"Alluvial spread area"
"WC43NE4",33.7645,-2.50062,2017,"Summer",53,73,578,16,704,720,0.075284091,0.103693182,0.178977273,0.821022727,"Alluvial spread area"
"WC43NE4",33.7645,-2.50062,2017,"Fall",45,64,563,48,672,720,0.066964286,0.095238095,0.162202381,0.837797619,"Alluvial spread area"
"WC43NE4",33.7645,-2.50062,2017,"Winter",0,125,589,6,714,720,0,0.175070028,0.175070028,0.824929972,"Alluvial spread area"
"WC43NE4",33.7645,-2.50062,2018,"Spring",5,85,622,8,712,720,0.007022472,0.119382022,0.126404494,0.873595506,"Alluvial spread area"
"WC43NE4",33.7645,-2.50062,2018,"Summer",53,37,605,25,695,720,0.076258993,0.05323741,0.129496403,0.870503597,"Alluvial spread area"
"WC43NE4",33.7645,-2.50062,2018,"Fall",52,62,591,15,705,720,0.073758865,0.087943262,0.161702128,0.838297872,"Alluvial spread area"
"WC43NE4",33.7645,-2.50062,2018,"Winter",31,86,573,30,690,720,0.044927536,0.124637681,0.169565217,0.830434783,"Alluvial spread area"
"WC43NE4",33.7645,-2.50062,2019,"Spring",79,97,1028,76,1204,1280,0.065614618,0.080564784,0.146179402,0.853820598,"Alluvial spread area"
"WC43NE4",33.7645,-2.50062,2019,"Summer",121,51,485,63,657,720,0.184170472,0.077625571,0.261796043,0.738203957,"Alluvial spread area"
"WC43NE4",33.7645,-2.50062,2019,"Fall",88,98,515,19,701,720,0.12553495,0.139800285,0.265335235,0.734664765,"Alluvial spread area"
"WC43NE4",33.7645,-2.50062,2019,"Winter",11,193,497,19,701,720,0.015691869,0.27532097,0.291012839,0.708987161,"Alluvial spread area"
"WC43NE4",33.7645,-2.50062,2020,"Spring",192,65,441,22,698,720,0.275071633,0.093123209,0.368194842,0.631805158,"Alluvial spread area"
"WC43NE4",33.7645,-2.50062,2020,"Summer",304,86,525,65,915,980,0.332240437,0.093989071,0.426229508,0.573770492,"Alluvial spread area"
"WC43NE4",33.7645,-2.50062,2020,"Fall",180,162,560,78,902,980,0.199556541,0.179600887,0.379157428,0.620842572,"Alluvial spread area"
"WC43NE4",33.7645,-2.50062,2020,"Winter",7,248,436,29,691,720,0.010130246,0.358900145,0.369030391,0.630969609,"Alluvial spread area"
"WC43NE4",33.7645,-2.50062,2021,"Spring",13,324,590,53,927,980,0.014023732,0.349514563,0.363538296,0.636461704,"Alluvial spread area"
"WC43NE4",33.7645,-2.50062,2021,"Summer",98,94,507,21,699,720,0.140200286,0.134477825,0.274678112,0.725321888,"Alluvial spread area"
"WC43NE4",33.7645,-2.50062,2021,"Fall",36,76,594,14,706,720,0.050991501,0.107648725,0.158640227,0.841359773,"Alluvial spread area"
"WC43NE4",33.7645,-2.50062,2021,"Winter",0,232,448,40,680,720,0,0.341176471,0.341176471,0.658823529,"Alluvial spread area"
"WC43NE4",33.7645,-2.50062,2022,"Spring",1,231,445,43,677,720,0.001477105,0.341211226,0.342688331,0.657311669,"Alluvial spread area"
"WC43NE4",33.7645,-2.50062,2022,"Summer",27,186,478,29,691,720,0.039073806,0.269175109,0.308248915,0.691751085,"Alluvial spread area"
"WC43NE4",33.7645,-2.50062,2022,"Fall",70,89,531,30,690,720,0.101449275,0.128985507,0.230434783,0.769565217,"Alluvial spread area"
"WC43NE4",33.7645,-2.50062,2022,"Winter",2,193,498,27,693,720,0.002886003,0.278499278,0.281385281,0.718614719,"Alluvial spread area"
"WC43NE4",33.7645,-2.50062,2023,"Spring",138,73,491,18,702,720,0.196581197,0.103988604,0.300569801,0.699430199,"Alluvial spread area"
"WC43NE4",33.7645,-2.50062,2023,"Summer",3,98,604,15,705,720,0.004255319,0.139007092,0.143262411,0.856737589,"Alluvial spread area"
"WC43NE4",33.7645,-2.50062,2023,"Fall",11,67,626,16,704,720,0.015625,0.095170455,0.110795455,0.889204545,"Alluvial spread area"
"WC43NE4",33.7645,-2.50062,2023,"Winter",0,75,623,22,698,720,0,0.107449857,0.107449857,0.892550143,"Alluvial spread area"
"WC43NE5",33.77213,-2.48469,2016,"Spring",3,78,275,4,356,360,0.008426966,0.219101124,0.22752809,0.77247191,"Alluvial spread area"
"WC43NE5",33.77213,-2.48469,2016,"Summer",1,42,314,3,357,360,0.00280112,0.117647059,0.120448179,0.879551821,"Alluvial spread area"
"WC43NE5",33.77213,-2.48469,2016,"Fall",15,95,244,6,354,360,0.042372881,0.268361582,0.310734463,0.689265537,"Alluvial spread area"
"WC43NE5",33.77213,-2.48469,2016,"Winter",0,72,278,10,350,360,0,0.205714286,0.205714286,0.794285714,"Alluvial spread area"
"WC43NE5",33.77213,-2.48469,2017,"Spring",178,99,391,51,668,719,0.266467066,0.148203593,0.414670659,0.585329341,"Alluvial spread area"
"WC43NE5",33.77213,-2.48469,2017,"Summer",129,49,521,21,699,720,0.184549356,0.070100143,0.254649499,0.745350501,"Alluvial spread area"
"WC43NE5",33.77213,-2.48469,2017,"Fall",92,66,541,21,699,720,0.131616595,0.094420601,0.226037196,0.773962804,"Alluvial spread area"
"WC43NE5",33.77213,-2.48469,2017,"Winter",7,142,556,15,705,720,0.009929078,0.20141844,0.211347518,0.788652482,"Alluvial spread area"
"WC43NE5",33.77213,-2.48469,2018,"Spring",8,89,613,10,710,720,0.011267606,0.125352113,0.136619718,0.863380282,"Alluvial spread area"
"WC43NE5",33.77213,-2.48469,2018,"Summer",90,75,529,26,694,720,0.129682997,0.108069164,0.237752161,0.762247839,"Alluvial spread area"
"WC43NE5",33.77213,-2.48469,2018,"Fall",123,55,529,13,707,720,0.17397454,0.077793494,0.251768034,0.748231966,"Alluvial spread area"
"WC43NE5",33.77213,-2.48469,2018,"Winter",126,63,493,38,682,720,0.184750733,0.092375367,0.2771261,0.7228739,"Alluvial spread area"
"WC43NE5",33.77213,-2.48469,2019,"Spring",125,129,924,102,1178,1280,0.106112054,0.10950764,0.215619694,0.784380306,"Alluvial spread area"
"WC43NE5",33.77213,-2.48469,2019,"Summer",34,128,509,49,671,720,0.050670641,0.19076006,0.2414307,0.7585693,"Alluvial spread area"
"WC43NE5",33.77213,-2.48469,2019,"Fall",77,60,565,18,702,720,0.10968661,0.085470085,0.195156695,0.804843305,"Alluvial spread area"
"WC43NE5",33.77213,-2.48469,2019,"Winter",41,110,553,16,704,720,0.058238636,0.15625,0.214488636,0.785511364,"Alluvial spread area"
"WC43NE5",33.77213,-2.48469,2020,"Spring",227,68,413,12,708,720,0.320621469,0.096045198,0.416666667,0.583333333,"Alluvial spread area"
"WC43NE5",33.77213,-2.48469,2020,"Summer",50,125,517,28,692,720,0.072254335,0.180635838,0.252890173,0.747109827,"Alluvial spread area"
"WC43NE5",33.77213,-2.48469,2020,"Fall",75,66,539,40,680,720,0.110294118,0.097058824,0.207352941,0.792647059,"Alluvial spread area"
"WC43NE5",33.77213,-2.48469,2020,"Winter",25,155,508,32,688,720,0.036337209,0.225290698,0.261627907,0.738372093,"Alluvial spread area"
"WC43NE5",33.77213,-2.48469,2021,"Spring",25,102,583,10,710,720,0.035211268,0.143661972,0.178873239,0.821126761,"Alluvial spread area"
"WC43NE5",33.77213,-2.48469,2021,"Summer",61,72,563,24,696,720,0.087643678,0.103448276,0.191091954,0.808908046,"Alluvial spread area"
"WC43NE5",33.77213,-2.48469,2021,"Fall",81,158,452,29,691,720,0.117221418,0.228654124,0.345875543,0.654124457,"Alluvial spread area"
"WC43NE5",33.77213,-2.48469,2021,"Winter",0,96,611,13,707,720,0,0.135785007,0.135785007,0.864214993,"Alluvial spread area"
"WC43NE5",33.77213,-2.48469,2022,"Spring",6,114,583,17,703,720,0.008534851,0.162162162,0.170697013,0.829302987,"Alluvial spread area"
"WC43NE5",33.77213,-2.48469,2022,"Summer",31,80,585,24,696,720,0.04454023,0.114942529,0.159482759,0.840517241,"Alluvial spread area"
"WC43NE5",33.77213,-2.48469,2022,"Fall",136,12,565,7,713,720,0.190743338,0.016830295,0.207573633,0.792426367,"Alluvial spread area"
"WC43NE5",33.77213,-2.48469,2022,"Winter",50,73,573,24,696,720,0.07183908,0.104885057,0.176724138,0.823275862,"Alluvial spread area"
"WC43NE5",33.77213,-2.48469,2023,"Spring",0,205,493,22,698,720,0,0.293696275,0.293696275,0.706303725,"Alluvial spread area"
"WC43NE5",33.77213,-2.48469,2023,"Summer",100,34,570,16,704,720,0.142045455,0.048295455,0.190340909,0.809659091,"Alluvial spread area"
"WC43NE5",33.77213,-2.48469,2023,"Fall",118,22,556,24,696,720,0.16954023,0.031609195,0.201149425,0.798850575,"Alluvial spread area"
"WC43NE5",33.77213,-2.48469,2023,"Winter",3,94,602,21,699,720,0.004291845,0.134477825,0.138769671,0.861230329,"Alluvial spread area"
