Station,Habitat,Trap code,Coord.,Longitude,Latitude,Alt.,Date,Period,Fraction,Number,Dry weights (g),Comments,Status
VB17NW1,REG,VB17NW11,N33.24393 W3.95261,33.24393,3.95261,988,4/21/2015,April,Messor,2,0.00291,,NWT
VB17NW1,REG,VB17NW11,N33.24393 W3.95261,33.24393,3.95261,988,4/21/2015,April,Other,,0.0084,,NWT
VB17NW1,REG,VB17NW11,N33.24393 W3.95261,33.24393,3.95261,988,4/21/2015,April,Tenebrionidae Diet,0,0,Pot plein d'eau,NWT
VB17NW1,REG,VB17NW11,N33.24393 W3.95261,33.24393,3.95261,988,4/21/2015,April,Tenebrionidae Other,0,0,,NWT
VB17NW1,REG,VB17NW12,N33.24378 W3.95208,33.24378,3.95208,986,4/21/2015,April,Messor,0,0,,NWT
VB17NW1,REG,VB17NW12,N33.24378 W3.95208,33.24378,3.95208,986,4/21/2015,April,Other,,0.00097,,NWT
VB17NW1,REG,VB17NW12,N33.24378 W3.95208,33.24378,3.95208,986,4/21/2015,April,Tenebrionidae Diet,0,0,Pot plein d'eau,NWT
VB17NW1,REG,VB17NW12,N33.24378 W3.95208,33.24378,3.95208,986,4/21/2015,April,Tenebrionidae Other,0,0,,NWT
VB17NW1,REG,VB17NW13,N33.24335 W3.95221,33.24335,3.95221,986,4/21/2015,April,Messor,0,0,,NWT
VB17NW1,REG,VB17NW13,N33.24335 W3.95221,33.24335,3.95221,986,4/21/2015,April,Other,,0.00102,,NWT
VB17NW1,REG,VB17NW13,N33.24335 W3.95221,33.24335,3.95221,986,4/21/2015,April,Tenebrionidae Diet,0,0,Pot plein d'eau,NWT
VB17NW1,REG,VB17NW13,N33.24335 W3.95221,33.24335,3.95221,986,4/21/2015,April,Tenebrionidae Other,0,0,,NWT
VB17NW1,REG,VB17NW14,N33.24348 W3.95279,33.24348,3.95279,987,4/21/2015,April,Messor,0,0,,NWT
VB17NW1,REG,VB17NW14,N33.24348 W3.95279,33.24348,3.95279,987,4/21/2015,April,Other,,0.01117,,NWT
VB17NW1,REG,VB17NW14,N33.24348 W3.95279,33.24348,3.95279,987,4/21/2015,April,Tenebrionidae Diet,0,0,Pot plein d'eau,NWT
VB17NW1,REG,VB17NW14,N33.24348 W3.95279,33.24348,3.95279,987,4/21/2015,April,Tenebrionidae Other,0,0,,NWT
VB17NW2,REG,VB17NW21,N33.24432 W3.92586,33.24432,3.92586,938,4/21/2015,April,Messor,0,0,,NWT
VB17NW2,REG,VB17NW21,N33.24432 W3.92586,33.24432,3.92586,938,4/21/2015,April,Other,,0.00574,,NWT
VB17NW2,REG,VB17NW21,N33.24432 W3.92586,33.24432,3.92586,938,4/21/2015,April,Tenebrionidae Diet,0,0,Pot plein d'eau,NWT
VB17NW2,REG,VB17NW21,N33.24432 W3.92586,33.24432,3.92586,938,4/21/2015,April,Tenebrionidae Other,0,0,,NWT
VB17NW2,REG,VB17NW22,N33.24417 W3.92532,33.24417,3.92532,940,4/21/2015,April,Messor,0,0,,NWT
VB17NW2,REG,VB17NW22,N33.24417 W3.92532,33.24417,3.92532,940,4/21/2015,April,Other,,0,,NWT
VB17NW2,REG,VB17NW22,N33.24417 W3.92532,33.24417,3.92532,940,4/21/2015,April,Tenebrionidae Diet,1,0.01335,Pot plein d'eau,NWT
VB17NW2,REG,VB17NW22,N33.24417 W3.92532,33.24417,3.92532,940,4/21/2015,April,Tenebrionidae Other,0,0,,NWT
VB17NW2,REG,VB17NW23,N33.24373 W3.92547,33.24373,3.92547,940,4/21/2015,April,Messor,0,0,,NWT
VB17NW2,REG,VB17NW23,N33.24373 W3.92547,33.24373,3.92547,940,4/21/2015,April,Other,,0.00746,,NWT
VB17NW2,REG,VB17NW23,N33.24373 W3.92547,33.24373,3.92547,940,4/21/2015,April,Tenebrionidae Diet,0,0,Pot plein d'eau,NWT
VB17NW2,REG,VB17NW23,N33.24373 W3.92547,33.24373,3.92547,940,4/21/2015,April,Tenebrionidae Other,0,0,,NWT
VB17NW2,REG,VB17NW24,N33.24386 W3.92599,33.24386,3.92599,942,4/21/2015,April,Messor,0,0,,NWT
VB17NW2,REG,VB17NW24,N33.24386 W3.92599,33.24386,3.92599,942,4/21/2015,April,Other,,0.00119,,NWT
VB17NW2,REG,VB17NW24,N33.24386 W3.92599,33.24386,3.92599,942,4/21/2015,April,Tenebrionidae Diet,0,0,Pot plein d'eau,NWT
VB17NW2,REG,VB17NW24,N33.24386 W3.92599,33.24386,3.92599,942,4/21/2015,April,Tenebrionidae Other,0,0,,NWT
VB17NW3,REG,VB17NW31,N33.22191 W3.92567,33.22191,3.92567,945,4/21/2015,April,Messor,0,0,,NWT
VB17NW3,REG,VB17NW31,N33.22191 W3.92567,33.22191,3.92567,945,4/21/2015,April,Other,,0.00948,,NWT
VB17NW3,REG,VB17NW31,N33.22191 W3.92567,33.22191,3.92567,945,4/21/2015,April,Tenebrionidae Diet,0,0,Pot plein d'eau,NWT
VB17NW3,REG,VB17NW31,N33.22191 W3.92567,33.22191,3.92567,945,4/21/2015,April,Tenebrionidae Other,0,0,,NWT
VB17NW3,REG,VB17NW32,N33.22178 W3.92519,33.22178,3.92519,942,4/21/2015,April,Messor,0,0,,NWT
VB17NW3,REG,VB17NW32,N33.22178 W3.92519,33.22178,3.92519,942,4/21/2015,April,Other,,0.0293,,NWT
VB17NW3,REG,VB17NW32,N33.22178 W3.92519,33.22178,3.92519,942,4/21/2015,April,Tenebrionidae Diet,0,0,Pot plein d'eau,NWT
VB17NW3,REG,VB17NW32,N33.22178 W3.92519,33.22178,3.92519,942,4/21/2015,April,Tenebrionidae Other,0,0,,NWT
VB17NW3,REG,VB17NW33,N33.22134 W3.92538,33.22134,3.92538,942,4/21/2015,April,Messor,0,0,,NWT
VB17NW3,REG,VB17NW33,N33.22134 W3.92538,33.22134,3.92538,942,4/21/2015,April,Other,,0.01574,,NWT
VB17NW3,REG,VB17NW33,N33.22134 W3.92538,33.22134,3.92538,942,4/21/2015,April,Tenebrionidae Diet,0,0,Pot plein d'eau,NWT
VB17NW3,REG,VB17NW33,N33.22134 W3.92538,33.22134,3.92538,942,4/21/2015,April,Tenebrionidae Other,0,0,,NWT
VB17NW3,REG,VB17NW34,N33.22149 W3.92586,33.22149,3.92586,942,4/21/2015,April,Messor,0,0,,NWT
VB17NW3,REG,VB17NW34,N33.22149 W3.92586,33.22149,3.92586,942,4/21/2015,April,Other,,0.00355,,NWT
VB17NW3,REG,VB17NW34,N33.22149 W3.92586,33.22149,3.92586,942,4/21/2015,April,Tenebrionidae Diet,0,0,Pot plein d'eau,NWT
VB17NW3,REG,VB17NW34,N33.22149 W3.92586,33.22149,3.92586,942,4/21/2015,April,Tenebrionidae Other,0,0,,NWT
VB17NW4,REG,VB17NW41,N33.22150 W3.95235,33.2215,3.95235,955,4/21/2015,April,Messor,1,0.00116,,NWT
VB17NW4,REG,VB17NW41,N33.22150 W3.95235,33.2215,3.95235,955,4/21/2015,April,Other,,0.0064,,NWT
VB17NW4,REG,VB17NW41,N33.22150 W3.95235,33.2215,3.95235,955,4/21/2015,April,Tenebrionidae Diet,1,0.01564,Pot plein d'eau,NWT
VB17NW4,REG,VB17NW41,N33.22150 W3.95235,33.2215,3.95235,955,4/21/2015,April,Tenebrionidae Other,0,0,,NWT
VB17NW4,REG,VB17NW42,N33.22109 W3.95217,33.22109,3.95217,955,4/21/2015,April,Messor,0,0,,NWT
VB17NW4,REG,VB17NW42,N33.22109 W3.95217,33.22109,3.95217,955,4/21/2015,April,Other,,0.0216,,NWT
VB17NW4,REG,VB17NW42,N33.22109 W3.95217,33.22109,3.95217,955,4/21/2015,April,Tenebrionidae Diet,0,0,Pot plein d'eau,NWT
VB17NW4,REG,VB17NW42,N33.22109 W3.95217,33.22109,3.95217,955,4/21/2015,April,Tenebrionidae Other,0,0,,NWT
VB17NW4,REG,VB17NW43,N33.22093 W3.95263,33.22093,3.95263,954,4/21/2015,April,Messor,0,0,,NWT
VB17NW4,REG,VB17NW43,N33.22093 W3.95263,33.22093,3.95263,954,4/21/2015,April,Other,,0.0034,,NWT
VB17NW4,REG,VB17NW43,N33.22093 W3.95263,33.22093,3.95263,954,4/21/2015,April,Tenebrionidae Diet,0,0,Pot plein d'eau,NWT
VB17NW4,REG,VB17NW43,N33.22093 W3.95263,33.22093,3.95263,954,4/21/2015,April,Tenebrionidae Other,0,0,,NWT
VB17NW4,REG,VB17NW44,N33.22134 W3.95281,33.22134,3.95281,956,4/21/2015,April,Messor,0,0,,NWT
VB17NW4,REG,VB17NW44,N33.22134 W3.95281,33.22134,3.95281,956,4/21/2015,April,Other,,0.00787,,NWT
VB17NW4,REG,VB17NW44,N33.22134 W3.95281,33.22134,3.95281,956,4/21/2015,April,Tenebrionidae Diet,0,0,Pot plein d'eau,NWT
VB17NW4,REG,VB17NW44,N33.22134 W3.95281,33.22134,3.95281,956,4/21/2015,April,Tenebrionidae Other,0,0,,NWT
VB17NW5,REG,VB17NW51,N33.23296 W3.93897,33.23296,3.93897,951,4/21/2015,April,Messor,0,0,,NWT
VB17NW5,REG,VB17NW51,N33.23296 W3.93897,33.23296,3.93897,951,4/21/2015,April,Other,,0.00221,,NWT
VB17NW5,REG,VB17NW51,N33.23296 W3.93897,33.23296,3.93897,951,4/21/2015,April,Tenebrionidae Diet,0,0,Pot plein d'eau,NWT
VB17NW5,REG,VB17NW51,N33.23296 W3.93897,33.23296,3.93897,951,4/21/2015,April,Tenebrionidae Other,0,0,,NWT
VB17NW5,REG,VB17NW52,N33.23271 W3.93853,33.23271,3.93853,951,4/21/2015,April,Messor,0,0,,NWT
VB17NW5,REG,VB17NW52,N33.23271 W3.93853,33.23271,3.93853,951,4/21/2015,April,Other,,0.00119,,NWT
VB17NW5,REG,VB17NW52,N33.23271 W3.93853,33.23271,3.93853,951,4/21/2015,April,Tenebrionidae Diet,0,0,Pot plein d'eau,NWT
VB17NW5,REG,VB17NW52,N33.23271 W3.93853,33.23271,3.93853,951,4/21/2015,April,Tenebrionidae Other,0,0,,NWT
VB17NW5,REG,VB17NW53,N33.23234 W3.93882,33.23234,3.93882,952,4/21/2015,April,Messor,0,0,,NWT
VB17NW5,REG,VB17NW53,N33.23234 W3.93882,33.23234,3.93882,952,4/21/2015,April,Other,,0.00564,,NWT
VB17NW5,REG,VB17NW53,N33.23234 W3.93882,33.23234,3.93882,952,4/21/2015,April,Tenebrionidae Diet,0,0,Pot plein d'eau,NWT
VB17NW5,REG,VB17NW53,N33.23234 W3.93882,33.23234,3.93882,952,4/21/2015,April,Tenebrionidae Other,0,0,,NWT
VB17NW5,REG,VB17NW54,N33.23261 W3.93907,33.23261,3.93907,952,4/21/2015,April,Messor,0,0,,NWT
VB17NW5,REG,VB17NW54,N33.23261 W3.93907,33.23261,3.93907,952,4/21/2015,April,Other,,0.00025,,NWT
VB17NW5,REG,VB17NW54,N33.23261 W3.93907,33.23261,3.93907,952,4/21/2015,April,Tenebrionidae Diet,0,0,Pot plein d'eau,NWT
VB17NW5,REG,VB17NW54,N33.23261 W3.93907,33.23261,3.93907,952,4/21/2015,April,Tenebrionidae Other,0,0,,NWT
VB14SW1,REG,VB14SW11,N32.92837 W3.94942,32.92837,3.94942,1034,4/23/2015,April,Messor,0,0,,NWT
VB14SW1,REG,VB14SW11,N32.92837 W3.94942,32.92837,3.94942,1034,4/23/2015,April,Other,,0.04394,,NWT
VB14SW1,REG,VB14SW11,N32.92837 W3.94942,32.92837,3.94942,1034,4/23/2015,April,Tenebrionidae Diet,0,0,Pot plein d'eau,NWT
VB14SW1,REG,VB14SW11,N32.92837 W3.94942,32.92837,3.94942,1034,4/23/2015,April,Tenebrionidae Other,0,0,,NWT
VB14SW1,REG,VB14SW12,N32.92810 W3.94900,32.9281,3.949,1034,4/23/2015,April,Messor,0,0,,NWT
VB14SW1,REG,VB14SW12,N32.92810 W3.94900,32.9281,3.949,1034,4/23/2015,April,Other,,0.04607,,NWT
VB14SW1,REG,VB14SW12,N32.92810 W3.94900,32.9281,3.949,1034,4/23/2015,April,Tenebrionidae Diet,0,0,Pot plein d'eau,NWT
VB14SW1,REG,VB14SW12,N32.92810 W3.94900,32.9281,3.949,1034,4/23/2015,April,Tenebrionidae Other,0,0,,NWT
VB14SW1,REG,VB14SW13,N32.92775 W3.94929,32.92775,3.94929,1035,4/23/2015,April,Messor,0,0,,NWT
VB14SW1,REG,VB14SW13,N32.92775 W3.94929,32.92775,3.94929,1035,4/23/2015,April,Other,,0.05921,,NWT
VB14SW1,REG,VB14SW13,N32.92775 W3.94929,32.92775,3.94929,1035,4/23/2015,April,Tenebrionidae Diet,0,0,Pot plein d'eau,NWT
VB14SW1,REG,VB14SW13,N32.92775 W3.94929,32.92775,3.94929,1035,4/23/2015,April,Tenebrionidae Other,0,0,,NWT
VB14SW1,REG,VB14SW14,N32.92798 W3.94972,32.92798,3.94972,1037,4/23/2015,April,Messor,0,0,,NWT
VB14SW1,REG,VB14SW14,N32.92798 W3.94972,32.92798,3.94972,1037,4/23/2015,April,Other,,0.0481,,NWT
VB14SW1,REG,VB14SW14,N32.92798 W3.94972,32.92798,3.94972,1037,4/23/2015,April,Tenebrionidae Diet,0,0,Pot plein d'eau,NWT
VB14SW1,REG,VB14SW14,N32.92798 W3.94972,32.92798,3.94972,1037,4/23/2015,April,Tenebrionidae Other,0,0,,NWT
VB14SW2,REG,VB14SW21,N32.92820 W3.92241,32.9282,3.92241,1040,4/23/2015,April,Messor,0,0,,NWT
VB14SW2,REG,VB14SW21,N32.92820 W3.92241,32.9282,3.92241,1040,4/23/2015,April,Other,,0.02206,,NWT
VB14SW2,REG,VB14SW21,N32.92820 W3.92241,32.9282,3.92241,1040,4/23/2015,April,Tenebrionidae Diet,0,0,Pot plein d'eau,NWT
VB14SW2,REG,VB14SW21,N32.92820 W3.92241,32.9282,3.92241,1040,4/23/2015,April,Tenebrionidae Other,0,0,,NWT
VB14SW2,REG,VB14SW22,N32.92849 W3.92217,32.92849,3.92217,1038,4/23/2015,April,Messor,0,0,,NWT
VB14SW2,REG,VB14SW22,N32.92849 W3.92217,32.92849,3.92217,1038,4/23/2015,April,Other,,0.01461,,NWT
VB14SW2,REG,VB14SW22,N32.92849 W3.92217,32.92849,3.92217,1038,4/23/2015,April,Tenebrionidae Diet,0,0,Pot plein d'eau,NWT
VB14SW2,REG,VB14SW22,N32.92849 W3.92217,32.92849,3.92217,1038,4/23/2015,April,Tenebrionidae Other,0,0,,NWT
VB14SW2,REG,VB14SW23,N32.92812 W3.92213,32.92812,3.92213,1036,4/23/2015,April,Messor,0,0,,NWT
VB14SW2,REG,VB14SW23,N32.92812 W3.92213,32.92812,3.92213,1036,4/23/2015,April,Other,,0.04681,,NWT
VB14SW2,REG,VB14SW23,N32.92812 W3.92213,32.92812,3.92213,1036,4/23/2015,April,Tenebrionidae Diet,0,0,Pot plein d'eau,NWT
VB14SW2,REG,VB14SW23,N32.92812 W3.92213,32.92812,3.92213,1036,4/23/2015,April,Tenebrionidae Other,0,0,,NWT
VB14SW2,REG,VB14SW24,N32.92821 W3.92267,32.92821,3.92267,1038,4/23/2015,April,Messor,0,0,,NWT
VB14SW2,REG,VB14SW24,N32.92821 W3.92267,32.92821,3.92267,1038,4/23/2015,April,Other,,0.0285,,NWT
VB14SW2,REG,VB14SW24,N32.92821 W3.92267,32.92821,3.92267,1038,4/23/2015,April,Tenebrionidae Diet,0,0,Pot plein d'eau,NWT
VB14SW2,REG,VB14SW24,N32.92821 W3.92267,32.92821,3.92267,1038,4/23/2015,April,Tenebrionidae Other,0,0,,NWT
VB14SW3,REG,VB14SW31,N32.90604 W3.92205,32.90604,3.92205,1062,4/23/2015,April,Messor,0,0,,NWT
VB14SW3,REG,VB14SW31,N32.90604 W3.92205,32.90604,3.92205,1062,4/23/2015,April,Other,,0.04164,,NWT
VB14SW3,REG,VB14SW31,N32.90604 W3.92205,32.90604,3.92205,1062,4/23/2015,April,Tenebrionidae Diet,0,0,Pot plein d'eau,NWT
VB14SW3,REG,VB14SW31,N32.90604 W3.92205,32.90604,3.92205,1062,4/23/2015,April,Tenebrionidae Other,0,0,,NWT
VB14SW3,REG,VB14SW32,N32.90614 W3.92153,32.90614,3.92153,1062,4/23/2015,April,Messor,0,0,,NWT
VB14SW3,REG,VB14SW32,N32.90614 W3.92153,32.90614,3.92153,1062,4/23/2015,April,Other,,0.043,,NWT
VB14SW3,REG,VB14SW32,N32.90614 W3.92153,32.90614,3.92153,1062,4/23/2015,April,Tenebrionidae Diet,0,0,Pot plein d'eau,NWT
VB14SW3,REG,VB14SW32,N32.90614 W3.92153,32.90614,3.92153,1062,4/23/2015,April,Tenebrionidae Other,0,0,,NWT
VB14SW3,REG,VB14SW33,N32.90567 W3.92146,32.90567,3.92146,1062,4/23/2015,April,Messor,0,0,,NWT
VB14SW3,REG,VB14SW33,N32.90567 W3.92146,32.90567,3.92146,1062,4/23/2015,April,Other,,0,,NWT
VB14SW3,REG,VB14SW33,N32.90567 W3.92146,32.90567,3.92146,1062,4/23/2015,April,Tenebrionidae Diet,0,0,Pot plein d'eau,NWT
VB14SW3,REG,VB14SW33,N32.90567 W3.92146,32.90567,3.92146,1062,4/23/2015,April,Tenebrionidae Other,0,0,,NWT
VB14SW3,REG,VB14SW34,N32.90561 W3.92193,32.90561,3.92193,1063,4/23/2015,April,Messor,0,0,,NWT
VB14SW3,REG,VB14SW34,N32.90561 W3.92193,32.90561,3.92193,1063,4/23/2015,April,Other,,0.09425,,NWT
VB14SW3,REG,VB14SW34,N32.90561 W3.92193,32.90561,3.92193,1063,4/23/2015,April,Tenebrionidae Diet,0,0,Pot plein d'eau,NWT
VB14SW3,REG,VB14SW34,N32.90561 W3.92193,32.90561,3.92193,1063,4/23/2015,April,Tenebrionidae Other,0,0,,NWT
VB14SW4,EPA,VB14SW41,N32.90579 W3.94901,32.90579,3.94901,1048,4/23/2015,April,Messor,0,0,,NWT
VB14SW4,EPA,VB14SW41,N32.90579 W3.94901,32.90579,3.94901,1048,4/23/2015,April,Other,,0.08753,,NWT
VB14SW4,EPA,VB14SW41,N32.90579 W3.94901,32.90579,3.94901,1048,4/23/2015,April,Tenebrionidae Diet,0,0,Pot plein d'eau,NWT
VB14SW4,EPA,VB14SW41,N32.90579 W3.94901,32.90579,3.94901,1048,4/23/2015,April,Tenebrionidae Other,0,0,,NWT
VB14SW4,EPA,VB14SW42,N32.90572 W3.94846,32.90572,3.94846,1049,4/23/2015,April,Messor,0,0,,NWT
VB14SW4,EPA,VB14SW42,N32.90572 W3.94846,32.90572,3.94846,1049,4/23/2015,April,Other,,0.05706,,NWT
VB14SW4,EPA,VB14SW42,N32.90572 W3.94846,32.90572,3.94846,1049,4/23/2015,April,Tenebrionidae Diet,0,0,Pot plein d'eau,NWT
VB14SW4,EPA,VB14SW42,N32.90572 W3.94846,32.90572,3.94846,1049,4/23/2015,April,Tenebrionidae Other,0,0,,NWT
VB14SW4,EPA,VB14SW43,N32.90532 W3.94851,32.90532,3.94851,1049,4/23/2015,April,Messor,1,0.00059,,NWT
VB14SW4,EPA,VB14SW43,N32.90532 W3.94851,32.90532,3.94851,1049,4/23/2015,April,Other,,0.08382,,NWT
VB14SW4,EPA,VB14SW43,N32.90532 W3.94851,32.90532,3.94851,1049,4/23/2015,April,Tenebrionidae Diet,0,0,Pot plein d'eau,NWT
VB14SW4,EPA,VB14SW43,N32.90532 W3.94851,32.90532,3.94851,1049,4/23/2015,April,Tenebrionidae Other,0,0,,NWT
VB14SW4,EPA,VB14SW44,N32.90539 W3.94907,32.90539,3.94907,1049,4/23/2015,April,Messor,0,0,,NWT
VB14SW4,EPA,VB14SW44,N32.90539 W3.94907,32.90539,3.94907,1049,4/23/2015,April,Other,,0.09117,,NWT
VB14SW4,EPA,VB14SW44,N32.90539 W3.94907,32.90539,3.94907,1049,4/23/2015,April,Tenebrionidae Diet,0,0,Pot plein d'eau,NWT
VB14SW4,EPA,VB14SW44,N32.90539 W3.94907,32.90539,3.94907,1049,4/23/2015,April,Tenebrionidae Other,0,0,,NWT
VB14SW5,REG,VB14SW51,N32.91728 W3.93573,32.91728,3.93573,1040,4/23/2015,April,Messor,0,0,,NWT
VB14SW5,REG,VB14SW51,N32.91728 W3.93573,32.91728,3.93573,1040,4/23/2015,April,Other,,0.03819,,NWT
VB14SW5,REG,VB14SW51,N32.91728 W3.93573,32.91728,3.93573,1040,4/23/2015,April,Tenebrionidae Diet,0,0,Pot plein d'eau,NWT
VB14SW5,REG,VB14SW51,N32.91728 W3.93573,32.91728,3.93573,1040,4/23/2015,April,Tenebrionidae Other,0,0,,NWT
VB14SW5,REG,VB14SW52,N32.91685 W3.93563,32.91685,3.93563,1049,4/23/2015,April,Messor,0,0,,NWT
VB14SW5,REG,VB14SW52,N32.91685 W3.93563,32.91685,3.93563,1049,4/23/2015,April,Other,,0.04437,,NWT
VB14SW5,REG,VB14SW52,N32.91685 W3.93563,32.91685,3.93563,1049,4/23/2015,April,Tenebrionidae Diet,0,0,Pot plein d'eau,NWT
VB14SW5,REG,VB14SW52,N32.91685 W3.93563,32.91685,3.93563,1049,4/23/2015,April,Tenebrionidae Other,0,0,,NWT
VB14SW5,REG,VB14SW53,N32.91700 W3.93513,32.917,3.93513,1048,4/23/2015,April,Messor,0,0,,NWT
VB14SW5,REG,VB14SW53,N32.91700 W3.93513,32.917,3.93513,1048,4/23/2015,April,Other,,0.06527,,NWT
VB14SW5,REG,VB14SW53,N32.91700 W3.93513,32.917,3.93513,1048,4/23/2015,April,Tenebrionidae Diet,0,0,Pot plein d'eau,NWT
VB14SW5,REG,VB14SW53,N32.91700 W3.93513,32.917,3.93513,1048,4/23/2015,April,Tenebrionidae Other,0,0,,NWT
VB14SW5,REG,VB14SW54,N32.91739 W3.93528,32.91739,3.93528,1048,4/23/2015,April,Messor,0,0,,NWT
VB14SW5,REG,VB14SW54,N32.91739 W3.93528,32.91739,3.93528,1048,4/23/2015,April,Other,,0.02079,,NWT
VB14SW5,REG,VB14SW54,N32.91739 W3.93528,32.91739,3.93528,1048,4/23/2015,April,Tenebrionidae Diet,0,0,Pot plein d'eau,NWT
VB14SW5,REG,VB14SW54,N32.91739 W3.93528,32.91739,3.93528,1048,4/23/2015,April,Tenebrionidae Other,0,0,,NWT
VB02SE1,REG,VB02SE11,N32.74766 W4.00092,32.74766,4.00092,1243,4/24/2015,April,Messor,0,0,,NWT
VB02SE1,REG,VB02SE11,N32.74766 W4.00092,32.74766,4.00092,1243,4/24/2015,April,Other,,0.16519,,NWT
VB02SE1,REG,VB02SE11,N32.74766 W4.00092,32.74766,4.00092,1243,4/24/2015,April,Tenebrionidae Diet,0,0,Pot plein d'eau,NWT
VB02SE1,REG,VB02SE11,N32.74766 W4.00092,32.74766,4.00092,1243,4/24/2015,April,Tenebrionidae Other,0,0,,NWT
VB02SE1,REG,VB02SE12,N32.74736 W4.00046,32.74736,4.00046,1239,4/24/2015,April,Messor,0,0,,NWT
VB02SE1,REG,VB02SE12,N32.74736 W4.00046,32.74736,4.00046,1239,4/24/2015,April,Other,,0.05334,,NWT
VB02SE1,REG,VB02SE12,N32.74736 W4.00046,32.74736,4.00046,1239,4/24/2015,April,Tenebrionidae Diet,0,0,Pot plein d'eau,NWT
VB02SE1,REG,VB02SE12,N32.74736 W4.00046,32.74736,4.00046,1239,4/24/2015,April,Tenebrionidae Other,0,0,,NWT
VB02SE1,REG,VB02SE13,N32.74702 W4.00076,32.74702,4.00076,1242,4/24/2015,April,Messor,0,0,,NWT
VB02SE1,REG,VB02SE13,N32.74702 W4.00076,32.74702,4.00076,1242,4/24/2015,April,Other,,0.28058,,NWT
VB02SE1,REG,VB02SE13,N32.74702 W4.00076,32.74702,4.00076,1242,4/24/2015,April,Tenebrionidae Diet,0,0,Pot plein d'eau,NWT
VB02SE1,REG,VB02SE13,N32.74702 W4.00076,32.74702,4.00076,1242,4/24/2015,April,Tenebrionidae Other,0,0,,NWT
VB02SE1,REG,VB02SE14,N32.74727 W4.00115,32.74727,4.00115,1244,4/24/2015,April,Messor,0,0,,NWT
VB02SE1,REG,VB02SE14,N32.74727 W4.00115,32.74727,4.00115,1244,4/24/2015,April,Other,,0.04595,,NWT
VB02SE1,REG,VB02SE14,N32.74727 W4.00115,32.74727,4.00115,1244,4/24/2015,April,Tenebrionidae Diet,0,0,Pot plein d'eau,NWT
VB02SE1,REG,VB02SE14,N32.74727 W4.00115,32.74727,4.00115,1244,4/24/2015,April,Tenebrionidae Other,0,0,,NWT
VB02SE2,REG,VB02SE21,N32.74785 W3.97404,32.74785,3.97404,1248,4/24/2015,April,Messor,0,0,,NWT
VB02SE2,REG,VB02SE21,N32.74785 W3.97404,32.74785,3.97404,1248,4/24/2015,April,Other,,1.0466,,NWT
VB02SE2,REG,VB02SE21,N32.74785 W3.97404,32.74785,3.97404,1248,4/24/2015,April,Tenebrionidae Diet,2,0.2036,Pot plein d'eau,NWT
VB02SE2,REG,VB02SE21,N32.74785 W3.97404,32.74785,3.97404,1248,4/24/2015,April,Tenebrionidae Other,0,0,,NWT
VB02SE2,REG,VB02SE22,N32.74783 W3.97352,32.74783,3.97352,1249,4/24/2015,April,Messor,0,0,,NWT
VB02SE2,REG,VB02SE22,N32.74783 W3.97352,32.74783,3.97352,1249,4/24/2015,April,Other,,0.07484,,NWT
VB02SE2,REG,VB02SE22,N32.74783 W3.97352,32.74783,3.97352,1249,4/24/2015,April,Tenebrionidae Diet,1,0.218,Pot plein d'eau,NWT
VB02SE2,REG,VB02SE22,N32.74783 W3.97352,32.74783,3.97352,1249,4/24/2015,April,Tenebrionidae Other,0,0,,NWT
VB02SE2,REG,VB02SE23,N32.74735 W3.97371,32.74735,3.97371,1251,4/24/2015,April,Messor,0,0,,NWT
VB02SE2,REG,VB02SE23,N32.74735 W3.97371,32.74735,3.97371,1251,4/24/2015,April,Other,,0.0158,,NWT
VB02SE2,REG,VB02SE23,N32.74735 W3.97371,32.74735,3.97371,1251,4/24/2015,April,Tenebrionidae Diet,0,0,Pot plein d'eau,NWT
VB02SE2,REG,VB02SE23,N32.74735 W3.97371,32.74735,3.97371,1251,4/24/2015,April,Tenebrionidae Other,0,0,,NWT
VB02SE2,REG,VB02SE24,N32.74743 W3.97413,32.74743,3.97413,1251,4/24/2015,April,Messor,0,0,,NWT
VB02SE2,REG,VB02SE24,N32.74743 W3.97413,32.74743,3.97413,1251,4/24/2015,April,Other,,0.16126,,NWT
VB02SE2,REG,VB02SE24,N32.74743 W3.97413,32.74743,3.97413,1251,4/24/2015,April,Tenebrionidae Diet,0,0,Pot plein d'eau,NWT
VB02SE2,REG,VB02SE24,N32.74743 W3.97413,32.74743,3.97413,1251,4/24/2015,April,Tenebrionidae Other,0,0,,NWT
VB02SE3,REG,VB02SE31,N32.72507 W3.97363,32.72507,3.97363,1310,4/24/2015,April,Messor,0,0,,NWT
VB02SE3,REG,VB02SE31,N32.72507 W3.97363,32.72507,3.97363,1310,4/24/2015,April,Other,,0.083,,NWT
VB02SE3,REG,VB02SE31,N32.72507 W3.97363,32.72507,3.97363,1310,4/24/2015,April,Tenebrionidae Diet,0,0,Pot plein d'eau,NWT
VB02SE3,REG,VB02SE31,N32.72507 W3.97363,32.72507,3.97363,1310,4/24/2015,April,Tenebrionidae Other,0,0,,NWT
VB02SE3,REG,VB02SE32,N32.72493 W3.97316,32.72493,3.97316,1310,4/24/2015,April,Messor,0,0,,NWT
VB02SE3,REG,VB02SE32,N32.72493 W3.97316,32.72493,3.97316,1310,4/24/2015,April,Other,,0.27238,,NWT
VB02SE3,REG,VB02SE32,N32.72493 W3.97316,32.72493,3.97316,1310,4/24/2015,April,Tenebrionidae Diet,1,0.00973,Pot plein d'eau,NWT
VB02SE3,REG,VB02SE32,N32.72493 W3.97316,32.72493,3.97316,1310,4/24/2015,April,Tenebrionidae Other,0,0,,NWT
VB02SE3,REG,VB02SE33,N32.72454 W3.97339,32.72454,3.97339,1310,4/24/2015,April,Messor,0,0,,NWT
VB02SE3,REG,VB02SE33,N32.72454 W3.97339,32.72454,3.97339,1310,4/24/2015,April,Other,,0.24005,,NWT
VB02SE3,REG,VB02SE33,N32.72454 W3.97339,32.72454,3.97339,1310,4/24/2015,April,Tenebrionidae Diet,1,0.09955,Pot plein d'eau,NWT
VB02SE3,REG,VB02SE33,N32.72454 W3.97339,32.72454,3.97339,1310,4/24/2015,April,Tenebrionidae Other,0,0,,NWT
VB02SE3,REG,VB02SE34,N32.72474 W3.97383,32.72474,3.97383,1311,4/24/2015,April,Messor,0,0,,NWT
VB02SE3,REG,VB02SE34,N32.72474 W3.97383,32.72474,3.97383,1311,4/24/2015,April,Other,,0.2142,,NWT
VB02SE3,REG,VB02SE34,N32.72474 W3.97383,32.72474,3.97383,1311,4/24/2015,April,Tenebrionidae Diet,0,0,Pot plein d'eau,NWT
VB02SE3,REG,VB02SE34,N32.72474 W3.97383,32.72474,3.97383,1311,4/24/2015,April,Tenebrionidae Other,0,0,,NWT
VB02SE4,ALF,VB02SE41,N32.72484 W4.00028,32.72484,4.00028,1308,4/24/2015,April,Messor,0,0,,NWT
VB02SE4,ALF,VB02SE41,N32.72484 W4.00028,32.72484,4.00028,1308,4/24/2015,April,Other,,0.03035,,NWT
VB02SE4,ALF,VB02SE41,N32.72484 W4.00028,32.72484,4.00028,1308,4/24/2015,April,Tenebrionidae Diet,0,0,Pot plein d'eau,NWT
VB02SE4,ALF,VB02SE41,N32.72484 W4.00028,32.72484,4.00028,1308,4/24/2015,April,Tenebrionidae Other,0,0,,NWT
VB02SE4,ALF,VB02SE42,N32.72478 W3.99975,32.72478,3.99975,1309,4/24/2015,April,Messor,0,0,,NWT
VB02SE4,ALF,VB02SE42,N32.72478 W3.99975,32.72478,3.99975,1309,4/24/2015,April,Other,,0.22501,,NWT
VB02SE4,ALF,VB02SE42,N32.72478 W3.99975,32.72478,3.99975,1309,4/24/2015,April,Tenebrionidae Diet,0,0,Pot plein d'eau,NWT
VB02SE4,ALF,VB02SE42,N32.72478 W3.99975,32.72478,3.99975,1309,4/24/2015,April,Tenebrionidae Other,0,0,,NWT
VB02SE4,ALF,VB02SE43,N32.72429 W3.99980,32.72429,3.9998,1307,4/24/2015,April,Messor,0,0,,NWT
VB02SE4,ALF,VB02SE43,N32.72429 W3.99980,32.72429,3.9998,1307,4/24/2015,April,Other,,0.04126,,NWT
VB02SE4,ALF,VB02SE43,N32.72429 W3.99980,32.72429,3.9998,1307,4/24/2015,April,Tenebrionidae Diet,0,0,Pot plein d'eau,NWT
VB02SE4,ALF,VB02SE43,N32.72429 W3.99980,32.72429,3.9998,1307,4/24/2015,April,Tenebrionidae Other,0,0,,NWT
VB02SE4,ALF,VB02SE44,N32.72434 W4.00026,32.72434,4.00026,1305,4/24/2015,April,Messor,0,0,,NWT
VB02SE4,ALF,VB02SE44,N32.72434 W4.00026,32.72434,4.00026,1305,4/24/2015,April,Other,,0.03259,,NWT
VB02SE4,ALF,VB02SE44,N32.72434 W4.00026,32.72434,4.00026,1305,4/24/2015,April,Tenebrionidae Diet,0,0,Pot plein d'eau,NWT
VB02SE4,ALF,VB02SE44,N32.72434 W4.00026,32.72434,4.00026,1305,4/24/2015,April,Tenebrionidae Other,0,0,,NWT
VB02SE5,EPA,VB02SE51,N32.73640 W3.98738,32.7364,3.98738,1271,4/24/2015,April,Messor,0,0,,NWT
VB02SE5,EPA,VB02SE51,N32.73640 W3.98738,32.7364,3.98738,1271,4/24/2015,April,Other,,0.01265,,NWT
VB02SE5,EPA,VB02SE51,N32.73640 W3.98738,32.7364,3.98738,1271,4/24/2015,April,Tenebrionidae Diet,0,0,Pot plein d'eau,NWT
VB02SE5,EPA,VB02SE51,N32.73640 W3.98738,32.7364,3.98738,1271,4/24/2015,April,Tenebrionidae Other,0,0,,NWT
VB02SE5,EPA,VB02SE52,N32.73637 W3.98682,32.73637,3.98682,1271,4/24/2015,April,Messor,0,0,,NWT
VB02SE5,EPA,VB02SE52,N32.73637 W3.98682,32.73637,3.98682,1271,4/24/2015,April,Other,,0.0135,,NWT
VB02SE5,EPA,VB02SE52,N32.73637 W3.98682,32.73637,3.98682,1271,4/24/2015,April,Tenebrionidae Diet,0,0,Pot plein d'eau,NWT
VB02SE5,EPA,VB02SE52,N32.73637 W3.98682,32.73637,3.98682,1271,4/24/2015,April,Tenebrionidae Other,0,0,,NWT
VB02SE5,EPA,VB02SE53,N32.73590 W3.98689,32.7359,3.98689,1271,4/24/2015,April,Messor,0,0,,NWT
VB02SE5,EPA,VB02SE53,N32.73590 W3.98689,32.7359,3.98689,1271,4/24/2015,April,Other,,0.02188,,NWT
VB02SE5,EPA,VB02SE53,N32.73590 W3.98689,32.7359,3.98689,1271,4/24/2015,April,Tenebrionidae Diet,0,0,Pot plein d'eau,NWT
VB02SE5,EPA,VB02SE53,N32.73590 W3.98689,32.7359,3.98689,1271,4/24/2015,April,Tenebrionidae Other,0,0,,NWT
VB02SE5,EPA,VB02SE54,N32.73597 W3.98743,32.73597,3.98743,1269,4/24/2015,April,Messor,0,0,,NWT
VB02SE5,EPA,VB02SE54,N32.73597 W3.98743,32.73597,3.98743,1269,4/24/2015,April,Other,,0.01463,,NWT
VB02SE5,EPA,VB02SE54,N32.73597 W3.98743,32.73597,3.98743,1269,4/24/2015,April,Tenebrionidae Diet,0,0,Pot plein d'eau,NWT
VB02SE5,EPA,VB02SE54,N32.73597 W3.98743,32.73597,3.98743,1269,4/24/2015,April,Tenebrionidae Other,0,0,,NWT
UB24SW1,REG,UB24SW11,N32.91747 W4.91167,32.91747,4.91167,1509,4/25/2015,April,Messor,0,0,,WT
UB24SW1,REG,UB24SW11,N32.91747 W4.91167,32.91747,4.91167,1509,4/25/2015,April,Other,,1.74764,,WT
UB24SW1,REG,UB24SW11,N32.91747 W4.91167,32.91747,4.91167,1509,4/25/2015,April,Tenebrionidae Diet,8,0.70117,,WT
UB24SW1,REG,UB24SW11,N32.91747 W4.91167,32.91747,4.91167,1509,4/25/2015,April,Tenebrionidae Other,0,0,,WT
UB24SW1,REG,UB24SW12,N32.91754 W4.91112,32.91754,4.91112,1524,4/25/2015,April,Messor,0,0,,WT
UB24SW1,REG,UB24SW12,N32.91754 W4.91112,32.91754,4.91112,1524,4/25/2015,April,Other,,0.48496,,WT
UB24SW1,REG,UB24SW12,N32.91754 W4.91112,32.91754,4.91112,1524,4/25/2015,April,Tenebrionidae Diet,3,1.21542,,WT
UB24SW1,REG,UB24SW12,N32.91754 W4.91112,32.91754,4.91112,1524,4/25/2015,April,Tenebrionidae Other,0,0,,WT
UB24SW1,REG,UB24SW13,N32.91713 W4.91102,32.91713,4.91102,1525,4/25/2015,April,Messor,0,0,,WT
UB24SW1,REG,UB24SW13,N32.91713 W4.91102,32.91713,4.91102,1525,4/25/2015,April,Other,,1.29161,,WT
UB24SW1,REG,UB24SW13,N32.91713 W4.91102,32.91713,4.91102,1525,4/25/2015,April,Tenebrionidae Diet,3,1.71559,,WT
UB24SW1,REG,UB24SW13,N32.91713 W4.91102,32.91713,4.91102,1525,4/25/2015,April,Tenebrionidae Other,0,0,,WT
UB24SW1,REG,UB24SW14,N32.91705 W4.91159,32.91705,4.91159,1525,4/25/2015,April,Messor,1,0.00077,,WT
UB24SW1,REG,UB24SW14,N32.91705 W4.91159,32.91705,4.91159,1525,4/25/2015,April,Other,,1.21525,,WT
UB24SW1,REG,UB24SW14,N32.91705 W4.91159,32.91705,4.91159,1525,4/25/2015,April,Tenebrionidae Diet,4,0.30214,,WT
UB24SW1,REG,UB24SW14,N32.91705 W4.91159,32.91705,4.91159,1525,4/25/2015,April,Tenebrionidae Other,0,0,,WT
UB24SW2,REG,UB24SW21,N32.91781 W4.88501,32.91781,4.88501,1517,4/25/2015,April,Messor,0,0,,WT
UB24SW2,REG,UB24SW21,N32.91781 W4.88501,32.91781,4.88501,1517,4/25/2015,April,Other,,0.54576,,WT
UB24SW2,REG,UB24SW21,N32.91781 W4.88501,32.91781,4.88501,1517,4/25/2015,April,Tenebrionidae Diet,0,0,,WT
UB24SW2,REG,UB24SW21,N32.91781 W4.88501,32.91781,4.88501,1517,4/25/2015,April,Tenebrionidae Other,0,0,,WT
UB24SW2,REG,UB24SW22,N32.91751 W4.88460,32.91751,4.8846,1520,4/25/2015,April,Messor,0,0,,WT
UB24SW2,REG,UB24SW22,N32.91751 W4.88460,32.91751,4.8846,1520,4/25/2015,April,Other,,0.25052,,WT
UB24SW2,REG,UB24SW22,N32.91751 W4.88460,32.91751,4.8846,1520,4/25/2015,April,Tenebrionidae Diet,0,0,,WT
UB24SW2,REG,UB24SW22,N32.91751 W4.88460,32.91751,4.8846,1520,4/25/2015,April,Tenebrionidae Other,0,0,,WT
UB24SW2,REG,UB24SW23,N32.91723 W4.88494,32.91723,4.88494,1515,4/25/2015,April,Messor,10,0.00351,,WT
UB24SW2,REG,UB24SW23,N32.91723 W4.88494,32.91723,4.88494,1515,4/25/2015,April,Other,,0.11679,,WT
UB24SW2,REG,UB24SW23,N32.91723 W4.88494,32.91723,4.88494,1515,4/25/2015,April,Tenebrionidae Diet,0,0,,WT
UB24SW2,REG,UB24SW23,N32.91723 W4.88494,32.91723,4.88494,1515,4/25/2015,April,Tenebrionidae Other,0,0,,WT
UB24SW2,REG,UB24SW24,N32.91750 W4.88533,32.9175,4.88533,1511,4/25/2015,April,Messor,0,0,,WT
UB24SW2,REG,UB24SW24,N32.91750 W4.88533,32.9175,4.88533,1511,4/25/2015,April,Other,,0.57458,,WT
UB24SW2,REG,UB24SW24,N32.91750 W4.88533,32.9175,4.88533,1511,4/25/2015,April,Tenebrionidae Diet,0,0,,WT
UB24SW2,REG,UB24SW24,N32.91750 W4.88533,32.9175,4.88533,1511,4/25/2015,April,Tenebrionidae Other,0,0,,WT
UB24SW3,EPA,UB24SW31,N32.89505 W4.88427,32.89505,4.88427,1446,4/25/2015,April,Messor,0,0,,WT
UB24SW3,EPA,UB24SW31,N32.89505 W4.88427,32.89505,4.88427,1446,4/25/2015,April,Other,,3.4472,,WT
UB24SW3,EPA,UB24SW31,N32.89505 W4.88427,32.89505,4.88427,1446,4/25/2015,April,Tenebrionidae Diet,0,0,,WT
UB24SW3,EPA,UB24SW31,N32.89505 W4.88427,32.89505,4.88427,1446,4/25/2015,April,Tenebrionidae Other,0,0,,WT
UB24SW3,EPA,UB24SW32,N32.89506 W4.88386,32.89506,4.88386,1450,4/25/2015,April,Messor,0,0,,WT
UB24SW3,EPA,UB24SW32,N32.89506 W4.88386,32.89506,4.88386,1450,4/25/2015,April,Other,,5.01021,,WT
UB24SW3,EPA,UB24SW32,N32.89506 W4.88386,32.89506,4.88386,1450,4/25/2015,April,Tenebrionidae Diet,2,0.07541,,WT
UB24SW3,EPA,UB24SW32,N32.89506 W4.88386,32.89506,4.88386,1450,4/25/2015,April,Tenebrionidae Other,0,0,,WT
UB24SW3,EPA,UB24SW33,N32.89465 W4.88406,32.89465,4.88406,1438,4/25/2015,April,Messor,0,0,,WT
UB24SW3,EPA,UB24SW33,N32.89465 W4.88406,32.89465,4.88406,1438,4/25/2015,April,Other,,4.82102,,WT
UB24SW3,EPA,UB24SW33,N32.89465 W4.88406,32.89465,4.88406,1438,4/25/2015,April,Tenebrionidae Diet,1,0.34253,,WT
UB24SW3,EPA,UB24SW33,N32.89465 W4.88406,32.89465,4.88406,1438,4/25/2015,April,Tenebrionidae Other,0,0,,WT
UB24SW3,EPA,UB24SW34,N32.89477 W4.88454,32.89477,4.88454,1444,4/25/2015,April,Messor,0,0,,WT
UB24SW3,EPA,UB24SW34,N32.89477 W4.88454,32.89477,4.88454,1444,4/25/2015,April,Other,,3.06886,,WT
UB24SW3,EPA,UB24SW34,N32.89477 W4.88454,32.89477,4.88454,1444,4/25/2015,April,Tenebrionidae Diet,1,0.03836,,WT
UB24SW3,EPA,UB24SW34,N32.89477 W4.88454,32.89477,4.88454,1444,4/25/2015,April,Tenebrionidae Other,0,0,,WT
UB24SW4,EPA,UB24SW41,N32.89479 W4.91111,32.89479,4.91111,1463,4/25/2015,April,Messor,0,0,,WT
UB24SW4,EPA,UB24SW41,N32.89479 W4.91111,32.89479,4.91111,1463,4/25/2015,April,Other,,0.28763,,WT
UB24SW4,EPA,UB24SW41,N32.89479 W4.91111,32.89479,4.91111,1463,4/25/2015,April,Tenebrionidae Diet,0,0,,WT
UB24SW4,EPA,UB24SW41,N32.89479 W4.91111,32.89479,4.91111,1463,4/25/2015,April,Tenebrionidae Other,0,0,,WT
UB24SW4,EPA,UB24SW42,N32.89471 W4.91060,32.89471,4.9106,1458,4/25/2015,April,Messor,0,0,,WT
UB24SW4,EPA,UB24SW42,N32.89471 W4.91060,32.89471,4.9106,1458,4/25/2015,April,Other,,0.63167,,WT
UB24SW4,EPA,UB24SW42,N32.89471 W4.91060,32.89471,4.9106,1458,4/25/2015,April,Tenebrionidae Diet,4,0.25781,,WT
UB24SW4,EPA,UB24SW42,N32.89471 W4.91060,32.89471,4.9106,1458,4/25/2015,April,Tenebrionidae Other,0,0,,WT
UB24SW4,EPA,UB24SW43,N32.89430 W4.91073,32.8943,4.91073,1458,4/25/2015,April,Messor,0,0,,WT
UB24SW4,EPA,UB24SW43,N32.89430 W4.91073,32.8943,4.91073,1458,4/25/2015,April,Other,,4.9147,,WT
UB24SW4,EPA,UB24SW43,N32.89430 W4.91073,32.8943,4.91073,1458,4/25/2015,April,Tenebrionidae Diet,1,0.03873,,WT
UB24SW4,EPA,UB24SW43,N32.89430 W4.91073,32.8943,4.91073,1458,4/25/2015,April,Tenebrionidae Other,0,0,,WT
UB24SW4,EPA,UB24SW44,N32.89437 W4.91123,32.89437,4.91123,1457,4/25/2015,April,Messor,0,0,,WT
UB24SW4,EPA,UB24SW44,N32.89437 W4.91123,32.89437,4.91123,1457,4/25/2015,April,Other,,0.42054,,WT
UB24SW4,EPA,UB24SW44,N32.89437 W4.91123,32.89437,4.91123,1457,4/25/2015,April,Tenebrionidae Diet,2,1.05965,,WT
UB24SW4,EPA,UB24SW44,N32.89437 W4.91123,32.89437,4.91123,1457,4/25/2015,April,Tenebrionidae Other,0,0,,WT
UB24SW5,REG,UB24SW51,N32.90639 W4.89868,32.90639,4.89868,1480,4/25/2015,April,Messor,0,0,,WT
UB24SW5,REG,UB24SW51,N32.90639 W4.89868,32.90639,4.89868,1480,4/25/2015,April,Other,,1.06246,,WT
UB24SW5,REG,UB24SW51,N32.90639 W4.89868,32.90639,4.89868,1480,4/25/2015,April,Tenebrionidae Diet,1,0.03741,,WT
UB24SW5,REG,UB24SW51,N32.90639 W4.89868,32.90639,4.89868,1480,4/25/2015,April,Tenebrionidae Other,0,0,,WT
UB24SW5,REG,UB24SW52,N32.90639 W4.89818,32.90639,4.89818,1479,4/25/2015,April,Messor,0,0,,WT
UB24SW5,REG,UB24SW52,N32.90639 W4.89818,32.90639,4.89818,1479,4/25/2015,April,Other,,0.77464,,WT
UB24SW5,REG,UB24SW52,N32.90639 W4.89818,32.90639,4.89818,1479,4/25/2015,April,Other,,0.4709,,WT
UB24SW5,REG,UB24SW52,N32.90639 W4.89818,32.90639,4.89818,1479,4/25/2015,April,Tenebrionidae Diet,2,0.12692,,WT
UB24SW5,REG,UB24SW52,N32.90639 W4.89818,32.90639,4.89818,1479,4/25/2015,April,Tenebrionidae Other,0,0,,WT
UB24SW5,REG,UB24SW52,N32.90639 W4.89818,32.90639,4.89818,1479,4/25/2015,April,Tenebrionidae Other,0,0,,WT
UB24SW5,REG,UB24SW53,N32.90596 W4.89816,32.90596,4.89816,1479,4/25/2015,April,Messor,0,0,,WT
UB24SW5,REG,UB24SW53,N32.90596 W4.89816,32.90596,4.89816,1479,4/25/2015,April,Other,,0.89698,,WT
UB24SW5,REG,UB24SW53,N32.90596 W4.89816,32.90596,4.89816,1479,4/25/2015,April,Tenebrionidae Diet,3,0.19835,,WT
UB24SW5,REG,UB24SW53,N32.90596 W4.89816,32.90596,4.89816,1479,4/25/2015,April,Tenebrionidae Other,0,0,,WT
UB24SW5,REG,UB24SW54,N32.90598 W4.89869,32.90598,4.89869,1479,4/25/2015,April,Messor,0,0,,WT
UB24SW5,REG,UB24SW54,N32.90598 W4.89869,32.90598,4.89869,1479,4/25/2015,April,Other,,2.16114,,WT
UB24SW5,REG,UB24SW54,N32.90598 W4.89869,32.90598,4.89869,1479,4/25/2015,April,Tenebrionidae Diet,1,0.03986,,WT
UB24SW5,REG,UB24SW54,N32.90598 W4.89869,32.90598,4.89869,1479,4/25/2015,April,Tenebrionidae Other,0,0,,WT
VC52SE1,REG,VC52SE11,N33.65271 W3.47184,33.65271,3.47184,882,4/27/2015,April,Messor,0,0,,WT
VC52SE1,REG,VC52SE11,N33.65271 W3.47184,33.65271,3.47184,882,4/27/2015,April,Other,,0.40463,,WT
VC52SE1,REG,VC52SE11,N33.65271 W3.47184,33.65271,3.47184,882,4/27/2015,April,Tenebrionidae Diet,0,0,,WT
VC52SE1,REG,VC52SE11,N33.65271 W3.47184,33.65271,3.47184,882,4/27/2015,April,Tenebrionidae Other,0,0,,WT
VC52SE1,REG,VC52SE12,N33.65269 W3.47128,33.65269,3.47128,883,4/27/2015,April,Messor,0,0,,WT
VC52SE1,REG,VC52SE12,N33.65269 W3.47128,33.65269,3.47128,883,4/27/2015,April,Other,,0.064,,WT
VC52SE1,REG,VC52SE12,N33.65269 W3.47128,33.65269,3.47128,883,4/27/2015,April,Tenebrionidae Diet,0,0,,WT
VC52SE1,REG,VC52SE12,N33.65269 W3.47128,33.65269,3.47128,883,4/27/2015,April,Tenebrionidae Other,0,0,,WT
VC52SE1,REG,VC52SE13,N33.65225 W3.47128,33.65225,3.47128,881,4/27/2015,April,Messor,0,0,,WT
VC52SE1,REG,VC52SE13,N33.65225 W3.47128,33.65225,3.47128,881,4/27/2015,April,Other,,0.02935,,WT
VC52SE1,REG,VC52SE13,N33.65225 W3.47128,33.65225,3.47128,881,4/27/2015,April,Tenebrionidae Diet,0,0,,WT
VC52SE1,REG,VC52SE13,N33.65225 W3.47128,33.65225,3.47128,881,4/27/2015,April,Tenebrionidae Other,0,0,,WT
VC52SE1,REG,VC52SE14,N33.65227 W3.47178,33.65227,3.47178,879,4/27/2015,April,Messor,0,0,,WT
VC52SE1,REG,VC52SE14,N33.65227 W3.47178,33.65227,3.47178,879,4/27/2015,April,Other,,0.04083,,WT
VC52SE1,REG,VC52SE14,N33.65227 W3.47178,33.65227,3.47178,879,4/27/2015,April,Tenebrionidae Diet,0,0,,WT
VC52SE1,REG,VC52SE14,N33.65227 W3.47178,33.65227,3.47178,879,4/27/2015,April,Tenebrionidae Other,0,0,,WT
VC52SE2,REG,VC52SE21,N33.65283 W3.44492,33.65283,3.44492,808,4/27/2015,April,Messor,0,0,,WT
VC52SE2,REG,VC52SE21,N33.65283 W3.44492,33.65283,3.44492,808,4/27/2015,April,Other,,0.02469,,WT
VC52SE2,REG,VC52SE21,N33.65283 W3.44492,33.65283,3.44492,808,4/27/2015,April,Tenebrionidae Diet,1,0.04757,,WT
VC52SE2,REG,VC52SE21,N33.65283 W3.44492,33.65283,3.44492,808,4/27/2015,April,Tenebrionidae Other,0,0,,WT
VC52SE2,REG,VC52SE22,N33.65254 W3.44450,33.65254,3.4445,805,4/27/2015,April,Messor,0,0,,WT
VC52SE2,REG,VC52SE22,N33.65254 W3.44450,33.65254,3.4445,805,4/27/2015,April,Other,,0.07331,,WT
VC52SE2,REG,VC52SE22,N33.65254 W3.44450,33.65254,3.4445,805,4/27/2015,April,Tenebrionidae Diet,0,0,,WT
VC52SE2,REG,VC52SE22,N33.65254 W3.44450,33.65254,3.4445,805,4/27/2015,April,Tenebrionidae Other,0,0,,WT
VC52SE2,REG,VC52SE23,N33.65221 W3.44480,33.65221,3.4448,809,4/27/2015,April,Messor,10,0.03052,,WT
VC52SE2,REG,VC52SE23,N33.65221 W3.44480,33.65221,3.4448,809,4/27/2015,April,Other,,0.06809,,WT
VC52SE2,REG,VC52SE23,N33.65221 W3.44480,33.65221,3.4448,809,4/27/2015,April,Tenebrionidae Diet,1,0.0109,,WT
VC52SE2,REG,VC52SE23,N33.65221 W3.44480,33.65221,3.4448,809,4/27/2015,April,Tenebrionidae Other,0,0,,WT
VC52SE2,REG,VC52SE24,N33.65246 W3.44524,33.65246,3.44524,807,4/27/2015,April,Messor,0,0,,WT
VC52SE2,REG,VC52SE24,N33.65246 W3.44524,33.65246,3.44524,807,4/27/2015,April,Other,,0.06422,,WT
VC52SE2,REG,VC52SE24,N33.65246 W3.44524,33.65246,3.44524,807,4/27/2015,April,Tenebrionidae Diet,0,0,,WT
VC52SE2,REG,VC52SE24,N33.65246 W3.44524,33.65246,3.44524,807,4/27/2015,April,Tenebrionidae Other,0,0,,WT
VC52SE3,REG,VC52SE31,N33.63023 W3.44488,33.63023,3.44488,866,4/27/2015,April,Messor,0,0,,WT
VC52SE3,REG,VC52SE31,N33.63023 W3.44488,33.63023,3.44488,866,4/27/2015,April,Other,,0.64517,,WT
VC52SE3,REG,VC52SE31,N33.63023 W3.44488,33.63023,3.44488,866,4/27/2015,April,Tenebrionidae Diet,0,0,,WT
VC52SE3,REG,VC52SE31,N33.63023 W3.44488,33.63023,3.44488,866,4/27/2015,April,Tenebrionidae Other,0,0,,WT
VC52SE3,REG,VC52SE32,N33.62979 W3.44484,33.62979,3.44484,866,4/27/2015,April,Messor,0,0,,WT
VC52SE3,REG,VC52SE32,N33.62979 W3.44484,33.62979,3.44484,866,4/27/2015,April,Other,,0.04611,,WT
VC52SE3,REG,VC52SE32,N33.62979 W3.44484,33.62979,3.44484,866,4/27/2015,April,Tenebrionidae Diet,0,0,,WT
VC52SE3,REG,VC52SE32,N33.62979 W3.44484,33.62979,3.44484,866,4/27/2015,April,Tenebrionidae Other,0,0,,WT
VC52SE3,REG,VC52SE33,N33.62976 W3.44534,33.62976,3.44534,862,4/27/2015,April,Messor,0,0,,WT
VC52SE3,REG,VC52SE33,N33.62976 W3.44534,33.62976,3.44534,862,4/27/2015,April,Other,,0.02777,,WT
VC52SE3,REG,VC52SE33,N33.62976 W3.44534,33.62976,3.44534,862,4/27/2015,April,Tenebrionidae Diet,0,0,,WT
VC52SE3,REG,VC52SE33,N33.62976 W3.44534,33.62976,3.44534,862,4/27/2015,April,Tenebrionidae Other,0,0,,WT
VC52SE3,REG,VC52SE34,N33.63011 W3.44535,33.63011,3.44535,861,4/27/2015,April,Messor,0,0,,WT
VC52SE3,REG,VC52SE34,N33.63011 W3.44535,33.63011,3.44535,861,4/27/2015,April,Other,,0.03057,,WT
VC52SE3,REG,VC52SE34,N33.63011 W3.44535,33.63011,3.44535,861,4/27/2015,April,Tenebrionidae Diet,0,0,,WT
VC52SE3,REG,VC52SE34,N33.63011 W3.44535,33.63011,3.44535,861,4/27/2015,April,Tenebrionidae Other,0,0,,WT
VC52SE4,REG,VC52SE41,N33.63016 W3.47177,33.63016,3.47177,838,4/27/2015,April,Messor,0,0,,WT
VC52SE4,REG,VC52SE41,N33.63016 W3.47177,33.63016,3.47177,838,4/27/2015,April,Other,,0.06844,,WT
VC52SE4,REG,VC52SE41,N33.63016 W3.47177,33.63016,3.47177,838,4/27/2015,April,Tenebrionidae Diet,0,0,,WT
VC52SE4,REG,VC52SE41,N33.63016 W3.47177,33.63016,3.47177,838,4/27/2015,April,Tenebrionidae Other,0,0,,WT
VC52SE4,REG,VC52SE42,N33.62994 W3.47131,33.62994,3.47131,838,4/27/2015,April,Messor,0,0,,WT
VC52SE4,REG,VC52SE42,N33.62994 W3.47131,33.62994,3.47131,838,4/27/2015,April,Other,,0.03048,,WT
VC52SE4,REG,VC52SE42,N33.62994 W3.47131,33.62994,3.47131,838,4/27/2015,April,Tenebrionidae Diet,0,0,,WT
VC52SE4,REG,VC52SE42,N33.62994 W3.47131,33.62994,3.47131,838,4/27/2015,April,Tenebrionidae Other,0,0,,WT
VC52SE4,REG,VC52SE43,N33.62957 W3.47155,33.62957,3.47155,835,4/27/2015,April,Messor,0,0,,WT
VC52SE4,REG,VC52SE43,N33.62957 W3.47155,33.62957,3.47155,835,4/27/2015,April,Other,,0.04232,,WT
VC52SE4,REG,VC52SE43,N33.62957 W3.47155,33.62957,3.47155,835,4/27/2015,April,Tenebrionidae Diet,0,0,,WT
VC52SE4,REG,VC52SE43,N33.62957 W3.47155,33.62957,3.47155,835,4/27/2015,April,Tenebrionidae Other,0,0,,WT
VC52SE4,REG,VC52SE44,N33.62980 W3.47203,33.6298,3.47203,835,4/27/2015,April,Messor,0,0,,WT
VC52SE4,REG,VC52SE44,N33.62980 W3.47203,33.6298,3.47203,835,4/27/2015,April,Other,,0.02654,,WT
VC52SE4,REG,VC52SE44,N33.62980 W3.47203,33.6298,3.47203,835,4/27/2015,April,Tenebrionidae Diet,8,0.01423,,WT
VC52SE4,REG,VC52SE44,N33.62980 W3.47203,33.6298,3.47203,835,4/27/2015,April,Tenebrionidae Other,0,0,,WT
VC52SE5,REG,VC52SE51,N33.64152 W3.45841,33.64152,3.45841,843,4/27/2015,April,Messor,0,0,,WT
VC52SE5,REG,VC52SE51,N33.64152 W3.45841,33.64152,3.45841,843,4/27/2015,April,Other,,0.01479,,WT
VC52SE5,REG,VC52SE51,N33.64152 W3.45841,33.64152,3.45841,843,4/27/2015,April,Tenebrionidae Diet,0,0,,WT
VC52SE5,REG,VC52SE51,N33.64152 W3.45841,33.64152,3.45841,843,4/27/2015,April,Tenebrionidae Other,0,0,,WT
VC52SE5,REG,VC52SE52,N33.64138 W3.45794,33.64138,3.45794,840,4/27/2015,April,Messor,,,Jar disappeared,NWT
VC52SE5,REG,VC52SE52,N33.64138 W3.45794,33.64138,3.45794,840,4/27/2015,April,Other,,,Jar disappeared,NWT
VC52SE5,REG,VC52SE52,N33.64138 W3.45794,33.64138,3.45794,840,4/27/2015,April,Tenebrionidae Diet,,,Jar disappeared,NWT
VC52SE5,REG,VC52SE52,N33.64138 W3.45794,33.64138,3.45794,840,4/27/2015,April,Tenebrionidae Other,,,Jar disappeared,NWT
VC52SE5,REG,VC52SE53,N33.64042 W3.45809,33.64042,3.45809,840,4/27/2015,April,Messor,0,0,,WT
VC52SE5,REG,VC52SE53,N33.64042 W3.45809,33.64042,3.45809,840,4/27/2015,April,Other,,0.00608,,WT
VC52SE5,REG,VC52SE53,N33.64042 W3.45809,33.64042,3.45809,840,4/27/2015,April,Tenebrionidae Diet,0,0,,WT
VC52SE5,REG,VC52SE53,N33.64042 W3.45809,33.64042,3.45809,840,4/27/2015,April,Tenebrionidae Other,0,0,,WT
VC52SE5,REG,VC52SE54,N33.64053 W3.45853,33.64053,3.45853,840,4/27/2015,April,Messor,0,0,,WT
VC52SE5,REG,VC52SE54,N33.64053 W3.45853,33.64053,3.45853,840,4/27/2015,April,Other,,0.02289,,WT
VC52SE5,REG,VC52SE54,N33.64053 W3.45853,33.64053,3.45853,840,4/27/2015,April,Tenebrionidae Diet,0,0,,WT
VC52SE5,REG,VC52SE54,N33.64053 W3.45853,33.64053,3.45853,840,4/27/2015,April,Tenebrionidae Other,0,0,,WT
VB17NW1,REG,VB17NW11,N33.24393 W3.95261,33.24393,3.95261,988,4/28/2015,April,Messor,1,0.00148,,WT
VB17NW1,REG,VB17NW11,N33.24393 W3.95261,33.24393,3.95261,988,4/28/2015,April,Other,,0.2212,,WT
VB17NW1,REG,VB17NW11,N33.24393 W3.95261,33.24393,3.95261,988,4/28/2015,April,Tenebrionidae Diet,1,0.0325,,WT
VB17NW1,REG,VB17NW11,N33.24393 W3.95261,33.24393,3.95261,988,4/28/2015,April,Tenebrionidae Other,0,0,,WT
VB17NW1,REG,VB17NW12,N33.24378 W3.95208,33.24378,3.95208,986,4/28/2015,April,Messor,0,0,,WT
VB17NW1,REG,VB17NW12,N33.24378 W3.95208,33.24378,3.95208,986,4/28/2015,April,Other,,0.1321,,WT
VB17NW1,REG,VB17NW12,N33.24378 W3.95208,33.24378,3.95208,986,4/28/2015,April,Tenebrionidae Diet,1,0.02233,,WT
VB17NW1,REG,VB17NW12,N33.24378 W3.95208,33.24378,3.95208,986,4/28/2015,April,Tenebrionidae Other,0,0,,WT
VB17NW1,REG,VB17NW13,N33.24335 W3.95221,33.24335,3.95221,986,4/28/2015,April,Messor,0,0,,WT
VB17NW1,REG,VB17NW13,N33.24335 W3.95221,33.24335,3.95221,986,4/28/2015,April,Other,,0.33712,,WT
VB17NW1,REG,VB17NW13,N33.24335 W3.95221,33.24335,3.95221,986,4/28/2015,April,Tenebrionidae Diet,0,0,,WT
VB17NW1,REG,VB17NW13,N33.24335 W3.95221,33.24335,3.95221,986,4/28/2015,April,Tenebrionidae Other,0,0,,WT
VB17NW1,REG,VB17NW14,N33.24348 W3.95279,33.24348,3.95279,987,4/28/2015,April,Messor,0,0,,WT
VB17NW1,REG,VB17NW14,N33.24348 W3.95279,33.24348,3.95279,987,4/28/2015,April,Other,,0.14985,,WT
VB17NW1,REG,VB17NW14,N33.24348 W3.95279,33.24348,3.95279,987,4/28/2015,April,Tenebrionidae Diet,0,0,,WT
VB17NW1,REG,VB17NW14,N33.24348 W3.95279,33.24348,3.95279,987,4/28/2015,April,Tenebrionidae Other,0,0,,WT
VB17NW2,REG,VB17NW21,N33.24432 W3.92586,33.24432,3.92586,938,4/28/2015,April,Messor,0,0,,WT
VB17NW2,REG,VB17NW21,N33.24432 W3.92586,33.24432,3.92586,938,4/28/2015,April,Other,,0.04137,,WT
VB17NW2,REG,VB17NW21,N33.24432 W3.92586,33.24432,3.92586,938,4/28/2015,April,Tenebrionidae Diet,0,0,,WT
VB17NW2,REG,VB17NW21,N33.24432 W3.92586,33.24432,3.92586,938,4/28/2015,April,Tenebrionidae Other,0,0,,WT
VB17NW2,REG,VB17NW22,N33.24417 W3.92532,33.24417,3.92532,940,4/28/2015,April,Messor,0,0,,WT
VB17NW2,REG,VB17NW22,N33.24417 W3.92532,33.24417,3.92532,940,4/28/2015,April,Other,,0.40667,,WT
VB17NW2,REG,VB17NW22,N33.24417 W3.92532,33.24417,3.92532,940,4/28/2015,April,Tenebrionidae Diet,1,0.00733,,WT
VB17NW2,REG,VB17NW22,N33.24417 W3.92532,33.24417,3.92532,940,4/28/2015,April,Tenebrionidae Other,0,0,,WT
VB17NW2,REG,VB17NW23,N33.24373 W3.92547,33.24373,3.92547,940,4/28/2015,April,Messor,,,Jar disappeared,NWT
VB17NW2,REG,VB17NW23,N33.24373 W3.92547,33.24373,3.92547,940,4/28/2015,April,Other,,,Jar disappeared,NWT
VB17NW2,REG,VB17NW23,N33.24373 W3.92547,33.24373,3.92547,940,4/28/2015,April,Tenebrionidae Diet,,,Jar disappeared,NWT
VB17NW2,REG,VB17NW23,N33.24373 W3.92547,33.24373,3.92547,940,4/28/2015,April,Tenebrionidae Other,,,Jar disappeared,NWT
VB17NW2,REG,VB17NW24,N33.24386 W3.92599,33.24386,3.92599,942,4/28/2015,April,Messor,,,Jar disappeared,NWT
VB17NW2,REG,VB17NW24,N33.24386 W3.92599,33.24386,3.92599,942,4/28/2015,April,Other,,,Jar disappeared,NWT
VB17NW2,REG,VB17NW24,N33.24386 W3.92599,33.24386,3.92599,942,4/28/2015,April,Tenebrionidae Diet,,,Jar disappeared,NWT
VB17NW2,REG,VB17NW24,N33.24386 W3.92599,33.24386,3.92599,942,4/28/2015,April,Tenebrionidae Other,,,Jar disappeared,NWT
VB17NW3,REG,VB17NW31,N33.22191 W3.92567,33.22191,3.92567,945,4/28/2015,April,Messor,1,0.00096,,WT
VB17NW3,REG,VB17NW31,N33.22191 W3.92567,33.22191,3.92567,945,4/28/2015,April,Other,,0.24195,,WT
VB17NW3,REG,VB17NW31,N33.22191 W3.92567,33.22191,3.92567,945,4/28/2015,April,Tenebrionidae Diet,0,0,,WT
VB17NW3,REG,VB17NW31,N33.22191 W3.92567,33.22191,3.92567,945,4/28/2015,April,Tenebrionidae Other,0,0,,WT
VB17NW3,REG,VB17NW32,N33.22178 W3.92519,33.22178,3.92519,942,4/28/2015,April,Messor,0,0,,WT
VB17NW3,REG,VB17NW32,N33.22178 W3.92519,33.22178,3.92519,942,4/28/2015,April,Other,,0.20822,,WT
VB17NW3,REG,VB17NW32,N33.22178 W3.92519,33.22178,3.92519,942,4/28/2015,April,Tenebrionidae Diet,1,0.01129,,WT
VB17NW3,REG,VB17NW32,N33.22178 W3.92519,33.22178,3.92519,942,4/28/2015,April,Tenebrionidae Other,0,0,,WT
VB17NW3,REG,VB17NW33,N33.22134 W3.92538,33.22134,3.92538,942,4/28/2015,April,Messor,1,0.00131,,WT
VB17NW3,REG,VB17NW33,N33.22134 W3.92538,33.22134,3.92538,942,4/28/2015,April,Other,,0.66358,,WT
VB17NW3,REG,VB17NW33,N33.22134 W3.92538,33.22134,3.92538,942,4/28/2015,April,Tenebrionidae Diet,0,0,,WT
VB17NW3,REG,VB17NW33,N33.22134 W3.92538,33.22134,3.92538,942,4/28/2015,April,Tenebrionidae Other,0,0,,WT
VB17NW3,REG,VB17NW34,N33.22149 W3.92586,33.22149,3.92586,942,4/28/2015,April,Messor,0,0,,WT
VB17NW3,REG,VB17NW34,N33.22149 W3.92586,33.22149,3.92586,942,4/28/2015,April,Other,,0.28338,,WT
VB17NW3,REG,VB17NW34,N33.22149 W3.92586,33.22149,3.92586,942,4/28/2015,April,Tenebrionidae Diet,0,0,,WT
VB17NW3,REG,VB17NW34,N33.22149 W3.92586,33.22149,3.92586,942,4/28/2015,April,Tenebrionidae Other,0,0,,WT
VB17NW4,REG,VB17NW41,N33.22150 W3.95235,33.2215,3.95235,955,4/28/2015,April,Messor,0,0,,WT
VB17NW4,REG,VB17NW41,N33.22150 W3.95235,33.2215,3.95235,955,4/28/2015,April,Other,,0.03816,,WT
VB17NW4,REG,VB17NW41,N33.22150 W3.95235,33.2215,3.95235,955,4/28/2015,April,Tenebrionidae Diet,1,0.15742,,WT
VB17NW4,REG,VB17NW41,N33.22150 W3.95235,33.2215,3.95235,955,4/28/2015,April,Tenebrionidae Other,0,0,,WT
VB17NW4,REG,VB17NW42,N33.22109 W3.95217,33.22109,3.95217,955,4/28/2015,April,Messor,0,0,,WT
VB17NW4,REG,VB17NW42,N33.22109 W3.95217,33.22109,3.95217,955,4/28/2015,April,Other,,0.08989,,WT
VB17NW4,REG,VB17NW42,N33.22109 W3.95217,33.22109,3.95217,955,4/28/2015,April,Tenebrionidae Diet,0,0,,WT
VB17NW4,REG,VB17NW42,N33.22109 W3.95217,33.22109,3.95217,955,4/28/2015,April,Tenebrionidae Other,0,0,,WT
VB17NW4,REG,VB17NW43,N33.22093 W3.95263,33.22093,3.95263,954,4/28/2015,April,Messor,0,0,,WT
VB17NW4,REG,VB17NW43,N33.22093 W3.95263,33.22093,3.95263,954,4/28/2015,April,Other,,0.44097,,WT
VB17NW4,REG,VB17NW43,N33.22093 W3.95263,33.22093,3.95263,954,4/28/2015,April,Tenebrionidae Diet,0,0,,WT
VB17NW4,REG,VB17NW43,N33.22093 W3.95263,33.22093,3.95263,954,4/28/2015,April,Tenebrionidae Other,0,0,,WT
VB17NW4,REG,VB17NW44,N33.22134 W3.95281,33.22134,3.95281,956,4/28/2015,April,Messor,0,0,,WT
VB17NW4,REG,VB17NW44,N33.22134 W3.95281,33.22134,3.95281,956,4/28/2015,April,Other,,0.06283,,WT
VB17NW4,REG,VB17NW44,N33.22134 W3.95281,33.22134,3.95281,956,4/28/2015,April,Tenebrionidae Diet,0,0,,WT
VB17NW4,REG,VB17NW44,N33.22134 W3.95281,33.22134,3.95281,956,4/28/2015,April,Tenebrionidae Other,0,0,,WT
VB17NW5,REG,VB17NW51,N33.23296 W3.93897,33.23296,3.93897,951,4/28/2015,April,Messor,1,0.00095,,WT
VB17NW5,REG,VB17NW51,N33.23296 W3.93897,33.23296,3.93897,951,4/28/2015,April,Other,,0.35527,,WT
VB17NW5,REG,VB17NW51,N33.23296 W3.93897,33.23296,3.93897,951,4/28/2015,April,Tenebrionidae Diet,0,0,,WT
VB17NW5,REG,VB17NW51,N33.23296 W3.93897,33.23296,3.93897,951,4/28/2015,April,Tenebrionidae Other,0,0,,WT
VB17NW5,REG,VB17NW52,N33.23271 W3.93853,33.23271,3.93853,951,4/28/2015,April,Messor,1,0.0009,,WT
VB17NW5,REG,VB17NW52,N33.23271 W3.93853,33.23271,3.93853,951,4/28/2015,April,Other,,0.06825,,WT
VB17NW5,REG,VB17NW52,N33.23271 W3.93853,33.23271,3.93853,951,4/28/2015,April,Tenebrionidae Diet,0,0,,WT
VB17NW5,REG,VB17NW52,N33.23271 W3.93853,33.23271,3.93853,951,4/28/2015,April,Tenebrionidae Other,0,0,,WT
VB17NW5,REG,VB17NW53,N33.23234 W3.93882,33.23234,3.93882,952,4/28/2015,April,Messor,0,0,,WT
VB17NW5,REG,VB17NW53,N33.23234 W3.93882,33.23234,3.93882,952,4/28/2015,April,Other,,0.22485,,WT
VB17NW5,REG,VB17NW53,N33.23234 W3.93882,33.23234,3.93882,952,4/28/2015,April,Tenebrionidae Diet,0,0,,WT
VB17NW5,REG,VB17NW53,N33.23234 W3.93882,33.23234,3.93882,952,4/28/2015,April,Tenebrionidae Other,0,0,,WT
VB17NW5,REG,VB17NW54,N33.23261 W3.93907,33.23261,3.93907,952,4/28/2015,April,Messor,0,0,,WT
VB17NW5,REG,VB17NW54,N33.23261 W3.93907,33.23261,3.93907,952,4/28/2015,April,Other,,0.12568,,WT
VB17NW5,REG,VB17NW54,N33.23261 W3.93907,33.23261,3.93907,952,4/28/2015,April,Tenebrionidae Diet,0,0,,WT
VB17NW5,REG,VB17NW54,N33.23261 W3.93907,33.23261,3.93907,952,4/28/2015,April,Tenebrionidae Other,0,0,,WT
WC43NE1,EPA,WC43NE11,N33.78798 W2.50083,33.78798,2.50083,1103,4/28/2015,April,Messor,7,0.01385,,WT
WC43NE1,EPA,WC43NE11,N33.78798 W2.50083,33.78798,2.50083,1103,4/28/2015,April,Other,,1.04202,,WT
WC43NE1,EPA,WC43NE11,N33.78798 W2.50083,33.78798,2.50083,1103,4/28/2015,April,Tenebrionidae Diet,0,0,,WT
WC43NE1,EPA,WC43NE11,N33.78798 W2.50083,33.78798,2.50083,1103,4/28/2015,April,Tenebrionidae Other,0,0,,WT
WC43NE1,EPA,WC43NE12,N33.78839 W2.50066,33.78839,2.50066,1111,4/28/2015,April,Messor,1,0.00155,,WT
WC43NE1,EPA,WC43NE12,N33.78839 W2.50066,33.78839,2.50066,1111,4/28/2015,April,Other,,0.60627,,WT
WC43NE1,EPA,WC43NE12,N33.78839 W2.50066,33.78839,2.50066,1111,4/28/2015,April,Tenebrionidae Diet,1,0.10852,,WT
WC43NE1,EPA,WC43NE12,N33.78839 W2.50066,33.78839,2.50066,1111,4/28/2015,April,Tenebrionidae Other,0,0,,WT
WC43NE1,EPA,WC43NE13,N33.78823 W2.50020,33.78823,2.5002,1111,4/28/2015,April,Messor,0,0,,WT
WC43NE1,EPA,WC43NE13,N33.78823 W2.50020,33.78823,2.5002,1111,4/28/2015,April,Other,,0.6536,,WT
WC43NE1,EPA,WC43NE13,N33.78823 W2.50020,33.78823,2.5002,1111,4/28/2015,April,Tenebrionidae Diet,0,0,,WT
WC43NE1,EPA,WC43NE13,N33.78823 W2.50020,33.78823,2.5002,1111,4/28/2015,April,Tenebrionidae Other,0,0,,WT
WC43NE1,EPA,WC43NE14,N33.78777 W2.50032,33.78777,2.50032,1109,4/28/2015,April,Messor,1,0.00175,,WT
WC43NE1,EPA,WC43NE14,N33.78777 W2.50032,33.78777,2.50032,1109,4/28/2015,April,Other,,0.75966,,WT
WC43NE1,EPA,WC43NE14,N33.78777 W2.50032,33.78777,2.50032,1109,4/28/2015,April,Tenebrionidae Diet,0,0,,WT
WC43NE1,EPA,WC43NE14,N33.78777 W2.50032,33.78777,2.50032,1109,4/28/2015,April,Tenebrionidae Other,0,0,,WT
WC43NE2,EPA,WC43NE21,N33.78770 W2.47344,33.7877,2.47344,1109,4/28/2015,April,Messor,3,0.00295,,WT
WC43NE2,EPA,WC43NE21,N33.78770 W2.47344,33.7877,2.47344,1109,4/28/2015,April,Other,,0.81042,,WT
WC43NE2,EPA,WC43NE21,N33.78770 W2.47344,33.7877,2.47344,1109,4/28/2015,April,Tenebrionidae Diet,0,0,,WT
WC43NE2,EPA,WC43NE21,N33.78770 W2.47344,33.7877,2.47344,1109,4/28/2015,April,Tenebrionidae Other,0,0,,WT
WC43NE2,EPA,WC43NE22,N33.78794 W2.47300,33.78794,2.473,1111,4/28/2015,April,Messor,0,0,,WT
WC43NE2,EPA,WC43NE22,N33.78794 W2.47300,33.78794,2.473,1111,4/28/2015,April,Other,,2.52811,,WT
WC43NE2,EPA,WC43NE22,N33.78794 W2.47300,33.78794,2.473,1111,4/28/2015,April,Tenebrionidae Diet,0,0,,WT
WC43NE2,EPA,WC43NE22,N33.78794 W2.47300,33.78794,2.473,1111,4/28/2015,April,Tenebrionidae Other,0,0,,WT
WC43NE2,EPA,WC43NE23,N33.78760 W2.47270,33.7876,2.4727,1108,4/28/2015,April,Messor,2,0.00123,,WT
WC43NE2,EPA,WC43NE23,N33.78760 W2.47270,33.7876,2.4727,1108,4/28/2015,April,Other,,0.6326,,WT
WC43NE2,EPA,WC43NE23,N33.78760 W2.47270,33.7876,2.4727,1108,4/28/2015,April,Tenebrionidae Diet,1,0.01486,,WT
WC43NE2,EPA,WC43NE23,N33.78760 W2.47270,33.7876,2.4727,1108,4/28/2015,April,Tenebrionidae Other,0,0,,WT
WC43NE2,EPA,WC43NE24,N33.78729 W2.47314,33.78729,2.47314,1107,4/28/2015,April,Messor,0,0,,WT
WC43NE2,EPA,WC43NE24,N33.78729 W2.47314,33.78729,2.47314,1107,4/28/2015,April,Other,,1.68197,,WT
WC43NE2,EPA,WC43NE24,N33.78729 W2.47314,33.78729,2.47314,1107,4/28/2015,April,Tenebrionidae Diet,0,0,,WT
WC43NE2,EPA,WC43NE24,N33.78729 W2.47314,33.78729,2.47314,1107,4/28/2015,April,Tenebrionidae Other,0,0,,WT
WC43NE3,EPA,WC43NE31,N33.76496 W2.47338,33.76496,2.47338,1102,4/28/2015,April,Messor,8,0.0213,,WT
WC43NE3,EPA,WC43NE31,N33.76496 W2.47338,33.76496,2.47338,1102,4/28/2015,April,Other,,1.49945,,WT
WC43NE3,EPA,WC43NE31,N33.76496 W2.47338,33.76496,2.47338,1102,4/28/2015,April,Tenebrionidae Diet,0,0,,WT
WC43NE3,EPA,WC43NE31,N33.76496 W2.47338,33.76496,2.47338,1102,4/28/2015,April,Tenebrionidae Other,0,0,,WT
WC43NE3,EPA,WC43NE32,N33.76515 W2.47290,33.76515,2.4729,1098,4/28/2015,April,Messor,1,0.00059,,WT
WC43NE3,EPA,WC43NE32,N33.76515 W2.47290,33.76515,2.4729,1098,4/28/2015,April,Other,,2.76255,,WT
WC43NE3,EPA,WC43NE32,N33.76515 W2.47290,33.76515,2.4729,1098,4/28/2015,April,Tenebrionidae Diet,0,0,,WT
WC43NE3,EPA,WC43NE32,N33.76515 W2.47290,33.76515,2.4729,1098,4/28/2015,April,Tenebrionidae Other,0,0,,WT
WC43NE3,EPA,WC43NE33,N33.76476 W2.47265,33.76476,2.47265,1097,4/28/2015,April,Messor,2,0.00225,,WT
WC43NE3,EPA,WC43NE33,N33.76476 W2.47265,33.76476,2.47265,1097,4/28/2015,April,Other,,0.91342,,WT
WC43NE3,EPA,WC43NE33,N33.76476 W2.47265,33.76476,2.47265,1097,4/28/2015,April,Tenebrionidae Diet,0,0,,WT
WC43NE3,EPA,WC43NE33,N33.76476 W2.47265,33.76476,2.47265,1097,4/28/2015,April,Tenebrionidae Other,0,0,,WT
WC43NE3,EPA,WC43NE34,N33.76471 W2.47290,33.76471,2.4729,1097,4/28/2015,April,Messor,2,0.00343,,WT
WC43NE3,EPA,WC43NE34,N33.76471 W2.47290,33.76471,2.4729,1097,4/28/2015,April,Other,,1.42063,,WT
WC43NE3,EPA,WC43NE34,N33.76471 W2.47290,33.76471,2.4729,1097,4/28/2015,April,Tenebrionidae Diet,0,0,,WT
WC43NE3,EPA,WC43NE34,N33.76471 W2.47290,33.76471,2.4729,1097,4/28/2015,April,Tenebrionidae Other,1,0.00074,,WT
WC43NE4,EPA,WC43NE41,N33.76519 W2.50103,33.76519,2.50103,1112,4/28/2015,April,Messor,3,0.00289,,WT
WC43NE4,EPA,WC43NE41,N33.76519 W2.50103,33.76519,2.50103,1112,4/28/2015,April,Other,,1.02295,,WT
WC43NE4,EPA,WC43NE41,N33.76519 W2.50103,33.76519,2.50103,1112,4/28/2015,April,Tenebrionidae Diet,1,0.14108,,WT
WC43NE4,EPA,WC43NE41,N33.76519 W2.50103,33.76519,2.50103,1112,4/28/2015,April,Tenebrionidae Other,0,0,,WT
WC43NE4,EPA,WC43NE42,N33.76501 W2.50045,33.76501,2.50045,1111,4/28/2015,April,Messor,7,0.00501,,WT
WC43NE4,EPA,WC43NE42,N33.76501 W2.50045,33.76501,2.50045,1111,4/28/2015,April,Other,,1.86381,,WT
WC43NE4,EPA,WC43NE42,N33.76501 W2.50045,33.76501,2.50045,1111,4/28/2015,April,Tenebrionidae Diet,0,0,,WT
WC43NE4,EPA,WC43NE42,N33.76501 W2.50045,33.76501,2.50045,1111,4/28/2015,April,Tenebrionidae Other,0,0,,WT
WC43NE4,EPA,WC43NE43,N33.76452 W2.50048,33.76452,2.50048,1109,4/28/2015,April,Messor,0,0,,WT
WC43NE4,EPA,WC43NE43,N33.76452 W2.50048,33.76452,2.50048,1109,4/28/2015,April,Other,,1.22582,,WT
WC43NE4,EPA,WC43NE43,N33.76452 W2.50048,33.76452,2.50048,1109,4/28/2015,April,Tenebrionidae Diet,3,0.3673,,WT
WC43NE4,EPA,WC43NE43,N33.76452 W2.50048,33.76452,2.50048,1109,4/28/2015,April,Tenebrionidae Other,0,0,,WT
WC43NE4,EPA,WC43NE44,N33.76458 W2.50103,33.76458,2.50103,1107,4/28/2015,April,Messor,0,0,,WT
WC43NE4,EPA,WC43NE44,N33.76458 W2.50103,33.76458,2.50103,1107,4/28/2015,April,Other,,1.08601,,WT
WC43NE4,EPA,WC43NE44,N33.76458 W2.50103,33.76458,2.50103,1107,4/28/2015,April,Tenebrionidae Diet,2,0.24889,,WT
WC43NE4,EPA,WC43NE44,N33.76458 W2.50103,33.76458,2.50103,1107,4/28/2015,April,Tenebrionidae Other,0,0,,WT
WC43NE5,EPA,WC43NE51,N33.77239 W2.48479,33.77239,2.48479,1111,4/28/2015,April,Messor,1,0.00095,,WT
WC43NE5,EPA,WC43NE51,N33.77239 W2.48479,33.77239,2.48479,1111,4/28/2015,April,Other,,1.72691,,WT
WC43NE5,EPA,WC43NE51,N33.77239 W2.48479,33.77239,2.48479,1111,4/28/2015,April,Tenebrionidae Diet,3,1.3301,,WT
WC43NE5,EPA,WC43NE51,N33.77239 W2.48479,33.77239,2.48479,1111,4/28/2015,April,Tenebrionidae Other,0,0,,WT
WC43NE5,EPA,WC43NE52,N33.77233 W2.48429,33.77233,2.48429,1110,4/28/2015,April,Messor,2,0.00334,,WT
WC43NE5,EPA,WC43NE52,N33.77233 W2.48429,33.77233,2.48429,1110,4/28/2015,April,Other,,2.39096,,WT
WC43NE5,EPA,WC43NE52,N33.77233 W2.48429,33.77233,2.48429,1110,4/28/2015,April,Tenebrionidae Diet,4,1.55212,,WT
WC43NE5,EPA,WC43NE52,N33.77233 W2.48429,33.77233,2.48429,1110,4/28/2015,April,Tenebrionidae Other,0,0,,WT
WC43NE5,EPA,WC43NE53,N33.77191 W2.48434,33.77191,2.48434,1109,4/28/2015,April,Messor,2,0.00273,,WT
WC43NE5,EPA,WC43NE53,N33.77191 W2.48434,33.77191,2.48434,1109,4/28/2015,April,Other,,1.32361,,WT
WC43NE5,EPA,WC43NE53,N33.77191 W2.48434,33.77191,2.48434,1109,4/28/2015,April,Tenebrionidae Diet,1,0.13336,,WT
WC43NE5,EPA,WC43NE53,N33.77191 W2.48434,33.77191,2.48434,1109,4/28/2015,April,Tenebrionidae Other,0,0,,WT
WC43NE5,EPA,WC43NE54,N33.77197 W2.48498,33.77197,2.48498,1112,4/28/2015,April,Messor,2,0.00181,,WT
WC43NE5,EPA,WC43NE54,N33.77197 W2.48498,33.77197,2.48498,1112,4/28/2015,April,Other,,1.28094,,WT
WC43NE5,EPA,WC43NE54,N33.77197 W2.48498,33.77197,2.48498,1112,4/28/2015,April,Tenebrionidae Diet,1,0.11927,,WT
WC43NE5,EPA,WC43NE54,N33.77197 W2.48498,33.77197,2.48498,1112,4/28/2015,April,Tenebrionidae Other,0,0,,WT
WC24NE1,ALF,WC24NE11,N33.87870 W2.71618,33.8787,2.71618,1317,4/29/2015,April,Messor,0,0,,WT
WC24NE1,ALF,WC24NE11,N33.87870 W2.71618,33.8787,2.71618,1317,4/29/2015,April,Other,,0.13417,,WT
WC24NE1,ALF,WC24NE11,N33.87870 W2.71618,33.8787,2.71618,1317,4/29/2015,April,Tenebrionidae Diet,3,0.06016,,WT
WC24NE1,ALF,WC24NE11,N33.87870 W2.71618,33.8787,2.71618,1317,4/29/2015,April,Tenebrionidae Other,0,0,,WT
WC24NE1,ALF,WC24NE12,N33.87862 W2.71562,33.87862,2.71562,1319,4/29/2015,April,Messor,0,0,,WT
WC24NE1,ALF,WC24NE12,N33.87862 W2.71562,33.87862,2.71562,1319,4/29/2015,April,Other,,0.27526,,WT
WC24NE1,ALF,WC24NE12,N33.87862 W2.71562,33.87862,2.71562,1319,4/29/2015,April,Tenebrionidae Diet,1,0.05927,,WT
WC24NE1,ALF,WC24NE12,N33.87862 W2.71562,33.87862,2.71562,1319,4/29/2015,April,Tenebrionidae Other,0,0,,WT
WC24NE1,ALF,WC24NE13,N33.87807 W2.71579,33.87807,2.71579,1316,4/29/2015,April,Messor,0,0,,WT
WC24NE1,ALF,WC24NE13,N33.87807 W2.71579,33.87807,2.71579,1316,4/29/2015,April,Other,,0.35074,,WT
WC24NE1,ALF,WC24NE13,N33.87807 W2.71579,33.87807,2.71579,1316,4/29/2015,April,Tenebrionidae Diet,1,0.0143,,WT
WC24NE1,ALF,WC24NE13,N33.87807 W2.71579,33.87807,2.71579,1316,4/29/2015,April,Tenebrionidae Other,0,0,,WT
WC24NE1,ALF,WC24NE14,N33.87811 W2.71631,33.87811,2.71631,1317,4/29/2015,April,Messor,0,0,,WT
WC24NE1,ALF,WC24NE14,N33.87811 W2.71631,33.87811,2.71631,1317,4/29/2015,April,Other,,0.67042,,WT
WC24NE1,ALF,WC24NE14,N33.87811 W2.71631,33.87811,2.71631,1317,4/29/2015,April,Tenebrionidae Diet,6,0.14001,,WT
WC24NE1,ALF,WC24NE14,N33.87811 W2.71631,33.87811,2.71631,1317,4/29/2015,April,Tenebrionidae Other,0,0,,WT
WC24NE2,ALF,WC24NE21,N33.87875 W2.68926,33.87875,2.68926,1328,4/29/2015,April,Messor,,,Jar spilled,NWT
WC24NE2,ALF,WC24NE21,N33.87875 W2.68926,33.87875,2.68926,1328,4/29/2015,April,Other,,,Jar spilled,NWT
WC24NE2,ALF,WC24NE21,N33.87875 W2.68926,33.87875,2.68926,1328,4/29/2015,April,Tenebrionidae Diet,,,Jar spilled,NWT
WC24NE2,ALF,WC24NE21,N33.87875 W2.68926,33.87875,2.68926,1328,4/29/2015,April,Tenebrionidae Other,,,Jar spilled,NWT
WC24NE2,ALF,WC24NE22,N33.87870 W2.68871,33.8787,2.68871,1327,4/29/2015,April,Messor,0,0,,WT
WC24NE2,ALF,WC24NE22,N33.87870 W2.68871,33.8787,2.68871,1327,4/29/2015,April,Other,,0.04059,,WT
WC24NE2,ALF,WC24NE22,N33.87870 W2.68871,33.8787,2.68871,1327,4/29/2015,April,Tenebrionidae Diet,3,0.30111,,WT
WC24NE2,ALF,WC24NE22,N33.87870 W2.68871,33.8787,2.68871,1327,4/29/2015,April,Tenebrionidae Other,0,0,,WT
WC24NE2,ALF,WC24NE23,N33.87825 W2.68873,33.87825,2.68873,1327,4/29/2015,April,Messor,0,0,,WT
WC24NE2,ALF,WC24NE23,N33.87825 W2.68873,33.87825,2.68873,1327,4/29/2015,April,Other,,0.23258,,WT
WC24NE2,ALF,WC24NE23,N33.87825 W2.68873,33.87825,2.68873,1327,4/29/2015,April,Tenebrionidae Diet,2,0.04588,,WT
WC24NE2,ALF,WC24NE23,N33.87825 W2.68873,33.87825,2.68873,1327,4/29/2015,April,Tenebrionidae Other,0,0,,WT
WC24NE2,ALF,WC24NE24,N33.87827 W2.68924,33.87827,2.68924,1327,4/29/2015,April,Messor,0,0,,WT
WC24NE2,ALF,WC24NE24,N33.87827 W2.68924,33.87827,2.68924,1327,4/29/2015,April,Other,,0.03851,,WT
WC24NE2,ALF,WC24NE24,N33.87827 W2.68924,33.87827,2.68924,1327,4/29/2015,April,Tenebrionidae Diet,2,0.16627,,WT
WC24NE2,ALF,WC24NE24,N33.87827 W2.68924,33.87827,2.68924,1327,4/29/2015,April,Tenebrionidae Other,0,0,,WT
WC24NE3,ALF,WC24NE31,N33.85604 W2.68924,33.85604,2.68924,1306,4/29/2015,April,Messor,0,0,,WT
WC24NE3,ALF,WC24NE31,N33.85604 W2.68924,33.85604,2.68924,1306,4/29/2015,April,Other,,0.26965,,WT
WC24NE3,ALF,WC24NE31,N33.85604 W2.68924,33.85604,2.68924,1306,4/29/2015,April,Tenebrionidae Diet,0,0,,WT
WC24NE3,ALF,WC24NE31,N33.85604 W2.68924,33.85604,2.68924,1306,4/29/2015,April,Tenebrionidae Other,0,0,,WT
WC24NE3,ALF,WC24NE32,N33.85591 W2.68882,33.85591,2.68882,1300,4/29/2015,April,Messor,0,0,,WT
WC24NE3,ALF,WC24NE32,N33.85591 W2.68882,33.85591,2.68882,1300,4/29/2015,April,Other,,0.09174,,WT
WC24NE3,ALF,WC24NE32,N33.85591 W2.68882,33.85591,2.68882,1300,4/29/2015,April,Tenebrionidae Diet,2,0.02145,,WT
WC24NE3,ALF,WC24NE32,N33.85591 W2.68882,33.85591,2.68882,1300,4/29/2015,April,Tenebrionidae Other,0,0,,WT
WC24NE3,ALF,WC24NE33,N33.85549 W2.68895,33.85549,2.68895,1296,4/29/2015,April,Messor,0,0,,WT
WC24NE3,ALF,WC24NE33,N33.85549 W2.68895,33.85549,2.68895,1296,4/29/2015,April,Other,,0.27886,,WT
WC24NE3,ALF,WC24NE33,N33.85549 W2.68895,33.85549,2.68895,1296,4/29/2015,April,Tenebrionidae Diet,0,0,,WT
WC24NE3,ALF,WC24NE33,N33.85549 W2.68895,33.85549,2.68895,1296,4/29/2015,April,Tenebrionidae Other,0,0,,WT
WC24NE3,ALF,WC24NE34,N33.85555 W2.68944,33.85555,2.68944,1298,4/29/2015,April,Messor,0,0,,WT
WC24NE3,ALF,WC24NE34,N33.85555 W2.68944,33.85555,2.68944,1298,4/29/2015,April,Other,,0.49128,,WT
WC24NE3,ALF,WC24NE34,N33.85555 W2.68944,33.85555,2.68944,1298,4/29/2015,April,Tenebrionidae Diet,0,0,,WT
WC24NE3,ALF,WC24NE34,N33.85555 W2.68944,33.85555,2.68944,1298,4/29/2015,April,Tenebrionidae Other,0,0,,WT
WC24NE4,ALF,WC24NE41,N33.85622 W2.71620,33.85622,2.7162,1323,4/29/2015,April,Messor,0,0,,WT
WC24NE4,ALF,WC24NE41,N33.85622 W2.71620,33.85622,2.7162,1323,4/29/2015,April,Other,,1.28122,,WT
WC24NE4,ALF,WC24NE41,N33.85622 W2.71620,33.85622,2.7162,1323,4/29/2015,April,Tenebrionidae Diet,0,0,,WT
WC24NE4,ALF,WC24NE41,N33.85622 W2.71620,33.85622,2.7162,1323,4/29/2015,April,Tenebrionidae Other,0,0,,WT
WC24NE4,ALF,WC24NE42,N33.85611 W2.71567,33.85611,2.71567,1332,4/29/2015,April,Messor,0,0,,WT
WC24NE4,ALF,WC24NE42,N33.85611 W2.71567,33.85611,2.71567,1332,4/29/2015,April,Other,,0.85327,,WT
WC24NE4,ALF,WC24NE42,N33.85611 W2.71567,33.85611,2.71567,1332,4/29/2015,April,Tenebrionidae Diet,0,0,,WT
WC24NE4,ALF,WC24NE42,N33.85611 W2.71567,33.85611,2.71567,1332,4/29/2015,April,Tenebrionidae Other,0,0,,WT
WC24NE4,ALF,WC24NE43,N33.85566 W2.71581,33.85566,2.71581,1331,4/29/2015,April,Messor,0,0,,WT
WC24NE4,ALF,WC24NE43,N33.85566 W2.71581,33.85566,2.71581,1331,4/29/2015,April,Other,,0.19518,,WT
WC24NE4,ALF,WC24NE43,N33.85566 W2.71581,33.85566,2.71581,1331,4/29/2015,April,Tenebrionidae Diet,0,0,,WT
WC24NE4,ALF,WC24NE43,N33.85566 W2.71581,33.85566,2.71581,1331,4/29/2015,April,Tenebrionidae Other,0,0,,WT
WC24NE4,ALF,WC24NE44,N33.85576 W2.71628,33.85576,2.71628,1327,4/29/2015,April,Messor,0,0,,WT
WC24NE4,ALF,WC24NE44,N33.85576 W2.71628,33.85576,2.71628,1327,4/29/2015,April,Other,,0.29443,,WT
WC24NE4,ALF,WC24NE44,N33.85576 W2.71628,33.85576,2.71628,1327,4/29/2015,April,Tenebrionidae Diet,2,0.4782,,WT
WC24NE4,ALF,WC24NE44,N33.85576 W2.71628,33.85576,2.71628,1327,4/29/2015,April,Tenebrionidae Other,0,0,,WT
WC24NE5,ALF,WC24NE51,N33.86736 W2.70264,33.86736,2.70264,1332,4/29/2015,April,Messor,1,0.00112,,WT
WC24NE5,ALF,WC24NE51,N33.86736 W2.70264,33.86736,2.70264,1332,4/29/2015,April,Other,,0.1484,,WT
WC24NE5,ALF,WC24NE51,N33.86736 W2.70264,33.86736,2.70264,1332,4/29/2015,April,Tenebrionidae Diet,3,0.05096,,WT
WC24NE5,ALF,WC24NE51,N33.86736 W2.70264,33.86736,2.70264,1332,4/29/2015,April,Tenebrionidae Other,0,0,,WT
WC24NE5,ALF,WC24NE52,N33.86744 W2.70212,33.86744,2.70212,1336,4/29/2015,April,Messor,0,0,,WT
WC24NE5,ALF,WC24NE52,N33.86744 W2.70212,33.86744,2.70212,1336,4/29/2015,April,Other,,0.17646,,WT
WC24NE5,ALF,WC24NE52,N33.86744 W2.70212,33.86744,2.70212,1336,4/29/2015,April,Tenebrionidae Diet,2,0.02864,,WT
WC24NE5,ALF,WC24NE52,N33.86744 W2.70212,33.86744,2.70212,1336,4/29/2015,April,Tenebrionidae Other,0,0,,WT
WC24NE5,ALF,WC24NE53,N33.86705 W2.70191,33.86705,2.70191,1334,4/29/2015,April,Messor,0,0,,WT
WC24NE5,ALF,WC24NE53,N33.86705 W2.70191,33.86705,2.70191,1334,4/29/2015,April,Other,,0.81701,,WT
WC24NE5,ALF,WC24NE53,N33.86705 W2.70191,33.86705,2.70191,1334,4/29/2015,April,Tenebrionidae Diet,3,0.05952,,WT
WC24NE5,ALF,WC24NE53,N33.86705 W2.70191,33.86705,2.70191,1334,4/29/2015,April,Tenebrionidae Other,0,0,,WT
WC24NE5,ALF,WC24NE54,N33.86694 W2.70239,33.86694,2.70239,1332,4/29/2015,April,Messor,0,0,,WT
WC24NE5,ALF,WC24NE54,N33.86694 W2.70239,33.86694,2.70239,1332,4/29/2015,April,Other,,0.05677,,WT
WC24NE5,ALF,WC24NE54,N33.86694 W2.70239,33.86694,2.70239,1332,4/29/2015,April,Tenebrionidae Diet,3,0.07109,,WT
WC24NE5,ALF,WC24NE54,N33.86694 W2.70239,33.86694,2.70239,1332,4/29/2015,April,Tenebrionidae Other,0,0,,WT
VB14SW1,REG,VB14SW11,N32.92837 W3.94942,32.92837,3.94942,1034,4/30/2015,April,Messor,0,0,,WT
VB14SW1,REG,VB14SW11,N32.92837 W3.94942,32.92837,3.94942,1034,4/30/2015,April,Other,,0.07996,,WT
VB14SW1,REG,VB14SW11,N32.92837 W3.94942,32.92837,3.94942,1034,4/30/2015,April,Tenebrionidae Diet,0,0,,WT
VB14SW1,REG,VB14SW11,N32.92837 W3.94942,32.92837,3.94942,1034,4/30/2015,April,Tenebrionidae Other,0,0,,WT
VB14SW1,REG,VB14SW12,N32.92810 W3.94900,32.9281,3.949,1034,4/30/2015,April,Messor,0,0,,WT
VB14SW1,REG,VB14SW12,N32.92810 W3.94900,32.9281,3.949,1034,4/30/2015,April,Other,,0.02495,,WT
VB14SW1,REG,VB14SW12,N32.92810 W3.94900,32.9281,3.949,1034,4/30/2015,April,Tenebrionidae Diet,0,0,,WT
VB14SW1,REG,VB14SW12,N32.92810 W3.94900,32.9281,3.949,1034,4/30/2015,April,Tenebrionidae Other,0,0,,WT
VB14SW1,REG,VB14SW13,N32.92775 W3.94929,32.92775,3.94929,1035,4/30/2015,April,Messor,0,0,,WT
VB14SW1,REG,VB14SW13,N32.92775 W3.94929,32.92775,3.94929,1035,4/30/2015,April,Other,,0.08229,,WT
VB14SW1,REG,VB14SW13,N32.92775 W3.94929,32.92775,3.94929,1035,4/30/2015,April,Tenebrionidae Diet,0,0,,WT
VB14SW1,REG,VB14SW13,N32.92775 W3.94929,32.92775,3.94929,1035,4/30/2015,April,Tenebrionidae Other,0,0,,WT
VB14SW1,REG,VB14SW14,N32.92798 W3.94972,32.92798,3.94972,1037,4/30/2015,April,Messor,0,0,,WT
VB14SW1,REG,VB14SW14,N32.92798 W3.94972,32.92798,3.94972,1037,4/30/2015,April,Other,,0.57719,,WT
VB14SW1,REG,VB14SW14,N32.92798 W3.94972,32.92798,3.94972,1037,4/30/2015,April,Tenebrionidae Diet,0,0,,WT
VB14SW1,REG,VB14SW14,N32.92798 W3.94972,32.92798,3.94972,1037,4/30/2015,April,Tenebrionidae Other,0,0,,WT
VB14SW2,REG,VB14SW21,N32.92820 W3.92241,32.9282,3.92241,1040,4/30/2015,April,Messor,0,0,,WT
VB14SW2,REG,VB14SW21,N32.92820 W3.92241,32.9282,3.92241,1040,4/30/2015,April,Other,,0.06919,,WT
VB14SW2,REG,VB14SW21,N32.92820 W3.92241,32.9282,3.92241,1040,4/30/2015,April,Tenebrionidae Diet,0,0,,WT
VB14SW2,REG,VB14SW21,N32.92820 W3.92241,32.9282,3.92241,1040,4/30/2015,April,Tenebrionidae Other,1,0.00332,,WT
VB14SW2,REG,VB14SW22,N32.92849 W3.92217,32.92849,3.92217,1038,4/30/2015,April,Messor,0,0,,WT
VB14SW2,REG,VB14SW22,N32.92849 W3.92217,32.92849,3.92217,1038,4/30/2015,April,Other,,0.01364,,WT
VB14SW2,REG,VB14SW22,N32.92849 W3.92217,32.92849,3.92217,1038,4/30/2015,April,Tenebrionidae Diet,0,0,,WT
VB14SW2,REG,VB14SW22,N32.92849 W3.92217,32.92849,3.92217,1038,4/30/2015,April,Tenebrionidae Other,0,0,,WT
VB14SW2,REG,VB14SW23,N32.92812 W3.92213,32.92812,3.92213,1036,4/30/2015,April,Messor,0,0,,WT
VB14SW2,REG,VB14SW23,N32.92812 W3.92213,32.92812,3.92213,1036,4/30/2015,April,Other,,0.06468,,WT
VB14SW2,REG,VB14SW23,N32.92812 W3.92213,32.92812,3.92213,1036,4/30/2015,April,Tenebrionidae Diet,0,0,,WT
VB14SW2,REG,VB14SW23,N32.92812 W3.92213,32.92812,3.92213,1036,4/30/2015,April,Tenebrionidae Other,0,0,,WT
VB14SW2,REG,VB14SW24,N32.92821 W3.92267,32.92821,3.92267,1038,4/30/2015,April,Messor,0,0,,WT
VB14SW2,REG,VB14SW24,N32.92821 W3.92267,32.92821,3.92267,1038,4/30/2015,April,Other,,0.05897,,WT
VB14SW2,REG,VB14SW24,N32.92821 W3.92267,32.92821,3.92267,1038,4/30/2015,April,Tenebrionidae Diet,0,0,,WT
VB14SW2,REG,VB14SW24,N32.92821 W3.92267,32.92821,3.92267,1038,4/30/2015,April,Tenebrionidae Other,0,0,,WT
VB14SW3,REG,VB14SW31,N32.90604 W3.92205,32.90604,3.92205,1062,4/30/2015,April,Messor,0,0,,WT
VB14SW3,REG,VB14SW31,N32.90604 W3.92205,32.90604,3.92205,1062,4/30/2015,April,Other,,0.11584,,WT
VB14SW3,REG,VB14SW31,N32.90604 W3.92205,32.90604,3.92205,1062,4/30/2015,April,Tenebrionidae Diet,0,0,,WT
VB14SW3,REG,VB14SW31,N32.90604 W3.92205,32.90604,3.92205,1062,4/30/2015,April,Tenebrionidae Other,0,0,,WT
VB14SW3,REG,VB14SW32,N32.90614 W3.92153,32.90614,3.92153,1062,4/30/2015,April,Messor,0,0,,WT
VB14SW3,REG,VB14SW32,N32.90614 W3.92153,32.90614,3.92153,1062,4/30/2015,April,Other,,0.05948,,WT
VB14SW3,REG,VB14SW32,N32.90614 W3.92153,32.90614,3.92153,1062,4/30/2015,April,Tenebrionidae Diet,0,0,,WT
VB14SW3,REG,VB14SW32,N32.90614 W3.92153,32.90614,3.92153,1062,4/30/2015,April,Tenebrionidae Other,0,0,,WT
VB14SW3,REG,VB14SW33,N32.90567 W3.92146,32.90567,3.92146,1062,4/30/2015,April,Messor,0,0,,WT
VB14SW3,REG,VB14SW33,N32.90567 W3.92146,32.90567,3.92146,1062,4/30/2015,April,Other,,0.04283,,WT
VB14SW3,REG,VB14SW33,N32.90567 W3.92146,32.90567,3.92146,1062,4/30/2015,April,Tenebrionidae Diet,0,0,,WT
VB14SW3,REG,VB14SW33,N32.90567 W3.92146,32.90567,3.92146,1062,4/30/2015,April,Tenebrionidae Other,0,0,,WT
VB14SW3,REG,VB14SW34,N32.90561 W3.92193,32.90561,3.92193,1063,4/30/2015,April,Messor,0,0,,WT
VB14SW3,REG,VB14SW34,N32.90561 W3.92193,32.90561,3.92193,1063,4/30/2015,April,Other,,0.03904,,WT
VB14SW3,REG,VB14SW34,N32.90561 W3.92193,32.90561,3.92193,1063,4/30/2015,April,Tenebrionidae Diet,0,0,,WT
VB14SW3,REG,VB14SW34,N32.90561 W3.92193,32.90561,3.92193,1063,4/30/2015,April,Tenebrionidae Other,0,0,,WT
VB14SW4,EPA,VB14SW41,N32.90579 W3.94901,32.90579,3.94901,1048,4/30/2015,April,Messor,0,0,,WT
VB14SW4,EPA,VB14SW41,N32.90579 W3.94901,32.90579,3.94901,1048,4/30/2015,April,Other,,0.31807,,WT
VB14SW4,EPA,VB14SW41,N32.90579 W3.94901,32.90579,3.94901,1048,4/30/2015,April,Tenebrionidae Diet,0,0,,WT
VB14SW4,EPA,VB14SW41,N32.90579 W3.94901,32.90579,3.94901,1048,4/30/2015,April,Tenebrionidae Other,0,0,,WT
VB14SW4,EPA,VB14SW42,N32.90572 W3.94846,32.90572,3.94846,1049,4/30/2015,April,Messor,0,0,,WT
VB14SW4,EPA,VB14SW42,N32.90572 W3.94846,32.90572,3.94846,1049,4/30/2015,April,Other,,0.14676,,WT
VB14SW4,EPA,VB14SW42,N32.90572 W3.94846,32.90572,3.94846,1049,4/30/2015,April,Tenebrionidae Diet,0,0,,WT
VB14SW4,EPA,VB14SW42,N32.90572 W3.94846,32.90572,3.94846,1049,4/30/2015,April,Tenebrionidae Other,0,0,,WT
VB14SW4,EPA,VB14SW43,N32.90532 W3.94851,32.90532,3.94851,1049,4/30/2015,April,Messor,0,0,,WT
VB14SW4,EPA,VB14SW43,N32.90532 W3.94851,32.90532,3.94851,1049,4/30/2015,April,Other,,0.07234,,WT
VB14SW4,EPA,VB14SW43,N32.90532 W3.94851,32.90532,3.94851,1049,4/30/2015,April,Tenebrionidae Diet,0,0,,WT
VB14SW4,EPA,VB14SW43,N32.90532 W3.94851,32.90532,3.94851,1049,4/30/2015,April,Tenebrionidae Other,0,0,,WT
VB14SW4,EPA,VB14SW44,N32.90539 W3.94907,32.90539,3.94907,1049,4/30/2015,April,Messor,0,0,,WT
VB14SW4,EPA,VB14SW44,N32.90539 W3.94907,32.90539,3.94907,1049,4/30/2015,April,Other,,0.0895,,WT
VB14SW4,EPA,VB14SW44,N32.90539 W3.94907,32.90539,3.94907,1049,4/30/2015,April,Tenebrionidae Diet,0,0,,WT
VB14SW4,EPA,VB14SW44,N32.90539 W3.94907,32.90539,3.94907,1049,4/30/2015,April,Tenebrionidae Other,0,0,,WT
VB14SW5,REG,VB14SW51,N32.91728 W3.93573,32.91728,3.93573,1040,4/30/2015,April,Messor,0,0,,WT
VB14SW5,REG,VB14SW51,N32.91728 W3.93573,32.91728,3.93573,1040,4/30/2015,April,Other,,0.09108,,WT
VB14SW5,REG,VB14SW51,N32.91728 W3.93573,32.91728,3.93573,1040,4/30/2015,April,Tenebrionidae Diet,0,0,,WT
VB14SW5,REG,VB14SW51,N32.91728 W3.93573,32.91728,3.93573,1040,4/30/2015,April,Tenebrionidae Other,1,0.00331,,WT
VB14SW5,REG,VB14SW52,N32.91685 W3.93563,32.91685,3.93563,1049,4/30/2015,April,Messor,0,0,,WT
VB14SW5,REG,VB14SW52,N32.91685 W3.93563,32.91685,3.93563,1049,4/30/2015,April,Other,,0.06092,,WT
VB14SW5,REG,VB14SW52,N32.91685 W3.93563,32.91685,3.93563,1049,4/30/2015,April,Tenebrionidae Diet,0,0,,WT
VB14SW5,REG,VB14SW52,N32.91685 W3.93563,32.91685,3.93563,1049,4/30/2015,April,Tenebrionidae Other,0,0,,WT
VB14SW5,REG,VB14SW53,N32.91700 W3.93513,32.917,3.93513,1048,4/30/2015,April,Messor,2,0.00221,,WT
VB14SW5,REG,VB14SW53,N32.91700 W3.93513,32.917,3.93513,1048,4/30/2015,April,Other,,0.08373,,WT
VB14SW5,REG,VB14SW53,N32.91700 W3.93513,32.917,3.93513,1048,4/30/2015,April,Tenebrionidae Diet,0,0,,WT
VB14SW5,REG,VB14SW53,N32.91700 W3.93513,32.917,3.93513,1048,4/30/2015,April,Tenebrionidae Other,0,0,,WT
VB14SW5,REG,VB14SW54,N32.91739 W3.93528,32.91739,3.93528,1048,4/30/2015,April,Messor,0,0,,WT
VB14SW5,REG,VB14SW54,N32.91739 W3.93528,32.91739,3.93528,1048,4/30/2015,April,Other,,0.03433,,WT
VB14SW5,REG,VB14SW54,N32.91739 W3.93528,32.91739,3.93528,1048,4/30/2015,April,Tenebrionidae Diet,0,0,,WT
VB14SW5,REG,VB14SW54,N32.91739 W3.93528,32.91739,3.93528,1048,4/30/2015,April,Tenebrionidae Other,0,0,,WT
VB85SE1,REG,VB85SE11,N33.02225 W3.14701,33.02225,3.14701,1608,4/30/2015,April,Messor,0,0,Jar spilled,NWT
VB85SE1,REG,VB85SE11,N33.02225 W3.14701,33.02225,3.14701,1608,4/30/2015,April,Other,,3.61689,Jar spilled,NWT
VB85SE1,REG,VB85SE11,N33.02225 W3.14701,33.02225,3.14701,1608,4/30/2015,April,Tenebrionidae Diet,3,5.13897,Jar spilled,NWT
VB85SE1,REG,VB85SE11,N33.02225 W3.14701,33.02225,3.14701,1608,4/30/2015,April,Tenebrionidae Other,0,0,Jar spilled,NWT
VB85SE1,REG,VB85SE12,N33.02240 W3.14654,33.0224,3.14654,1611,4/30/2015,April,Messor,2,0.0034,,WT
VB85SE1,REG,VB85SE12,N33.02240 W3.14654,33.0224,3.14654,1611,4/30/2015,April,Other,,5.16673,,WT
VB85SE1,REG,VB85SE12,N33.02240 W3.14654,33.0224,3.14654,1611,4/30/2015,April,Tenebrionidae Diet,1,0.0117,,WT
VB85SE1,REG,VB85SE12,N33.02240 W3.14654,33.0224,3.14654,1611,4/30/2015,April,Tenebrionidae Other,0,0,,WT
VB85SE1,REG,VB85SE13,N33.02195 W3.14638,33.02195,3.14638,1611,4/30/2015,April,Messor,3,0.00302,,WT
VB85SE1,REG,VB85SE13,N33.02195 W3.14638,33.02195,3.14638,1611,4/30/2015,April,Other,,2.59244,,WT
VB85SE1,REG,VB85SE13,N33.02195 W3.14638,33.02195,3.14638,1611,4/30/2015,April,Tenebrionidae Diet,0,0,,WT
VB85SE1,REG,VB85SE13,N33.02195 W3.14638,33.02195,3.14638,1611,4/30/2015,April,Tenebrionidae Other,0,0,,WT
VB85SE1,REG,VB85SE14,N33.02184 W3.14681,33.02184,3.14681,1614,4/30/2015,April,Messor,0,0,,WT
VB85SE1,REG,VB85SE14,N33.02184 W3.14681,33.02184,3.14681,1614,4/30/2015,April,Other,,6.15197,,WT
VB85SE1,REG,VB85SE14,N33.02184 W3.14681,33.02184,3.14681,1614,4/30/2015,April,Tenebrionidae Diet,4,1.69654,,WT
VB85SE1,REG,VB85SE14,N33.02184 W3.14681,33.02184,3.14681,1614,4/30/2015,April,Tenebrionidae Other,0,0,,WT
VB85SE2,REG,VB85SE21,N33.02230 W3.12067,33.0223,3.12067,1620,4/30/2015,April,Messor,,,Jar disappeared,NWT
VB85SE2,REG,VB85SE21,N33.02230 W3.12067,33.0223,3.12067,1620,4/30/2015,April,Other,,,Jar disappeared,NWT
VB85SE2,REG,VB85SE21,N33.02230 W3.12067,33.0223,3.12067,1620,4/30/2015,April,Tenebrionidae Diet,,,Jar disappeared,NWT
VB85SE2,REG,VB85SE21,N33.02230 W3.12067,33.0223,3.12067,1620,4/30/2015,April,Tenebrionidae Other,,,Jar disappeared,NWT
VB85SE2,REG,VB85SE22,N33.02235 W3.12014,33.02235,3.12014,1622,4/30/2015,April,Messor,,,Jar disappeared,NWT
VB85SE2,REG,VB85SE22,N33.02235 W3.12014,33.02235,3.12014,1622,4/30/2015,April,Other,,,Jar disappeared,NWT
VB85SE2,REG,VB85SE22,N33.02235 W3.12014,33.02235,3.12014,1622,4/30/2015,April,Tenebrionidae Diet,,,Jar disappeared,NWT
VB85SE2,REG,VB85SE22,N33.02235 W3.12014,33.02235,3.12014,1622,4/30/2015,April,Tenebrionidae Other,,,Jar disappeared,NWT
VB85SE2,REG,VB85SE23,N33.02197 W3.12003,33.02197,3.12003,1622,4/30/2015,April,Messor,,,Jar disappeared,NWT
VB85SE2,REG,VB85SE23,N33.02197 W3.12003,33.02197,3.12003,1622,4/30/2015,April,Other,,,Jar disappeared,NWT
VB85SE2,REG,VB85SE23,N33.02197 W3.12003,33.02197,3.12003,1622,4/30/2015,April,Tenebrionidae Diet,,,Jar disappeared,NWT
VB85SE2,REG,VB85SE23,N33.02197 W3.12003,33.02197,3.12003,1622,4/30/2015,April,Tenebrionidae Other,,,Jar disappeared,NWT
VB85SE2,REG,VB85SE24,N33.02182 W3.12052,33.02182,3.12052,1620,4/30/2015,April,Messor,0,0,,WT
VB85SE2,REG,VB85SE24,N33.02182 W3.12052,33.02182,3.12052,1620,4/30/2015,April,Other,,2.74184,,WT
VB85SE2,REG,VB85SE24,N33.02182 W3.12052,33.02182,3.12052,1620,4/30/2015,April,Tenebrionidae Diet,1,0.03016,,WT
VB85SE2,REG,VB85SE24,N33.02182 W3.12052,33.02182,3.12052,1620,4/30/2015,April,Tenebrionidae Other,0,0,,WT
VB85SE3,REG,VB85SE31,N32.99997 W3.12066,32.99997,3.12066,1627,4/30/2015,April,Messor,0,0,,WT
VB85SE3,REG,VB85SE31,N32.99997 W3.12066,32.99997,3.12066,1627,4/30/2015,April,Other,,1.3862,,WT
VB85SE3,REG,VB85SE31,N32.99997 W3.12066,32.99997,3.12066,1627,4/30/2015,April,Tenebrionidae Diet,0,0,,WT
VB85SE3,REG,VB85SE31,N32.99997 W3.12066,32.99997,3.12066,1627,4/30/2015,April,Tenebrionidae Other,0,0,,WT
VB85SE3,REG,VB85SE32,N32.99995 W3.12010,32.99995,3.1201,1632,4/30/2015,April,Messor,0,0,,WT
VB85SE3,REG,VB85SE32,N32.99995 W3.12010,32.99995,3.1201,1632,4/30/2015,April,Other,,1.3067,,WT
VB85SE3,REG,VB85SE32,N32.99995 W3.12010,32.99995,3.1201,1632,4/30/2015,April,Tenebrionidae Diet,1,0.03756,,WT
VB85SE3,REG,VB85SE32,N32.99995 W3.12010,32.99995,3.1201,1632,4/30/2015,April,Tenebrionidae Other,0,0,,WT
VB85SE3,REG,VB85SE33,N32.99948 W3.12014,32.99948,3.12014,1630,4/30/2015,April,Messor,0,0,,WT
VB85SE3,REG,VB85SE33,N32.99948 W3.12014,32.99948,3.12014,1630,4/30/2015,April,Other,,7.22079,,WT
VB85SE3,REG,VB85SE33,N32.99948 W3.12014,32.99948,3.12014,1630,4/30/2015,April,Tenebrionidae Diet,9,2.21745,,WT
VB85SE3,REG,VB85SE33,N32.99948 W3.12014,32.99948,3.12014,1630,4/30/2015,April,Tenebrionidae Other,0,0,,WT
VB85SE3,REG,VB85SE34,N32.99953 W3.12060,32.99953,3.1206,1626,4/30/2015,April,Messor,,,Trap destroyed in the field,NWT
VB85SE3,REG,VB85SE34,N32.99953 W3.12060,32.99953,3.1206,1626,4/30/2015,April,Other,,,Trap destroyed in the field,NWT
VB85SE3,REG,VB85SE34,N32.99953 W3.12060,32.99953,3.1206,1626,4/30/2015,April,Tenebrionidae Diet,,,Trap destroyed in the field,NWT
VB85SE3,REG,VB85SE34,N32.99953 W3.12060,32.99953,3.1206,1626,4/30/2015,April,Tenebrionidae Other,,,Trap destroyed in the field,NWT
VB85SE4,REG,VB85SE41,N32.99953 W3.14716,32.99953,3.14716,1640,4/30/2015,April,Messor,,,Trap destroyed in the field,NWT
VB85SE4,REG,VB85SE41,N32.99953 W3.14716,32.99953,3.14716,1640,4/30/2015,April,Other,,,Trap destroyed in the field,NWT
VB85SE4,REG,VB85SE41,N32.99953 W3.14716,32.99953,3.14716,1640,4/30/2015,April,Tenebrionidae Diet,,,Trap destroyed in the field,NWT
VB85SE4,REG,VB85SE41,N32.99953 W3.14716,32.99953,3.14716,1640,4/30/2015,April,Tenebrionidae Other,,,Trap destroyed in the field,NWT
VB85SE4,REG,VB85SE42,N32.99926 W3.14677,32.99926,3.14677,1642,4/30/2015,April,Messor,1,0.00038,,WT
VB85SE4,REG,VB85SE42,N32.99926 W3.14677,32.99926,3.14677,1642,4/30/2015,April,Other,,2.68003,,WT
VB85SE4,REG,VB85SE42,N32.99926 W3.14677,32.99926,3.14677,1642,4/30/2015,April,Tenebrionidae Diet,2,1.97504,,WT
VB85SE4,REG,VB85SE42,N32.99926 W3.14677,32.99926,3.14677,1642,4/30/2015,April,Tenebrionidae Other,0,0,,WT
VB85SE4,REG,VB85SE43,N32.99884 W3.14708,32.99884,3.14708,1643,4/30/2015,April,Messor,8,0.01395,,WT
VB85SE4,REG,VB85SE43,N32.99884 W3.14708,32.99884,3.14708,1643,4/30/2015,April,Other,,4.39875,,WT
VB85SE4,REG,VB85SE43,N32.99884 W3.14708,32.99884,3.14708,1643,4/30/2015,April,Tenebrionidae Diet,1,0.01152,,WT
VB85SE4,REG,VB85SE43,N32.99884 W3.14708,32.99884,3.14708,1643,4/30/2015,April,Tenebrionidae Other,0,0,,WT
VB85SE4,REG,VB85SE44,N32.99907 W3.14739,32.99907,3.14739,1637,4/30/2015,April,Messor,0,0,,NWT
VB85SE4,REG,VB85SE44,N32.99907 W3.14739,32.99907,3.14739,1637,4/30/2015,April,Other,,0.00601,,NWT
VB85SE4,REG,VB85SE44,N32.99907 W3.14739,32.99907,3.14739,1637,4/30/2015,April,Tenebrionidae Diet,0,0,,NWT
VB85SE4,REG,VB85SE44,N32.99907 W3.14739,32.99907,3.14739,1637,4/30/2015,April,Tenebrionidae Other,0,0,,NWT
VB85SE5,REG,VB85SE51,N33.01084 W3.13399,33.01084,3.13399,1624,4/30/2015,April,Messor,0,0,,WT
VB85SE5,REG,VB85SE51,N33.01084 W3.13399,33.01084,3.13399,1624,4/30/2015,April,Other,,5.91835,,WT
VB85SE5,REG,VB85SE51,N33.01084 W3.13399,33.01084,3.13399,1624,4/30/2015,April,Tenebrionidae Diet,1,1.09525,,WT
VB85SE5,REG,VB85SE51,N33.01084 W3.13399,33.01084,3.13399,1624,4/30/2015,April,Tenebrionidae Other,0,0,,WT
VB85SE5,REG,VB85SE52,N33.01053 W3.13369,33.01053,3.13369,1623,4/30/2015,April,Messor,0,0,,WT
VB85SE5,REG,VB85SE52,N33.01053 W3.13369,33.01053,3.13369,1623,4/30/2015,April,Other,,5.176,,WT
VB85SE5,REG,VB85SE52,N33.01053 W3.13369,33.01053,3.13369,1623,4/30/2015,April,Tenebrionidae Diet,1,1.2349,,WT
VB85SE5,REG,VB85SE52,N33.01053 W3.13369,33.01053,3.13369,1623,4/30/2015,April,Tenebrionidae Other,0,0,,WT
VB85SE5,REG,VB85SE53,N33.01022 W3.13411,33.01022,3.13411,1625,4/30/2015,April,Messor,0,0,,WT
VB85SE5,REG,VB85SE53,N33.01022 W3.13411,33.01022,3.13411,1625,4/30/2015,April,Other,,6.44667,,WT
VB85SE5,REG,VB85SE53,N33.01022 W3.13411,33.01022,3.13411,1625,4/30/2015,April,Tenebrionidae Diet,2,1.5692,,WT
VB85SE5,REG,VB85SE53,N33.01022 W3.13411,33.01022,3.13411,1625,4/30/2015,April,Tenebrionidae Other,0,0,,WT
VB85SE5,REG,VB85SE54,N33.01048 W3.13434,33.01048,3.13434,1627,4/30/2015,April,Messor,0,0,,BP
VB85SE5,REG,VB85SE54,N33.01048 W3.13434,33.01048,3.13434,1627,4/30/2015,April,Other,,2.43435,,BP
VB85SE5,REG,VB85SE54,N33.01048 W3.13434,33.01048,3.13434,1627,4/30/2015,April,Tenebrionidae Diet,1,0.22266,,BP
VB85SE5,REG,VB85SE54,N33.01048 W3.13434,33.01048,3.13434,1627,4/30/2015,April,Tenebrionidae Other,0,0,,BP
VB02SE1,REG,VB02SE11,N32.74766 W4.00092,32.74766,4.00092,1243,5/1/2015,April,Messor,0,0,,WT
VB02SE1,REG,VB02SE11,N32.74766 W4.00092,32.74766,4.00092,1243,5/1/2015,April,Other,,0.61836,,WT
VB02SE1,REG,VB02SE11,N32.74766 W4.00092,32.74766,4.00092,1243,5/1/2015,April,Tenebrionidae Diet,1,0.56608,,WT
VB02SE1,REG,VB02SE11,N32.74766 W4.00092,32.74766,4.00092,1243,5/1/2015,April,Tenebrionidae Other,0,0,,WT
VB02SE1,REG,VB02SE12,N32.74736 W4.00046,32.74736,4.00046,1239,5/1/2015,April,Messor,0,0,,WT
VB02SE1,REG,VB02SE12,N32.74736 W4.00046,32.74736,4.00046,1239,5/1/2015,April,Other,,0.12266,,WT
VB02SE1,REG,VB02SE12,N32.74736 W4.00046,32.74736,4.00046,1239,5/1/2015,April,Tenebrionidae Diet,0,0,,WT
VB02SE1,REG,VB02SE12,N32.74736 W4.00046,32.74736,4.00046,1239,5/1/2015,April,Tenebrionidae Other,0,0,,WT
VB02SE1,REG,VB02SE13,N32.74702 W4.00076,32.74702,4.00076,1242,5/1/2015,April,Messor,0,0,,WT
VB02SE1,REG,VB02SE13,N32.74702 W4.00076,32.74702,4.00076,1242,5/1/2015,April,Other,,0.47512,,WT
VB02SE1,REG,VB02SE13,N32.74702 W4.00076,32.74702,4.00076,1242,5/1/2015,April,Tenebrionidae Diet,0,0,,WT
VB02SE1,REG,VB02SE13,N32.74702 W4.00076,32.74702,4.00076,1242,5/1/2015,April,Tenebrionidae Other,0,0,,WT
VB02SE1,REG,VB02SE14,N32.74727 W4.00115,32.74727,4.00115,1244,5/1/2015,April,Messor,0,0,,WT
VB02SE1,REG,VB02SE14,N32.74727 W4.00115,32.74727,4.00115,1244,5/1/2015,April,Other,,0.06261,,WT
VB02SE1,REG,VB02SE14,N32.74727 W4.00115,32.74727,4.00115,1244,5/1/2015,April,Tenebrionidae Diet,0,0,,WT
VB02SE1,REG,VB02SE14,N32.74727 W4.00115,32.74727,4.00115,1244,5/1/2015,April,Tenebrionidae Other,0,0,,WT
VB02SE2,REG,VB02SE21,N32.74785 W3.97404,32.74785,3.97404,1248,5/1/2015,April,Messor,0,0,,WT
VB02SE2,REG,VB02SE21,N32.74785 W3.97404,32.74785,3.97404,1248,5/1/2015,April,Other,,1.07609,,WT
VB02SE2,REG,VB02SE21,N32.74785 W3.97404,32.74785,3.97404,1248,5/1/2015,April,Tenebrionidae Diet,1,0.0081,,WT
VB02SE2,REG,VB02SE21,N32.74785 W3.97404,32.74785,3.97404,1248,5/1/2015,April,Tenebrionidae Other,0,0,,WT
VB02SE2,REG,VB02SE22,N32.74783 W3.97352,32.74783,3.97352,1249,5/1/2015,April,Messor,0,0,,WT
VB02SE2,REG,VB02SE22,N32.74783 W3.97352,32.74783,3.97352,1249,5/1/2015,April,Other,,0.13533,,WT
VB02SE2,REG,VB02SE22,N32.74783 W3.97352,32.74783,3.97352,1249,5/1/2015,April,Tenebrionidae Diet,1,0.60493,,WT
VB02SE2,REG,VB02SE22,N32.74783 W3.97352,32.74783,3.97352,1249,5/1/2015,April,Tenebrionidae Other,0,0,,WT
VB02SE2,REG,VB02SE23,N32.74735 W3.97371,32.74735,3.97371,1251,5/1/2015,April,Messor,0,0,,WT
VB02SE2,REG,VB02SE23,N32.74735 W3.97371,32.74735,3.97371,1251,5/1/2015,April,Other,,0.1193,,WT
VB02SE2,REG,VB02SE23,N32.74735 W3.97371,32.74735,3.97371,1251,5/1/2015,April,Tenebrionidae Diet,0,0,,WT
VB02SE2,REG,VB02SE23,N32.74735 W3.97371,32.74735,3.97371,1251,5/1/2015,April,Tenebrionidae Other,0,0,,WT
VB02SE2,REG,VB02SE24,N32.74743 W3.97413,32.74743,3.97413,1251,5/1/2015,April,Messor,0,0,,WT
VB02SE2,REG,VB02SE24,N32.74743 W3.97413,32.74743,3.97413,1251,5/1/2015,April,Other,,0.18632,,WT
VB02SE2,REG,VB02SE24,N32.74743 W3.97413,32.74743,3.97413,1251,5/1/2015,April,Tenebrionidae Diet,0,0,,WT
VB02SE2,REG,VB02SE24,N32.74743 W3.97413,32.74743,3.97413,1251,5/1/2015,April,Tenebrionidae Other,0,0,,WT
VB02SE3,REG,VB02SE31,N32.72507 W3.97363,32.72507,3.97363,1310,5/1/2015,April,Messor,0,0,,WT
VB02SE3,REG,VB02SE31,N32.72507 W3.97363,32.72507,3.97363,1310,5/1/2015,April,Other,,0.35371,,WT
VB02SE3,REG,VB02SE31,N32.72507 W3.97363,32.72507,3.97363,1310,5/1/2015,April,Tenebrionidae Diet,0,0,,WT
VB02SE3,REG,VB02SE31,N32.72507 W3.97363,32.72507,3.97363,1310,5/1/2015,April,Tenebrionidae Other,0,0,,WT
VB02SE3,REG,VB02SE32,N32.72493 W3.97316,32.72493,3.97316,1310,5/1/2015,April,Messor,0,0,,WT
VB02SE3,REG,VB02SE32,N32.72493 W3.97316,32.72493,3.97316,1310,5/1/2015,April,Other,,0.8202,,WT
VB02SE3,REG,VB02SE32,N32.72493 W3.97316,32.72493,3.97316,1310,5/1/2015,April,Tenebrionidae Diet,0,0,,WT
VB02SE3,REG,VB02SE32,N32.72493 W3.97316,32.72493,3.97316,1310,5/1/2015,April,Tenebrionidae Other,0,0,,WT
VB02SE3,REG,VB02SE33,N32.72454 W3.97339,32.72454,3.97339,1310,5/1/2015,April,Messor,0,0,,WT
VB02SE3,REG,VB02SE33,N32.72454 W3.97339,32.72454,3.97339,1310,5/1/2015,April,Other,,0.05252,,WT
VB02SE3,REG,VB02SE33,N32.72454 W3.97339,32.72454,3.97339,1310,5/1/2015,April,Tenebrionidae Diet,0,0,,WT
VB02SE3,REG,VB02SE33,N32.72454 W3.97339,32.72454,3.97339,1310,5/1/2015,April,Tenebrionidae Other,0,0,,WT
VB02SE3,REG,VB02SE34,N32.72474 W3.97383,32.72474,3.97383,1311,5/1/2015,April,Messor,0,0,,WT
VB02SE3,REG,VB02SE34,N32.72474 W3.97383,32.72474,3.97383,1311,5/1/2015,April,Other,,0.22648,,WT
VB02SE3,REG,VB02SE34,N32.72474 W3.97383,32.72474,3.97383,1311,5/1/2015,April,Tenebrionidae Diet,0,0,,WT
VB02SE3,REG,VB02SE34,N32.72474 W3.97383,32.72474,3.97383,1311,5/1/2015,April,Tenebrionidae Other,0,0,,WT
VB02SE4,ALF,VB02SE41,N32.72484 W4.00028,32.72484,4.00028,1308,5/1/2015,April,Messor,0,0,,WT
VB02SE4,ALF,VB02SE41,N32.72484 W4.00028,32.72484,4.00028,1308,5/1/2015,April,Other,,0.14031,,WT
VB02SE4,ALF,VB02SE41,N32.72484 W4.00028,32.72484,4.00028,1308,5/1/2015,April,Tenebrionidae Diet,0,0,,WT
VB02SE4,ALF,VB02SE41,N32.72484 W4.00028,32.72484,4.00028,1308,5/1/2015,April,Tenebrionidae Other,0,0,,WT
VB02SE4,ALF,VB02SE42,N32.72478 W3.99975,32.72478,3.99975,1309,5/1/2015,April,Messor,0,0,,WT
VB02SE4,ALF,VB02SE42,N32.72478 W3.99975,32.72478,3.99975,1309,5/1/2015,April,Other,,0.0278,,WT
VB02SE4,ALF,VB02SE42,N32.72478 W3.99975,32.72478,3.99975,1309,5/1/2015,April,Tenebrionidae Diet,0,0,,WT
VB02SE4,ALF,VB02SE42,N32.72478 W3.99975,32.72478,3.99975,1309,5/1/2015,April,Tenebrionidae Other,0,0,,WT
VB02SE4,ALF,VB02SE43,N32.72429 W3.99980,32.72429,3.9998,1307,5/1/2015,April,Messor,0,0,,WT
VB02SE4,ALF,VB02SE43,N32.72429 W3.99980,32.72429,3.9998,1307,5/1/2015,April,Other,,0.07139,,WT
VB02SE4,ALF,VB02SE43,N32.72429 W3.99980,32.72429,3.9998,1307,5/1/2015,April,Tenebrionidae Diet,0,0,,WT
VB02SE4,ALF,VB02SE43,N32.72429 W3.99980,32.72429,3.9998,1307,5/1/2015,April,Tenebrionidae Other,0,0,,WT
VB02SE4,ALF,VB02SE44,N32.72434 W4.00026,32.72434,4.00026,1305,5/1/2015,April,Messor,0,0,,WT
VB02SE4,ALF,VB02SE44,N32.72434 W4.00026,32.72434,4.00026,1305,5/1/2015,April,Other,,0.47411,,WT
VB02SE4,ALF,VB02SE44,N32.72434 W4.00026,32.72434,4.00026,1305,5/1/2015,April,Tenebrionidae Diet,0,0,,WT
VB02SE4,ALF,VB02SE44,N32.72434 W4.00026,32.72434,4.00026,1305,5/1/2015,April,Tenebrionidae Other,0,0,,WT
VB02SE5,EPA,VB02SE51,N32.73640 W3.98738,32.7364,3.98738,1271,5/1/2015,April,Messor,0,0,,WT
VB02SE5,EPA,VB02SE51,N32.73640 W3.98738,32.7364,3.98738,1271,5/1/2015,April,Other,,0.15697,,WT
VB02SE5,EPA,VB02SE51,N32.73640 W3.98738,32.7364,3.98738,1271,5/1/2015,April,Tenebrionidae Diet,0,0,,WT
VB02SE5,EPA,VB02SE51,N32.73640 W3.98738,32.7364,3.98738,1271,5/1/2015,April,Tenebrionidae Other,0,0,,WT
VB02SE5,EPA,VB02SE52,N32.73637 W3.98682,32.73637,3.98682,1271,5/1/2015,April,Messor,0,0,,WT
VB02SE5,EPA,VB02SE52,N32.73637 W3.98682,32.73637,3.98682,1271,5/1/2015,April,Other,,0.08282,,WT
VB02SE5,EPA,VB02SE52,N32.73637 W3.98682,32.73637,3.98682,1271,5/1/2015,April,Tenebrionidae Diet,0,0,,WT
VB02SE5,EPA,VB02SE52,N32.73637 W3.98682,32.73637,3.98682,1271,5/1/2015,April,Tenebrionidae Other,0,0,,WT
VB02SE5,EPA,VB02SE53,N32.73590 W3.98689,32.7359,3.98689,1271,5/1/2015,April,Messor,0,0,,WT
VB02SE5,EPA,VB02SE53,N32.73590 W3.98689,32.7359,3.98689,1271,5/1/2015,April,Other,,1.37451,,WT
VB02SE5,EPA,VB02SE53,N32.73590 W3.98689,32.7359,3.98689,1271,5/1/2015,April,Tenebrionidae Diet,0,0,,WT
VB02SE5,EPA,VB02SE53,N32.73590 W3.98689,32.7359,3.98689,1271,5/1/2015,April,Tenebrionidae Other,0,0,,WT
VB02SE5,EPA,VB02SE54,N32.73597 W3.98743,32.73597,3.98743,1269,5/1/2015,April,Messor,0,0,,WT
VB02SE5,EPA,VB02SE54,N32.73597 W3.98743,32.73597,3.98743,1269,5/1/2015,April,Other,,1.45666,,WT
VB02SE5,EPA,VB02SE54,N32.73597 W3.98743,32.73597,3.98743,1269,5/1/2015,April,Tenebrionidae Diet,0,0,,WT
VB02SE5,EPA,VB02SE54,N32.73597 W3.98743,32.73597,3.98743,1269,5/1/2015,April,Tenebrionidae Other,0,0,,WT
VB84NW1,REG,VB84NW11,N32.97675 W3.20088,32.97675,3.20088,1678,5/1/2015,April,Messor,0,0,,WT
VB84NW1,REG,VB84NW11,N32.97675 W3.20088,32.97675,3.20088,1678,5/1/2015,April,Other,,3.03952,,WT
VB84NW1,REG,VB84NW11,N32.97675 W3.20088,32.97675,3.20088,1678,5/1/2015,April,Tenebrionidae Diet,1,0.01711,,WT
VB84NW1,REG,VB84NW11,N32.97675 W3.20088,32.97675,3.20088,1678,5/1/2015,April,Tenebrionidae Other,0,0,,WT
VB84NW1,REG,VB84NW12,N32.97648 W3.20057,32.97648,3.20057,1679,5/1/2015,April,Messor,0,0,,WT
VB84NW1,REG,VB84NW12,N32.97648 W3.20057,32.97648,3.20057,1679,5/1/2015,April,Other,,7.01531,,WT
VB84NW1,REG,VB84NW12,N32.97648 W3.20057,32.97648,3.20057,1679,5/1/2015,April,Tenebrionidae Diet,1,0.01123,,WT
VB84NW1,REG,VB84NW12,N32.97648 W3.20057,32.97648,3.20057,1679,5/1/2015,April,Tenebrionidae Other,0,0,,WT
VB84NW1,REG,VB84NW13,N32.97615 W3.20109,32.97615,3.20109,1680,5/1/2015,April,Messor,0,0,,WT
VB84NW1,REG,VB84NW13,N32.97615 W3.20109,32.97615,3.20109,1680,5/1/2015,April,Other,,6.17973,,WT
VB84NW1,REG,VB84NW13,N32.97615 W3.20109,32.97615,3.20109,1680,5/1/2015,April,Tenebrionidae Diet,0,0,,WT
VB84NW1,REG,VB84NW13,N32.97615 W3.20109,32.97615,3.20109,1680,5/1/2015,April,Tenebrionidae Other,1,0.0038,,WT
VB84NW1,REG,VB84NW14,N32.97652 W3.20148,32.97652,3.20148,1678,5/1/2015,April,Messor,,,Jar disappeared,NWT
VB84NW1,REG,VB84NW14,N32.97652 W3.20148,32.97652,3.20148,1678,5/1/2015,April,Other,,,Jar disappeared,NWT
VB84NW1,REG,VB84NW14,N32.97652 W3.20148,32.97652,3.20148,1678,5/1/2015,April,Tenebrionidae Diet,,,Jar disappeared,NWT
VB84NW1,REG,VB84NW14,N32.97652 W3.20148,32.97652,3.20148,1678,5/1/2015,April,Tenebrionidae Other,,,Jar disappeared,NWT
VB84NW2,REG,VB84NW21,N32.97704 W3.17403,32.97704,3.17403,1660,5/1/2015,April,Messor,0,0,,WT
VB84NW2,REG,VB84NW21,N32.97704 W3.17403,32.97704,3.17403,1660,5/1/2015,April,Other,,3.95541,,WT
VB84NW2,REG,VB84NW21,N32.97704 W3.17403,32.97704,3.17403,1660,5/1/2015,April,Tenebrionidae Diet,3,0.03713,,WT
VB84NW2,REG,VB84NW21,N32.97704 W3.17403,32.97704,3.17403,1660,5/1/2015,April,Tenebrionidae Other,0,0,,WT
VB84NW2,REG,VB84NW22,N32.97704 W3.17352,32.97704,3.17352,1659,5/1/2015,April,Messor,1,0.00173,,WT
VB84NW2,REG,VB84NW22,N32.97704 W3.17352,32.97704,3.17352,1659,5/1/2015,April,Other,,4.31126,,WT
VB84NW2,REG,VB84NW22,N32.97704 W3.17352,32.97704,3.17352,1659,5/1/2015,April,Tenebrionidae Diet,7,2.43049,,WT
VB84NW2,REG,VB84NW22,N32.97704 W3.17352,32.97704,3.17352,1659,5/1/2015,April,Tenebrionidae Other,0,0,,WT
VB84NW2,REG,VB84NW23,N32.97657 W3.17357,32.97657,3.17357,1657,5/1/2015,April,Messor,0,0,,WT
VB84NW2,REG,VB84NW23,N32.97657 W3.17357,32.97657,3.17357,1657,5/1/2015,April,Other,,2.58786,,WT
VB84NW2,REG,VB84NW23,N32.97657 W3.17357,32.97657,3.17357,1657,5/1/2015,April,Tenebrionidae Diet,3,0.19327,,WT
VB84NW2,REG,VB84NW23,N32.97657 W3.17357,32.97657,3.17357,1657,5/1/2015,April,Tenebrionidae Other,0,0,,WT
VB84NW2,REG,VB84NW24,N32.97652 W3.17399,32.97652,3.17399,1659,5/1/2015,April,Messor,0,0,,WT
VB84NW2,REG,VB84NW24,N32.97652 W3.17399,32.97652,3.17399,1659,5/1/2015,April,Other,,1.97466,,WT
VB84NW2,REG,VB84NW24,N32.97652 W3.17399,32.97652,3.17399,1659,5/1/2015,April,Tenebrionidae Diet,11,0.35092,,WT
VB84NW2,REG,VB84NW24,N32.97652 W3.17399,32.97652,3.17399,1659,5/1/2015,April,Tenebrionidae Other,0,0,,WT
VB84NW3,REG,VB84NW31,N32.95861 W3.17567,32.95861,3.17567,1732,5/1/2015,April,Messor,0,0,,WT
VB84NW3,REG,VB84NW31,N32.95861 W3.17567,32.95861,3.17567,1732,5/1/2015,April,Other,,0.01886,,WT
VB84NW3,REG,VB84NW31,N32.95861 W3.17567,32.95861,3.17567,1732,5/1/2015,April,Tenebrionidae Diet,4,0.17133,,WT
VB84NW3,REG,VB84NW31,N32.95861 W3.17567,32.95861,3.17567,1732,5/1/2015,April,Tenebrionidae Other,0,0,,WT
VB84NW3,REG,VB84NW32,N32.95833 W3.17531,32.95833,3.17531,1730,5/1/2015,April,Messor,3,0.00207,,WT
VB84NW3,REG,VB84NW32,N32.95833 W3.17531,32.95833,3.17531,1730,5/1/2015,April,Other,,0.81026,,WT
VB84NW3,REG,VB84NW32,N32.95833 W3.17531,32.95833,3.17531,1730,5/1/2015,April,Tenebrionidae Diet,1,0.01116,,WT
VB84NW3,REG,VB84NW32,N32.95833 W3.17531,32.95833,3.17531,1730,5/1/2015,April,Tenebrionidae Other,0,0,,WT
VB84NW3,REG,VB84NW33,N32.95803 W3.17569,32.95803,3.17569,1729,5/1/2015,April,Messor,0,0,,WT
VB84NW3,REG,VB84NW33,N32.95803 W3.17569,32.95803,3.17569,1729,5/1/2015,April,Other,,0.37942,,WT
VB84NW3,REG,VB84NW33,N32.95803 W3.17569,32.95803,3.17569,1729,5/1/2015,April,Tenebrionidae Diet,0,0,,WT
VB84NW3,REG,VB84NW33,N32.95803 W3.17569,32.95803,3.17569,1729,5/1/2015,April,Tenebrionidae Other,0,0,,WT
VB84NW3,REG,VB84NW34,N32.95832 W3.17605,32.95832,3.17605,1727,5/1/2015,April,Messor,0,0,,WT
VB84NW3,REG,VB84NW34,N32.95832 W3.17605,32.95832,3.17605,1727,5/1/2015,April,Other,,0.9718,,WT
VB84NW3,REG,VB84NW34,N32.95832 W3.17605,32.95832,3.17605,1727,5/1/2015,April,Tenebrionidae Diet,11,0.92198,,WT
VB84NW3,REG,VB84NW34,N32.95832 W3.17605,32.95832,3.17605,1727,5/1/2015,April,Tenebrionidae Other,0,0,,WT
VB84NW4,REG,VB84NW41,N32.95232 W3.19749,32.95232,3.19749,1658,5/1/2015,April,Messor,,,Jar disappeared,NWT
VB84NW4,REG,VB84NW41,N32.95232 W3.19749,32.95232,3.19749,1658,5/1/2015,April,Other,,,Jar disappeared,NWT
VB84NW4,REG,VB84NW41,N32.95232 W3.19749,32.95232,3.19749,1658,5/1/2015,April,Tenebrionidae Diet,,,Jar disappeared,NWT
VB84NW4,REG,VB84NW41,N32.95232 W3.19749,32.95232,3.19749,1658,5/1/2015,April,Tenebrionidae Other,,,Jar disappeared,NWT
VB84NW4,REG,VB84NW42,N32.95201 W3.19714,32.95201,3.19714,1658,5/1/2015,April,Messor,,,Jar disappeared,NWT
VB84NW4,REG,VB84NW42,N32.95201 W3.19714,32.95201,3.19714,1658,5/1/2015,April,Other,,,Jar disappeared,NWT
VB84NW4,REG,VB84NW42,N32.95201 W3.19714,32.95201,3.19714,1658,5/1/2015,April,Tenebrionidae Diet,,,Jar disappeared,NWT
VB84NW4,REG,VB84NW42,N32.95201 W3.19714,32.95201,3.19714,1658,5/1/2015,April,Tenebrionidae Other,,,Jar disappeared,NWT
VB84NW4,REG,VB84NW43,N32.95170 W3.19753,32.9517,3.19753,1656,5/1/2015,April,Messor,1,0.00096,,WT
VB84NW4,REG,VB84NW43,N32.95170 W3.19753,32.9517,3.19753,1656,5/1/2015,April,Other,,0.7152,,WT
VB84NW4,REG,VB84NW43,N32.95170 W3.19753,32.9517,3.19753,1656,5/1/2015,April,Tenebrionidae Diet,0,0,,WT
VB84NW4,REG,VB84NW43,N32.95170 W3.19753,32.9517,3.19753,1656,5/1/2015,April,Tenebrionidae Other,0,0,,WT
VB84NW4,REG,VB84NW44,N32.95196 W3.19782,32.95196,3.19782,1656,5/1/2015,April,Messor,3,0.00488,,WT
VB84NW4,REG,VB84NW44,N32.95196 W3.19782,32.95196,3.19782,1656,5/1/2015,April,Other,,0.21993,,WT
VB84NW4,REG,VB84NW44,N32.95196 W3.19782,32.95196,3.19782,1656,5/1/2015,April,Tenebrionidae Diet,0,0,,WT
VB84NW4,REG,VB84NW44,N32.95196 W3.19782,32.95196,3.19782,1656,5/1/2015,April,Tenebrionidae Other,0,0,,WT
VB84NW5,ALF,VB84NW51,N32.96347 W3.19312,32.96347,3.19312,1682,5/1/2015,April,Messor,0,0,,WT
VB84NW5,ALF,VB84NW51,N32.96347 W3.19312,32.96347,3.19312,1682,5/1/2015,April,Other,,0.01088,,WT
VB84NW5,ALF,VB84NW51,N32.96347 W3.19312,32.96347,3.19312,1682,5/1/2015,April,Tenebrionidae Diet,0,0,,WT
VB84NW5,ALF,VB84NW51,N32.96347 W3.19312,32.96347,3.19312,1682,5/1/2015,April,Tenebrionidae Other,0,0,,WT
VB84NW5,ALF,VB84NW52,N32.96342 W3.19273,32.96342,3.19273,1681,5/1/2015,April,Messor,0,0,,WT
VB84NW5,ALF,VB84NW52,N32.96342 W3.19273,32.96342,3.19273,1681,5/1/2015,April,Other,,0.47897,,WT
VB84NW5,ALF,VB84NW52,N32.96342 W3.19273,32.96342,3.19273,1681,5/1/2015,April,Tenebrionidae Diet,0,0,,WT
VB84NW5,ALF,VB84NW52,N32.96342 W3.19273,32.96342,3.19273,1681,5/1/2015,April,Tenebrionidae Other,1,0.00236,,WT
VB84NW5,ALF,VB84NW53,N32.96297 W3.19284,32.96297,3.19284,1686,5/1/2015,April,Messor,0,0,,WT
VB84NW5,ALF,VB84NW53,N32.96297 W3.19284,32.96297,3.19284,1686,5/1/2015,April,Other,,0.011,,WT
VB84NW5,ALF,VB84NW53,N32.96297 W3.19284,32.96297,3.19284,1686,5/1/2015,April,Tenebrionidae Diet,0,0,,WT
VB84NW5,ALF,VB84NW53,N32.96297 W3.19284,32.96297,3.19284,1686,5/1/2015,April,Tenebrionidae Other,0,0,,WT
VB84NW5,ALF,VB84NW54,N32.96301 W3.19324,32.96301,3.19324,1686,5/1/2015,April,Messor,0,0,,WT
VB84NW5,ALF,VB84NW54,N32.96301 W3.19324,32.96301,3.19324,1686,5/1/2015,April,Other,,0.02695,,WT
VB84NW5,ALF,VB84NW54,N32.96301 W3.19324,32.96301,3.19324,1686,5/1/2015,April,Tenebrionidae Diet,0,0,,WT
VB84NW5,ALF,VB84NW54,N32.96301 W3.19324,32.96301,3.19324,1686,5/1/2015,April,Tenebrionidae Other,0,0,,WT
UB24SW1,REG,UB24SW11,N32.91747 W4.91167,32.91747,4.91167,1509,5/2/2015,April,Messor,0,0,,WT
UB24SW1,REG,UB24SW11,N32.91747 W4.91167,32.91747,4.91167,1509,5/2/2015,April,Other,,4.18962,,WT
UB24SW1,REG,UB24SW11,N32.91747 W4.91167,32.91747,4.91167,1509,5/2/2015,April,Tenebrionidae Diet,6,0.81912,,WT
UB24SW1,REG,UB24SW11,N32.91747 W4.91167,32.91747,4.91167,1509,5/2/2015,April,Tenebrionidae Other,0,0,,WT
UB24SW1,REG,UB24SW12,N32.91754 W4.91112,32.91754,4.91112,1524,5/2/2015,April,Messor,0,0,,WT
UB24SW1,REG,UB24SW12,N32.91754 W4.91112,32.91754,4.91112,1524,5/2/2015,April,Other,,1.12929,,WT
UB24SW1,REG,UB24SW12,N32.91754 W4.91112,32.91754,4.91112,1524,5/2/2015,April,Tenebrionidae Diet,3,1.51968,,WT
UB24SW1,REG,UB24SW12,N32.91754 W4.91112,32.91754,4.91112,1524,5/2/2015,April,Tenebrionidae Other,0,0,,WT
UB24SW1,REG,UB24SW13,N32.91713 W4.91102,32.91713,4.91102,1525,5/2/2015,April,Messor,0,0,,WT
UB24SW1,REG,UB24SW13,N32.91713 W4.91102,32.91713,4.91102,1525,5/2/2015,April,Other,,1.9331,,WT
UB24SW1,REG,UB24SW13,N32.91713 W4.91102,32.91713,4.91102,1525,5/2/2015,April,Tenebrionidae Diet,6,0.63927,,WT
UB24SW1,REG,UB24SW13,N32.91713 W4.91102,32.91713,4.91102,1525,5/2/2015,April,Tenebrionidae Other,0,0,,WT
UB24SW1,REG,UB24SW14,N32.91705 W4.91159,32.91705,4.91159,1525,5/2/2015,April,Messor,1,0.00063,,WT
UB24SW1,REG,UB24SW14,N32.91705 W4.91159,32.91705,4.91159,1525,5/2/2015,April,Other,,1.35872,,WT
UB24SW1,REG,UB24SW14,N32.91705 W4.91159,32.91705,4.91159,1525,5/2/2015,April,Tenebrionidae Diet,0,0,,WT
UB24SW1,REG,UB24SW14,N32.91705 W4.91159,32.91705,4.91159,1525,5/2/2015,April,Tenebrionidae Other,0,0,,WT
UB24SW2,REG,UB24SW21,N32.91781 W4.88501,32.91781,4.88501,1517,5/2/2015,April,Messor,0,0,,WT
UB24SW2,REG,UB24SW21,N32.91781 W4.88501,32.91781,4.88501,1517,5/2/2015,April,Other,,0.67309,,WT
UB24SW2,REG,UB24SW21,N32.91781 W4.88501,32.91781,4.88501,1517,5/2/2015,April,Tenebrionidae Diet,0,0,,WT
UB24SW2,REG,UB24SW21,N32.91781 W4.88501,32.91781,4.88501,1517,5/2/2015,April,Tenebrionidae Other,0,0,,WT
UB24SW2,REG,UB24SW22,N32.91751 W4.88460,32.91751,4.8846,1520,5/2/2015,April,Messor,0,0,,WT
UB24SW2,REG,UB24SW22,N32.91751 W4.88460,32.91751,4.8846,1520,5/2/2015,April,Other,,1.98309,,WT
UB24SW2,REG,UB24SW22,N32.91751 W4.88460,32.91751,4.8846,1520,5/2/2015,April,Tenebrionidae Diet,4,1.43743,,WT
UB24SW2,REG,UB24SW22,N32.91751 W4.88460,32.91751,4.8846,1520,5/2/2015,April,Tenebrionidae Other,0,0,,WT
UB24SW2,REG,UB24SW23,N32.91723 W4.88494,32.91723,4.88494,1515,5/2/2015,April,Messor,2,0.00282,,WT
UB24SW2,REG,UB24SW23,N32.91723 W4.88494,32.91723,4.88494,1515,5/2/2015,April,Other,,0.567,,WT
UB24SW2,REG,UB24SW23,N32.91723 W4.88494,32.91723,4.88494,1515,5/2/2015,April,Tenebrionidae Diet,0,0,,WT
UB24SW2,REG,UB24SW23,N32.91723 W4.88494,32.91723,4.88494,1515,5/2/2015,April,Tenebrionidae Other,0,0,,WT
UB24SW2,REG,UB24SW24,N32.91750 W4.88533,32.9175,4.88533,1511,5/2/2015,April,Messor,0,0,,WT
UB24SW2,REG,UB24SW24,N32.91750 W4.88533,32.9175,4.88533,1511,5/2/2015,April,Other,,0.98047,,WT
UB24SW2,REG,UB24SW24,N32.91750 W4.88533,32.9175,4.88533,1511,5/2/2015,April,Tenebrionidae Diet,0,0,,WT
UB24SW2,REG,UB24SW24,N32.91750 W4.88533,32.9175,4.88533,1511,5/2/2015,April,Tenebrionidae Other,0,0,,WT
UB24SW3,EPA,UB24SW31,N32.89505 W4.88427,32.89505,4.88427,1446,5/2/2015,April,Messor,0,0,,WT
UB24SW3,EPA,UB24SW31,N32.89505 W4.88427,32.89505,4.88427,1446,5/2/2015,April,Other,,0.79622,,WT
UB24SW3,EPA,UB24SW31,N32.89505 W4.88427,32.89505,4.88427,1446,5/2/2015,April,Tenebrionidae Diet,0,0,,WT
UB24SW3,EPA,UB24SW31,N32.89505 W4.88427,32.89505,4.88427,1446,5/2/2015,April,Tenebrionidae Other,0,0,,WT
UB24SW3,EPA,UB24SW32,N32.89506 W4.88386,32.89506,4.88386,1450,5/2/2015,April,Messor,0,0,,WT
UB24SW3,EPA,UB24SW32,N32.89506 W4.88386,32.89506,4.88386,1450,5/2/2015,April,Other,,0.30958,,WT
UB24SW3,EPA,UB24SW32,N32.89506 W4.88386,32.89506,4.88386,1450,5/2/2015,April,Tenebrionidae Diet,0,0,,WT
UB24SW3,EPA,UB24SW32,N32.89506 W4.88386,32.89506,4.88386,1450,5/2/2015,April,Tenebrionidae Other,0,0,,WT
UB24SW3,EPA,UB24SW33,N32.89465 W4.88406,32.89465,4.88406,1438,5/2/2015,April,Messor,0,0,,WT
UB24SW3,EPA,UB24SW33,N32.89465 W4.88406,32.89465,4.88406,1438,5/2/2015,April,Other,,4.35971,,WT
UB24SW3,EPA,UB24SW33,N32.89465 W4.88406,32.89465,4.88406,1438,5/2/2015,April,Tenebrionidae Diet,0,0,,WT
UB24SW3,EPA,UB24SW33,N32.89465 W4.88406,32.89465,4.88406,1438,5/2/2015,April,Tenebrionidae Other,0,0,,WT
UB24SW3,EPA,UB24SW34,N32.89477 W4.88454,32.89477,4.88454,1444,5/2/2015,April,Messor,0,0,,WT
UB24SW3,EPA,UB24SW34,N32.89477 W4.88454,32.89477,4.88454,1444,5/2/2015,April,Other,,4.2823,,WT
UB24SW3,EPA,UB24SW34,N32.89477 W4.88454,32.89477,4.88454,1444,5/2/2015,April,Tenebrionidae Diet,1,1.39803,,WT
UB24SW3,EPA,UB24SW34,N32.89477 W4.88454,32.89477,4.88454,1444,5/2/2015,April,Tenebrionidae Other,0,0,,WT
UB24SW4,EPA,UB24SW41,N32.89479 W4.91111,32.89479,4.91111,1463,5/2/2015,April,Messor,0,0,,WT
UB24SW4,EPA,UB24SW41,N32.89479 W4.91111,32.89479,4.91111,1463,5/2/2015,April,Other,,0.90941,,WT
UB24SW4,EPA,UB24SW41,N32.89479 W4.91111,32.89479,4.91111,1463,5/2/2015,April,Tenebrionidae Diet,0,0,,WT
UB24SW4,EPA,UB24SW41,N32.89479 W4.91111,32.89479,4.91111,1463,5/2/2015,April,Tenebrionidae Other,0,0,,WT
UB24SW4,EPA,UB24SW42,N32.89471 W4.91060,32.89471,4.9106,1458,5/2/2015,April,Messor,0,0,,WT
UB24SW4,EPA,UB24SW42,N32.89471 W4.91060,32.89471,4.9106,1458,5/2/2015,April,Other,,0.80064,,WT
UB24SW4,EPA,UB24SW42,N32.89471 W4.91060,32.89471,4.9106,1458,5/2/2015,April,Tenebrionidae Diet,2,0.17046,,WT
UB24SW4,EPA,UB24SW42,N32.89471 W4.91060,32.89471,4.9106,1458,5/2/2015,April,Tenebrionidae Other,0,0,,WT
UB24SW4,EPA,UB24SW43,N32.89430 W4.91073,32.8943,4.91073,1458,5/2/2015,April,Messor,1,0.00141,,WT
UB24SW4,EPA,UB24SW43,N32.89430 W4.91073,32.8943,4.91073,1458,5/2/2015,April,Other,,4.70273,,WT
UB24SW4,EPA,UB24SW43,N32.89430 W4.91073,32.8943,4.91073,1458,5/2/2015,April,Tenebrionidae Diet,0,0,,WT
UB24SW4,EPA,UB24SW43,N32.89430 W4.91073,32.8943,4.91073,1458,5/2/2015,April,Tenebrionidae Other,0,0,,WT
UB24SW4,EPA,UB24SW44,N32.89437 W4.91123,32.89437,4.91123,1457,5/2/2015,April,Messor,0,0,,WT
UB24SW4,EPA,UB24SW44,N32.89437 W4.91123,32.89437,4.91123,1457,5/2/2015,April,Other,,0.95763,,WT
UB24SW4,EPA,UB24SW44,N32.89437 W4.91123,32.89437,4.91123,1457,5/2/2015,April,Tenebrionidae Diet,1,0.06465,,WT
UB24SW4,EPA,UB24SW44,N32.89437 W4.91123,32.89437,4.91123,1457,5/2/2015,April,Tenebrionidae Other,0,0,,WT
UB24SW5,REG,UB24SW51,N32.90639 W4.89868,32.90639,4.89868,1480,5/2/2015,April,Messor,0,0,,WT
UB24SW5,REG,UB24SW51,N32.90639 W4.89868,32.90639,4.89868,1480,5/2/2015,April,Other,,0.79123,,WT
UB24SW5,REG,UB24SW51,N32.90639 W4.89868,32.90639,4.89868,1480,5/2/2015,April,Tenebrionidae Diet,0,0,,WT
UB24SW5,REG,UB24SW51,N32.90639 W4.89868,32.90639,4.89868,1480,5/2/2015,April,Tenebrionidae Other,0,0,,WT
UB24SW5,REG,UB24SW52,N32.90639 W4.89818,32.90639,4.89818,1479,5/2/2015,April,Messor,0,0,,WT
UB24SW5,REG,UB24SW52,N32.90639 W4.89818,32.90639,4.89818,1479,5/2/2015,April,Tenebrionidae Diet,1,0.03731,,WT
UB24SW5,REG,UB24SW53,N32.90596 W4.89816,32.90596,4.89816,1479,5/2/2015,April,Messor,2,0.00089,,WT
UB24SW5,REG,UB24SW53,N32.90596 W4.89816,32.90596,4.89816,1479,5/2/2015,April,Other,,0.95477,,WT
UB24SW5,REG,UB24SW53,N32.90596 W4.89816,32.90596,4.89816,1479,5/2/2015,April,Tenebrionidae Diet,0,0,,WT
UB24SW5,REG,UB24SW53,N32.90596 W4.89816,32.90596,4.89816,1479,5/2/2015,April,Tenebrionidae Other,0,0,,WT
UB24SW5,REG,UB24SW54,N32.90598 W4.89869,32.90598,4.89869,1479,5/2/2015,April,Messor,3,0.00313,,WT
UB24SW5,REG,UB24SW54,N32.90598 W4.89869,32.90598,4.89869,1479,5/2/2015,April,Other,,0.3992,,WT
UB24SW5,REG,UB24SW54,N32.90598 W4.89869,32.90598,4.89869,1479,5/2/2015,April,Tenebrionidae Diet,1,0.08223,,WT
UB24SW5,REG,UB24SW54,N32.90598 W4.89869,32.90598,4.89869,1479,5/2/2015,April,Tenebrionidae Other,0,0,,WT
WB61NE1,ALF,WB61NE11,N32.70452 W2.29322,32.70452,2.29322,1438,5/2/2015,April,Messor,5,0.00652,,WT
WB61NE1,ALF,WB61NE11,N32.70452 W2.29322,32.70452,2.29322,1438,5/2/2015,April,Other,,0.32606,,WT
WB61NE1,ALF,WB61NE11,N32.70452 W2.29322,32.70452,2.29322,1438,5/2/2015,April,Tenebrionidae Diet,3,0.12316,,WT
WB61NE1,ALF,WB61NE11,N32.70452 W2.29322,32.70452,2.29322,1438,5/2/2015,April,Tenebrionidae Other,1,0.00276,,WT
WB61NE1,ALF,WB61NE12,N32.70439 W2.29259,32.70439,2.29259,1438,5/2/2015,April,Messor,2,0.00339,,WT
WB61NE1,ALF,WB61NE12,N32.70439 W2.29259,32.70439,2.29259,1438,5/2/2015,April,Other,,0.16536,,WT
WB61NE1,ALF,WB61NE12,N32.70439 W2.29259,32.70439,2.29259,1438,5/2/2015,April,Tenebrionidae Diet,6,0.28625,,WT
WB61NE1,ALF,WB61NE12,N32.70439 W2.29259,32.70439,2.29259,1438,5/2/2015,April,Tenebrionidae Other,1,0.00272,,WT
WB61NE1,ALF,WB61NE13,N32.70403 W2.29272,32.70403,2.29272,1439,5/2/2015,April,Messor,1,0.00067,,WT
WB61NE1,ALF,WB61NE13,N32.70403 W2.29272,32.70403,2.29272,1439,5/2/2015,April,Other,,0.03842,,WT
WB61NE1,ALF,WB61NE13,N32.70403 W2.29272,32.70403,2.29272,1439,5/2/2015,April,Tenebrionidae Diet,2,0.05211,,WT
WB61NE1,ALF,WB61NE13,N32.70403 W2.29272,32.70403,2.29272,1439,5/2/2015,April,Tenebrionidae Other,1,0.0024,,WT
WB61NE1,ALF,WB61NE14,N32.70405 W2.29323,32.70405,2.29323,1440,5/2/2015,April,Messor,6,0.00565,,WT
WB61NE1,ALF,WB61NE14,N32.70405 W2.29323,32.70405,2.29323,1440,5/2/2015,April,Other,,0.45938,,WT
WB61NE1,ALF,WB61NE14,N32.70405 W2.29323,32.70405,2.29323,1440,5/2/2015,April,Tenebrionidae Diet,1,0.05323,,WT
WB61NE1,ALF,WB61NE14,N32.70405 W2.29323,32.70405,2.29323,1440,5/2/2015,April,Tenebrionidae Other,0,0,,WT
WB61NE2,ALF,WB61NE21,N32.70424 W2.26634,32.70424,2.26634,1466,5/2/2015,April,Messor,0,0,,WT
WB61NE2,ALF,WB61NE21,N32.70424 W2.26634,32.70424,2.26634,1466,5/2/2015,April,Other,,0.03293,,WT
WB61NE2,ALF,WB61NE21,N32.70424 W2.26634,32.70424,2.26634,1466,5/2/2015,April,Tenebrionidae Diet,0,0,,WT
WB61NE2,ALF,WB61NE21,N32.70424 W2.26634,32.70424,2.26634,1466,5/2/2015,April,Tenebrionidae Other,0,0,,WT
WB61NE2,ALF,WB61NE22,N32.70404 W2.26575,32.70404,2.26575,1465,5/2/2015,April,Messor,0,0,,WT
WB61NE2,ALF,WB61NE22,N32.70404 W2.26575,32.70404,2.26575,1465,5/2/2015,April,Other,,0.16662,,WT
WB61NE2,ALF,WB61NE22,N32.70404 W2.26575,32.70404,2.26575,1465,5/2/2015,April,Tenebrionidae Diet,0,0,,WT
WB61NE2,ALF,WB61NE22,N32.70404 W2.26575,32.70404,2.26575,1465,5/2/2015,April,Tenebrionidae Other,0,0,,WT
WB61NE2,ALF,WB61NE23,N32.70367 W2.26598,32.70367,2.26598,1463,5/2/2015,April,Messor,1,0.00222,,WT
WB61NE2,ALF,WB61NE23,N32.70367 W2.26598,32.70367,2.26598,1463,5/2/2015,April,Other,,1.20508,,WT
WB61NE2,ALF,WB61NE23,N32.70367 W2.26598,32.70367,2.26598,1463,5/2/2015,April,Tenebrionidae Diet,2,2.45137,,WT
WB61NE2,ALF,WB61NE23,N32.70367 W2.26598,32.70367,2.26598,1463,5/2/2015,April,Tenebrionidae Other,0,0,,WT
WB61NE2,ALF,WB61NE24,N32.70392 W2.26623,32.70392,2.26623,1463,5/2/2015,April,Messor,7,0.00709,,WT
WB61NE2,ALF,WB61NE24,N32.70392 W2.26623,32.70392,2.26623,1463,5/2/2015,April,Other,,0.32363,,WT
WB61NE2,ALF,WB61NE24,N32.70392 W2.26623,32.70392,2.26623,1463,5/2/2015,April,Tenebrionidae Diet,0,0,,WT
WB61NE2,ALF,WB61NE24,N32.70392 W2.26623,32.70392,2.26623,1463,5/2/2015,April,Tenebrionidae Other,0,0,,WT
WB61NE3,ALF,WB61NE31,N32.68708 W2.25530,32.68708,2.2553,1525,5/2/2015,April,Messor,0,0,,WT
WB61NE3,ALF,WB61NE31,N32.68708 W2.25530,32.68708,2.2553,1525,5/2/2015,April,Other,,0.07712,,WT
WB61NE3,ALF,WB61NE31,N32.68708 W2.25530,32.68708,2.2553,1525,5/2/2015,April,Tenebrionidae Diet,0,0,,WT
WB61NE3,ALF,WB61NE31,N32.68708 W2.25530,32.68708,2.2553,1525,5/2/2015,April,Tenebrionidae Other,0,0,,WT
WB61NE3,ALF,WB61NE32,N32.68685 W2.25488,32.68685,2.25488,1528,5/2/2015,April,Messor,0,0,,WT
WB61NE3,ALF,WB61NE32,N32.68685 W2.25488,32.68685,2.25488,1528,5/2/2015,April,Other,,0.82138,,WT
WB61NE3,ALF,WB61NE32,N32.68685 W2.25488,32.68685,2.25488,1528,5/2/2015,April,Tenebrionidae Diet,1,1.02853,,WT
WB61NE3,ALF,WB61NE32,N32.68685 W2.25488,32.68685,2.25488,1528,5/2/2015,April,Tenebrionidae Other,0,0,,WT
WB61NE3,ALF,WB61NE33,N32.68646 W2.25523,32.68646,2.25523,1527,5/2/2015,April,Messor,0,0,,WT
WB61NE3,ALF,WB61NE33,N32.68646 W2.25523,32.68646,2.25523,1527,5/2/2015,April,Other,,0.2545,,WT
WB61NE3,ALF,WB61NE33,N32.68646 W2.25523,32.68646,2.25523,1527,5/2/2015,April,Tenebrionidae Diet,0,0,,WT
WB61NE3,ALF,WB61NE33,N32.68646 W2.25523,32.68646,2.25523,1527,5/2/2015,April,Tenebrionidae Other,0,0,,WT
WB61NE3,ALF,WB61NE34,N32.68683 W2.25578,32.68683,2.25578,1525,5/2/2015,April,Messor,0,0,,WT
WB61NE3,ALF,WB61NE34,N32.68683 W2.25578,32.68683,2.25578,1525,5/2/2015,April,Other,,0.05991,,WT
WB61NE3,ALF,WB61NE34,N32.68683 W2.25578,32.68683,2.25578,1525,5/2/2015,April,Tenebrionidae Diet,1,0.00922,,WT
WB61NE3,ALF,WB61NE34,N32.68683 W2.25578,32.68683,2.25578,1525,5/2/2015,April,Tenebrionidae Other,0,0,,WT
WB61NE4,ALF,WB61NE41,N32.68205 W2.29343,32.68205,2.29343,1463,5/2/2015,April,Messor,2,0.00161,,WT
WB61NE4,ALF,WB61NE41,N32.68205 W2.29343,32.68205,2.29343,1463,5/2/2015,April,Other,,1.03091,,WT
WB61NE4,ALF,WB61NE41,N32.68205 W2.29343,32.68205,2.29343,1463,5/2/2015,April,Tenebrionidae Diet,0,0,,WT
WB61NE4,ALF,WB61NE41,N32.68205 W2.29343,32.68205,2.29343,1463,5/2/2015,April,Tenebrionidae Other,0,0,,WT
WB61NE4,ALF,WB61NE42,N32.68208 W2.29310,32.68208,2.2931,1463,5/2/2015,April,Messor,0,0,,WT
WB61NE4,ALF,WB61NE42,N32.68208 W2.29310,32.68208,2.2931,1463,5/2/2015,April,Other,,0.16742,,WT
WB61NE4,ALF,WB61NE42,N32.68208 W2.29310,32.68208,2.2931,1463,5/2/2015,April,Tenebrionidae Diet,5,0.11028,,WT
WB61NE4,ALF,WB61NE42,N32.68208 W2.29310,32.68208,2.2931,1463,5/2/2015,April,Tenebrionidae Other,0,0,,WT
WB61NE4,ALF,WB61NE43,N32.68156 W2.29300,32.68156,2.293,1463,5/2/2015,April,Messor,0,0,,WT
WB61NE4,ALF,WB61NE43,N32.68156 W2.29300,32.68156,2.293,1463,5/2/2015,April,Other,,0.07336,,WT
WB61NE4,ALF,WB61NE43,N32.68156 W2.29300,32.68156,2.293,1463,5/2/2015,April,Tenebrionidae Diet,2,0.10898,,WT
WB61NE4,ALF,WB61NE43,N32.68156 W2.29300,32.68156,2.293,1463,5/2/2015,April,Tenebrionidae Other,0,0,,WT
WB61NE4,ALF,WB61NE44,N32.68159 W2.29362,32.68159,2.29362,1457,5/2/2015,April,Messor,6,0.00635,,WT
WB61NE4,ALF,WB61NE44,N32.68159 W2.29362,32.68159,2.29362,1457,5/2/2015,April,Other,,0.10895,,WT
WB61NE4,ALF,WB61NE44,N32.68159 W2.29362,32.68159,2.29362,1457,5/2/2015,April,Tenebrionidae Diet,0,0,,WT
WB61NE4,ALF,WB61NE44,N32.68159 W2.29362,32.68159,2.29362,1457,5/2/2015,April,Tenebrionidae Other,0,0,,WT
WB61NE5,ALF,WB61NE51,N32.69328 W2.27979,32.69328,2.27979,1462,5/2/2015,April,Messor,32,0.03939,,WT
WB61NE5,ALF,WB61NE51,N32.69328 W2.27979,32.69328,2.27979,1462,5/2/2015,April,Other,,0.08716,,WT
WB61NE5,ALF,WB61NE51,N32.69328 W2.27979,32.69328,2.27979,1462,5/2/2015,April,Tenebrionidae Diet,4,0.14794,,WT
WB61NE5,ALF,WB61NE51,N32.69328 W2.27979,32.69328,2.27979,1462,5/2/2015,April,Tenebrionidae Other,0,0,,WT
WB61NE5,ALF,WB61NE52,N32.69320 W2.27930,32.6932,2.2793,1464,5/2/2015,April,Messor,7,0.0085,,WT
WB61NE5,ALF,WB61NE52,N32.69320 W2.27930,32.6932,2.2793,1464,5/2/2015,April,Other,,0.36039,,WT
WB61NE5,ALF,WB61NE52,N32.69320 W2.27930,32.6932,2.2793,1464,5/2/2015,April,Tenebrionidae Diet,1,0.00689,,WT
WB61NE5,ALF,WB61NE52,N32.69320 W2.27930,32.6932,2.2793,1464,5/2/2015,April,Tenebrionidae Other,0,0,,WT
WB61NE5,ALF,WB61NE53,N32.69281 W2.27926,32.69281,2.27926,1463,5/2/2015,April,Messor,6,0.00776,,WT
WB61NE5,ALF,WB61NE53,N32.69281 W2.27926,32.69281,2.27926,1463,5/2/2015,April,Other,,0.08457,,WT
WB61NE5,ALF,WB61NE53,N32.69281 W2.27926,32.69281,2.27926,1463,5/2/2015,April,Tenebrionidae Diet,0,0,,WT
WB61NE5,ALF,WB61NE53,N32.69281 W2.27926,32.69281,2.27926,1463,5/2/2015,April,Tenebrionidae Other,0,0,,WT
WB61NE5,ALF,WB61NE54,N32.69286 W2.27998,32.69286,2.27998,1463,5/2/2015,April,Messor,22,0.02171,,WT
WB61NE5,ALF,WB61NE54,N32.69286 W2.27998,32.69286,2.27998,1463,5/2/2015,April,Other,,0.23125,,WT
WB61NE5,ALF,WB61NE54,N32.69286 W2.27998,32.69286,2.27998,1463,5/2/2015,April,Tenebrionidae Diet,1,0.2144,,WT
WB61NE5,ALF,WB61NE54,N32.69286 W2.27998,32.69286,2.27998,1463,5/2/2015,April,Tenebrionidae Other,0,0,,WT
VC52SE1,REG,VC52SE11,N33.65271 W3.47184,33.65271,3.47184,882,5/4/2015,April,Messor,0,0,,WT
VC52SE1,REG,VC52SE11,N33.65271 W3.47184,33.65271,3.47184,882,5/4/2015,April,Other,,0.05049,,WT
VC52SE1,REG,VC52SE11,N33.65271 W3.47184,33.65271,3.47184,882,5/4/2015,April,Tenebrionidae Diet,0,0,,WT
VC52SE1,REG,VC52SE11,N33.65271 W3.47184,33.65271,3.47184,882,5/4/2015,April,Tenebrionidae Other,0,0,,WT
VC52SE1,REG,VC52SE12,N33.65269 W3.47128,33.65269,3.47128,883,5/4/2015,April,Messor,0,0,,WT
VC52SE1,REG,VC52SE12,N33.65269 W3.47128,33.65269,3.47128,883,5/4/2015,April,Other,,0.04199,,WT
VC52SE1,REG,VC52SE12,N33.65269 W3.47128,33.65269,3.47128,883,5/4/2015,April,Tenebrionidae Diet,0,0,,WT
VC52SE1,REG,VC52SE12,N33.65269 W3.47128,33.65269,3.47128,883,5/4/2015,April,Tenebrionidae Other,0,0,,WT
VC52SE1,REG,VC52SE13,N33.65225 W3.47128,33.65225,3.47128,881,5/4/2015,April,Messor,0,0,,WT
VC52SE1,REG,VC52SE13,N33.65225 W3.47128,33.65225,3.47128,881,5/4/2015,April,Other,,0.59231,,WT
VC52SE1,REG,VC52SE13,N33.65225 W3.47128,33.65225,3.47128,881,5/4/2015,April,Tenebrionidae Diet,0,0,,WT
VC52SE1,REG,VC52SE13,N33.65225 W3.47128,33.65225,3.47128,881,5/4/2015,April,Tenebrionidae Other,0,0,,WT
VC52SE1,REG,VC52SE14,N33.65227 W3.47178,33.65227,3.47178,879,5/4/2015,April,Messor,0,0,,WT
VC52SE1,REG,VC52SE14,N33.65227 W3.47178,33.65227,3.47178,879,5/4/2015,April,Other,,0.1769,,WT
VC52SE1,REG,VC52SE14,N33.65227 W3.47178,33.65227,3.47178,879,5/4/2015,April,Tenebrionidae Diet,0,0,,WT
VC52SE1,REG,VC52SE14,N33.65227 W3.47178,33.65227,3.47178,879,5/4/2015,April,Tenebrionidae Other,0,0,,WT
VC52SE2,REG,VC52SE21,N33.65283 W3.44492,33.65283,3.44492,808,5/4/2015,April,Messor,0,0,,WT
VC52SE2,REG,VC52SE21,N33.65283 W3.44492,33.65283,3.44492,808,5/4/2015,April,Other,,0.33714,,WT
VC52SE2,REG,VC52SE21,N33.65283 W3.44492,33.65283,3.44492,808,5/4/2015,April,Tenebrionidae Diet,0,0,,WT
VC52SE2,REG,VC52SE21,N33.65283 W3.44492,33.65283,3.44492,808,5/4/2015,April,Tenebrionidae Other,0,0,,WT
VC52SE2,REG,VC52SE22,N33.65254 W3.44450,33.65254,3.4445,805,5/4/2015,April,Messor,1,0.00054,,WT
VC52SE2,REG,VC52SE22,N33.65254 W3.44450,33.65254,3.4445,805,5/4/2015,April,Other,,0.17134,,WT
VC52SE2,REG,VC52SE22,N33.65254 W3.44450,33.65254,3.4445,805,5/4/2015,April,Tenebrionidae Diet,0,0,,WT
VC52SE2,REG,VC52SE22,N33.65254 W3.44450,33.65254,3.4445,805,5/4/2015,April,Tenebrionidae Other,0,0,,WT
VC52SE2,REG,VC52SE23,N33.65221 W3.44480,33.65221,3.4448,809,5/4/2015,April,Messor,24,0.07494,,WT
VC52SE2,REG,VC52SE23,N33.65221 W3.44480,33.65221,3.4448,809,5/4/2015,April,Other,,0.08712,,WT
VC52SE2,REG,VC52SE23,N33.65221 W3.44480,33.65221,3.4448,809,5/4/2015,April,Tenebrionidae Diet,0,0,,WT
VC52SE2,REG,VC52SE23,N33.65221 W3.44480,33.65221,3.4448,809,5/4/2015,April,Tenebrionidae Other,0,0,,WT
VC52SE2,REG,VC52SE24,N33.65246 W3.44524,33.65246,3.44524,807,5/4/2015,April,Messor,0,0,,WT
VC52SE2,REG,VC52SE24,N33.65246 W3.44524,33.65246,3.44524,807,5/4/2015,April,Other,,0.48779,,WT
VC52SE2,REG,VC52SE24,N33.65246 W3.44524,33.65246,3.44524,807,5/4/2015,April,Tenebrionidae Diet,0,0,,WT
VC52SE2,REG,VC52SE24,N33.65246 W3.44524,33.65246,3.44524,807,5/4/2015,April,Tenebrionidae Other,0,0,,WT
VC52SE3,REG,VC52SE31,N33.63023 W3.44488,33.63023,3.44488,866,5/4/2015,April,Messor,0,0,,WT
VC52SE3,REG,VC52SE31,N33.63023 W3.44488,33.63023,3.44488,866,5/4/2015,April,Other,,0.2181,,WT
VC52SE3,REG,VC52SE31,N33.63023 W3.44488,33.63023,3.44488,866,5/4/2015,April,Tenebrionidae Diet,0,0,,WT
VC52SE3,REG,VC52SE31,N33.63023 W3.44488,33.63023,3.44488,866,5/4/2015,April,Tenebrionidae Other,0,0,,WT
VC52SE3,REG,VC52SE32,N33.62979 W3.44484,33.62979,3.44484,866,5/4/2015,April,Messor,0,0,,WT
VC52SE3,REG,VC52SE32,N33.62979 W3.44484,33.62979,3.44484,866,5/4/2015,April,Other,,0.09229,,WT
VC52SE3,REG,VC52SE32,N33.62979 W3.44484,33.62979,3.44484,866,5/4/2015,April,Tenebrionidae Diet,0,0,,WT
VC52SE3,REG,VC52SE32,N33.62979 W3.44484,33.62979,3.44484,866,5/4/2015,April,Tenebrionidae Other,0,0,,WT
VC52SE3,REG,VC52SE33,N33.62976 W3.44534,33.62976,3.44534,862,5/4/2015,April,Messor,0,0,,WT
VC52SE3,REG,VC52SE33,N33.62976 W3.44534,33.62976,3.44534,862,5/4/2015,April,Other,,0.17613,,WT
VC52SE3,REG,VC52SE33,N33.62976 W3.44534,33.62976,3.44534,862,5/4/2015,April,Tenebrionidae Diet,0,0,,WT
VC52SE3,REG,VC52SE33,N33.62976 W3.44534,33.62976,3.44534,862,5/4/2015,April,Tenebrionidae Other,0,0,,WT
VC52SE3,REG,VC52SE34,N33.63011 W3.44535,33.63011,3.44535,861,5/4/2015,April,Messor,0,0,,WT
VC52SE3,REG,VC52SE34,N33.63011 W3.44535,33.63011,3.44535,861,5/4/2015,April,Other,,0.06385,,WT
VC52SE3,REG,VC52SE34,N33.63011 W3.44535,33.63011,3.44535,861,5/4/2015,April,Tenebrionidae Diet,0,0,,WT
VC52SE3,REG,VC52SE34,N33.63011 W3.44535,33.63011,3.44535,861,5/4/2015,April,Tenebrionidae Other,0,0,,WT
VC52SE4,REG,VC52SE41,N33.63016 W3.47177,33.63016,3.47177,838,5/4/2015,April,Messor,0,0,,WT
VC52SE4,REG,VC52SE41,N33.63016 W3.47177,33.63016,3.47177,838,5/4/2015,April,Other,,0.20778,,WT
VC52SE4,REG,VC52SE41,N33.63016 W3.47177,33.63016,3.47177,838,5/4/2015,April,Tenebrionidae Diet,0,0,,WT
VC52SE4,REG,VC52SE41,N33.63016 W3.47177,33.63016,3.47177,838,5/4/2015,April,Tenebrionidae Other,0,0,,WT
VC52SE4,REG,VC52SE42,N33.62994 W3.47131,33.62994,3.47131,838,5/4/2015,April,Messor,0,0,,WT
VC52SE4,REG,VC52SE42,N33.62994 W3.47131,33.62994,3.47131,838,5/4/2015,April,Other,,0.03409,,WT
VC52SE4,REG,VC52SE42,N33.62994 W3.47131,33.62994,3.47131,838,5/4/2015,April,Tenebrionidae Diet,0,0,,WT
VC52SE4,REG,VC52SE42,N33.62994 W3.47131,33.62994,3.47131,838,5/4/2015,April,Tenebrionidae Other,0,0,,WT
VC52SE4,REG,VC52SE43,N33.62957 W3.47155,33.62957,3.47155,835,5/4/2015,April,Messor,0,0,,WT
VC52SE4,REG,VC52SE43,N33.62957 W3.47155,33.62957,3.47155,835,5/4/2015,April,Other,,0.03443,,WT
VC52SE4,REG,VC52SE43,N33.62957 W3.47155,33.62957,3.47155,835,5/4/2015,April,Tenebrionidae Diet,0,0,,WT
VC52SE4,REG,VC52SE43,N33.62957 W3.47155,33.62957,3.47155,835,5/4/2015,April,Tenebrionidae Other,0,0,,WT
VC52SE4,REG,VC52SE44,N33.62980 W3.47203,33.6298,3.47203,835,5/4/2015,April,Messor,7,0.01242,,WT
VC52SE4,REG,VC52SE44,N33.62980 W3.47203,33.6298,3.47203,835,5/4/2015,April,Other,,0.05796,,WT
VC52SE4,REG,VC52SE44,N33.62980 W3.47203,33.6298,3.47203,835,5/4/2015,April,Tenebrionidae Diet,0,0,,WT
VC52SE4,REG,VC52SE44,N33.62980 W3.47203,33.6298,3.47203,835,5/4/2015,April,Tenebrionidae Other,0,0,,WT
VC52SE5,REG,VC52SE51,N33.64152 W3.45841,33.64152,3.45841,843,5/4/2015,April,Messor,0,0,,WT
VC52SE5,REG,VC52SE51,N33.64152 W3.45841,33.64152,3.45841,843,5/4/2015,April,Other,,0.084,,WT
VC52SE5,REG,VC52SE51,N33.64152 W3.45841,33.64152,3.45841,843,5/4/2015,April,Tenebrionidae Diet,0,0,,WT
VC52SE5,REG,VC52SE51,N33.64152 W3.45841,33.64152,3.45841,843,5/4/2015,April,Tenebrionidae Other,0,0,,WT
VC52SE5,REG,VC52SE52,N33.64138 W3.45794,33.64138,3.45794,840,5/4/2015,April,Messor,0,0,,WT
VC52SE5,REG,VC52SE52,N33.64138 W3.45794,33.64138,3.45794,840,5/4/2015,April,Other,,0.02649,,WT
VC52SE5,REG,VC52SE52,N33.64138 W3.45794,33.64138,3.45794,840,5/4/2015,April,Tenebrionidae Diet,0,0,,WT
VC52SE5,REG,VC52SE52,N33.64138 W3.45794,33.64138,3.45794,840,5/4/2015,April,Tenebrionidae Other,0,0,,WT
VC52SE5,REG,VC52SE53,N33.64042 W3.45809,33.64042,3.45809,840,5/4/2015,April,Messor,0,0,,WT
VC52SE5,REG,VC52SE53,N33.64042 W3.45809,33.64042,3.45809,840,5/4/2015,April,Other,,0.19308,,WT
VC52SE5,REG,VC52SE53,N33.64042 W3.45809,33.64042,3.45809,840,5/4/2015,April,Tenebrionidae Diet,0,0,,WT
VC52SE5,REG,VC52SE53,N33.64042 W3.45809,33.64042,3.45809,840,5/4/2015,April,Tenebrionidae Other,0,0,,WT
VC52SE5,REG,VC52SE54,N33.64053 W3.45853,33.64053,3.45853,840,5/4/2015,April,Messor,0,0,,WT
VC52SE5,REG,VC52SE54,N33.64053 W3.45853,33.64053,3.45853,840,5/4/2015,April,Other,,0.0347,,WT
VC52SE5,REG,VC52SE54,N33.64053 W3.45853,33.64053,3.45853,840,5/4/2015,April,Tenebrionidae Diet,0,0,,WT
VC52SE5,REG,VC52SE54,N33.64053 W3.45853,33.64053,3.45853,840,5/4/2015,April,Tenebrionidae Other,0,0,,WT
WC43NE1,EPA,WC43NE11,N33.78798 W2.50083,33.78798,2.50083,1103,5/5/2015,April,Messor,1,0.00441,,WT
WC43NE1,EPA,WC43NE11,N33.78798 W2.50083,33.78798,2.50083,1103,5/5/2015,April,Other,,2.16812,,WT
WC43NE1,EPA,WC43NE11,N33.78798 W2.50083,33.78798,2.50083,1103,5/5/2015,April,Tenebrionidae Diet,0,0,,WT
WC43NE1,EPA,WC43NE11,N33.78798 W2.50083,33.78798,2.50083,1103,5/5/2015,April,Tenebrionidae Other,1,0.0008,,WT
WC43NE1,EPA,WC43NE12,N33.78839 W2.50066,33.78839,2.50066,1111,5/5/2015,April,Messor,0,0,,WT
WC43NE1,EPA,WC43NE12,N33.78839 W2.50066,33.78839,2.50066,1111,5/5/2015,April,Other,,0.82519,,WT
WC43NE1,EPA,WC43NE12,N33.78839 W2.50066,33.78839,2.50066,1111,5/5/2015,April,Tenebrionidae Diet,0,0,,WT
WC43NE1,EPA,WC43NE12,N33.78839 W2.50066,33.78839,2.50066,1111,5/5/2015,April,Tenebrionidae Other,0,0,,WT
WC43NE1,EPA,WC43NE13,N33.78823 W2.50020,33.78823,2.5002,1111,5/5/2015,April,Messor,0,0,,WT
WC43NE1,EPA,WC43NE13,N33.78823 W2.50020,33.78823,2.5002,1111,5/5/2015,April,Other,,0.87123,,WT
WC43NE1,EPA,WC43NE13,N33.78823 W2.50020,33.78823,2.5002,1111,5/5/2015,April,Tenebrionidae Diet,0,0,,WT
WC43NE1,EPA,WC43NE13,N33.78823 W2.50020,33.78823,2.5002,1111,5/5/2015,April,Tenebrionidae Other,0,0,,WT
WC43NE1,EPA,WC43NE14,N33.78777 W2.50032,33.78777,2.50032,1109,5/5/2015,April,Messor,2,0.00291,,WT
WC43NE1,EPA,WC43NE14,N33.78777 W2.50032,33.78777,2.50032,1109,5/5/2015,April,Other,,0.538,,WT
WC43NE1,EPA,WC43NE14,N33.78777 W2.50032,33.78777,2.50032,1109,5/5/2015,April,Tenebrionidae Diet,0,0,,WT
WC43NE1,EPA,WC43NE14,N33.78777 W2.50032,33.78777,2.50032,1109,5/5/2015,April,Tenebrionidae Other,0,0,,WT
WC43NE2,EPA,WC43NE21,N33.78770 W2.47344,33.7877,2.47344,1109,5/5/2015,April,Messor,5,0.00729,,WT
WC43NE2,EPA,WC43NE21,N33.78770 W2.47344,33.7877,2.47344,1109,5/5/2015,April,Other,,0.40844,,WT
WC43NE2,EPA,WC43NE21,N33.78770 W2.47344,33.7877,2.47344,1109,5/5/2015,April,Tenebrionidae Diet,1,0.13803,,WT
WC43NE2,EPA,WC43NE21,N33.78770 W2.47344,33.7877,2.47344,1109,5/5/2015,April,Tenebrionidae Other,0,0,,WT
WC43NE2,EPA,WC43NE22,N33.78794 W2.47300,33.78794,2.473,1111,5/5/2015,April,Messor,1,0.00056,,WT
WC43NE2,EPA,WC43NE22,N33.78794 W2.47300,33.78794,2.473,1111,5/5/2015,April,Other,,1.00363,,WT
WC43NE2,EPA,WC43NE22,N33.78794 W2.47300,33.78794,2.473,1111,5/5/2015,April,Tenebrionidae Diet,1,0.01117,,WT
WC43NE2,EPA,WC43NE22,N33.78794 W2.47300,33.78794,2.473,1111,5/5/2015,April,Tenebrionidae Other,0,0,,WT
WC43NE2,EPA,WC43NE23,N33.78760 W2.47270,33.7876,2.4727,1108,5/5/2015,April,Messor,0,0,,WT
WC43NE2,EPA,WC43NE23,N33.78760 W2.47270,33.7876,2.4727,1108,5/5/2015,April,Other,,1.98834,,WT
WC43NE2,EPA,WC43NE23,N33.78760 W2.47270,33.7876,2.4727,1108,5/5/2015,April,Tenebrionidae Diet,0,0,,WT
WC43NE2,EPA,WC43NE23,N33.78760 W2.47270,33.7876,2.4727,1108,5/5/2015,April,Tenebrionidae Other,0,0,,WT
WC43NE2,EPA,WC43NE24,N33.78729 W2.47314,33.78729,2.47314,1107,5/5/2015,April,Messor,4,0.00364,,WT
WC43NE2,EPA,WC43NE24,N33.78729 W2.47314,33.78729,2.47314,1107,5/5/2015,April,Other,,1.38386,,WT
WC43NE2,EPA,WC43NE24,N33.78729 W2.47314,33.78729,2.47314,1107,5/5/2015,April,Tenebrionidae Diet,0,0,,WT
WC43NE2,EPA,WC43NE24,N33.78729 W2.47314,33.78729,2.47314,1107,5/5/2015,April,Tenebrionidae Other,0,0,,WT
WC43NE3,EPA,WC43NE31,N33.76496 W2.47338,33.76496,2.47338,1102,5/5/2015,April,Messor,2,0.00974,,WT
WC43NE3,EPA,WC43NE31,N33.76496 W2.47338,33.76496,2.47338,1102,5/5/2015,April,Other,,2.00628,,WT
WC43NE3,EPA,WC43NE31,N33.76496 W2.47338,33.76496,2.47338,1102,5/5/2015,April,Tenebrionidae Diet,0,0,,WT
WC43NE3,EPA,WC43NE31,N33.76496 W2.47338,33.76496,2.47338,1102,5/5/2015,April,Tenebrionidae Other,0,0,,WT
WC43NE3,EPA,WC43NE32,N33.76515 W2.47290,33.76515,2.4729,1098,5/5/2015,April,Messor,0,0,,WT
WC43NE3,EPA,WC43NE32,N33.76515 W2.47290,33.76515,2.4729,1098,5/5/2015,April,Other,,2.47308,,WT
WC43NE3,EPA,WC43NE32,N33.76515 W2.47290,33.76515,2.4729,1098,5/5/2015,April,Tenebrionidae Diet,0,0,,WT
WC43NE3,EPA,WC43NE32,N33.76515 W2.47290,33.76515,2.4729,1098,5/5/2015,April,Tenebrionidae Other,0,0,,WT
WC43NE3,EPA,WC43NE33,N33.76476 W2.47265,33.76476,2.47265,1097,5/5/2015,April,Messor,2,0.00125,,WT
WC43NE3,EPA,WC43NE33,N33.76476 W2.47265,33.76476,2.47265,1097,5/5/2015,April,Other,,1.09859,,WT
WC43NE3,EPA,WC43NE33,N33.76476 W2.47265,33.76476,2.47265,1097,5/5/2015,April,Tenebrionidae Diet,1,0.08008,,WT
WC43NE3,EPA,WC43NE33,N33.76476 W2.47265,33.76476,2.47265,1097,5/5/2015,April,Tenebrionidae Other,0,0,,WT
WC43NE3,EPA,WC43NE34,N33.76471 W2.47290,33.76471,2.4729,1097,5/5/2015,April,Messor,0,0,,WT
WC43NE3,EPA,WC43NE34,N33.76471 W2.47290,33.76471,2.4729,1097,5/5/2015,April,Other,,5.58297,,WT
WC43NE3,EPA,WC43NE34,N33.76471 W2.47290,33.76471,2.4729,1097,5/5/2015,April,Tenebrionidae Diet,1,2.61151,,WT
WC43NE3,EPA,WC43NE34,N33.76471 W2.47290,33.76471,2.4729,1097,5/5/2015,April,Tenebrionidae Other,0,0,,WT
WC43NE4,EPA,WC43NE41,N33.76519 W2.50103,33.76519,2.50103,1112,5/5/2015,April,Messor,1,0.00064,,WT
WC43NE4,EPA,WC43NE41,N33.76519 W2.50103,33.76519,2.50103,1112,5/5/2015,April,Other,,1.20997,,WT
WC43NE4,EPA,WC43NE41,N33.76519 W2.50103,33.76519,2.50103,1112,5/5/2015,April,Tenebrionidae Diet,0,0,,WT
WC43NE4,EPA,WC43NE41,N33.76519 W2.50103,33.76519,2.50103,1112,5/5/2015,April,Tenebrionidae Other,0,0,,WT
WC43NE4,EPA,WC43NE42,N33.76501 W2.50045,33.76501,2.50045,1111,5/5/2015,April,Messor,3,0.00428,,WT
WC43NE4,EPA,WC43NE42,N33.76501 W2.50045,33.76501,2.50045,1111,5/5/2015,April,Other,,2.87962,,WT
WC43NE4,EPA,WC43NE42,N33.76501 W2.50045,33.76501,2.50045,1111,5/5/2015,April,Tenebrionidae Diet,0,0,,WT
WC43NE4,EPA,WC43NE42,N33.76501 W2.50045,33.76501,2.50045,1111,5/5/2015,April,Tenebrionidae Other,0,0,,WT
WC43NE4,EPA,WC43NE43,N33.76452 W2.50048,33.76452,2.50048,1109,5/5/2015,April,Messor,0,0,,WT
WC43NE4,EPA,WC43NE43,N33.76452 W2.50048,33.76452,2.50048,1109,5/5/2015,April,Other,,1.60322,,WT
WC43NE4,EPA,WC43NE43,N33.76452 W2.50048,33.76452,2.50048,1109,5/5/2015,April,Tenebrionidae Diet,2,0.37138,,WT
WC43NE4,EPA,WC43NE43,N33.76452 W2.50048,33.76452,2.50048,1109,5/5/2015,April,Tenebrionidae Other,0,0,,WT
WC43NE4,EPA,WC43NE44,N33.76458 W2.50103,33.76458,2.50103,1107,5/5/2015,April,Messor,1,0.0008,,WT
WC43NE4,EPA,WC43NE44,N33.76458 W2.50103,33.76458,2.50103,1107,5/5/2015,April,Other,,2.96137,,WT
WC43NE4,EPA,WC43NE44,N33.76458 W2.50103,33.76458,2.50103,1107,5/5/2015,April,Tenebrionidae Diet,4,0.69867,,WT
WC43NE4,EPA,WC43NE44,N33.76458 W2.50103,33.76458,2.50103,1107,5/5/2015,April,Tenebrionidae Other,0,0,,WT
WC43NE5,EPA,WC43NE51,N33.77239 W2.48479,33.77239,2.48479,1111,5/5/2015,April,Messor,0,0,,WT
WC43NE5,EPA,WC43NE51,N33.77239 W2.48479,33.77239,2.48479,1111,5/5/2015,April,Other,,2.61109,,WT
WC43NE5,EPA,WC43NE51,N33.77239 W2.48479,33.77239,2.48479,1111,5/5/2015,April,Tenebrionidae Diet,0,0,,WT
WC43NE5,EPA,WC43NE51,N33.77239 W2.48479,33.77239,2.48479,1111,5/5/2015,April,Tenebrionidae Other,0,0,,WT
WC43NE5,EPA,WC43NE52,N33.77233 W2.48429,33.77233,2.48429,1110,5/5/2015,April,Messor,2,0.00229,,WT
WC43NE5,EPA,WC43NE52,N33.77233 W2.48429,33.77233,2.48429,1110,5/5/2015,April,Other,,6.34684,,WT
WC43NE5,EPA,WC43NE52,N33.77233 W2.48429,33.77233,2.48429,1110,5/5/2015,April,Tenebrionidae Diet,3,0.53906,,WT
WC43NE5,EPA,WC43NE52,N33.77233 W2.48429,33.77233,2.48429,1110,5/5/2015,April,Tenebrionidae Other,0,0,,WT
WC43NE5,EPA,WC43NE53,N33.77191 W2.48434,33.77191,2.48434,1109,5/5/2015,April,Messor,3,0.00413,,WT
WC43NE5,EPA,WC43NE53,N33.77191 W2.48434,33.77191,2.48434,1109,5/5/2015,April,Other,,3.44827,,WT
WC43NE5,EPA,WC43NE53,N33.77191 W2.48434,33.77191,2.48434,1109,5/5/2015,April,Tenebrionidae Diet,1,0.13949,,WT
WC43NE5,EPA,WC43NE53,N33.77191 W2.48434,33.77191,2.48434,1109,5/5/2015,April,Tenebrionidae Other,0,0,,WT
WC43NE5,EPA,WC43NE54,N33.77197 W2.48498,33.77197,2.48498,1112,5/5/2015,April,Messor,5,0.0057,,WT
WC43NE5,EPA,WC43NE54,N33.77197 W2.48498,33.77197,2.48498,1112,5/5/2015,April,Other,,0.92738,,WT
WC43NE5,EPA,WC43NE54,N33.77197 W2.48498,33.77197,2.48498,1112,5/5/2015,April,Tenebrionidae Diet,1,0.08569,,WT
WC43NE5,EPA,WC43NE54,N33.77197 W2.48498,33.77197,2.48498,1112,5/5/2015,April,Tenebrionidae Other,0,0,,WT
WC24NE1,ALF,WC24NE11,N33.87870 W2.71618,33.8787,2.71618,1317,5/6/2015,April,Messor,0,0,,WT
WC24NE1,ALF,WC24NE11,N33.87870 W2.71618,33.8787,2.71618,1317,5/6/2015,April,Other,,0.36431,,WT
WC24NE1,ALF,WC24NE11,N33.87870 W2.71618,33.8787,2.71618,1317,5/6/2015,April,Tenebrionidae Diet,0,0,,WT
WC24NE1,ALF,WC24NE11,N33.87870 W2.71618,33.8787,2.71618,1317,5/6/2015,April,Tenebrionidae Other,0,0,,WT
WC24NE1,ALF,WC24NE12,N33.87862 W2.71562,33.87862,2.71562,1319,5/6/2015,April,Messor,0,0,,WT
WC24NE1,ALF,WC24NE12,N33.87862 W2.71562,33.87862,2.71562,1319,5/6/2015,April,Other,,0.26175,,WT
WC24NE1,ALF,WC24NE12,N33.87862 W2.71562,33.87862,2.71562,1319,5/6/2015,April,Tenebrionidae Diet,2,1.08474,,WT
WC24NE1,ALF,WC24NE12,N33.87862 W2.71562,33.87862,2.71562,1319,5/6/2015,April,Tenebrionidae Other,0,0,,WT
WC24NE1,ALF,WC24NE13,N33.87807 W2.71579,33.87807,2.71579,1316,5/6/2015,April,Messor,0,0,,WT
WC24NE1,ALF,WC24NE13,N33.87807 W2.71579,33.87807,2.71579,1316,5/6/2015,April,Other,,0.3773,,WT
WC24NE1,ALF,WC24NE13,N33.87807 W2.71579,33.87807,2.71579,1316,5/6/2015,April,Tenebrionidae Diet,1,0.02479,,WT
WC24NE1,ALF,WC24NE13,N33.87807 W2.71579,33.87807,2.71579,1316,5/6/2015,April,Tenebrionidae Other,0,0,,WT
WC24NE1,ALF,WC24NE14,N33.87811 W2.71631,33.87811,2.71631,1317,5/6/2015,April,Messor,1,0.00072,,WT
WC24NE1,ALF,WC24NE14,N33.87811 W2.71631,33.87811,2.71631,1317,5/6/2015,April,Other,,0.48878,,WT
WC24NE1,ALF,WC24NE14,N33.87811 W2.71631,33.87811,2.71631,1317,5/6/2015,April,Tenebrionidae Diet,1,0.07078,,WT
WC24NE1,ALF,WC24NE14,N33.87811 W2.71631,33.87811,2.71631,1317,5/6/2015,April,Tenebrionidae Other,0,0,,WT
WC24NE2,ALF,WC24NE21,N33.87875 W2.68926,33.87875,2.68926,1328,5/6/2015,April,Messor,0,0,,WT
WC24NE2,ALF,WC24NE21,N33.87875 W2.68926,33.87875,2.68926,1328,5/6/2015,April,Other,,0.35062,,WT
WC24NE2,ALF,WC24NE21,N33.87875 W2.68926,33.87875,2.68926,1328,5/6/2015,April,Tenebrionidae Diet,4,0.38797,,WT
WC24NE2,ALF,WC24NE21,N33.87875 W2.68926,33.87875,2.68926,1328,5/6/2015,April,Tenebrionidae Other,0,0,,WT
WC24NE2,ALF,WC24NE22,N33.87870 W2.68871,33.8787,2.68871,1327,5/6/2015,April,Messor,0,0,,WT
WC24NE2,ALF,WC24NE22,N33.87870 W2.68871,33.8787,2.68871,1327,5/6/2015,April,Other,,0.05607,,WT
WC24NE2,ALF,WC24NE22,N33.87870 W2.68871,33.8787,2.68871,1327,5/6/2015,April,Tenebrionidae Diet,2,0.09708,,WT
WC24NE2,ALF,WC24NE22,N33.87870 W2.68871,33.8787,2.68871,1327,5/6/2015,April,Tenebrionidae Other,0,0,,WT
WC24NE2,ALF,WC24NE23,N33.87825 W2.68873,33.87825,2.68873,1327,5/6/2015,April,Messor,0,0,,WT
WC24NE2,ALF,WC24NE23,N33.87825 W2.68873,33.87825,2.68873,1327,5/6/2015,April,Other,,0.1346,,WT
WC24NE2,ALF,WC24NE23,N33.87825 W2.68873,33.87825,2.68873,1327,5/6/2015,April,Tenebrionidae Diet,0,0,,WT
WC24NE2,ALF,WC24NE23,N33.87825 W2.68873,33.87825,2.68873,1327,5/6/2015,April,Tenebrionidae Other,0,0,,WT
WC24NE2,ALF,WC24NE24,N33.87827 W2.68924,33.87827,2.68924,1327,5/6/2015,April,Messor,1,0.00072,,WT
WC24NE2,ALF,WC24NE24,N33.87827 W2.68924,33.87827,2.68924,1327,5/6/2015,April,Other,,0.25601,,WT
WC24NE2,ALF,WC24NE24,N33.87827 W2.68924,33.87827,2.68924,1327,5/6/2015,April,Tenebrionidae Diet,2,0.14326,,WT
WC24NE2,ALF,WC24NE24,N33.87827 W2.68924,33.87827,2.68924,1327,5/6/2015,April,Tenebrionidae Other,0,0,,WT
WC24NE3,ALF,WC24NE31,N33.85604 W2.68924,33.85604,2.68924,1306,5/6/2015,April,Messor,0,0,,WT
WC24NE3,ALF,WC24NE31,N33.85604 W2.68924,33.85604,2.68924,1306,5/6/2015,April,Other,,0.88978,,WT
WC24NE3,ALF,WC24NE31,N33.85604 W2.68924,33.85604,2.68924,1306,5/6/2015,April,Tenebrionidae Diet,1,0.04424,,WT
WC24NE3,ALF,WC24NE31,N33.85604 W2.68924,33.85604,2.68924,1306,5/6/2015,April,Tenebrionidae Other,0,0,,WT
WC24NE3,ALF,WC24NE32,N33.85591 W2.68882,33.85591,2.68882,1300,5/6/2015,April,Messor,0,0,,WT
WC24NE3,ALF,WC24NE32,N33.85591 W2.68882,33.85591,2.68882,1300,5/6/2015,April,Other,,0.74557,,WT
WC24NE3,ALF,WC24NE32,N33.85591 W2.68882,33.85591,2.68882,1300,5/6/2015,April,Tenebrionidae Diet,4,0.24362,,WT
WC24NE3,ALF,WC24NE32,N33.85591 W2.68882,33.85591,2.68882,1300,5/6/2015,April,Tenebrionidae Other,0,0,,WT
WC24NE3,ALF,WC24NE33,N33.85549 W2.68895,33.85549,2.68895,1296,5/6/2015,April,Messor,0,0,,WT
WC24NE3,ALF,WC24NE33,N33.85549 W2.68895,33.85549,2.68895,1296,5/6/2015,April,Other,,0.0264,,WT
WC24NE3,ALF,WC24NE33,N33.85549 W2.68895,33.85549,2.68895,1296,5/6/2015,April,Tenebrionidae Diet,0,0,,WT
WC24NE3,ALF,WC24NE33,N33.85549 W2.68895,33.85549,2.68895,1296,5/6/2015,April,Tenebrionidae Other,0,0,,WT
WC24NE3,ALF,WC24NE34,N33.85555 W2.68944,33.85555,2.68944,1298,5/6/2015,April,Messor,0,0,,WT
WC24NE3,ALF,WC24NE34,N33.85555 W2.68944,33.85555,2.68944,1298,5/6/2015,April,Other,,0.63605,,WT
WC24NE3,ALF,WC24NE34,N33.85555 W2.68944,33.85555,2.68944,1298,5/6/2015,April,Tenebrionidae Diet,1,0.3298,,WT
WC24NE3,ALF,WC24NE34,N33.85555 W2.68944,33.85555,2.68944,1298,5/6/2015,April,Tenebrionidae Other,0,0,,WT
WC24NE4,ALF,WC24NE41,N33.85622 W2.71620,33.85622,2.7162,1323,5/6/2015,April,Messor,0,0,,WT
WC24NE4,ALF,WC24NE41,N33.85622 W2.71620,33.85622,2.7162,1323,5/6/2015,April,Other,,0.52521,,WT
WC24NE4,ALF,WC24NE41,N33.85622 W2.71620,33.85622,2.7162,1323,5/6/2015,April,Tenebrionidae Diet,1,0.00983,,WT
WC24NE4,ALF,WC24NE41,N33.85622 W2.71620,33.85622,2.7162,1323,5/6/2015,April,Tenebrionidae Other,0,0,,WT
WC24NE4,ALF,WC24NE42,N33.85611 W2.71567,33.85611,2.71567,1332,5/6/2015,April,Messor,0,0,,WT
WC24NE4,ALF,WC24NE42,N33.85611 W2.71567,33.85611,2.71567,1332,5/6/2015,April,Other,,1.25653,,WT
WC24NE4,ALF,WC24NE42,N33.85611 W2.71567,33.85611,2.71567,1332,5/6/2015,April,Tenebrionidae Diet,0,0,,WT
WC24NE4,ALF,WC24NE42,N33.85611 W2.71567,33.85611,2.71567,1332,5/6/2015,April,Tenebrionidae Other,0,0,,WT
WC24NE4,ALF,WC24NE43,N33.85566 W2.71581,33.85566,2.71581,1331,5/6/2015,April,Messor,0,0,,WT
WC24NE4,ALF,WC24NE43,N33.85566 W2.71581,33.85566,2.71581,1331,5/6/2015,April,Other,,0.76855,,WT
WC24NE4,ALF,WC24NE43,N33.85566 W2.71581,33.85566,2.71581,1331,5/6/2015,April,Tenebrionidae Diet,0,0,,WT
WC24NE4,ALF,WC24NE43,N33.85566 W2.71581,33.85566,2.71581,1331,5/6/2015,April,Tenebrionidae Other,0,0,,WT
WC24NE4,ALF,WC24NE44,N33.85576 W2.71628,33.85576,2.71628,1327,5/6/2015,April,Messor,1,0.00233,,WT
WC24NE4,ALF,WC24NE44,N33.85576 W2.71628,33.85576,2.71628,1327,5/6/2015,April,Other,,0.34645,,WT
WC24NE4,ALF,WC24NE44,N33.85576 W2.71628,33.85576,2.71628,1327,5/6/2015,April,Tenebrionidae Diet,3,1.48683,,WT
WC24NE4,ALF,WC24NE44,N33.85576 W2.71628,33.85576,2.71628,1327,5/6/2015,April,Tenebrionidae Other,0,0,,WT
WC24NE5,ALF,WC24NE51,N33.86736 W2.70264,33.86736,2.70264,1332,5/6/2015,April,Messor,0,0,,WT
WC24NE5,ALF,WC24NE51,N33.86736 W2.70264,33.86736,2.70264,1332,5/6/2015,April,Other,,0.02752,,WT
WC24NE5,ALF,WC24NE51,N33.86736 W2.70264,33.86736,2.70264,1332,5/6/2015,April,Tenebrionidae Diet,2,0.02333,,WT
WC24NE5,ALF,WC24NE51,N33.86736 W2.70264,33.86736,2.70264,1332,5/6/2015,April,Tenebrionidae Other,0,0,,WT
WC24NE5,ALF,WC24NE52,N33.86744 W2.70212,33.86744,2.70212,1336,5/6/2015,April,Messor,0,0,,WT
WC24NE5,ALF,WC24NE52,N33.86744 W2.70212,33.86744,2.70212,1336,5/6/2015,April,Other,,0.91764,,WT
WC24NE5,ALF,WC24NE52,N33.86744 W2.70212,33.86744,2.70212,1336,5/6/2015,April,Tenebrionidae Diet,2,0.0374,,WT
WC24NE5,ALF,WC24NE52,N33.86744 W2.70212,33.86744,2.70212,1336,5/6/2015,April,Tenebrionidae Other,0,0,,WT
WC24NE5,ALF,WC24NE53,N33.86705 W2.70191,33.86705,2.70191,1334,5/6/2015,April,Messor,0,0,,WT
WC24NE5,ALF,WC24NE53,N33.86705 W2.70191,33.86705,2.70191,1334,5/6/2015,April,Other,,0.03851,,WT
WC24NE5,ALF,WC24NE53,N33.86705 W2.70191,33.86705,2.70191,1334,5/6/2015,April,Tenebrionidae Diet,0,0,,WT
WC24NE5,ALF,WC24NE53,N33.86705 W2.70191,33.86705,2.70191,1334,5/6/2015,April,Tenebrionidae Other,0,0,,WT
WC24NE5,ALF,WC24NE54,N33.86694 W2.70239,33.86694,2.70239,1332,5/6/2015,April,Messor,0,0,,WT
WC24NE5,ALF,WC24NE54,N33.86694 W2.70239,33.86694,2.70239,1332,5/6/2015,April,Other,,2.28582,,WT
WC24NE5,ALF,WC24NE54,N33.86694 W2.70239,33.86694,2.70239,1332,5/6/2015,April,Tenebrionidae Diet,2,0.11351,,WT
WC24NE5,ALF,WC24NE54,N33.86694 W2.70239,33.86694,2.70239,1332,5/6/2015,April,Tenebrionidae Other,0,0,,WT
VB85SE1,REG,VB85SE11,N33.02225 W3.14701,33.02225,3.14701,1608,5/7/2015,April,Messor,0,0,,WT
VB85SE1,REG,VB85SE11,N33.02225 W3.14701,33.02225,3.14701,1608,5/7/2015,April,Other,,2.39232,,WT
VB85SE1,REG,VB85SE11,N33.02225 W3.14701,33.02225,3.14701,1608,5/7/2015,April,Tenebrionidae Diet,7,11.99411,,WT
VB85SE1,REG,VB85SE11,N33.02225 W3.14701,33.02225,3.14701,1608,5/7/2015,April,Tenebrionidae Other,0,0,,WT
VB85SE1,REG,VB85SE12,N33.02240 W3.14654,33.0224,3.14654,1611,5/7/2015,April,Messor,,,Trap destroyed in the field,NWT
VB85SE1,REG,VB85SE12,N33.02240 W3.14654,33.0224,3.14654,1611,5/7/2015,April,Other,,,Trap destroyed in the field,NWT
VB85SE1,REG,VB85SE12,N33.02240 W3.14654,33.0224,3.14654,1611,5/7/2015,April,Tenebrionidae Diet,,,Trap destroyed in the field,NWT
VB85SE1,REG,VB85SE12,N33.02240 W3.14654,33.0224,3.14654,1611,5/7/2015,April,Tenebrionidae Other,,,Trap destroyed in the field,NWT
VB85SE1,REG,VB85SE13,N33.02195 W3.14638,33.02195,3.14638,1611,5/7/2015,April,Messor,7,0.00464,,WT
VB85SE1,REG,VB85SE13,N33.02195 W3.14638,33.02195,3.14638,1611,5/7/2015,April,Other,,6.0115,,WT
VB85SE1,REG,VB85SE13,N33.02195 W3.14638,33.02195,3.14638,1611,5/7/2015,April,Tenebrionidae Diet,0,0,,WT
VB85SE1,REG,VB85SE13,N33.02195 W3.14638,33.02195,3.14638,1611,5/7/2015,April,Tenebrionidae Other,0,0,,WT
VB85SE1,REG,VB85SE14,N33.02184 W3.14681,33.02184,3.14681,1614,5/7/2015,April,Messor,0,0,,WT
VB85SE1,REG,VB85SE14,N33.02184 W3.14681,33.02184,3.14681,1614,5/7/2015,April,Other,,5.75515,,WT
VB85SE1,REG,VB85SE14,N33.02184 W3.14681,33.02184,3.14681,1614,5/7/2015,April,Tenebrionidae Diet,4,1.79667,,WT
VB85SE1,REG,VB85SE14,N33.02184 W3.14681,33.02184,3.14681,1614,5/7/2015,April,Tenebrionidae Other,0,0,,WT
VB85SE2,REG,VB85SE21,N33.02230 W3.12067,33.0223,3.12067,1620,5/7/2015,April,Messor,2,0.00176,,WT
VB85SE2,REG,VB85SE21,N33.02230 W3.12067,33.0223,3.12067,1620,5/7/2015,April,Other,,5.71965,,WT
VB85SE2,REG,VB85SE21,N33.02230 W3.12067,33.0223,3.12067,1620,5/7/2015,April,Tenebrionidae Diet,1,0.7499,,WT
VB85SE2,REG,VB85SE21,N33.02230 W3.12067,33.0223,3.12067,1620,5/7/2015,April,Tenebrionidae Other,0,0,,WT
VB85SE2,REG,VB85SE22,N33.02235 W3.12014,33.02235,3.12014,1622,5/7/2015,April,Messor,0,0,,WT
VB85SE2,REG,VB85SE22,N33.02235 W3.12014,33.02235,3.12014,1622,5/7/2015,April,Other,,3.71363,,WT
VB85SE2,REG,VB85SE22,N33.02235 W3.12014,33.02235,3.12014,1622,5/7/2015,April,Tenebrionidae Diet,3,3.60176,,WT
VB85SE2,REG,VB85SE22,N33.02235 W3.12014,33.02235,3.12014,1622,5/7/2015,April,Tenebrionidae Other,0,0,,WT
VB85SE2,REG,VB85SE23,N33.02197 W3.12003,33.02197,3.12003,1622,5/7/2015,April,Messor,0,0,,WT
VB85SE2,REG,VB85SE23,N33.02197 W3.12003,33.02197,3.12003,1622,5/7/2015,April,Other,,3.30413,,WT
VB85SE2,REG,VB85SE23,N33.02197 W3.12003,33.02197,3.12003,1622,5/7/2015,April,Tenebrionidae Diet,3,2.84458,,WT
VB85SE2,REG,VB85SE23,N33.02197 W3.12003,33.02197,3.12003,1622,5/7/2015,April,Tenebrionidae Other,0,0,,WT
VB85SE2,REG,VB85SE24,N33.02182 W3.12052,33.02182,3.12052,1620,5/7/2015,April,Messor,0,0,,WT
VB85SE2,REG,VB85SE24,N33.02182 W3.12052,33.02182,3.12052,1620,5/7/2015,April,Other,,4.46906,,WT
VB85SE2,REG,VB85SE24,N33.02182 W3.12052,33.02182,3.12052,1620,5/7/2015,April,Tenebrionidae Diet,3,1.79194,,WT
VB85SE2,REG,VB85SE24,N33.02182 W3.12052,33.02182,3.12052,1620,5/7/2015,April,Tenebrionidae Other,0,0,,WT
VB85SE3,REG,VB85SE31,N32.99997 W3.12066,32.99997,3.12066,1627,5/7/2015,April,Messor,0,0,,WT
VB85SE3,REG,VB85SE31,N32.99997 W3.12066,32.99997,3.12066,1627,5/7/2015,April,Other,,3.34073,,WT
VB85SE3,REG,VB85SE31,N32.99997 W3.12066,32.99997,3.12066,1627,5/7/2015,April,Tenebrionidae Diet,0,0,,WT
VB85SE3,REG,VB85SE31,N32.99997 W3.12066,32.99997,3.12066,1627,5/7/2015,April,Tenebrionidae Other,0,0,,WT
VB85SE3,REG,VB85SE32,N32.99995 W3.12010,32.99995,3.1201,1632,5/7/2015,April,Messor,0,0,,WT
VB85SE3,REG,VB85SE32,N32.99995 W3.12010,32.99995,3.1201,1632,5/7/2015,April,Other,,4.12461,,WT
VB85SE3,REG,VB85SE32,N32.99995 W3.12010,32.99995,3.1201,1632,5/7/2015,April,Tenebrionidae Diet,0,0,,WT
VB85SE3,REG,VB85SE32,N32.99995 W3.12010,32.99995,3.1201,1632,5/7/2015,April,Tenebrionidae Other,0,0,,WT
VB85SE3,REG,VB85SE33,N32.99948 W3.12014,32.99948,3.12014,1630,5/7/2015,April,Messor,1,0.00273,,WT
VB85SE3,REG,VB85SE33,N32.99948 W3.12014,32.99948,3.12014,1630,5/7/2015,April,Other,,10.13681,,WT
VB85SE3,REG,VB85SE33,N32.99948 W3.12014,32.99948,3.12014,1630,5/7/2015,April,Tenebrionidae Diet,3,0.3368,,WT
VB85SE3,REG,VB85SE33,N32.99948 W3.12014,32.99948,3.12014,1630,5/7/2015,April,Tenebrionidae Other,0,0,,WT
VB85SE3,REG,VB85SE34,N32.99953 W3.12060,32.99953,3.1206,1626,5/7/2015,April,Messor,,,Trap destroyed in the field,NWT
VB85SE3,REG,VB85SE34,N32.99953 W3.12060,32.99953,3.1206,1626,5/7/2015,April,Other,,,Trap destroyed in the field,NWT
VB85SE3,REG,VB85SE34,N32.99953 W3.12060,32.99953,3.1206,1626,5/7/2015,April,Tenebrionidae Diet,,,Trap destroyed in the field,NWT
VB85SE3,REG,VB85SE34,N32.99953 W3.12060,32.99953,3.1206,1626,5/7/2015,April,Tenebrionidae Other,,,Trap destroyed in the field,NWT
VB85SE4,REG,VB85SE41,N32.99953 W3.14716,32.99953,3.14716,1640,5/7/2015,April,Messor,0,0,,WT
VB85SE4,REG,VB85SE41,N32.99953 W3.14716,32.99953,3.14716,1640,5/7/2015,April,Other,,2.6509,,WT
VB85SE4,REG,VB85SE41,N32.99953 W3.14716,32.99953,3.14716,1640,5/7/2015,April,Tenebrionidae Diet,4,5.25344,,WT
VB85SE4,REG,VB85SE41,N32.99953 W3.14716,32.99953,3.14716,1640,5/7/2015,April,Tenebrionidae Other,0,0,,WT
VB85SE4,REG,VB85SE42,N32.99926 W3.14677,32.99926,3.14677,1642,5/7/2015,April,Messor,10,0.01776,,WT
VB85SE4,REG,VB85SE42,N32.99926 W3.14677,32.99926,3.14677,1642,5/7/2015,April,Other,,4.73405,,WT
VB85SE4,REG,VB85SE42,N32.99926 W3.14677,32.99926,3.14677,1642,5/7/2015,April,Tenebrionidae Diet,5,3.204,,WT
VB85SE4,REG,VB85SE42,N32.99926 W3.14677,32.99926,3.14677,1642,5/7/2015,April,Tenebrionidae Other,0,0,,WT
VB85SE4,REG,VB85SE43,N32.99884 W3.14708,32.99884,3.14708,1643,5/7/2015,April,Messor,3,0.00306,,WT
VB85SE4,REG,VB85SE43,N32.99884 W3.14708,32.99884,3.14708,1643,5/7/2015,April,Other,,3.67197,,WT
VB85SE4,REG,VB85SE43,N32.99884 W3.14708,32.99884,3.14708,1643,5/7/2015,April,Tenebrionidae Diet,1,0.65223,,WT
VB85SE4,REG,VB85SE43,N32.99884 W3.14708,32.99884,3.14708,1643,5/7/2015,April,Tenebrionidae Other,0,0,,WT
VB85SE4,REG,VB85SE44,N32.99907 W3.14739,32.99907,3.14739,1637,5/7/2015,April,Messor,0,0,,WT
VB85SE4,REG,VB85SE44,N32.99907 W3.14739,32.99907,3.14739,1637,5/7/2015,April,Other,,1.94689,,WT
VB85SE4,REG,VB85SE44,N32.99907 W3.14739,32.99907,3.14739,1637,5/7/2015,April,Tenebrionidae Diet,0,0,,WT
VB85SE4,REG,VB85SE44,N32.99907 W3.14739,32.99907,3.14739,1637,5/7/2015,April,Tenebrionidae Other,0,0,,WT
VB85SE5,REG,VB85SE51,N33.01084 W3.13399,33.01084,3.13399,1624,5/7/2015,April,Messor,1,0.00105,,WT
VB85SE5,REG,VB85SE51,N33.01084 W3.13399,33.01084,3.13399,1624,5/7/2015,April,Other,,9.2255,,WT
VB85SE5,REG,VB85SE51,N33.01084 W3.13399,33.01084,3.13399,1624,5/7/2015,April,Tenebrionidae Diet,0,0,,WT
VB85SE5,REG,VB85SE51,N33.01084 W3.13399,33.01084,3.13399,1624,5/7/2015,April,Tenebrionidae Other,0,0,,WT
VB85SE5,REG,VB85SE52,N33.01053 W3.13369,33.01053,3.13369,1623,5/7/2015,April,Messor,2,0.00241,,WT
VB85SE5,REG,VB85SE52,N33.01053 W3.13369,33.01053,3.13369,1623,5/7/2015,April,Other,,5.23649,,WT
VB85SE5,REG,VB85SE52,N33.01053 W3.13369,33.01053,3.13369,1623,5/7/2015,April,Tenebrionidae Diet,4,0.2006,,WT
VB85SE5,REG,VB85SE52,N33.01053 W3.13369,33.01053,3.13369,1623,5/7/2015,April,Tenebrionidae Other,0,0,,WT
VB85SE5,REG,VB85SE53,N33.01022 W3.13411,33.01022,3.13411,1625,5/7/2015,April,Messor,2,0.00258,,WT
VB85SE5,REG,VB85SE53,N33.01022 W3.13411,33.01022,3.13411,1625,5/7/2015,April,Other,,7.42044,,WT
VB85SE5,REG,VB85SE53,N33.01022 W3.13411,33.01022,3.13411,1625,5/7/2015,April,Tenebrionidae Diet,3,2.72748,,WT
VB85SE5,REG,VB85SE53,N33.01022 W3.13411,33.01022,3.13411,1625,5/7/2015,April,Tenebrionidae Other,0,0,,WT
VB85SE5,REG,VB85SE54,N33.01048 W3.13434,33.01048,3.13434,1627,5/7/2015,April,Messor,,,Trap destroyed in the field,NWT
VB85SE5,REG,VB85SE54,N33.01048 W3.13434,33.01048,3.13434,1627,5/7/2015,April,Other,,,Trap destroyed in the field,NWT
VB85SE5,REG,VB85SE54,N33.01048 W3.13434,33.01048,3.13434,1627,5/7/2015,April,Tenebrionidae Diet,,,Trap destroyed in the field,NWT
VB85SE5,REG,VB85SE54,N33.01048 W3.13434,33.01048,3.13434,1627,5/7/2015,April,Tenebrionidae Other,,,Trap destroyed in the field,NWT
VB84NW1,REG,VB84NW11,N32.97675 W3.20088,32.97675,3.20088,1678,5/8/2015,April,Messor,2,0.00242,,WT
VB84NW1,REG,VB84NW11,N32.97675 W3.20088,32.97675,3.20088,1678,5/8/2015,April,Other,,5.87634,,WT
VB84NW1,REG,VB84NW11,N32.97675 W3.20088,32.97675,3.20088,1678,5/8/2015,April,Tenebrionidae Diet,5,0.29992,,WT
VB84NW1,REG,VB84NW11,N32.97675 W3.20088,32.97675,3.20088,1678,5/8/2015,April,Tenebrionidae Other,0,0,,WT
VB84NW1,REG,VB84NW12,N32.97648 W3.20057,32.97648,3.20057,1679,5/8/2015,April,Messor,,,Jar disappeared,NWT
VB84NW1,REG,VB84NW12,N32.97648 W3.20057,32.97648,3.20057,1679,5/8/2015,April,Other,,,Jar disappeared,NWT
VB84NW1,REG,VB84NW12,N32.97648 W3.20057,32.97648,3.20057,1679,5/8/2015,April,Other,,0.58762,,WT
VB84NW1,REG,VB84NW12,N32.97648 W3.20057,32.97648,3.20057,1679,5/8/2015,April,Tenebrionidae Diet,,,Jar disappeared,NWT
VB84NW1,REG,VB84NW12,N32.97648 W3.20057,32.97648,3.20057,1679,5/8/2015,April,Tenebrionidae Other,,,Jar disappeared,NWT
VB84NW1,REG,VB84NW12,N32.97648 W3.20057,32.97648,3.20057,1679,5/8/2015,April,Tenebrionidae Other,0,0,,WT
VB84NW1,REG,VB84NW13,N32.97615 W3.20109,32.97615,3.20109,1680,5/8/2015,April,Messor,,,Jar disappeared,NWT
VB84NW1,REG,VB84NW13,N32.97615 W3.20109,32.97615,3.20109,1680,5/8/2015,April,Other,,,Jar disappeared,NWT
VB84NW1,REG,VB84NW13,N32.97615 W3.20109,32.97615,3.20109,1680,5/8/2015,April,Tenebrionidae Diet,,,Jar disappeared,NWT
VB84NW1,REG,VB84NW13,N32.97615 W3.20109,32.97615,3.20109,1680,5/8/2015,April,Tenebrionidae Other,,,Jar disappeared,NWT
VB84NW1,REG,VB84NW14,N32.97652 W3.20148,32.97652,3.20148,1678,5/8/2015,April,Messor,,,Jar disappeared,NWT
VB84NW1,REG,VB84NW14,N32.97652 W3.20148,32.97652,3.20148,1678,5/8/2015,April,Other,,,Jar disappeared,NWT
VB84NW1,REG,VB84NW14,N32.97652 W3.20148,32.97652,3.20148,1678,5/8/2015,April,Tenebrionidae Diet,,,Jar disappeared,NWT
VB84NW1,REG,VB84NW14,N32.97652 W3.20148,32.97652,3.20148,1678,5/8/2015,April,Tenebrionidae Other,,,Jar disappeared,NWT
VB84NW2,REG,VB84NW21,N32.97704 W3.17403,32.97704,3.17403,1660,5/8/2015,April,Messor,0,0,,WT
VB84NW2,REG,VB84NW21,N32.97704 W3.17403,32.97704,3.17403,1660,5/8/2015,April,Other,,3.70045,,WT
VB84NW2,REG,VB84NW21,N32.97704 W3.17403,32.97704,3.17403,1660,5/8/2015,April,Tenebrionidae Diet,4,1.891,,WT
VB84NW2,REG,VB84NW21,N32.97704 W3.17403,32.97704,3.17403,1660,5/8/2015,April,Tenebrionidae Other,0,0,,WT
VB84NW2,REG,VB84NW22,N32.97704 W3.17352,32.97704,3.17352,1659,5/8/2015,April,Messor,4,0.0081,,WT
VB84NW2,REG,VB84NW22,N32.97704 W3.17352,32.97704,3.17352,1659,5/8/2015,April,Other,,2.36025,,WT
VB84NW2,REG,VB84NW22,N32.97704 W3.17352,32.97704,3.17352,1659,5/8/2015,April,Tenebrionidae Diet,4,0.0592,,WT
VB84NW2,REG,VB84NW22,N32.97704 W3.17352,32.97704,3.17352,1659,5/8/2015,April,Tenebrionidae Other,0,0,,WT
VB84NW2,REG,VB84NW23,N32.97657 W3.17357,32.97657,3.17357,1657,5/8/2015,April,Messor,0,0,,WT
VB84NW2,REG,VB84NW23,N32.97657 W3.17357,32.97657,3.17357,1657,5/8/2015,April,Other,,3.80952,,WT
VB84NW2,REG,VB84NW23,N32.97657 W3.17357,32.97657,3.17357,1657,5/8/2015,April,Tenebrionidae Diet,3,2.63533,,WT
VB84NW2,REG,VB84NW23,N32.97657 W3.17357,32.97657,3.17357,1657,5/8/2015,April,Tenebrionidae Other,0,0,,WT
VB84NW2,REG,VB84NW24,N32.97652 W3.17399,32.97652,3.17399,1659,5/8/2015,April,Messor,0,0,,WT
VB84NW2,REG,VB84NW24,N32.97652 W3.17399,32.97652,3.17399,1659,5/8/2015,April,Other,,7.42097,,WT
VB84NW2,REG,VB84NW24,N32.97652 W3.17399,32.97652,3.17399,1659,5/8/2015,April,Tenebrionidae Diet,4,0.05105,,WT
VB84NW2,REG,VB84NW24,N32.97652 W3.17399,32.97652,3.17399,1659,5/8/2015,April,Tenebrionidae Other,0,0,,WT
VB84NW3,REG,VB84NW31,N32.95861 W3.17567,32.95861,3.17567,1732,5/8/2015,April,Messor,0,0,,WT
VB84NW3,REG,VB84NW31,N32.95861 W3.17567,32.95861,3.17567,1732,5/8/2015,April,Other,,0.07697,,WT
VB84NW3,REG,VB84NW31,N32.95861 W3.17567,32.95861,3.17567,1732,5/8/2015,April,Tenebrionidae Diet,3,0.20172,,WT
VB84NW3,REG,VB84NW31,N32.95861 W3.17567,32.95861,3.17567,1732,5/8/2015,April,Tenebrionidae Other,0,0,,WT
VB84NW3,REG,VB84NW32,N32.95833 W3.17531,32.95833,3.17531,1730,5/8/2015,April,Messor,0,0,,WT
VB84NW3,REG,VB84NW32,N32.95833 W3.17531,32.95833,3.17531,1730,5/8/2015,April,Other,,0.25958,,WT
VB84NW3,REG,VB84NW32,N32.95833 W3.17531,32.95833,3.17531,1730,5/8/2015,April,Tenebrionidae Diet,7,5.66276,,WT
VB84NW3,REG,VB84NW32,N32.95833 W3.17531,32.95833,3.17531,1730,5/8/2015,April,Tenebrionidae Other,0,0,,WT
VB84NW3,REG,VB84NW33,N32.95803 W3.17569,32.95803,3.17569,1729,5/8/2015,April,Messor,0,0,,WT
VB84NW3,REG,VB84NW33,N32.95803 W3.17569,32.95803,3.17569,1729,5/8/2015,April,Other,,1.05444,,WT
VB84NW3,REG,VB84NW33,N32.95803 W3.17569,32.95803,3.17569,1729,5/8/2015,April,Tenebrionidae Diet,2,1.08608,,WT
VB84NW3,REG,VB84NW33,N32.95803 W3.17569,32.95803,3.17569,1729,5/8/2015,April,Tenebrionidae Other,0,0,,WT
VB84NW3,REG,VB84NW34,N32.95832 W3.17605,32.95832,3.17605,1727,5/8/2015,April,Messor,0,0,,WT
VB84NW3,REG,VB84NW34,N32.95832 W3.17605,32.95832,3.17605,1727,5/8/2015,April,Other,,0.57263,,WT
VB84NW3,REG,VB84NW34,N32.95832 W3.17605,32.95832,3.17605,1727,5/8/2015,April,Tenebrionidae Diet,4,0.80097,,WT
VB84NW3,REG,VB84NW34,N32.95832 W3.17605,32.95832,3.17605,1727,5/8/2015,April,Tenebrionidae Other,0,0,,WT
VB84NW4,REG,VB84NW41,N32.95232 W3.19749,32.95232,3.19749,1658,5/8/2015,April,Messor,,,Jar disappeared,NWT
VB84NW4,REG,VB84NW41,N32.95232 W3.19749,32.95232,3.19749,1658,5/8/2015,April,Other,,,Jar disappeared,NWT
VB84NW4,REG,VB84NW41,N32.95232 W3.19749,32.95232,3.19749,1658,5/8/2015,April,Tenebrionidae Diet,,,Jar disappeared,NWT
VB84NW4,REG,VB84NW41,N32.95232 W3.19749,32.95232,3.19749,1658,5/8/2015,April,Tenebrionidae Other,,,Jar disappeared,NWT
VB84NW4,REG,VB84NW42,N32.95201 W3.19714,32.95201,3.19714,1658,5/8/2015,April,Messor,,,Jar disappeared,NWT
VB84NW4,REG,VB84NW42,N32.95201 W3.19714,32.95201,3.19714,1658,5/8/2015,April,Other,,,Jar disappeared,NWT
VB84NW4,REG,VB84NW42,N32.95201 W3.19714,32.95201,3.19714,1658,5/8/2015,April,Tenebrionidae Diet,,,Jar disappeared,NWT
VB84NW4,REG,VB84NW42,N32.95201 W3.19714,32.95201,3.19714,1658,5/8/2015,April,Tenebrionidae Other,,,Jar disappeared,NWT
VB84NW4,REG,VB84NW43,N32.95170 W3.19753,32.9517,3.19753,1656,5/8/2015,April,Messor,,,Jar disappeared,NWT
VB84NW4,REG,VB84NW43,N32.95170 W3.19753,32.9517,3.19753,1656,5/8/2015,April,Other,,,Jar disappeared,NWT
VB84NW4,REG,VB84NW43,N32.95170 W3.19753,32.9517,3.19753,1656,5/8/2015,April,Tenebrionidae Diet,,,Jar disappeared,NWT
VB84NW4,REG,VB84NW43,N32.95170 W3.19753,32.9517,3.19753,1656,5/8/2015,April,Tenebrionidae Other,,,Jar disappeared,NWT
VB84NW4,REG,VB84NW44,N32.95196 W3.19782,32.95196,3.19782,1656,5/8/2015,April,Messor,0,0,,WT
VB84NW4,REG,VB84NW44,N32.95196 W3.19782,32.95196,3.19782,1656,5/8/2015,April,Other,,0.97143,,WT
VB84NW4,REG,VB84NW44,N32.95196 W3.19782,32.95196,3.19782,1656,5/8/2015,April,Tenebrionidae Diet,2,0.50605,,WT
VB84NW4,REG,VB84NW44,N32.95196 W3.19782,32.95196,3.19782,1656,5/8/2015,April,Tenebrionidae Other,0,0,,WT
VB84NW5,ALF,VB84NW51,N32.96347 W3.19312,32.96347,3.19312,1682,5/8/2015,April,Messor,0,0,,WT
VB84NW5,ALF,VB84NW51,N32.96347 W3.19312,32.96347,3.19312,1682,5/8/2015,April,Other,,0.02846,,WT
VB84NW5,ALF,VB84NW51,N32.96347 W3.19312,32.96347,3.19312,1682,5/8/2015,April,Tenebrionidae Diet,1,0.00941,,WT
VB84NW5,ALF,VB84NW51,N32.96347 W3.19312,32.96347,3.19312,1682,5/8/2015,April,Tenebrionidae Other,0,0,,WT
VB84NW5,ALF,VB84NW52,N32.96342 W3.19273,32.96342,3.19273,1681,5/8/2015,April,Messor,0,0,,WT
VB84NW5,ALF,VB84NW52,N32.96342 W3.19273,32.96342,3.19273,1681,5/8/2015,April,Other,,0.58454,,WT
VB84NW5,ALF,VB84NW52,N32.96342 W3.19273,32.96342,3.19273,1681,5/8/2015,April,Tenebrionidae Diet,0,0,,WT
VB84NW5,ALF,VB84NW52,N32.96342 W3.19273,32.96342,3.19273,1681,5/8/2015,April,Tenebrionidae Other,0,0,,WT
VB84NW5,ALF,VB84NW53,N32.96297 W3.19284,32.96297,3.19284,1686,5/8/2015,April,Messor,0,0,,WT
VB84NW5,ALF,VB84NW53,N32.96297 W3.19284,32.96297,3.19284,1686,5/8/2015,April,Other,,0.43276,,WT
VB84NW5,ALF,VB84NW53,N32.96297 W3.19284,32.96297,3.19284,1686,5/8/2015,April,Tenebrionidae Diet,0,0,,WT
VB84NW5,ALF,VB84NW53,N32.96297 W3.19284,32.96297,3.19284,1686,5/8/2015,April,Tenebrionidae Other,0,0,,WT
VB84NW5,ALF,VB84NW54,N32.96301 W3.19324,32.96301,3.19324,1686,5/8/2015,April,Messor,0,0,,WT
VB84NW5,ALF,VB84NW54,N32.96301 W3.19324,32.96301,3.19324,1686,5/8/2015,April,Other,,0.36275,,WT
VB84NW5,ALF,VB84NW54,N32.96301 W3.19324,32.96301,3.19324,1686,5/8/2015,April,Tenebrionidae Diet,0,0,,WT
VB84NW5,ALF,VB84NW54,N32.96301 W3.19324,32.96301,3.19324,1686,5/8/2015,April,Tenebrionidae Other,0,0,,WT
WB61NE1,ALF,WB61NE11,N32.70452 W2.29322,32.70452,2.29322,1438,5/9/2015,April,Messor,26,0.04937,,WT
WB61NE1,ALF,WB61NE11,N32.70452 W2.29322,32.70452,2.29322,1438,5/9/2015,April,Other,,0.1224,,WT
WB61NE1,ALF,WB61NE11,N32.70452 W2.29322,32.70452,2.29322,1438,5/9/2015,April,Tenebrionidae Diet,2,0.04924,,WT
WB61NE1,ALF,WB61NE11,N32.70452 W2.29322,32.70452,2.29322,1438,5/9/2015,April,Tenebrionidae Other,0,0,,WT
WB61NE1,ALF,WB61NE12,N32.70439 W2.29259,32.70439,2.29259,1438,5/9/2015,April,Messor,12,0.01678,,WT
WB61NE1,ALF,WB61NE12,N32.70439 W2.29259,32.70439,2.29259,1438,5/9/2015,April,Other,,1.03585,,WT
WB61NE1,ALF,WB61NE12,N32.70439 W2.29259,32.70439,2.29259,1438,5/9/2015,April,Tenebrionidae Diet,1,0.05676,,WT
WB61NE1,ALF,WB61NE12,N32.70439 W2.29259,32.70439,2.29259,1438,5/9/2015,April,Tenebrionidae Other,0,0,,WT
WB61NE1,ALF,WB61NE13,N32.70403 W2.29272,32.70403,2.29272,1439,5/9/2015,April,Messor,1,0.00085,,WT
WB61NE1,ALF,WB61NE13,N32.70403 W2.29272,32.70403,2.29272,1439,5/9/2015,April,Other,,0.04184,,WT
WB61NE1,ALF,WB61NE13,N32.70403 W2.29272,32.70403,2.29272,1439,5/9/2015,April,Tenebrionidae Diet,0,0,,WT
WB61NE1,ALF,WB61NE13,N32.70403 W2.29272,32.70403,2.29272,1439,5/9/2015,April,Tenebrionidae Other,0,0,,WT
WB61NE1,ALF,WB61NE14,N32.70405 W2.29323,32.70405,2.29323,1440,5/9/2015,April,Messor,0,0,,WT
WB61NE1,ALF,WB61NE14,N32.70405 W2.29323,32.70405,2.29323,1440,5/9/2015,April,Other,,0.03941,,WT
WB61NE1,ALF,WB61NE14,N32.70405 W2.29323,32.70405,2.29323,1440,5/9/2015,April,Tenebrionidae Diet,5,0.24488,,WT
WB61NE1,ALF,WB61NE14,N32.70405 W2.29323,32.70405,2.29323,1440,5/9/2015,April,Tenebrionidae Other,0,0,,WT
WB61NE2,ALF,WB61NE21,N32.70424 W2.26634,32.70424,2.26634,1466,5/9/2015,April,Messor,0,0,,WT
WB61NE2,ALF,WB61NE21,N32.70424 W2.26634,32.70424,2.26634,1466,5/9/2015,April,Other,,0.15119,,WT
WB61NE2,ALF,WB61NE21,N32.70424 W2.26634,32.70424,2.26634,1466,5/9/2015,April,Tenebrionidae Diet,1,0.06844,,WT
WB61NE2,ALF,WB61NE21,N32.70424 W2.26634,32.70424,2.26634,1466,5/9/2015,April,Tenebrionidae Other,0,0,,WT
WB61NE2,ALF,WB61NE22,N32.70404 W2.26575,32.70404,2.26575,1465,5/9/2015,April,Messor,1,0.00241,,WT
WB61NE2,ALF,WB61NE22,N32.70404 W2.26575,32.70404,2.26575,1465,5/9/2015,April,Other,,0.08004,,WT
WB61NE2,ALF,WB61NE22,N32.70404 W2.26575,32.70404,2.26575,1465,5/9/2015,April,Tenebrionidae Diet,4,0.25854,,WT
WB61NE2,ALF,WB61NE22,N32.70404 W2.26575,32.70404,2.26575,1465,5/9/2015,April,Tenebrionidae Other,2,0.00522,,WT
WB61NE2,ALF,WB61NE23,N32.70367 W2.26598,32.70367,2.26598,1463,5/9/2015,April,Messor,10,0.01466,,WT
WB61NE2,ALF,WB61NE23,N32.70367 W2.26598,32.70367,2.26598,1463,5/9/2015,April,Other,,0.50606,,WT
WB61NE2,ALF,WB61NE23,N32.70367 W2.26598,32.70367,2.26598,1463,5/9/2015,April,Tenebrionidae Diet,3,0.18148,,WT
WB61NE2,ALF,WB61NE23,N32.70367 W2.26598,32.70367,2.26598,1463,5/9/2015,April,Tenebrionidae Other,0,0,,WT
WB61NE2,ALF,WB61NE24,N32.70392 W2.26623,32.70392,2.26623,1463,5/9/2015,April,Messor,14,0.01596,,WT
WB61NE2,ALF,WB61NE24,N32.70392 W2.26623,32.70392,2.26623,1463,5/9/2015,April,Other,,0.22544,,WT
WB61NE2,ALF,WB61NE24,N32.70392 W2.26623,32.70392,2.26623,1463,5/9/2015,April,Tenebrionidae Diet,1,0.02757,,WT
WB61NE2,ALF,WB61NE24,N32.70392 W2.26623,32.70392,2.26623,1463,5/9/2015,April,Tenebrionidae Other,0,0,,WT
WB61NE3,ALF,WB61NE31,N32.68708 W2.25530,32.68708,2.2553,1525,5/9/2015,April,Messor,0,0,,WT
WB61NE3,ALF,WB61NE31,N32.68708 W2.25530,32.68708,2.2553,1525,5/9/2015,April,Other,,0.05324,,WT
WB61NE3,ALF,WB61NE31,N32.68708 W2.25530,32.68708,2.2553,1525,5/9/2015,April,Tenebrionidae Diet,1,0.9136,,WT
WB61NE3,ALF,WB61NE31,N32.68708 W2.25530,32.68708,2.2553,1525,5/9/2015,April,Tenebrionidae Other,0,0,,WT
WB61NE3,ALF,WB61NE32,N32.68685 W2.25488,32.68685,2.25488,1528,5/9/2015,April,Messor,3,0.0056,,WT
WB61NE3,ALF,WB61NE32,N32.68685 W2.25488,32.68685,2.25488,1528,5/9/2015,April,Other,,0.3696,,WT
WB61NE3,ALF,WB61NE32,N32.68685 W2.25488,32.68685,2.25488,1528,5/9/2015,April,Tenebrionidae Diet,0,0,,WT
WB61NE3,ALF,WB61NE32,N32.68685 W2.25488,32.68685,2.25488,1528,5/9/2015,April,Tenebrionidae Other,0,0,,WT
WB61NE3,ALF,WB61NE33,N32.68646 W2.25523,32.68646,2.25523,1527,5/9/2015,April,Messor,1,0.0009,,WT
WB61NE3,ALF,WB61NE33,N32.68646 W2.25523,32.68646,2.25523,1527,5/9/2015,April,Other,,0.04693,,WT
WB61NE3,ALF,WB61NE33,N32.68646 W2.25523,32.68646,2.25523,1527,5/9/2015,April,Tenebrionidae Diet,1,0.57522,,WT
WB61NE3,ALF,WB61NE33,N32.68646 W2.25523,32.68646,2.25523,1527,5/9/2015,April,Tenebrionidae Other,2,0.00246,,WT
WB61NE3,ALF,WB61NE34,N32.68683 W2.25578,32.68683,2.25578,1525,5/9/2015,April,Messor,0,0,,WT
WB61NE3,ALF,WB61NE34,N32.68683 W2.25578,32.68683,2.25578,1525,5/9/2015,April,Other,,0.18668,,WT
WB61NE3,ALF,WB61NE34,N32.68683 W2.25578,32.68683,2.25578,1525,5/9/2015,April,Tenebrionidae Diet,0,0,,WT
WB61NE3,ALF,WB61NE34,N32.68683 W2.25578,32.68683,2.25578,1525,5/9/2015,April,Tenebrionidae Other,0,0,,WT
WB61NE4,ALF,WB61NE41,N32.68205 W2.29343,32.68205,2.29343,1463,5/9/2015,April,Messor,11,0.01208,,WT
WB61NE4,ALF,WB61NE41,N32.68205 W2.29343,32.68205,2.29343,1463,5/9/2015,April,Other,,0.17467,,WT
WB61NE4,ALF,WB61NE41,N32.68205 W2.29343,32.68205,2.29343,1463,5/9/2015,April,Tenebrionidae Diet,6,0.41121,,WT
WB61NE4,ALF,WB61NE41,N32.68205 W2.29343,32.68205,2.29343,1463,5/9/2015,April,Tenebrionidae Other,0,0,,WT
WB61NE4,ALF,WB61NE42,N32.68208 W2.29310,32.68208,2.2931,1463,5/9/2015,April,Messor,0,0,,WT
WB61NE4,ALF,WB61NE42,N32.68208 W2.29310,32.68208,2.2931,1463,5/9/2015,April,Other,,0.42362,,WT
WB61NE4,ALF,WB61NE42,N32.68208 W2.29310,32.68208,2.2931,1463,5/9/2015,April,Tenebrionidae Diet,2,0.1131,,WT
WB61NE4,ALF,WB61NE42,N32.68208 W2.29310,32.68208,2.2931,1463,5/9/2015,April,Tenebrionidae Other,0,0,,WT
WB61NE4,ALF,WB61NE43,N32.68156 W2.29300,32.68156,2.293,1463,5/9/2015,April,Messor,1,0.00241,,WT
WB61NE4,ALF,WB61NE43,N32.68156 W2.29300,32.68156,2.293,1463,5/9/2015,April,Other,,0.12106,,WT
WB61NE4,ALF,WB61NE43,N32.68156 W2.29300,32.68156,2.293,1463,5/9/2015,April,Tenebrionidae Diet,2,0.10105,,WT
WB61NE4,ALF,WB61NE43,N32.68156 W2.29300,32.68156,2.293,1463,5/9/2015,April,Tenebrionidae Other,0,0,,WT
WB61NE4,ALF,WB61NE44,N32.68159 W2.29362,32.68159,2.29362,1457,5/9/2015,April,Messor,4,0.00359,,WT
WB61NE4,ALF,WB61NE44,N32.68159 W2.29362,32.68159,2.29362,1457,5/9/2015,April,Other,,0.11647,,WT
WB61NE4,ALF,WB61NE44,N32.68159 W2.29362,32.68159,2.29362,1457,5/9/2015,April,Tenebrionidae Diet,1,0.01056,,WT
WB61NE4,ALF,WB61NE44,N32.68159 W2.29362,32.68159,2.29362,1457,5/9/2015,April,Tenebrionidae Other,2,0.0062,,WT
WB61NE5,ALF,WB61NE51,N32.69328 W2.27979,32.69328,2.27979,1462,5/9/2015,April,Messor,19,0.02651,,WT
WB61NE5,ALF,WB61NE51,N32.69328 W2.27979,32.69328,2.27979,1462,5/9/2015,April,Other,,0.42784,,WT
WB61NE5,ALF,WB61NE51,N32.69328 W2.27979,32.69328,2.27979,1462,5/9/2015,April,Tenebrionidae Diet,3,0.23663,,WT
WB61NE5,ALF,WB61NE51,N32.69328 W2.27979,32.69328,2.27979,1462,5/9/2015,April,Tenebrionidae Other,0,0,,WT
WB61NE5,ALF,WB61NE52,N32.69320 W2.27930,32.6932,2.2793,1464,5/9/2015,April,Messor,40,0.0431,,WT
WB61NE5,ALF,WB61NE52,N32.69320 W2.27930,32.6932,2.2793,1464,5/9/2015,April,Other,,0.07254,,WT
WB61NE5,ALF,WB61NE52,N32.69320 W2.27930,32.6932,2.2793,1464,5/9/2015,April,Tenebrionidae Diet,5,0.30584,,WT
WB61NE5,ALF,WB61NE52,N32.69320 W2.27930,32.6932,2.2793,1464,5/9/2015,April,Tenebrionidae Other,0,0,,WT
WB61NE5,ALF,WB61NE53,N32.69281 W2.27926,32.69281,2.27926,1463,5/9/2015,April,Messor,16,0.02075,,WT
WB61NE5,ALF,WB61NE53,N32.69281 W2.27926,32.69281,2.27926,1463,5/9/2015,April,Other,,0.08112,,WT
WB61NE5,ALF,WB61NE53,N32.69281 W2.27926,32.69281,2.27926,1463,5/9/2015,April,Tenebrionidae Diet,2,0.12038,,WT
WB61NE5,ALF,WB61NE53,N32.69281 W2.27926,32.69281,2.27926,1463,5/9/2015,April,Tenebrionidae Other,0,0,,WT
WB61NE5,ALF,WB61NE54,N32.69286 W2.27998,32.69286,2.27998,1463,5/9/2015,April,Messor,30,0.04123,,WT
WB61NE5,ALF,WB61NE54,N32.69286 W2.27998,32.69286,2.27998,1463,5/9/2015,April,Other,,0.29158,,WT
WB61NE5,ALF,WB61NE54,N32.69286 W2.27998,32.69286,2.27998,1463,5/9/2015,April,Tenebrionidae Diet,3,0.28221,,WT
WB61NE5,ALF,WB61NE54,N32.69286 W2.27998,32.69286,2.27998,1463,5/9/2015,April,Tenebrionidae Other,0,0,,WT
VB17NW1,REG,VB17NW11,N33.24393 W3.95261,33.24393,3.95261,988,6/29/2015,June,Messor,2,0.00351,,WT
VB17NW1,REG,VB17NW11,N33.24393 W3.95261,33.24393,3.95261,988,6/29/2015,June,Other,,0.09965,,WT
VB17NW1,REG,VB17NW11,N33.24393 W3.95261,33.24393,3.95261,988,6/29/2015,June,Tenebrionidae Diet,0,0,,WT
VB17NW1,REG,VB17NW11,N33.24393 W3.95261,33.24393,3.95261,988,6/29/2015,June,Tenebrionidae Other,0,0,,WT
VB17NW1,REG,VB17NW12,N33.24378 W3.95208,33.24378,3.95208,986,6/29/2015,June,Messor,0,0,,WT
VB17NW1,REG,VB17NW12,N33.24378 W3.95208,33.24378,3.95208,986,6/29/2015,June,Other,,0.32048,,WT
VB17NW1,REG,VB17NW12,N33.24378 W3.95208,33.24378,3.95208,986,6/29/2015,June,Tenebrionidae Diet,0,0,,WT
VB17NW1,REG,VB17NW12,N33.24378 W3.95208,33.24378,3.95208,986,6/29/2015,June,Tenebrionidae Other,0,0,,WT
VB17NW1,REG,VB17NW13,N33.24335 W3.95221,33.24335,3.95221,986,6/29/2015,June,Messor,0,0,,WT
VB17NW1,REG,VB17NW13,N33.24335 W3.95221,33.24335,3.95221,986,6/29/2015,June,Other,,0.08354,,WT
VB17NW1,REG,VB17NW13,N33.24335 W3.95221,33.24335,3.95221,986,6/29/2015,June,Tenebrionidae Diet,0,0,,WT
VB17NW1,REG,VB17NW13,N33.24335 W3.95221,33.24335,3.95221,986,6/29/2015,June,Tenebrionidae Other,0,0,,WT
VB17NW1,REG,VB17NW14,N33.24348 W3.95279,33.24348,3.95279,987,6/29/2015,June,Messor,0,0,,WT
VB17NW1,REG,VB17NW14,N33.24348 W3.95279,33.24348,3.95279,987,6/29/2015,June,Other,,0.08409,,WT
VB17NW1,REG,VB17NW14,N33.24348 W3.95279,33.24348,3.95279,987,6/29/2015,June,Tenebrionidae Diet,0,0,,WT
VB17NW1,REG,VB17NW14,N33.24348 W3.95279,33.24348,3.95279,987,6/29/2015,June,Tenebrionidae Other,0,0,,WT
VB17NW2,REG,VB17NW21,N33.24432 W3.92586,33.24432,3.92586,938,6/29/2015,June,Messor,13,0.03236,,WT
VB17NW2,REG,VB17NW21,N33.24432 W3.92586,33.24432,3.92586,938,6/29/2015,June,Other,,0.22679,,WT
VB17NW2,REG,VB17NW21,N33.24432 W3.92586,33.24432,3.92586,938,6/29/2015,June,Tenebrionidae Diet,1,0.00783,,WT
VB17NW2,REG,VB17NW21,N33.24432 W3.92586,33.24432,3.92586,938,6/29/2015,June,Tenebrionidae Other,0,0,,WT
VB17NW2,REG,VB17NW22,N33.24417 W3.92532,33.24417,3.92532,940,6/29/2015,June,Messor,5,0.00622,,WT
VB17NW2,REG,VB17NW22,N33.24417 W3.92532,33.24417,3.92532,940,6/29/2015,June,Other,,0.15772,,WT
VB17NW2,REG,VB17NW22,N33.24417 W3.92532,33.24417,3.92532,940,6/29/2015,June,Tenebrionidae Diet,0,0,,WT
VB17NW2,REG,VB17NW22,N33.24417 W3.92532,33.24417,3.92532,940,6/29/2015,June,Tenebrionidae Other,0,0,,WT
VB17NW2,REG,VB17NW23,N33.24373 W3.92547,33.24373,3.92547,940,6/29/2015,June,Messor,1,0.00241,,WT
VB17NW2,REG,VB17NW23,N33.24373 W3.92547,33.24373,3.92547,940,6/29/2015,June,Other,,0.0878,,WT
VB17NW2,REG,VB17NW23,N33.24373 W3.92547,33.24373,3.92547,940,6/29/2015,June,Tenebrionidae Diet,0,0,,WT
VB17NW2,REG,VB17NW23,N33.24373 W3.92547,33.24373,3.92547,940,6/29/2015,June,Tenebrionidae Other,0,0,,WT
VB17NW2,REG,VB17NW24,N33.24386 W3.92599,33.24386,3.92599,942,6/29/2015,June,Messor,0,0,,WT
VB17NW2,REG,VB17NW24,N33.24386 W3.92599,33.24386,3.92599,942,6/29/2015,June,Other,,0.23047,,WT
VB17NW2,REG,VB17NW24,N33.24386 W3.92599,33.24386,3.92599,942,6/29/2015,June,Tenebrionidae Diet,2,1.09899,,WT
VB17NW2,REG,VB17NW24,N33.24386 W3.92599,33.24386,3.92599,942,6/29/2015,June,Tenebrionidae Other,0,0,,WT
VB17NW3,REG,VB17NW31,N33.22191 W3.92567,33.22191,3.92567,945,6/29/2015,June,Messor,1,0.00103,,WT
VB17NW3,REG,VB17NW31,N33.22191 W3.92567,33.22191,3.92567,945,6/29/2015,June,Other,,0.36369,,WT
VB17NW3,REG,VB17NW31,N33.22191 W3.92567,33.22191,3.92567,945,6/29/2015,June,Tenebrionidae Diet,0,0,,WT
VB17NW3,REG,VB17NW31,N33.22191 W3.92567,33.22191,3.92567,945,6/29/2015,June,Tenebrionidae Other,0,0,,WT
VB17NW3,REG,VB17NW32,N33.22178 W3.92519,33.22178,3.92519,942,6/29/2015,June,Messor,0,0,,WT
VB17NW3,REG,VB17NW32,N33.22178 W3.92519,33.22178,3.92519,942,6/29/2015,June,Other,,0.0595,,WT
VB17NW3,REG,VB17NW32,N33.22178 W3.92519,33.22178,3.92519,942,6/29/2015,June,Tenebrionidae Diet,1,0.17102,,WT
VB17NW3,REG,VB17NW32,N33.22178 W3.92519,33.22178,3.92519,942,6/29/2015,June,Tenebrionidae Other,0,0,,WT
VB17NW3,REG,VB17NW33,N33.22134 W3.92538,33.22134,3.92538,942,6/29/2015,June,Messor,0,0,,WT
VB17NW3,REG,VB17NW33,N33.22134 W3.92538,33.22134,3.92538,942,6/29/2015,June,Other,,0.04714,,WT
VB17NW3,REG,VB17NW33,N33.22134 W3.92538,33.22134,3.92538,942,6/29/2015,June,Tenebrionidae Diet,0,0,,WT
VB17NW3,REG,VB17NW33,N33.22134 W3.92538,33.22134,3.92538,942,6/29/2015,June,Tenebrionidae Other,0,0,,WT
VB17NW3,REG,VB17NW34,N33.22149 W3.92586,33.22149,3.92586,942,6/29/2015,June,Messor,0,0,,WT
VB17NW3,REG,VB17NW34,N33.22149 W3.92586,33.22149,3.92586,942,6/29/2015,June,Other,,0.0751,,WT
VB17NW3,REG,VB17NW34,N33.22149 W3.92586,33.22149,3.92586,942,6/29/2015,June,Tenebrionidae Diet,0,0,,WT
VB17NW3,REG,VB17NW34,N33.22149 W3.92586,33.22149,3.92586,942,6/29/2015,June,Tenebrionidae Other,0,0,,WT
VB17NW4,REG,VB17NW41,N33.22150 W3.95235,33.2215,3.95235,955,6/29/2015,June,Messor,6,0.00372,,WT
VB17NW4,REG,VB17NW41,N33.22150 W3.95235,33.2215,3.95235,955,6/29/2015,June,Other,,0.36585,,WT
VB17NW4,REG,VB17NW41,N33.22150 W3.95235,33.2215,3.95235,955,6/29/2015,June,Tenebrionidae Diet,1,0.01965,,WT
VB17NW4,REG,VB17NW41,N33.22150 W3.95235,33.2215,3.95235,955,6/29/2015,June,Tenebrionidae Other,0,0,,WT
VB17NW4,REG,VB17NW42,N33.22109 W3.95217,33.22109,3.95217,955,6/29/2015,June,Messor,1,0.00186,,WT
VB17NW4,REG,VB17NW42,N33.22109 W3.95217,33.22109,3.95217,955,6/29/2015,June,Other,,0.18054,,WT
VB17NW4,REG,VB17NW42,N33.22109 W3.95217,33.22109,3.95217,955,6/29/2015,June,Tenebrionidae Diet,0,0,,WT
VB17NW4,REG,VB17NW42,N33.22109 W3.95217,33.22109,3.95217,955,6/29/2015,June,Tenebrionidae Other,0,0,,WT
VB17NW4,REG,VB17NW43,N33.22093 W3.95263,33.22093,3.95263,954,6/29/2015,June,Messor,0,0,,WT
VB17NW4,REG,VB17NW43,N33.22093 W3.95263,33.22093,3.95263,954,6/29/2015,June,Other,,0.17996,,WT
VB17NW4,REG,VB17NW43,N33.22093 W3.95263,33.22093,3.95263,954,6/29/2015,June,Tenebrionidae Diet,0,0,,WT
VB17NW4,REG,VB17NW43,N33.22093 W3.95263,33.22093,3.95263,954,6/29/2015,June,Tenebrionidae Other,0,0,,WT
VB17NW4,REG,VB17NW44,N33.22134 W3.95281,33.22134,3.95281,956,6/29/2015,June,Messor,2,0.00475,,WT
VB17NW4,REG,VB17NW44,N33.22134 W3.95281,33.22134,3.95281,956,6/29/2015,June,Other,,0.19453,,WT
VB17NW4,REG,VB17NW44,N33.22134 W3.95281,33.22134,3.95281,956,6/29/2015,June,Tenebrionidae Diet,0,0,,WT
VB17NW4,REG,VB17NW44,N33.22134 W3.95281,33.22134,3.95281,956,6/29/2015,June,Tenebrionidae Other,0,0,,WT
VB17NW5,REG,VB17NW51,N33.23296 W3.93897,33.23296,3.93897,951,6/29/2015,June,Messor,3,0.00871,,WT
VB17NW5,REG,VB17NW51,N33.23296 W3.93897,33.23296,3.93897,951,6/29/2015,June,Other,,0.08181,,WT
VB17NW5,REG,VB17NW51,N33.23296 W3.93897,33.23296,3.93897,951,6/29/2015,June,Tenebrionidae Diet,0,0,,WT
VB17NW5,REG,VB17NW51,N33.23296 W3.93897,33.23296,3.93897,951,6/29/2015,June,Tenebrionidae Other,0,0,,WT
VB17NW5,REG,VB17NW52,N33.23271 W3.93853,33.23271,3.93853,951,6/29/2015,June,Messor,0,0,,WT
VB17NW5,REG,VB17NW52,N33.23271 W3.93853,33.23271,3.93853,951,6/29/2015,June,Other,,0.29043,,WT
VB17NW5,REG,VB17NW52,N33.23271 W3.93853,33.23271,3.93853,951,6/29/2015,June,Tenebrionidae Diet,0,0,,WT
VB17NW5,REG,VB17NW52,N33.23271 W3.93853,33.23271,3.93853,951,6/29/2015,June,Tenebrionidae Other,0,0,,WT
VB17NW5,REG,VB17NW53,N33.23234 W3.93882,33.23234,3.93882,952,6/29/2015,June,Messor,1,0.00225,,WT
VB17NW5,REG,VB17NW53,N33.23234 W3.93882,33.23234,3.93882,952,6/29/2015,June,Other,,0.09704,,WT
VB17NW5,REG,VB17NW53,N33.23234 W3.93882,33.23234,3.93882,952,6/29/2015,June,Tenebrionidae Diet,0,0,,WT
VB17NW5,REG,VB17NW53,N33.23234 W3.93882,33.23234,3.93882,952,6/29/2015,June,Tenebrionidae Other,0,0,,WT
VB17NW5,REG,VB17NW54,N33.23261 W3.93907,33.23261,3.93907,952,6/29/2015,June,Messor,0,0,,WT
VB17NW5,REG,VB17NW54,N33.23261 W3.93907,33.23261,3.93907,952,6/29/2015,June,Other,,0.15088,,WT
VB17NW5,REG,VB17NW54,N33.23261 W3.93907,33.23261,3.93907,952,6/29/2015,June,Tenebrionidae Diet,0,0,,WT
VB17NW5,REG,VB17NW54,N33.23261 W3.93907,33.23261,3.93907,952,6/29/2015,June,Tenebrionidae Other,0,0,,WT
WB61NE1,ALF,WB61NE11,N32.70452 W2.29322,32.70452,2.29322,1438,6/29/2015,June,Messor,10,0.01503,,WT
WB61NE1,ALF,WB61NE11,N32.70452 W2.29322,32.70452,2.29322,1438,6/29/2015,June,Other,,0.16049,,WT
WB61NE1,ALF,WB61NE11,N32.70452 W2.29322,32.70452,2.29322,1438,6/29/2015,June,Tenebrionidae Diet,1,0.02857,,WT
WB61NE1,ALF,WB61NE11,N32.70452 W2.29322,32.70452,2.29322,1438,6/29/2015,June,Tenebrionidae Other,2,0.03221,,WT
WB61NE1,ALF,WB61NE12,N32.70439 W2.29259,32.70439,2.29259,1438,6/29/2015,June,Messor,8,0.00905,,WT
WB61NE1,ALF,WB61NE12,N32.70439 W2.29259,32.70439,2.29259,1438,6/29/2015,June,Other,,0.12921,,WT
WB61NE1,ALF,WB61NE12,N32.70439 W2.29259,32.70439,2.29259,1438,6/29/2015,June,Tenebrionidae Diet,0,0,,WT
WB61NE1,ALF,WB61NE12,N32.70439 W2.29259,32.70439,2.29259,1438,6/29/2015,June,Tenebrionidae Other,0,0,,WT
WB61NE1,ALF,WB61NE13,N32.70403 W2.29272,32.70403,2.29272,1439,6/29/2015,June,Messor,10,0.00638,,WT
WB61NE1,ALF,WB61NE13,N32.70403 W2.29272,32.70403,2.29272,1439,6/29/2015,June,Other,,0.14148,,WT
WB61NE1,ALF,WB61NE13,N32.70403 W2.29272,32.70403,2.29272,1439,6/29/2015,June,Tenebrionidae Diet,3,0.22114,,WT
WB61NE1,ALF,WB61NE13,N32.70403 W2.29272,32.70403,2.29272,1439,6/29/2015,June,Tenebrionidae Other,0,0,,WT
WB61NE1,ALF,WB61NE14,N32.70405 W2.29323,32.70405,2.29323,1440,6/29/2015,June,Messor,4,0.00598,,WT
WB61NE1,ALF,WB61NE14,N32.70405 W2.29323,32.70405,2.29323,1440,6/29/2015,June,Other,,0.16716,,WT
WB61NE1,ALF,WB61NE14,N32.70405 W2.29323,32.70405,2.29323,1440,6/29/2015,June,Tenebrionidae Diet,0,0,,WT
WB61NE1,ALF,WB61NE14,N32.70405 W2.29323,32.70405,2.29323,1440,6/29/2015,June,Tenebrionidae Other,3,0.0412,,WT
WB61NE2,ALF,WB61NE21,N32.70424 W2.26634,32.70424,2.26634,1466,6/29/2015,June,Messor,1,0.00095,,WT
WB61NE2,ALF,WB61NE21,N32.70424 W2.26634,32.70424,2.26634,1466,6/29/2015,June,Other,,0.16805,,WT
WB61NE2,ALF,WB61NE21,N32.70424 W2.26634,32.70424,2.26634,1466,6/29/2015,June,Tenebrionidae Diet,1,0.05147,,WT
WB61NE2,ALF,WB61NE21,N32.70424 W2.26634,32.70424,2.26634,1466,6/29/2015,June,Tenebrionidae Other,0,0,,WT
WB61NE2,ALF,WB61NE22,N32.70404 W2.26575,32.70404,2.26575,1465,6/29/2015,June,Messor,7,0.00713,,WT
WB61NE2,ALF,WB61NE22,N32.70404 W2.26575,32.70404,2.26575,1465,6/29/2015,June,Other,,0.16326,,WT
WB61NE2,ALF,WB61NE22,N32.70404 W2.26575,32.70404,2.26575,1465,6/29/2015,June,Tenebrionidae Diet,3,3.34281,,WT
WB61NE2,ALF,WB61NE22,N32.70404 W2.26575,32.70404,2.26575,1465,6/29/2015,June,Tenebrionidae Other,0,0,,WT
WB61NE2,ALF,WB61NE23,N32.70367 W2.26598,32.70367,2.26598,1463,6/29/2015,June,Messor,0,0,,WT
WB61NE2,ALF,WB61NE23,N32.70367 W2.26598,32.70367,2.26598,1463,6/29/2015,June,Other,,0.19532,,WT
WB61NE2,ALF,WB61NE23,N32.70367 W2.26598,32.70367,2.26598,1463,6/29/2015,June,Tenebrionidae Diet,1,0.06769,,WT
WB61NE2,ALF,WB61NE23,N32.70367 W2.26598,32.70367,2.26598,1463,6/29/2015,June,Tenebrionidae Other,0,0,,WT
WB61NE2,ALF,WB61NE24,N32.70392 W2.26623,32.70392,2.26623,1463,6/29/2015,June,Messor,25,0.0234,,WT
WB61NE2,ALF,WB61NE24,N32.70392 W2.26623,32.70392,2.26623,1463,6/29/2015,June,Other,,0.36654,,WT
WB61NE2,ALF,WB61NE24,N32.70392 W2.26623,32.70392,2.26623,1463,6/29/2015,June,Tenebrionidae Diet,1,0.04545,,WT
WB61NE2,ALF,WB61NE24,N32.70392 W2.26623,32.70392,2.26623,1463,6/29/2015,June,Tenebrionidae Other,0,0,,WT
WB61NE3,ALF,WB61NE31,N32.68708 W2.25530,32.68708,2.2553,1525,6/29/2015,June,Messor,0,0,,WT
WB61NE3,ALF,WB61NE31,N32.68708 W2.25530,32.68708,2.2553,1525,6/29/2015,June,Other,,0.1352,,WT
WB61NE3,ALF,WB61NE31,N32.68708 W2.25530,32.68708,2.2553,1525,6/29/2015,June,Tenebrionidae Diet,0,0,,WT
WB61NE3,ALF,WB61NE31,N32.68708 W2.25530,32.68708,2.2553,1525,6/29/2015,June,Tenebrionidae Other,0,0,,WT
WB61NE3,ALF,WB61NE32,N32.68685 W2.25488,32.68685,2.25488,1528,6/29/2015,June,Messor,1,0.0009,,WT
WB61NE3,ALF,WB61NE32,N32.68685 W2.25488,32.68685,2.25488,1528,6/29/2015,June,Other,,0.13618,,WT
WB61NE3,ALF,WB61NE32,N32.68685 W2.25488,32.68685,2.25488,1528,6/29/2015,June,Tenebrionidae Diet,0,0,,WT
WB61NE3,ALF,WB61NE32,N32.68685 W2.25488,32.68685,2.25488,1528,6/29/2015,June,Tenebrionidae Other,0,0,,WT
WB61NE3,ALF,WB61NE33,N32.68646 W2.25523,32.68646,2.25523,1527,6/29/2015,June,Messor,1,0.00066,,WT
WB61NE3,ALF,WB61NE33,N32.68646 W2.25523,32.68646,2.25523,1527,6/29/2015,June,Other,,0.07095,,WT
WB61NE3,ALF,WB61NE33,N32.68646 W2.25523,32.68646,2.25523,1527,6/29/2015,June,Tenebrionidae Diet,1,1.482,,WT
WB61NE3,ALF,WB61NE33,N32.68646 W2.25523,32.68646,2.25523,1527,6/29/2015,June,Tenebrionidae Other,1,0.01505,,WT
WB61NE3,ALF,WB61NE34,N32.68683 W2.25578,32.68683,2.25578,1525,6/29/2015,June,Messor,1,0.00175,,WT
WB61NE3,ALF,WB61NE34,N32.68683 W2.25578,32.68683,2.25578,1525,6/29/2015,June,Other,,0.19425,,WT
WB61NE3,ALF,WB61NE34,N32.68683 W2.25578,32.68683,2.25578,1525,6/29/2015,June,Tenebrionidae Diet,0,0,,WT
WB61NE3,ALF,WB61NE34,N32.68683 W2.25578,32.68683,2.25578,1525,6/29/2015,June,Tenebrionidae Other,0,0,,WT
WB61NE4,ALF,WB61NE41,N32.68205 W2.29343,32.68205,2.29343,1463,6/29/2015,June,Messor,3,0.00215,,WT
WB61NE4,ALF,WB61NE41,N32.68205 W2.29343,32.68205,2.29343,1463,6/29/2015,June,Other,,0.14616,,WT
WB61NE4,ALF,WB61NE41,N32.68205 W2.29343,32.68205,2.29343,1463,6/29/2015,June,Tenebrionidae Diet,0,0,,WT
WB61NE4,ALF,WB61NE41,N32.68205 W2.29343,32.68205,2.29343,1463,6/29/2015,June,Tenebrionidae Other,1,0.01951,,WT
WB61NE4,ALF,WB61NE42,N32.68208 W2.29310,32.68208,2.2931,1463,6/29/2015,June,Messor,0,0,,WT
WB61NE4,ALF,WB61NE42,N32.68208 W2.29310,32.68208,2.2931,1463,6/29/2015,June,Other,,0.41352,,WT
WB61NE4,ALF,WB61NE42,N32.68208 W2.29310,32.68208,2.2931,1463,6/29/2015,June,Tenebrionidae Diet,1,0.06678,,WT
WB61NE4,ALF,WB61NE42,N32.68208 W2.29310,32.68208,2.2931,1463,6/29/2015,June,Tenebrionidae Other,0,0,,WT
WB61NE4,ALF,WB61NE43,N32.68156 W2.29300,32.68156,2.293,1463,6/29/2015,June,Messor,4,0.0044,,WT
WB61NE4,ALF,WB61NE43,N32.68156 W2.29300,32.68156,2.293,1463,6/29/2015,June,Other,,0.21824,,WT
WB61NE4,ALF,WB61NE43,N32.68156 W2.29300,32.68156,2.293,1463,6/29/2015,June,Tenebrionidae Diet,0,0,,WT
WB61NE4,ALF,WB61NE43,N32.68156 W2.29300,32.68156,2.293,1463,6/29/2015,June,Tenebrionidae Other,0,0,,WT
WB61NE4,ALF,WB61NE44,N32.68159 W2.29362,32.68159,2.29362,1457,6/29/2015,June,Messor,2,0.00135,,WT
WB61NE4,ALF,WB61NE44,N32.68159 W2.29362,32.68159,2.29362,1457,6/29/2015,June,Other,,0.18274,,WT
WB61NE4,ALF,WB61NE44,N32.68159 W2.29362,32.68159,2.29362,1457,6/29/2015,June,Tenebrionidae Diet,3,0.31878,,WT
WB61NE4,ALF,WB61NE44,N32.68159 W2.29362,32.68159,2.29362,1457,6/29/2015,June,Tenebrionidae Other,0,0,,WT
WB61NE5,ALF,WB61NE51,N32.69328 W2.27979,32.69328,2.27979,1462,6/29/2015,June,Messor,8,0.00966,,WT
WB61NE5,ALF,WB61NE51,N32.69328 W2.27979,32.69328,2.27979,1462,6/29/2015,June,Other,,0.10991,,WT
WB61NE5,ALF,WB61NE51,N32.69328 W2.27979,32.69328,2.27979,1462,6/29/2015,June,Tenebrionidae Diet,1,0.40855,,WT
WB61NE5,ALF,WB61NE51,N32.69328 W2.27979,32.69328,2.27979,1462,6/29/2015,June,Tenebrionidae Other,2,0.04142,,WT
WB61NE5,ALF,WB61NE52,N32.69320 W2.27930,32.6932,2.2793,1464,6/29/2015,June,Messor,3,0.00205,,WT
WB61NE5,ALF,WB61NE52,N32.69320 W2.27930,32.6932,2.2793,1464,6/29/2015,June,Other,,0.10138,,WT
WB61NE5,ALF,WB61NE52,N32.69320 W2.27930,32.6932,2.2793,1464,6/29/2015,June,Tenebrionidae Diet,6,0.39465,,WT
WB61NE5,ALF,WB61NE52,N32.69320 W2.27930,32.6932,2.2793,1464,6/29/2015,June,Tenebrionidae Other,1,0.01878,,WT
WB61NE5,ALF,WB61NE53,N32.69281 W2.27926,32.69281,2.27926,1463,6/29/2015,June,Messor,17,0.01496,,WT
WB61NE5,ALF,WB61NE53,N32.69281 W2.27926,32.69281,2.27926,1463,6/29/2015,June,Other,,0.24039,,WT
WB61NE5,ALF,WB61NE53,N32.69281 W2.27926,32.69281,2.27926,1463,6/29/2015,June,Tenebrionidae Diet,1,0.10065,,WT
WB61NE5,ALF,WB61NE53,N32.69281 W2.27926,32.69281,2.27926,1463,6/29/2015,June,Tenebrionidae Other,1,0.01586,,WT
WB61NE5,ALF,WB61NE54,N32.69286 W2.27998,32.69286,2.27998,1463,6/29/2015,June,Messor,27,0.03038,,WT
WB61NE5,ALF,WB61NE54,N32.69286 W2.27998,32.69286,2.27998,1463,6/29/2015,June,Other,,0.14882,,WT
WB61NE5,ALF,WB61NE54,N32.69286 W2.27998,32.69286,2.27998,1463,6/29/2015,June,Tenebrionidae Diet,3,0.18551,,WT
WB61NE5,ALF,WB61NE54,N32.69286 W2.27998,32.69286,2.27998,1463,6/29/2015,June,Tenebrionidae Other,0,0,,WT
WC43NE1,EPA,WC43NE11,N33.78798 W2.50083,33.78798,2.50083,1103,6/29/2015,June,Messor,0,0,,WT
WC43NE1,EPA,WC43NE11,N33.78798 W2.50083,33.78798,2.50083,1103,6/29/2015,June,Other,,0.03811,,WT
WC43NE1,EPA,WC43NE11,N33.78798 W2.50083,33.78798,2.50083,1103,6/29/2015,June,Tenebrionidae Diet,0,0,,WT
WC43NE1,EPA,WC43NE11,N33.78798 W2.50083,33.78798,2.50083,1103,6/29/2015,June,Tenebrionidae Other,0,0,,WT
WC43NE1,EPA,WC43NE12,N33.78839 W2.50066,33.78839,2.50066,1111,6/29/2015,June,Messor,1,0.0012,,WT
WC43NE1,EPA,WC43NE12,N33.78839 W2.50066,33.78839,2.50066,1111,6/29/2015,June,Other,,0.60838,,WT
WC43NE1,EPA,WC43NE12,N33.78839 W2.50066,33.78839,2.50066,1111,6/29/2015,June,Tenebrionidae Diet,0,0,,WT
WC43NE1,EPA,WC43NE12,N33.78839 W2.50066,33.78839,2.50066,1111,6/29/2015,June,Tenebrionidae Other,0,0,,WT
WC43NE1,EPA,WC43NE13,N33.78823 W2.50020,33.78823,2.5002,1111,6/29/2015,June,Messor,0,0,,WT
WC43NE1,EPA,WC43NE13,N33.78823 W2.50020,33.78823,2.5002,1111,6/29/2015,June,Other,,0.16473,,WT
WC43NE1,EPA,WC43NE13,N33.78823 W2.50020,33.78823,2.5002,1111,6/29/2015,June,Tenebrionidae Diet,0,0,,WT
WC43NE1,EPA,WC43NE13,N33.78823 W2.50020,33.78823,2.5002,1111,6/29/2015,June,Tenebrionidae Other,0,0,,WT
WC43NE1,EPA,WC43NE14,N33.78777 W2.50032,33.78777,2.50032,1109,6/29/2015,June,Messor,0,0,,WT
WC43NE1,EPA,WC43NE14,N33.78777 W2.50032,33.78777,2.50032,1109,6/29/2015,June,Other,,0.0313,,WT
WC43NE1,EPA,WC43NE14,N33.78777 W2.50032,33.78777,2.50032,1109,6/29/2015,June,Tenebrionidae Diet,0,0,,WT
WC43NE1,EPA,WC43NE14,N33.78777 W2.50032,33.78777,2.50032,1109,6/29/2015,June,Tenebrionidae Other,0,0,,WT
WC43NE2,EPA,WC43NE21,N33.78770 W2.47344,33.7877,2.47344,1109,6/29/2015,June,Messor,5,0.00432,,WT
WC43NE2,EPA,WC43NE21,N33.78770 W2.47344,33.7877,2.47344,1109,6/29/2015,June,Other,,0.55556,,WT
WC43NE2,EPA,WC43NE21,N33.78770 W2.47344,33.7877,2.47344,1109,6/29/2015,June,Tenebrionidae Diet,0,0,,WT
WC43NE2,EPA,WC43NE21,N33.78770 W2.47344,33.7877,2.47344,1109,6/29/2015,June,Tenebrionidae Other,0,0,,WT
WC43NE2,EPA,WC43NE22,N33.78794 W2.47300,33.78794,2.473,1111,6/29/2015,June,Messor,10,0.00997,,WT
WC43NE2,EPA,WC43NE22,N33.78794 W2.47300,33.78794,2.473,1111,6/29/2015,June,Other,,1.13771,,WT
WC43NE2,EPA,WC43NE22,N33.78794 W2.47300,33.78794,2.473,1111,6/29/2015,June,Tenebrionidae Diet,1,0.20866,,WT
WC43NE2,EPA,WC43NE22,N33.78794 W2.47300,33.78794,2.473,1111,6/29/2015,June,Tenebrionidae Other,0,0,,WT
WC43NE2,EPA,WC43NE23,N33.78760 W2.47270,33.7876,2.4727,1108,6/29/2015,June,Messor,0,0,,WT
WC43NE2,EPA,WC43NE23,N33.78760 W2.47270,33.7876,2.4727,1108,6/29/2015,June,Other,,0.17555,,WT
WC43NE2,EPA,WC43NE23,N33.78760 W2.47270,33.7876,2.4727,1108,6/29/2015,June,Tenebrionidae Diet,0,0,,WT
WC43NE2,EPA,WC43NE23,N33.78760 W2.47270,33.7876,2.4727,1108,6/29/2015,June,Tenebrionidae Other,0,0,,WT
WC43NE2,EPA,WC43NE24,N33.78729 W2.47314,33.78729,2.47314,1107,6/29/2015,June,Messor,1,0.00066,,WT
WC43NE2,EPA,WC43NE24,N33.78729 W2.47314,33.78729,2.47314,1107,6/29/2015,June,Other,,0.63729,,WT
WC43NE2,EPA,WC43NE24,N33.78729 W2.47314,33.78729,2.47314,1107,6/29/2015,June,Tenebrionidae Diet,1,0.12795,,WT
WC43NE2,EPA,WC43NE24,N33.78729 W2.47314,33.78729,2.47314,1107,6/29/2015,June,Tenebrionidae Other,0,0,,WT
WC43NE3,EPA,WC43NE31,N33.76496 W2.47338,33.76496,2.47338,1102,6/29/2015,June,Messor,4,0.00398,,WT
WC43NE3,EPA,WC43NE31,N33.76496 W2.47338,33.76496,2.47338,1102,6/29/2015,June,Other,,1.31438,,WT
WC43NE3,EPA,WC43NE31,N33.76496 W2.47338,33.76496,2.47338,1102,6/29/2015,June,Tenebrionidae Diet,0,0,,WT
WC43NE3,EPA,WC43NE31,N33.76496 W2.47338,33.76496,2.47338,1102,6/29/2015,June,Tenebrionidae Other,0,0,,WT
WC43NE3,EPA,WC43NE32,N33.76515 W2.47290,33.76515,2.4729,1098,6/29/2015,June,Messor,0,0,,WT
WC43NE3,EPA,WC43NE32,N33.76515 W2.47290,33.76515,2.4729,1098,6/29/2015,June,Other,,0.62534,,WT
WC43NE3,EPA,WC43NE32,N33.76515 W2.47290,33.76515,2.4729,1098,6/29/2015,June,Tenebrionidae Diet,0,0,,WT
WC43NE3,EPA,WC43NE32,N33.76515 W2.47290,33.76515,2.4729,1098,6/29/2015,June,Tenebrionidae Other,0,0,,WT
WC43NE3,EPA,WC43NE33,N33.76476 W2.47265,33.76476,2.47265,1097,6/29/2015,June,Messor,0,0,,WT
WC43NE3,EPA,WC43NE33,N33.76476 W2.47265,33.76476,2.47265,1097,6/29/2015,June,Other,,0.4187,,WT
WC43NE3,EPA,WC43NE33,N33.76476 W2.47265,33.76476,2.47265,1097,6/29/2015,June,Tenebrionidae Diet,0,0,,WT
WC43NE3,EPA,WC43NE33,N33.76476 W2.47265,33.76476,2.47265,1097,6/29/2015,June,Tenebrionidae Other,0,0,,WT
WC43NE3,EPA,WC43NE34,N33.76471 W2.47290,33.76471,2.4729,1097,6/29/2015,June,Messor,1,0.00023,,WT
WC43NE3,EPA,WC43NE34,N33.76471 W2.47290,33.76471,2.4729,1097,6/29/2015,June,Other,,1.11042,,WT
WC43NE3,EPA,WC43NE34,N33.76471 W2.47290,33.76471,2.4729,1097,6/29/2015,June,Tenebrionidae Diet,0,0,,WT
WC43NE3,EPA,WC43NE34,N33.76471 W2.47290,33.76471,2.4729,1097,6/29/2015,June,Tenebrionidae Other,0,0,,WT
WC43NE4,EPA,WC43NE41,N33.76519 W2.50103,33.76519,2.50103,1112,6/29/2015,June,Messor,1,0.00175,,WT
WC43NE4,EPA,WC43NE41,N33.76519 W2.50103,33.76519,2.50103,1112,6/29/2015,June,Other,,1.15776,,WT
WC43NE4,EPA,WC43NE41,N33.76519 W2.50103,33.76519,2.50103,1112,6/29/2015,June,Tenebrionidae Diet,0,0,,WT
WC43NE4,EPA,WC43NE41,N33.76519 W2.50103,33.76519,2.50103,1112,6/29/2015,June,Tenebrionidae Other,0,0,,WT
WC43NE4,EPA,WC43NE42,N33.76501 W2.50045,33.76501,2.50045,1111,6/29/2015,June,Messor,29,0.04057,,WT
WC43NE4,EPA,WC43NE42,N33.76501 W2.50045,33.76501,2.50045,1111,6/29/2015,June,Other,,0.56079,,WT
WC43NE4,EPA,WC43NE42,N33.76501 W2.50045,33.76501,2.50045,1111,6/29/2015,June,Tenebrionidae Diet,1,0.11884,,WT
WC43NE4,EPA,WC43NE42,N33.76501 W2.50045,33.76501,2.50045,1111,6/29/2015,June,Tenebrionidae Other,0,0,,WT
WC43NE4,EPA,WC43NE43,N33.76452 W2.50048,33.76452,2.50048,1109,6/29/2015,June,Messor,,,Jar disappeared,NWT
WC43NE4,EPA,WC43NE43,N33.76452 W2.50048,33.76452,2.50048,1109,6/29/2015,June,Other,,,Jar disappeared,NWT
WC43NE4,EPA,WC43NE43,N33.76452 W2.50048,33.76452,2.50048,1109,6/29/2015,June,Tenebrionidae Diet,,,Jar disappeared,NWT
WC43NE4,EPA,WC43NE43,N33.76452 W2.50048,33.76452,2.50048,1109,6/29/2015,June,Tenebrionidae Other,,,Jar disappeared,NWT
WC43NE4,EPA,WC43NE44,N33.76458 W2.50103,33.76458,2.50103,1107,6/29/2015,June,Messor,6,0.00874,,WT
WC43NE4,EPA,WC43NE44,N33.76458 W2.50103,33.76458,2.50103,1107,6/29/2015,June,Other,,0.49072,,WT
WC43NE4,EPA,WC43NE44,N33.76458 W2.50103,33.76458,2.50103,1107,6/29/2015,June,Tenebrionidae Diet,3,0.59966,,WT
WC43NE4,EPA,WC43NE44,N33.76458 W2.50103,33.76458,2.50103,1107,6/29/2015,June,Tenebrionidae Other,0,0,,WT
WC43NE5,EPA,WC43NE51,N33.77239 W2.48479,33.77239,2.48479,1111,6/29/2015,June,Messor,2,0.00418,,WT
WC43NE5,EPA,WC43NE51,N33.77239 W2.48479,33.77239,2.48479,1111,6/29/2015,June,Other,,2.9047,,WT
WC43NE5,EPA,WC43NE51,N33.77239 W2.48479,33.77239,2.48479,1111,6/29/2015,June,Tenebrionidae Diet,1,0.22769,,WT
WC43NE5,EPA,WC43NE51,N33.77239 W2.48479,33.77239,2.48479,1111,6/29/2015,June,Tenebrionidae Other,0,0,,WT
WC43NE5,EPA,WC43NE52,N33.77233 W2.48429,33.77233,2.48429,1110,6/29/2015,June,Messor,0,0,,WT
WC43NE5,EPA,WC43NE52,N33.77233 W2.48429,33.77233,2.48429,1110,6/29/2015,June,Other,,1.55157,,WT
WC43NE5,EPA,WC43NE52,N33.77233 W2.48429,33.77233,2.48429,1110,6/29/2015,June,Tenebrionidae Diet,2,0.12704,,WT
WC43NE5,EPA,WC43NE52,N33.77233 W2.48429,33.77233,2.48429,1110,6/29/2015,June,Tenebrionidae Other,0,0,,WT
WC43NE5,EPA,WC43NE53,N33.77191 W2.48434,33.77191,2.48434,1109,6/29/2015,June,Messor,2,0.00212,,WT
WC43NE5,EPA,WC43NE53,N33.77191 W2.48434,33.77191,2.48434,1109,6/29/2015,June,Other,,1.2291,,WT
WC43NE5,EPA,WC43NE53,N33.77191 W2.48434,33.77191,2.48434,1109,6/29/2015,June,Tenebrionidae Diet,2,0.27868,,WT
WC43NE5,EPA,WC43NE53,N33.77191 W2.48434,33.77191,2.48434,1109,6/29/2015,June,Tenebrionidae Other,0,0,,WT
WC43NE5,EPA,WC43NE54,N33.77197 W2.48498,33.77197,2.48498,1112,6/29/2015,June,Messor,1,0.00215,,WT
WC43NE5,EPA,WC43NE54,N33.77197 W2.48498,33.77197,2.48498,1112,6/29/2015,June,Other,,0.9477,,WT
WC43NE5,EPA,WC43NE54,N33.77197 W2.48498,33.77197,2.48498,1112,6/29/2015,June,Tenebrionidae Diet,0,0,,WT
WC43NE5,EPA,WC43NE54,N33.77197 W2.48498,33.77197,2.48498,1112,6/29/2015,June,Tenebrionidae Other,0,0,,WT
VB14SW1,REG,VB14SW11,N32.92837 W3.94942,32.92837,3.94942,1034,6/30/2015,June,Messor,0,0,,NWT
VB14SW1,REG,VB14SW11,N32.92837 W3.94942,32.92837,3.94942,1034,6/30/2015,June,Other,,0.17048,,NWT
VB14SW1,REG,VB14SW11,N32.92837 W3.94942,32.92837,3.94942,1034,6/30/2015,June,Tenebrionidae Diet,0,0,,NWT
VB14SW1,REG,VB14SW11,N32.92837 W3.94942,32.92837,3.94942,1034,6/30/2015,June,Tenebrionidae Other,0,0,,NWT
VB14SW1,REG,VB14SW12,N32.92810 W3.94900,32.9281,3.949,1034,6/30/2015,June,Messor,0,0,,WT
VB14SW1,REG,VB14SW12,N32.92810 W3.94900,32.9281,3.949,1034,6/30/2015,June,Other,,0.03884,,WT
VB14SW1,REG,VB14SW12,N32.92810 W3.94900,32.9281,3.949,1034,6/30/2015,June,Tenebrionidae Diet,0,0,,WT
VB14SW1,REG,VB14SW12,N32.92810 W3.94900,32.9281,3.949,1034,6/30/2015,June,Tenebrionidae Other,0,0,,WT
VB14SW1,REG,VB14SW13,N32.92775 W3.94929,32.92775,3.94929,1035,6/30/2015,June,Messor,0,0,,WT
VB14SW1,REG,VB14SW13,N32.92775 W3.94929,32.92775,3.94929,1035,6/30/2015,June,Other,,0.07563,,WT
VB14SW1,REG,VB14SW13,N32.92775 W3.94929,32.92775,3.94929,1035,6/30/2015,June,Tenebrionidae Diet,0,0,,WT
VB14SW1,REG,VB14SW13,N32.92775 W3.94929,32.92775,3.94929,1035,6/30/2015,June,Tenebrionidae Other,0,0,,WT
VB14SW1,REG,VB14SW14,N32.92798 W3.94972,32.92798,3.94972,1037,6/30/2015,June,Messor,0,0,,WT
VB14SW1,REG,VB14SW14,N32.92798 W3.94972,32.92798,3.94972,1037,6/30/2015,June,Other,,0.08043,,WT
VB14SW1,REG,VB14SW14,N32.92798 W3.94972,32.92798,3.94972,1037,6/30/2015,June,Tenebrionidae Diet,0,0,,WT
VB14SW1,REG,VB14SW14,N32.92798 W3.94972,32.92798,3.94972,1037,6/30/2015,June,Tenebrionidae Other,0,0,,WT
VB14SW2,REG,VB14SW21,N32.92820 W3.92241,32.9282,3.92241,1040,6/30/2015,June,Messor,0,0,,BP
VB14SW2,REG,VB14SW21,N32.92820 W3.92241,32.9282,3.92241,1040,6/30/2015,June,Other,,0.0053,,BP
VB14SW2,REG,VB14SW21,N32.92820 W3.92241,32.9282,3.92241,1040,6/30/2015,June,Tenebrionidae Diet,0,0,,BP
VB14SW2,REG,VB14SW21,N32.92820 W3.92241,32.9282,3.92241,1040,6/30/2015,June,Tenebrionidae Other,0,0,,BP
VB14SW2,REG,VB14SW22,N32.92849 W3.92217,32.92849,3.92217,1038,6/30/2015,June,Messor,0,0,,WT
VB14SW2,REG,VB14SW22,N32.92849 W3.92217,32.92849,3.92217,1038,6/30/2015,June,Other,,0.07496,,WT
VB14SW2,REG,VB14SW22,N32.92849 W3.92217,32.92849,3.92217,1038,6/30/2015,June,Tenebrionidae Diet,1,0.01573,,WT
VB14SW2,REG,VB14SW22,N32.92849 W3.92217,32.92849,3.92217,1038,6/30/2015,June,Tenebrionidae Other,0,0,,WT
VB14SW2,REG,VB14SW23,N32.92812 W3.92213,32.92812,3.92213,1036,6/30/2015,June,Messor,0,0,,WT
VB14SW2,REG,VB14SW23,N32.92812 W3.92213,32.92812,3.92213,1036,6/30/2015,June,Other,,0.30663,,WT
VB14SW2,REG,VB14SW23,N32.92812 W3.92213,32.92812,3.92213,1036,6/30/2015,June,Tenebrionidae Diet,0,0,,WT
VB14SW2,REG,VB14SW23,N32.92812 W3.92213,32.92812,3.92213,1036,6/30/2015,June,Tenebrionidae Other,0,0,,WT
VB14SW2,REG,VB14SW24,N32.92821 W3.92267,32.92821,3.92267,1038,6/30/2015,June,Messor,0,0,,WT
VB14SW2,REG,VB14SW24,N32.92821 W3.92267,32.92821,3.92267,1038,6/30/2015,June,Other,,0.04146,,WT
VB14SW2,REG,VB14SW24,N32.92821 W3.92267,32.92821,3.92267,1038,6/30/2015,June,Tenebrionidae Diet,0,0,,WT
VB14SW2,REG,VB14SW24,N32.92821 W3.92267,32.92821,3.92267,1038,6/30/2015,June,Tenebrionidae Other,0,0,,WT
VB14SW3,REG,VB14SW31,N32.90604 W3.92205,32.90604,3.92205,1062,6/30/2015,June,Messor,0,0,,WT
VB14SW3,REG,VB14SW31,N32.90604 W3.92205,32.90604,3.92205,1062,6/30/2015,June,Other,,0.11555,,WT
VB14SW3,REG,VB14SW31,N32.90604 W3.92205,32.90604,3.92205,1062,6/30/2015,June,Tenebrionidae Diet,0,0,,WT
VB14SW3,REG,VB14SW31,N32.90604 W3.92205,32.90604,3.92205,1062,6/30/2015,June,Tenebrionidae Other,0,0,,WT
VB14SW3,REG,VB14SW32,N32.90614 W3.92153,32.90614,3.92153,1062,6/30/2015,June,Messor,0,0,,WT
VB14SW3,REG,VB14SW32,N32.90614 W3.92153,32.90614,3.92153,1062,6/30/2015,June,Other,,0.06456,,WT
VB14SW3,REG,VB14SW32,N32.90614 W3.92153,32.90614,3.92153,1062,6/30/2015,June,Tenebrionidae Diet,0,0,,WT
VB14SW3,REG,VB14SW32,N32.90614 W3.92153,32.90614,3.92153,1062,6/30/2015,June,Tenebrionidae Other,0,0,,WT
VB14SW3,REG,VB14SW33,N32.90567 W3.92146,32.90567,3.92146,1062,6/30/2015,June,Messor,,,Jar disappeared,NWT
VB14SW3,REG,VB14SW33,N32.90567 W3.92146,32.90567,3.92146,1062,6/30/2015,June,Other,,,Jar disappeared,NWT
VB14SW3,REG,VB14SW33,N32.90567 W3.92146,32.90567,3.92146,1062,6/30/2015,June,Tenebrionidae Diet,,,Jar disappeared,NWT
VB14SW3,REG,VB14SW33,N32.90567 W3.92146,32.90567,3.92146,1062,6/30/2015,June,Tenebrionidae Other,,,Jar disappeared,NWT
VB14SW3,REG,VB14SW34,N32.90561 W3.92193,32.90561,3.92193,1063,6/30/2015,June,Messor,0,0,,WT
VB14SW3,REG,VB14SW34,N32.90561 W3.92193,32.90561,3.92193,1063,6/30/2015,June,Other,,0.01273,,WT
VB14SW3,REG,VB14SW34,N32.90561 W3.92193,32.90561,3.92193,1063,6/30/2015,June,Tenebrionidae Diet,0,0,,WT
VB14SW3,REG,VB14SW34,N32.90561 W3.92193,32.90561,3.92193,1063,6/30/2015,June,Tenebrionidae Other,0,0,,WT
VB14SW4,EPA,VB14SW41,N32.90579 W3.94901,32.90579,3.94901,1048,6/30/2015,June,Messor,0,0,,WT
VB14SW4,EPA,VB14SW41,N32.90579 W3.94901,32.90579,3.94901,1048,6/30/2015,June,Other,,0.06329,,WT
VB14SW4,EPA,VB14SW41,N32.90579 W3.94901,32.90579,3.94901,1048,6/30/2015,June,Tenebrionidae Diet,0,0,,WT
VB14SW4,EPA,VB14SW41,N32.90579 W3.94901,32.90579,3.94901,1048,6/30/2015,June,Tenebrionidae Other,0,0,,WT
VB14SW4,EPA,VB14SW42,N32.90572 W3.94846,32.90572,3.94846,1049,6/30/2015,June,Messor,1,0.00097,,WT
VB14SW4,EPA,VB14SW42,N32.90572 W3.94846,32.90572,3.94846,1049,6/30/2015,June,Other,,0.03024,,WT
VB14SW4,EPA,VB14SW42,N32.90572 W3.94846,32.90572,3.94846,1049,6/30/2015,June,Tenebrionidae Diet,0,0,,WT
VB14SW4,EPA,VB14SW42,N32.90572 W3.94846,32.90572,3.94846,1049,6/30/2015,June,Tenebrionidae Other,0,0,,WT
VB14SW4,EPA,VB14SW43,N32.90532 W3.94851,32.90532,3.94851,1049,6/30/2015,June,Messor,5,0.00277,,WT
VB14SW4,EPA,VB14SW43,N32.90532 W3.94851,32.90532,3.94851,1049,6/30/2015,June,Other,,0.0569,,WT
VB14SW4,EPA,VB14SW43,N32.90532 W3.94851,32.90532,3.94851,1049,6/30/2015,June,Tenebrionidae Diet,0,0,,WT
VB14SW4,EPA,VB14SW43,N32.90532 W3.94851,32.90532,3.94851,1049,6/30/2015,June,Tenebrionidae Other,0,0,,WT
VB14SW4,EPA,VB14SW44,N32.90539 W3.94907,32.90539,3.94907,1049,6/30/2015,June,Messor,0,0,,NWT
VB14SW4,EPA,VB14SW44,N32.90539 W3.94907,32.90539,3.94907,1049,6/30/2015,June,Other,,0.04239,,NWT
VB14SW4,EPA,VB14SW44,N32.90539 W3.94907,32.90539,3.94907,1049,6/30/2015,June,Tenebrionidae Diet,0,0,,NWT
VB14SW4,EPA,VB14SW44,N32.90539 W3.94907,32.90539,3.94907,1049,6/30/2015,June,Tenebrionidae Other,0,0,,NWT
VB14SW5,REG,VB14SW51,N32.91728 W3.93573,32.91728,3.93573,1040,6/30/2015,June,Messor,0,0,,WT
VB14SW5,REG,VB14SW51,N32.91728 W3.93573,32.91728,3.93573,1040,6/30/2015,June,Other,,0.1141,,WT
VB14SW5,REG,VB14SW51,N32.91728 W3.93573,32.91728,3.93573,1040,6/30/2015,June,Tenebrionidae Diet,0,0,,WT
VB14SW5,REG,VB14SW51,N32.91728 W3.93573,32.91728,3.93573,1040,6/30/2015,June,Tenebrionidae Other,0,0,,WT
VB14SW5,REG,VB14SW52,N32.91685 W3.93563,32.91685,3.93563,1049,6/30/2015,June,Messor,0,0,,WT
VB14SW5,REG,VB14SW52,N32.91685 W3.93563,32.91685,3.93563,1049,6/30/2015,June,Other,,1.7548,,WT
VB14SW5,REG,VB14SW52,N32.91685 W3.93563,32.91685,3.93563,1049,6/30/2015,June,Tenebrionidae Diet,0,0,,WT
VB14SW5,REG,VB14SW52,N32.91685 W3.93563,32.91685,3.93563,1049,6/30/2015,June,Tenebrionidae Other,0,0,,WT
VB14SW5,REG,VB14SW53,N32.91700 W3.93513,32.917,3.93513,1048,6/30/2015,June,Messor,16,0.01875,,WT
VB14SW5,REG,VB14SW53,N32.91700 W3.93513,32.917,3.93513,1048,6/30/2015,June,Other,,0.0829,,WT
VB14SW5,REG,VB14SW53,N32.91700 W3.93513,32.917,3.93513,1048,6/30/2015,June,Tenebrionidae Diet,0,0,,WT
VB14SW5,REG,VB14SW53,N32.91700 W3.93513,32.917,3.93513,1048,6/30/2015,June,Tenebrionidae Other,0,0,,WT
VB14SW5,REG,VB14SW54,N32.91739 W3.93528,32.91739,3.93528,1048,6/30/2015,June,Messor,0,0,,WT
VB14SW5,REG,VB14SW54,N32.91739 W3.93528,32.91739,3.93528,1048,6/30/2015,June,Other,,0.0739,,WT
VB14SW5,REG,VB14SW54,N32.91739 W3.93528,32.91739,3.93528,1048,6/30/2015,June,Tenebrionidae Diet,0,0,,WT
VB14SW5,REG,VB14SW54,N32.91739 W3.93528,32.91739,3.93528,1048,6/30/2015,June,Tenebrionidae Other,0,0,,WT
WC24NE1,ALF,WC24NE11,N33.87870 W2.71618,33.8787,2.71618,1317,6/30/2015,June,Messor,22,0.01934,,WT
WC24NE1,ALF,WC24NE11,N33.87870 W2.71618,33.8787,2.71618,1317,6/30/2015,June,Other,,0.39857,,WT
WC24NE1,ALF,WC24NE11,N33.87870 W2.71618,33.8787,2.71618,1317,6/30/2015,June,Tenebrionidae Diet,2,0.12074,,WT
WC24NE1,ALF,WC24NE11,N33.87870 W2.71618,33.8787,2.71618,1317,6/30/2015,June,Tenebrionidae Other,1,0.00352,,WT
WC24NE1,ALF,WC24NE12,N33.87862 W2.71562,33.87862,2.71562,1319,6/30/2015,June,Messor,4,0.00384,,WT
WC24NE1,ALF,WC24NE12,N33.87862 W2.71562,33.87862,2.71562,1319,6/30/2015,June,Other,,0.16935,,WT
WC24NE1,ALF,WC24NE12,N33.87862 W2.71562,33.87862,2.71562,1319,6/30/2015,June,Tenebrionidae Diet,0,0,,WT
WC24NE1,ALF,WC24NE12,N33.87862 W2.71562,33.87862,2.71562,1319,6/30/2015,June,Tenebrionidae Other,0,0,,WT
WC24NE1,ALF,WC24NE13,N33.87807 W2.71579,33.87807,2.71579,1316,6/30/2015,June,Messor,10,0.01103,,WT
WC24NE1,ALF,WC24NE13,N33.87807 W2.71579,33.87807,2.71579,1316,6/30/2015,June,Other,,0.16161,,WT
WC24NE1,ALF,WC24NE13,N33.87807 W2.71579,33.87807,2.71579,1316,6/30/2015,June,Tenebrionidae Diet,0,0,,WT
WC24NE1,ALF,WC24NE13,N33.87807 W2.71579,33.87807,2.71579,1316,6/30/2015,June,Tenebrionidae Other,0,0,,WT
WC24NE1,ALF,WC24NE14,N33.87811 W2.71631,33.87811,2.71631,1317,6/30/2015,June,Messor,3,0.00525,,WT
WC24NE1,ALF,WC24NE14,N33.87811 W2.71631,33.87811,2.71631,1317,6/30/2015,June,Other,,0.11264,,WT
WC24NE1,ALF,WC24NE14,N33.87811 W2.71631,33.87811,2.71631,1317,6/30/2015,June,Tenebrionidae Diet,1,0.82547,,WT
WC24NE1,ALF,WC24NE14,N33.87811 W2.71631,33.87811,2.71631,1317,6/30/2015,June,Tenebrionidae Other,0,0,,WT
WC24NE2,ALF,WC24NE21,N33.87875 W2.68926,33.87875,2.68926,1328,6/30/2015,June,Messor,0,0,,WT
WC24NE2,ALF,WC24NE21,N33.87875 W2.68926,33.87875,2.68926,1328,6/30/2015,June,Other,,0.173,,WT
WC24NE2,ALF,WC24NE21,N33.87875 W2.68926,33.87875,2.68926,1328,6/30/2015,June,Tenebrionidae Diet,1,0.099,,WT
WC24NE2,ALF,WC24NE21,N33.87875 W2.68926,33.87875,2.68926,1328,6/30/2015,June,Tenebrionidae Other,0,0,,WT
WC24NE2,ALF,WC24NE22,N33.87870 W2.68871,33.8787,2.68871,1327,6/30/2015,June,Messor,1,0.00129,,WT
WC24NE2,ALF,WC24NE22,N33.87870 W2.68871,33.8787,2.68871,1327,6/30/2015,June,Other,,2.55773,,WT
WC24NE2,ALF,WC24NE22,N33.87870 W2.68871,33.8787,2.68871,1327,6/30/2015,June,Tenebrionidae Diet,2,0.17434,,WT
WC24NE2,ALF,WC24NE22,N33.87870 W2.68871,33.8787,2.68871,1327,6/30/2015,June,Tenebrionidae Other,0,0,,WT
WC24NE2,ALF,WC24NE23,N33.87825 W2.68873,33.87825,2.68873,1327,6/30/2015,June,Messor,0,0,,WT
WC24NE2,ALF,WC24NE23,N33.87825 W2.68873,33.87825,2.68873,1327,6/30/2015,June,Other,,0.40464,,WT
WC24NE2,ALF,WC24NE23,N33.87825 W2.68873,33.87825,2.68873,1327,6/30/2015,June,Other,,0.48381,,WT
WC24NE2,ALF,WC24NE23,N33.87825 W2.68873,33.87825,2.68873,1327,6/30/2015,June,Tenebrionidae Diet,0,0,,WT
WC24NE2,ALF,WC24NE23,N33.87825 W2.68873,33.87825,2.68873,1327,6/30/2015,June,Tenebrionidae Other,0,0,,WT
WC24NE2,ALF,WC24NE23,N33.87825 W2.68873,33.87825,2.68873,1327,6/30/2015,June,Tenebrionidae Other,0,0,,WT
WC24NE2,ALF,WC24NE24,N33.87827 W2.68924,33.87827,2.68924,1327,6/30/2015,June,Messor,1,0.00175,,WT
WC24NE2,ALF,WC24NE24,N33.87827 W2.68924,33.87827,2.68924,1327,6/30/2015,June,Other,,0.68526,,WT
WC24NE2,ALF,WC24NE24,N33.87827 W2.68924,33.87827,2.68924,1327,6/30/2015,June,Tenebrionidae Diet,2,0.73792,,WT
WC24NE2,ALF,WC24NE24,N33.87827 W2.68924,33.87827,2.68924,1327,6/30/2015,June,Tenebrionidae Other,0,0,,WT
WC24NE3,ALF,WC24NE31,N33.85604 W2.68924,33.85604,2.68924,1306,6/30/2015,June,Messor,1,0.00127,,WT
WC24NE3,ALF,WC24NE31,N33.85604 W2.68924,33.85604,2.68924,1306,6/30/2015,June,Other,,0.19176,,WT
WC24NE3,ALF,WC24NE31,N33.85604 W2.68924,33.85604,2.68924,1306,6/30/2015,June,Tenebrionidae Diet,0,0,,WT
WC24NE3,ALF,WC24NE31,N33.85604 W2.68924,33.85604,2.68924,1306,6/30/2015,June,Tenebrionidae Other,0,0,,WT
WC24NE3,ALF,WC24NE32,N33.85591 W2.68882,33.85591,2.68882,1300,6/30/2015,June,Messor,0,0,,WT
WC24NE3,ALF,WC24NE32,N33.85591 W2.68882,33.85591,2.68882,1300,6/30/2015,June,Other,,0.06076,,WT
WC24NE3,ALF,WC24NE32,N33.85591 W2.68882,33.85591,2.68882,1300,6/30/2015,June,Tenebrionidae Diet,0,0,,WT
WC24NE3,ALF,WC24NE32,N33.85591 W2.68882,33.85591,2.68882,1300,6/30/2015,June,Tenebrionidae Other,0,0,,WT
WC24NE3,ALF,WC24NE33,N33.85549 W2.68895,33.85549,2.68895,1296,6/30/2015,June,Messor,0,0,,WT
WC24NE3,ALF,WC24NE33,N33.85549 W2.68895,33.85549,2.68895,1296,6/30/2015,June,Other,,0.06484,,WT
WC24NE3,ALF,WC24NE33,N33.85549 W2.68895,33.85549,2.68895,1296,6/30/2015,June,Tenebrionidae Diet,0,0,,WT
WC24NE3,ALF,WC24NE33,N33.85549 W2.68895,33.85549,2.68895,1296,6/30/2015,June,Tenebrionidae Other,0,0,,WT
WC24NE3,ALF,WC24NE34,N33.85555 W2.68944,33.85555,2.68944,1298,6/30/2015,June,Messor,0,0,,WT
WC24NE3,ALF,WC24NE34,N33.85555 W2.68944,33.85555,2.68944,1298,6/30/2015,June,Other,,0.10456,,WT
WC24NE3,ALF,WC24NE34,N33.85555 W2.68944,33.85555,2.68944,1298,6/30/2015,June,Tenebrionidae Diet,0,0,,WT
WC24NE3,ALF,WC24NE34,N33.85555 W2.68944,33.85555,2.68944,1298,6/30/2015,June,Tenebrionidae Other,0,0,,WT
WC24NE4,ALF,WC24NE41,N33.85622 W2.71620,33.85622,2.7162,1323,6/30/2015,June,Messor,0,0,,WT
WC24NE4,ALF,WC24NE41,N33.85622 W2.71620,33.85622,2.7162,1323,6/30/2015,June,Other,,0.05967,,WT
WC24NE4,ALF,WC24NE41,N33.85622 W2.71620,33.85622,2.7162,1323,6/30/2015,June,Tenebrionidae Diet,0,0,,WT
WC24NE4,ALF,WC24NE41,N33.85622 W2.71620,33.85622,2.7162,1323,6/30/2015,June,Tenebrionidae Other,0,0,,WT
WC24NE4,ALF,WC24NE42,N33.85611 W2.71567,33.85611,2.71567,1332,6/30/2015,June,Messor,0,0,,WT
WC24NE4,ALF,WC24NE42,N33.85611 W2.71567,33.85611,2.71567,1332,6/30/2015,June,Other,,0.11864,,WT
WC24NE4,ALF,WC24NE42,N33.85611 W2.71567,33.85611,2.71567,1332,6/30/2015,June,Tenebrionidae Diet,0,0,,WT
WC24NE4,ALF,WC24NE42,N33.85611 W2.71567,33.85611,2.71567,1332,6/30/2015,June,Tenebrionidae Other,0,0,,WT
WC24NE4,ALF,WC24NE43,N33.85566 W2.71581,33.85566,2.71581,1331,6/30/2015,June,Messor,0,0,,WT
WC24NE4,ALF,WC24NE43,N33.85566 W2.71581,33.85566,2.71581,1331,6/30/2015,June,Other,,0.06186,,WT
WC24NE4,ALF,WC24NE43,N33.85566 W2.71581,33.85566,2.71581,1331,6/30/2015,June,Tenebrionidae Diet,0,0,,WT
WC24NE4,ALF,WC24NE43,N33.85566 W2.71581,33.85566,2.71581,1331,6/30/2015,June,Tenebrionidae Other,0,0,,WT
WC24NE4,ALF,WC24NE44,N33.85576 W2.71628,33.85576,2.71628,1327,6/30/2015,June,Messor,0,0,,WT
WC24NE4,ALF,WC24NE44,N33.85576 W2.71628,33.85576,2.71628,1327,6/30/2015,June,Other,,0.06632,,WT
WC24NE4,ALF,WC24NE44,N33.85576 W2.71628,33.85576,2.71628,1327,6/30/2015,June,Tenebrionidae Diet,0,0,,WT
WC24NE4,ALF,WC24NE44,N33.85576 W2.71628,33.85576,2.71628,1327,6/30/2015,June,Tenebrionidae Other,0,0,,WT
WC24NE5,ALF,WC24NE51,N33.86736 W2.70264,33.86736,2.70264,1332,6/30/2015,June,Messor,0,0,,WT
WC24NE5,ALF,WC24NE51,N33.86736 W2.70264,33.86736,2.70264,1332,6/30/2015,June,Other,,0.20533,,WT
WC24NE5,ALF,WC24NE51,N33.86736 W2.70264,33.86736,2.70264,1332,6/30/2015,June,Tenebrionidae Diet,0,0,,WT
WC24NE5,ALF,WC24NE51,N33.86736 W2.70264,33.86736,2.70264,1332,6/30/2015,June,Tenebrionidae Other,0,0,,WT
WC24NE5,ALF,WC24NE52,N33.86744 W2.70212,33.86744,2.70212,1336,6/30/2015,June,Messor,1,0.00175,,WT
WC24NE5,ALF,WC24NE52,N33.86744 W2.70212,33.86744,2.70212,1336,6/30/2015,June,Other,,0.04195,,WT
WC24NE5,ALF,WC24NE52,N33.86744 W2.70212,33.86744,2.70212,1336,6/30/2015,June,Tenebrionidae Diet,0,0,,WT
WC24NE5,ALF,WC24NE52,N33.86744 W2.70212,33.86744,2.70212,1336,6/30/2015,June,Tenebrionidae Other,0,0,,WT
WC24NE5,ALF,WC24NE53,N33.86705 W2.70191,33.86705,2.70191,1334,6/30/2015,June,Messor,1,0.00144,,WT
WC24NE5,ALF,WC24NE53,N33.86705 W2.70191,33.86705,2.70191,1334,6/30/2015,June,Other,,0.07134,,WT
WC24NE5,ALF,WC24NE53,N33.86705 W2.70191,33.86705,2.70191,1334,6/30/2015,June,Tenebrionidae Diet,0,0,,WT
WC24NE5,ALF,WC24NE53,N33.86705 W2.70191,33.86705,2.70191,1334,6/30/2015,June,Tenebrionidae Other,0,0,,WT
WC24NE5,ALF,WC24NE54,N33.86694 W2.70239,33.86694,2.70239,1332,6/30/2015,June,Messor,0,0,,WT
WC24NE5,ALF,WC24NE54,N33.86694 W2.70239,33.86694,2.70239,1332,6/30/2015,June,Other,,0.11493,,WT
WC24NE5,ALF,WC24NE54,N33.86694 W2.70239,33.86694,2.70239,1332,6/30/2015,June,Tenebrionidae Diet,0,0,,WT
WC24NE5,ALF,WC24NE54,N33.86694 W2.70239,33.86694,2.70239,1332,6/30/2015,June,Tenebrionidae Other,1,0.00263,,WT
VB02SE1,REG,VB02SE11,N32.74766 W4.00092,32.74766,4.00092,1243,7/1/2015,June,Messor,140,0.13533,,WT
VB02SE1,REG,VB02SE11,N32.74766 W4.00092,32.74766,4.00092,1243,7/1/2015,June,Other,,0.53683,,WT
VB02SE1,REG,VB02SE11,N32.74766 W4.00092,32.74766,4.00092,1243,7/1/2015,June,Tenebrionidae Diet,0,0,,WT
VB02SE1,REG,VB02SE11,N32.74766 W4.00092,32.74766,4.00092,1243,7/1/2015,June,Tenebrionidae Other,0,0,,WT
VB02SE1,REG,VB02SE12,N32.74736 W4.00046,32.74736,4.00046,1239,7/1/2015,June,Messor,0,0,,WT
VB02SE1,REG,VB02SE12,N32.74736 W4.00046,32.74736,4.00046,1239,7/1/2015,June,Other,,0.05478,,WT
VB02SE1,REG,VB02SE12,N32.74736 W4.00046,32.74736,4.00046,1239,7/1/2015,June,Tenebrionidae Diet,0,0,,WT
VB02SE1,REG,VB02SE12,N32.74736 W4.00046,32.74736,4.00046,1239,7/1/2015,June,Tenebrionidae Other,0,0,,WT
VB02SE1,REG,VB02SE13,N32.74702 W4.00076,32.74702,4.00076,1242,7/1/2015,June,Messor,0,0,,WT
VB02SE1,REG,VB02SE13,N32.74702 W4.00076,32.74702,4.00076,1242,7/1/2015,June,Other,,0.09426,,WT
VB02SE1,REG,VB02SE13,N32.74702 W4.00076,32.74702,4.00076,1242,7/1/2015,June,Tenebrionidae Diet,1,0.20189,,WT
VB02SE1,REG,VB02SE13,N32.74702 W4.00076,32.74702,4.00076,1242,7/1/2015,June,Tenebrionidae Other,0,0,,WT
VB02SE1,REG,VB02SE14,N32.74727 W4.00115,32.74727,4.00115,1244,7/1/2015,June,Messor,2,0.0019,,WT
VB02SE1,REG,VB02SE14,N32.74727 W4.00115,32.74727,4.00115,1244,7/1/2015,June,Other,,0.10935,,WT
VB02SE1,REG,VB02SE14,N32.74727 W4.00115,32.74727,4.00115,1244,7/1/2015,June,Tenebrionidae Diet,0,0,,WT
VB02SE1,REG,VB02SE14,N32.74727 W4.00115,32.74727,4.00115,1244,7/1/2015,June,Tenebrionidae Other,0,0,,WT
VB02SE2,REG,VB02SE21,N32.74785 W3.97404,32.74785,3.97404,1248,7/1/2015,June,Messor,0,0,,WT
VB02SE2,REG,VB02SE21,N32.74785 W3.97404,32.74785,3.97404,1248,7/1/2015,June,Other,,0.23854,,WT
VB02SE2,REG,VB02SE21,N32.74785 W3.97404,32.74785,3.97404,1248,7/1/2015,June,Tenebrionidae Diet,2,0.08585,,WT
VB02SE2,REG,VB02SE21,N32.74785 W3.97404,32.74785,3.97404,1248,7/1/2015,June,Tenebrionidae Other,0,0,,WT
VB02SE2,REG,VB02SE22,N32.74783 W3.97352,32.74783,3.97352,1249,7/1/2015,June,Messor,2,0.00126,,WT
VB02SE2,REG,VB02SE22,N32.74783 W3.97352,32.74783,3.97352,1249,7/1/2015,June,Other,,0.13843,,WT
VB02SE2,REG,VB02SE22,N32.74783 W3.97352,32.74783,3.97352,1249,7/1/2015,June,Tenebrionidae Diet,0,0,,WT
VB02SE2,REG,VB02SE22,N32.74783 W3.97352,32.74783,3.97352,1249,7/1/2015,June,Tenebrionidae Other,0,0,,WT
VB02SE2,REG,VB02SE23,N32.74735 W3.97371,32.74735,3.97371,1251,7/1/2015,June,Messor,0,0,,WT
VB02SE2,REG,VB02SE23,N32.74735 W3.97371,32.74735,3.97371,1251,7/1/2015,June,Other,,0.23344,,WT
VB02SE2,REG,VB02SE23,N32.74735 W3.97371,32.74735,3.97371,1251,7/1/2015,June,Tenebrionidae Diet,1,0.22582,,WT
VB02SE2,REG,VB02SE23,N32.74735 W3.97371,32.74735,3.97371,1251,7/1/2015,June,Tenebrionidae Other,0,0,,WT
VB02SE2,REG,VB02SE24,N32.74743 W3.97413,32.74743,3.97413,1251,7/1/2015,June,Messor,0,0,,WT
VB02SE2,REG,VB02SE24,N32.74743 W3.97413,32.74743,3.97413,1251,7/1/2015,June,Other,,0.12623,,WT
VB02SE2,REG,VB02SE24,N32.74743 W3.97413,32.74743,3.97413,1251,7/1/2015,June,Tenebrionidae Diet,0,0,,WT
VB02SE2,REG,VB02SE24,N32.74743 W3.97413,32.74743,3.97413,1251,7/1/2015,June,Tenebrionidae Other,0,0,,WT
VB02SE3,REG,VB02SE31,N32.72507 W3.97363,32.72507,3.97363,1310,7/1/2015,June,Messor,0,0,,WT
VB02SE3,REG,VB02SE31,N32.72507 W3.97363,32.72507,3.97363,1310,7/1/2015,June,Other,,0.13523,,WT
VB02SE3,REG,VB02SE31,N32.72507 W3.97363,32.72507,3.97363,1310,7/1/2015,June,Tenebrionidae Diet,0,0,,WT
VB02SE3,REG,VB02SE31,N32.72507 W3.97363,32.72507,3.97363,1310,7/1/2015,June,Tenebrionidae Other,0,0,,WT
VB02SE3,REG,VB02SE32,N32.72493 W3.97316,32.72493,3.97316,1310,7/1/2015,June,Messor,0,0,,WT
VB02SE3,REG,VB02SE32,N32.72493 W3.97316,32.72493,3.97316,1310,7/1/2015,June,Other,,0.10066,,WT
VB02SE3,REG,VB02SE32,N32.72493 W3.97316,32.72493,3.97316,1310,7/1/2015,June,Tenebrionidae Diet,1,0.03344,,WT
VB02SE3,REG,VB02SE32,N32.72493 W3.97316,32.72493,3.97316,1310,7/1/2015,June,Tenebrionidae Other,0,0,,WT
VB02SE3,REG,VB02SE33,N32.72454 W3.97339,32.72454,3.97339,1310,7/1/2015,June,Messor,0,0,,WT
VB02SE3,REG,VB02SE33,N32.72454 W3.97339,32.72454,3.97339,1310,7/1/2015,June,Other,,0.47514,,WT
VB02SE3,REG,VB02SE33,N32.72454 W3.97339,32.72454,3.97339,1310,7/1/2015,June,Tenebrionidae Diet,0,0,,WT
VB02SE3,REG,VB02SE33,N32.72454 W3.97339,32.72454,3.97339,1310,7/1/2015,June,Tenebrionidae Other,0,0,,WT
VB02SE3,REG,VB02SE34,N32.72474 W3.97383,32.72474,3.97383,1311,7/1/2015,June,Messor,0,0,,WT
VB02SE3,REG,VB02SE34,N32.72474 W3.97383,32.72474,3.97383,1311,7/1/2015,June,Other,,0.49217,,WT
VB02SE3,REG,VB02SE34,N32.72474 W3.97383,32.72474,3.97383,1311,7/1/2015,June,Tenebrionidae Diet,0,0,,WT
VB02SE3,REG,VB02SE34,N32.72474 W3.97383,32.72474,3.97383,1311,7/1/2015,June,Tenebrionidae Other,0,0,,WT
VB02SE4,ALF,VB02SE41,N32.72484 W4.00028,32.72484,4.00028,1308,7/1/2015,June,Messor,0,0,,WT
VB02SE4,ALF,VB02SE41,N32.72484 W4.00028,32.72484,4.00028,1308,7/1/2015,June,Other,,0.10384,,WT
VB02SE4,ALF,VB02SE41,N32.72484 W4.00028,32.72484,4.00028,1308,7/1/2015,June,Tenebrionidae Diet,0,0,,WT
VB02SE4,ALF,VB02SE41,N32.72484 W4.00028,32.72484,4.00028,1308,7/1/2015,June,Tenebrionidae Other,0,0,,WT
VB02SE4,ALF,VB02SE42,N32.72478 W3.99975,32.72478,3.99975,1309,7/1/2015,June,Messor,0,0,,WT
VB02SE4,ALF,VB02SE42,N32.72478 W3.99975,32.72478,3.99975,1309,7/1/2015,June,Other,,0.13459,,WT
VB02SE4,ALF,VB02SE42,N32.72478 W3.99975,32.72478,3.99975,1309,7/1/2015,June,Tenebrionidae Diet,0,0,,WT
VB02SE4,ALF,VB02SE42,N32.72478 W3.99975,32.72478,3.99975,1309,7/1/2015,June,Tenebrionidae Other,2,0.00525,,WT
VB02SE4,ALF,VB02SE43,N32.72429 W3.99980,32.72429,3.9998,1307,7/1/2015,June,Messor,0,0,,WT
VB02SE4,ALF,VB02SE43,N32.72429 W3.99980,32.72429,3.9998,1307,7/1/2015,June,Other,,0.06411,,WT
VB02SE4,ALF,VB02SE43,N32.72429 W3.99980,32.72429,3.9998,1307,7/1/2015,June,Tenebrionidae Diet,0,0,,WT
VB02SE4,ALF,VB02SE43,N32.72429 W3.99980,32.72429,3.9998,1307,7/1/2015,June,Tenebrionidae Other,0,0,,WT
VB02SE4,ALF,VB02SE44,N32.72434 W4.00026,32.72434,4.00026,1305,7/1/2015,June,Messor,0,0,,WT
VB02SE4,ALF,VB02SE44,N32.72434 W4.00026,32.72434,4.00026,1305,7/1/2015,June,Other,,0.44166,,WT
VB02SE4,ALF,VB02SE44,N32.72434 W4.00026,32.72434,4.00026,1305,7/1/2015,June,Tenebrionidae Diet,0,0,,WT
VB02SE4,ALF,VB02SE44,N32.72434 W4.00026,32.72434,4.00026,1305,7/1/2015,June,Tenebrionidae Other,0,0,,WT
VB02SE5,EPA,VB02SE51,N32.73640 W3.98738,32.7364,3.98738,1271,7/1/2015,June,Messor,0,0,,WT
VB02SE5,EPA,VB02SE51,N32.73640 W3.98738,32.7364,3.98738,1271,7/1/2015,June,Other,,0.20427,,WT
VB02SE5,EPA,VB02SE51,N32.73640 W3.98738,32.7364,3.98738,1271,7/1/2015,June,Tenebrionidae Diet,0,0,,WT
VB02SE5,EPA,VB02SE51,N32.73640 W3.98738,32.7364,3.98738,1271,7/1/2015,June,Tenebrionidae Other,0,0,,WT
VB02SE5,EPA,VB02SE52,N32.73637 W3.98682,32.73637,3.98682,1271,7/1/2015,June,Messor,0,0,,WT
VB02SE5,EPA,VB02SE52,N32.73637 W3.98682,32.73637,3.98682,1271,7/1/2015,June,Other,,0.22939,,WT
VB02SE5,EPA,VB02SE52,N32.73637 W3.98682,32.73637,3.98682,1271,7/1/2015,June,Tenebrionidae Diet,0,0,,WT
VB02SE5,EPA,VB02SE52,N32.73637 W3.98682,32.73637,3.98682,1271,7/1/2015,June,Tenebrionidae Other,0,0,,WT
VB02SE5,EPA,VB02SE53,N32.73590 W3.98689,32.7359,3.98689,1271,7/1/2015,June,Messor,0,0,,WT
VB02SE5,EPA,VB02SE53,N32.73590 W3.98689,32.7359,3.98689,1271,7/1/2015,June,Other,,0.18789,,WT
VB02SE5,EPA,VB02SE53,N32.73590 W3.98689,32.7359,3.98689,1271,7/1/2015,June,Tenebrionidae Diet,0,0,,WT
VB02SE5,EPA,VB02SE53,N32.73590 W3.98689,32.7359,3.98689,1271,7/1/2015,June,Tenebrionidae Other,0,0,,WT
VB02SE5,EPA,VB02SE54,N32.73597 W3.98743,32.73597,3.98743,1269,7/1/2015,June,Messor,20,0.024,,WT
VB02SE5,EPA,VB02SE54,N32.73597 W3.98743,32.73597,3.98743,1269,7/1/2015,June,Other,,0.14214,,WT
VB02SE5,EPA,VB02SE54,N32.73597 W3.98743,32.73597,3.98743,1269,7/1/2015,June,Tenebrionidae Diet,0,0,,WT
VB02SE5,EPA,VB02SE54,N32.73597 W3.98743,32.73597,3.98743,1269,7/1/2015,June,Tenebrionidae Other,0,0,,WT
VB85SE1,REG,VB85SE11,N33.02225 W3.14701,33.02225,3.14701,1608,7/1/2015,June,Messor,16,0.02431,,WT
VB85SE1,REG,VB85SE11,N33.02225 W3.14701,33.02225,3.14701,1608,7/1/2015,June,Other,,0.26534,,WT
VB85SE1,REG,VB85SE11,N33.02225 W3.14701,33.02225,3.14701,1608,7/1/2015,June,Tenebrionidae Diet,1,1.24875,,WT
VB85SE1,REG,VB85SE11,N33.02225 W3.14701,33.02225,3.14701,1608,7/1/2015,June,Tenebrionidae Other,0,0,,WT
VB85SE1,REG,VB85SE12,N33.02240 W3.14654,33.0224,3.14654,1611,7/1/2015,June,Messor,82,0.10673,,WT
VB85SE1,REG,VB85SE12,N33.02240 W3.14654,33.0224,3.14654,1611,7/1/2015,June,Other,,2.25211,,WT
VB85SE1,REG,VB85SE12,N33.02240 W3.14654,33.0224,3.14654,1611,7/1/2015,June,Tenebrionidae Diet,0,0,,WT
VB85SE1,REG,VB85SE12,N33.02240 W3.14654,33.0224,3.14654,1611,7/1/2015,June,Tenebrionidae Other,0,0,,WT
VB85SE1,REG,VB85SE13,N33.02195 W3.14638,33.02195,3.14638,1611,7/1/2015,June,Messor,36,0.03051,,WT
VB85SE1,REG,VB85SE13,N33.02195 W3.14638,33.02195,3.14638,1611,7/1/2015,June,Other,,0.08958,,WT
VB85SE1,REG,VB85SE13,N33.02195 W3.14638,33.02195,3.14638,1611,7/1/2015,June,Tenebrionidae Diet,1,1.00672,,WT
VB85SE1,REG,VB85SE13,N33.02195 W3.14638,33.02195,3.14638,1611,7/1/2015,June,Tenebrionidae Other,0,0,,WT
VB85SE1,REG,VB85SE14,N33.02184 W3.14681,33.02184,3.14681,1614,7/1/2015,June,Messor,30,0.0348,,WT
VB85SE1,REG,VB85SE14,N33.02184 W3.14681,33.02184,3.14681,1614,7/1/2015,June,Other,,0.88599,,WT
VB85SE1,REG,VB85SE14,N33.02184 W3.14681,33.02184,3.14681,1614,7/1/2015,June,Tenebrionidae Diet,1,1.39464,,WT
VB85SE1,REG,VB85SE14,N33.02184 W3.14681,33.02184,3.14681,1614,7/1/2015,June,Tenebrionidae Other,0,0,,WT
VB85SE2,REG,VB85SE21,N33.02230 W3.12067,33.0223,3.12067,1620,7/1/2015,June,Messor,27,0.0308,,WT
VB85SE2,REG,VB85SE21,N33.02230 W3.12067,33.0223,3.12067,1620,7/1/2015,June,Other,,0.71984,,WT
VB85SE2,REG,VB85SE21,N33.02230 W3.12067,33.0223,3.12067,1620,7/1/2015,June,Tenebrionidae Diet,1,1.0373,,WT
VB85SE2,REG,VB85SE21,N33.02230 W3.12067,33.0223,3.12067,1620,7/1/2015,June,Tenebrionidae Other,0,0,,WT
VB85SE2,REG,VB85SE22,N33.02235 W3.12014,33.02235,3.12014,1622,7/1/2015,June,Messor,3,0.00444,,WT
VB85SE2,REG,VB85SE22,N33.02235 W3.12014,33.02235,3.12014,1622,7/1/2015,June,Other,,0.09739,,WT
VB85SE2,REG,VB85SE22,N33.02235 W3.12014,33.02235,3.12014,1622,7/1/2015,June,Tenebrionidae Diet,1,1.34615,,WT
VB85SE2,REG,VB85SE22,N33.02235 W3.12014,33.02235,3.12014,1622,7/1/2015,June,Tenebrionidae Other,0,0,,WT
VB85SE2,REG,VB85SE23,N33.02197 W3.12003,33.02197,3.12003,1622,7/1/2015,June,Messor,,,Jar disappeared,NWT
VB85SE2,REG,VB85SE23,N33.02197 W3.12003,33.02197,3.12003,1622,7/1/2015,June,Other,,,Jar disappeared,NWT
VB85SE2,REG,VB85SE23,N33.02197 W3.12003,33.02197,3.12003,1622,7/1/2015,June,Tenebrionidae Diet,,,Jar disappeared,NWT
VB85SE2,REG,VB85SE23,N33.02197 W3.12003,33.02197,3.12003,1622,7/1/2015,June,Tenebrionidae Other,,,Jar disappeared,NWT
VB85SE2,REG,VB85SE24,N33.02182 W3.12052,33.02182,3.12052,1620,7/1/2015,June,Messor,3,0.00671,,WT
VB85SE2,REG,VB85SE24,N33.02182 W3.12052,33.02182,3.12052,1620,7/1/2015,June,Other,,0.48646,,WT
VB85SE2,REG,VB85SE24,N33.02182 W3.12052,33.02182,3.12052,1620,7/1/2015,June,Tenebrionidae Diet,0,0,,WT
VB85SE2,REG,VB85SE24,N33.02182 W3.12052,33.02182,3.12052,1620,7/1/2015,June,Tenebrionidae Other,0,0,,WT
VB85SE3,REG,VB85SE31,N32.99997 W3.12066,32.99997,3.12066,1627,7/1/2015,June,Messor,9,0.01429,,WT
VB85SE3,REG,VB85SE31,N32.99997 W3.12066,32.99997,3.12066,1627,7/1/2015,June,Other,,0.16403,,WT
VB85SE3,REG,VB85SE31,N32.99997 W3.12066,32.99997,3.12066,1627,7/1/2015,June,Tenebrionidae Diet,0,0,,WT
VB85SE3,REG,VB85SE31,N32.99997 W3.12066,32.99997,3.12066,1627,7/1/2015,June,Tenebrionidae Other,0,0,,WT
VB85SE3,REG,VB85SE32,N32.99995 W3.12010,32.99995,3.1201,1632,7/1/2015,June,Messor,3,0.00237,,WT
VB85SE3,REG,VB85SE32,N32.99995 W3.12010,32.99995,3.1201,1632,7/1/2015,June,Other,,0.32465,,WT
VB85SE3,REG,VB85SE32,N32.99995 W3.12010,32.99995,3.1201,1632,7/1/2015,June,Tenebrionidae Diet,0,0,,WT
VB85SE3,REG,VB85SE32,N32.99995 W3.12010,32.99995,3.1201,1632,7/1/2015,June,Tenebrionidae Other,0,0,,WT
VB85SE3,REG,VB85SE33,N32.99948 W3.12014,32.99948,3.12014,1630,7/1/2015,June,Messor,2,0.00184,,WT
VB85SE3,REG,VB85SE33,N32.99948 W3.12014,32.99948,3.12014,1630,7/1/2015,June,Other,,1.81428,,WT
VB85SE3,REG,VB85SE33,N32.99948 W3.12014,32.99948,3.12014,1630,7/1/2015,June,Tenebrionidae Diet,5,0.08933,,WT
VB85SE3,REG,VB85SE33,N32.99948 W3.12014,32.99948,3.12014,1630,7/1/2015,June,Tenebrionidae Other,0,0,,WT
VB85SE3,REG,VB85SE34,N32.99953 W3.12060,32.99953,3.1206,1626,7/1/2015,June,Messor,3,0.0025,,WT
VB85SE3,REG,VB85SE34,N32.99953 W3.12060,32.99953,3.1206,1626,7/1/2015,June,Other,,0.12807,,WT
VB85SE3,REG,VB85SE34,N32.99953 W3.12060,32.99953,3.1206,1626,7/1/2015,June,Tenebrionidae Diet,2,0.00876,,WT
VB85SE3,REG,VB85SE34,N32.99953 W3.12060,32.99953,3.1206,1626,7/1/2015,June,Tenebrionidae Other,0,0,,WT
VB85SE4,REG,VB85SE41,N32.99953 W3.14716,32.99953,3.14716,1640,7/1/2015,June,Messor,,,Jar disappeared,NWT
VB85SE4,REG,VB85SE41,N32.99953 W3.14716,32.99953,3.14716,1640,7/1/2015,June,Other,,,Jar disappeared,NWT
VB85SE4,REG,VB85SE41,N32.99953 W3.14716,32.99953,3.14716,1640,7/1/2015,June,Tenebrionidae Diet,,,Jar disappeared,NWT
VB85SE4,REG,VB85SE41,N32.99953 W3.14716,32.99953,3.14716,1640,7/1/2015,June,Tenebrionidae Other,,,Jar disappeared,NWT
VB85SE4,REG,VB85SE42,N32.99926 W3.14677,32.99926,3.14677,1642,7/1/2015,June,Messor,,,Jar disappeared,NWT
VB85SE4,REG,VB85SE42,N32.99926 W3.14677,32.99926,3.14677,1642,7/1/2015,June,Other,,,Jar disappeared,NWT
VB85SE4,REG,VB85SE42,N32.99926 W3.14677,32.99926,3.14677,1642,7/1/2015,June,Tenebrionidae Diet,,,Jar disappeared,NWT
VB85SE4,REG,VB85SE42,N32.99926 W3.14677,32.99926,3.14677,1642,7/1/2015,June,Tenebrionidae Other,,,Jar disappeared,NWT
VB85SE4,REG,VB85SE43,N32.99884 W3.14708,32.99884,3.14708,1643,7/1/2015,June,Messor,1,0.00136,,WT
VB85SE4,REG,VB85SE43,N32.99884 W3.14708,32.99884,3.14708,1643,7/1/2015,June,Other,,0.32117,,WT
VB85SE4,REG,VB85SE43,N32.99884 W3.14708,32.99884,3.14708,1643,7/1/2015,June,Tenebrionidae Diet,0,0,,WT
VB85SE4,REG,VB85SE43,N32.99884 W3.14708,32.99884,3.14708,1643,7/1/2015,June,Tenebrionidae Other,0,0,,WT
VB85SE4,REG,VB85SE44,N32.99907 W3.14739,32.99907,3.14739,1637,7/1/2015,June,Messor,,,Jar disappeared,NWT
VB85SE4,REG,VB85SE44,N32.99907 W3.14739,32.99907,3.14739,1637,7/1/2015,June,Other,,,Jar disappeared,NWT
VB85SE4,REG,VB85SE44,N32.99907 W3.14739,32.99907,3.14739,1637,7/1/2015,June,Tenebrionidae Diet,,,Jar disappeared,NWT
VB85SE4,REG,VB85SE44,N32.99907 W3.14739,32.99907,3.14739,1637,7/1/2015,June,Tenebrionidae Other,,,Jar disappeared,NWT
VB85SE5,REG,VB85SE51,N33.01084 W3.13399,33.01084,3.13399,1624,7/1/2015,June,Messor,22,0.02762,,WT
VB85SE5,REG,VB85SE51,N33.01084 W3.13399,33.01084,3.13399,1624,7/1/2015,June,Other,,0.56723,,WT
VB85SE5,REG,VB85SE51,N33.01084 W3.13399,33.01084,3.13399,1624,7/1/2015,June,Tenebrionidae Diet,0,0,,WT
VB85SE5,REG,VB85SE51,N33.01084 W3.13399,33.01084,3.13399,1624,7/1/2015,June,Tenebrionidae Other,0,0,,WT
VB85SE5,REG,VB85SE52,N33.01053 W3.13369,33.01053,3.13369,1623,7/1/2015,June,Messor,17,0.02454,,WT
VB85SE5,REG,VB85SE52,N33.01053 W3.13369,33.01053,3.13369,1623,7/1/2015,June,Other,,0.23366,,WT
VB85SE5,REG,VB85SE52,N33.01053 W3.13369,33.01053,3.13369,1623,7/1/2015,June,Tenebrionidae Diet,0,0,,WT
VB85SE5,REG,VB85SE52,N33.01053 W3.13369,33.01053,3.13369,1623,7/1/2015,June,Tenebrionidae Other,0,0,,WT
VB85SE5,REG,VB85SE53,N33.01022 W3.13411,33.01022,3.13411,1625,7/1/2015,June,Messor,,,Sample lost,NWT
VB85SE5,REG,VB85SE53,N33.01022 W3.13411,33.01022,3.13411,1625,7/1/2015,June,Other,,,Sample lost,NWT
VB85SE5,REG,VB85SE53,N33.01022 W3.13411,33.01022,3.13411,1625,7/1/2015,June,Tenebrionidae Diet,,,Sample lost,NWT
VB85SE5,REG,VB85SE53,N33.01022 W3.13411,33.01022,3.13411,1625,7/1/2015,June,Tenebrionidae Other,,,Sample lost,NWT
VB85SE5,REG,VB85SE54,N33.01048 W3.13434,33.01048,3.13434,1627,7/1/2015,June,Messor,0,0,,WT
VB85SE5,REG,VB85SE54,N33.01048 W3.13434,33.01048,3.13434,1627,7/1/2015,June,Other,,0.26602,,WT
VB85SE5,REG,VB85SE54,N33.01048 W3.13434,33.01048,3.13434,1627,7/1/2015,June,Tenebrionidae Diet,1,0.09432,,WT
VB85SE5,REG,VB85SE54,N33.01048 W3.13434,33.01048,3.13434,1627,7/1/2015,June,Tenebrionidae Other,0,0,,WT
UB24SW1,REG,UB24SW11,N32.91747 W4.91167,32.91747,4.91167,1509,7/2/2015,June,Messor,0,0,,WT
UB24SW1,REG,UB24SW11,N32.91747 W4.91167,32.91747,4.91167,1509,7/2/2015,June,Other,,0.46231,,WT
UB24SW1,REG,UB24SW11,N32.91747 W4.91167,32.91747,4.91167,1509,7/2/2015,June,Tenebrionidae Diet,1,0.06035,,WT
UB24SW1,REG,UB24SW11,N32.91747 W4.91167,32.91747,4.91167,1509,7/2/2015,June,Tenebrionidae Other,0,0,,WT
UB24SW1,REG,UB24SW12,N32.91754 W4.91112,32.91754,4.91112,1524,7/2/2015,June,Messor,0,0,,WT
UB24SW1,REG,UB24SW12,N32.91754 W4.91112,32.91754,4.91112,1524,7/2/2015,June,Other,,0.10685,,WT
UB24SW1,REG,UB24SW12,N32.91754 W4.91112,32.91754,4.91112,1524,7/2/2015,June,Tenebrionidae Diet,3,2.44906,,WT
UB24SW1,REG,UB24SW12,N32.91754 W4.91112,32.91754,4.91112,1524,7/2/2015,June,Tenebrionidae Other,0,0,,WT
UB24SW1,REG,UB24SW13,N32.91713 W4.91102,32.91713,4.91102,1525,7/2/2015,June,Messor,0,0,,WT
UB24SW1,REG,UB24SW13,N32.91713 W4.91102,32.91713,4.91102,1525,7/2/2015,June,Other,,0.39819,,WT
UB24SW1,REG,UB24SW13,N32.91713 W4.91102,32.91713,4.91102,1525,7/2/2015,June,Tenebrionidae Diet,1,1.656,,WT
UB24SW1,REG,UB24SW13,N32.91713 W4.91102,32.91713,4.91102,1525,7/2/2015,June,Tenebrionidae Other,0,0,,WT
UB24SW1,REG,UB24SW14,N32.91705 W4.91159,32.91705,4.91159,1525,7/2/2015,June,Messor,0,0,,WT
UB24SW1,REG,UB24SW14,N32.91705 W4.91159,32.91705,4.91159,1525,7/2/2015,June,Other,,0.23198,,WT
UB24SW1,REG,UB24SW14,N32.91705 W4.91159,32.91705,4.91159,1525,7/2/2015,June,Tenebrionidae Diet,0,0,,WT
UB24SW1,REG,UB24SW14,N32.91705 W4.91159,32.91705,4.91159,1525,7/2/2015,June,Tenebrionidae Other,1,0.00318,,WT
UB24SW2,REG,UB24SW21,N32.91781 W4.88501,32.91781,4.88501,1517,7/2/2015,June,Messor,0,0,,WT
UB24SW2,REG,UB24SW21,N32.91781 W4.88501,32.91781,4.88501,1517,7/2/2015,June,Other,,0.1961,,WT
UB24SW2,REG,UB24SW21,N32.91781 W4.88501,32.91781,4.88501,1517,7/2/2015,June,Tenebrionidae Diet,0,0,,WT
UB24SW2,REG,UB24SW21,N32.91781 W4.88501,32.91781,4.88501,1517,7/2/2015,June,Tenebrionidae Other,0,0,,WT
UB24SW2,REG,UB24SW22,N32.91751 W4.88460,32.91751,4.8846,1520,7/2/2015,June,Messor,0,0,,WT
UB24SW2,REG,UB24SW22,N32.91751 W4.88460,32.91751,4.8846,1520,7/2/2015,June,Other,,0.08792,,WT
UB24SW2,REG,UB24SW22,N32.91751 W4.88460,32.91751,4.8846,1520,7/2/2015,June,Tenebrionidae Diet,0,0,,WT
UB24SW2,REG,UB24SW22,N32.91751 W4.88460,32.91751,4.8846,1520,7/2/2015,June,Tenebrionidae Other,0,0,,WT
UB24SW2,REG,UB24SW23,N32.91723 W4.88494,32.91723,4.88494,1515,7/2/2015,June,Messor,4,0.00266,,WT
UB24SW2,REG,UB24SW23,N32.91723 W4.88494,32.91723,4.88494,1515,7/2/2015,June,Other,,0.12457,,WT
UB24SW2,REG,UB24SW23,N32.91723 W4.88494,32.91723,4.88494,1515,7/2/2015,June,Tenebrionidae Diet,1,0.05786,,WT
UB24SW2,REG,UB24SW23,N32.91723 W4.88494,32.91723,4.88494,1515,7/2/2015,June,Tenebrionidae Other,0,0,,WT
UB24SW2,REG,UB24SW24,N32.91750 W4.88533,32.9175,4.88533,1511,7/2/2015,June,Messor,0,0,,WT
UB24SW2,REG,UB24SW24,N32.91750 W4.88533,32.9175,4.88533,1511,7/2/2015,June,Other,,0.02121,,WT
UB24SW2,REG,UB24SW24,N32.91750 W4.88533,32.9175,4.88533,1511,7/2/2015,June,Tenebrionidae Diet,0,0,,WT
UB24SW2,REG,UB24SW24,N32.91750 W4.88533,32.9175,4.88533,1511,7/2/2015,June,Tenebrionidae Other,0,0,,WT
UB24SW3,EPA,UB24SW31,N32.89505 W4.88427,32.89505,4.88427,1446,7/2/2015,June,Messor,0,0,,WT
UB24SW3,EPA,UB24SW31,N32.89505 W4.88427,32.89505,4.88427,1446,7/2/2015,June,Other,,0.14122,,WT
UB24SW3,EPA,UB24SW31,N32.89505 W4.88427,32.89505,4.88427,1446,7/2/2015,June,Tenebrionidae Diet,4,0.65709,,WT
UB24SW3,EPA,UB24SW31,N32.89505 W4.88427,32.89505,4.88427,1446,7/2/2015,June,Tenebrionidae Other,0,0,,WT
UB24SW3,EPA,UB24SW32,N32.89506 W4.88386,32.89506,4.88386,1450,7/2/2015,June,Messor,0,0,,WT
UB24SW3,EPA,UB24SW32,N32.89506 W4.88386,32.89506,4.88386,1450,7/2/2015,June,Other,,1.80145,,WT
UB24SW3,EPA,UB24SW32,N32.89506 W4.88386,32.89506,4.88386,1450,7/2/2015,June,Tenebrionidae Diet,2,0.0855,,WT
UB24SW3,EPA,UB24SW32,N32.89506 W4.88386,32.89506,4.88386,1450,7/2/2015,June,Tenebrionidae Other,0,0,,WT
UB24SW3,EPA,UB24SW33,N32.89465 W4.88406,32.89465,4.88406,1438,7/2/2015,June,Messor,0,0,,WT
UB24SW3,EPA,UB24SW33,N32.89465 W4.88406,32.89465,4.88406,1438,7/2/2015,June,Other,,0.41825,,WT
UB24SW3,EPA,UB24SW33,N32.89465 W4.88406,32.89465,4.88406,1438,7/2/2015,June,Tenebrionidae Diet,1,0.05816,,WT
UB24SW3,EPA,UB24SW33,N32.89465 W4.88406,32.89465,4.88406,1438,7/2/2015,June,Tenebrionidae Other,0,0,,WT
UB24SW3,EPA,UB24SW34,N32.89477 W4.88454,32.89477,4.88454,1444,7/2/2015,June,Messor,0,0,,WT
UB24SW3,EPA,UB24SW34,N32.89477 W4.88454,32.89477,4.88454,1444,7/2/2015,June,Other,,1.06734,,WT
UB24SW3,EPA,UB24SW34,N32.89477 W4.88454,32.89477,4.88454,1444,7/2/2015,June,Tenebrionidae Diet,2,0.26376,,WT
UB24SW3,EPA,UB24SW34,N32.89477 W4.88454,32.89477,4.88454,1444,7/2/2015,June,Tenebrionidae Other,0,0,,WT
UB24SW4,EPA,UB24SW41,N32.89479 W4.91111,32.89479,4.91111,1463,7/2/2015,June,Messor,0,0,,WT
UB24SW4,EPA,UB24SW41,N32.89479 W4.91111,32.89479,4.91111,1463,7/2/2015,June,Other,,0.73093,,WT
UB24SW4,EPA,UB24SW41,N32.89479 W4.91111,32.89479,4.91111,1463,7/2/2015,June,Tenebrionidae Diet,4,3.96256,,WT
UB24SW4,EPA,UB24SW41,N32.89479 W4.91111,32.89479,4.91111,1463,7/2/2015,June,Tenebrionidae Other,1,0.00365,,WT
UB24SW4,EPA,UB24SW42,N32.89471 W4.91060,32.89471,4.9106,1458,7/2/2015,June,Messor,2,0.00137,,WT
UB24SW4,EPA,UB24SW42,N32.89471 W4.91060,32.89471,4.9106,1458,7/2/2015,June,Other,,0.48923,,WT
UB24SW4,EPA,UB24SW42,N32.89471 W4.91060,32.89471,4.9106,1458,7/2/2015,June,Tenebrionidae Diet,3,1.59059,,WT
UB24SW4,EPA,UB24SW42,N32.89471 W4.91060,32.89471,4.9106,1458,7/2/2015,June,Tenebrionidae Other,0,0,,WT
UB24SW4,EPA,UB24SW43,N32.89430 W4.91073,32.8943,4.91073,1458,7/2/2015,June,Messor,10,0.01314,,WT
UB24SW4,EPA,UB24SW43,N32.89430 W4.91073,32.8943,4.91073,1458,7/2/2015,June,Other,,0.58841,,WT
UB24SW4,EPA,UB24SW43,N32.89430 W4.91073,32.8943,4.91073,1458,7/2/2015,June,Tenebrionidae Diet,4,0.40552,,WT
UB24SW4,EPA,UB24SW43,N32.89430 W4.91073,32.8943,4.91073,1458,7/2/2015,June,Tenebrionidae Other,0,0,,WT
UB24SW4,EPA,UB24SW44,N32.89437 W4.91123,32.89437,4.91123,1457,7/2/2015,June,Messor,4,0.00323,,WT
UB24SW4,EPA,UB24SW44,N32.89437 W4.91123,32.89437,4.91123,1457,7/2/2015,June,Other,,0.06036,,WT
UB24SW4,EPA,UB24SW44,N32.89437 W4.91123,32.89437,4.91123,1457,7/2/2015,June,Tenebrionidae Diet,3,0.29957,,WT
UB24SW4,EPA,UB24SW44,N32.89437 W4.91123,32.89437,4.91123,1457,7/2/2015,June,Tenebrionidae Other,0,0,,WT
UB24SW5,REG,UB24SW51,N32.90639 W4.89868,32.90639,4.89868,1480,7/2/2015,June,Messor,0,0,,WT
UB24SW5,REG,UB24SW51,N32.90639 W4.89868,32.90639,4.89868,1480,7/2/2015,June,Other,,0.16214,,WT
UB24SW5,REG,UB24SW51,N32.90639 W4.89868,32.90639,4.89868,1480,7/2/2015,June,Tenebrionidae Diet,0,0,,WT
UB24SW5,REG,UB24SW51,N32.90639 W4.89868,32.90639,4.89868,1480,7/2/2015,June,Tenebrionidae Other,0,0,,WT
UB24SW5,REG,UB24SW52,N32.90639 W4.89818,32.90639,4.89818,1479,7/2/2015,June,Messor,6,0.00726,,WT
UB24SW5,REG,UB24SW52,N32.90639 W4.89818,32.90639,4.89818,1479,7/2/2015,June,Other,,0.23237,,WT
UB24SW5,REG,UB24SW52,N32.90639 W4.89818,32.90639,4.89818,1479,7/2/2015,June,Tenebrionidae Diet,3,0.70443,,WT
UB24SW5,REG,UB24SW52,N32.90639 W4.89818,32.90639,4.89818,1479,7/2/2015,June,Tenebrionidae Other,1,0.00221,,WT
UB24SW5,REG,UB24SW53,N32.90596 W4.89816,32.90596,4.89816,1479,7/2/2015,June,Messor,2,0.00364,,WT
UB24SW5,REG,UB24SW53,N32.90596 W4.89816,32.90596,4.89816,1479,7/2/2015,June,Other,,0.58063,,WT
UB24SW5,REG,UB24SW53,N32.90596 W4.89816,32.90596,4.89816,1479,7/2/2015,June,Tenebrionidae Diet,1,1.24252,,WT
UB24SW5,REG,UB24SW53,N32.90596 W4.89816,32.90596,4.89816,1479,7/2/2015,June,Tenebrionidae Other,0,0,,WT
UB24SW5,REG,UB24SW54,N32.90598 W4.89869,32.90598,4.89869,1479,7/2/2015,June,Messor,0,0,,WT
UB24SW5,REG,UB24SW54,N32.90598 W4.89869,32.90598,4.89869,1479,7/2/2015,June,Other,,0.19851,,WT
UB24SW5,REG,UB24SW54,N32.90598 W4.89869,32.90598,4.89869,1479,7/2/2015,June,Tenebrionidae Diet,0,0,,WT
UB24SW5,REG,UB24SW54,N32.90598 W4.89869,32.90598,4.89869,1479,7/2/2015,June,Tenebrionidae Other,0,0,,WT
VB84NW1,REG,VB84NW11,N32.97675 W3.20088,32.97675,3.20088,1678,7/2/2015,June,Messor,2,0.00422,,WT
VB84NW1,REG,VB84NW11,N32.97675 W3.20088,32.97675,3.20088,1678,7/2/2015,June,Other,,0.63627,,WT
VB84NW1,REG,VB84NW11,N32.97675 W3.20088,32.97675,3.20088,1678,7/2/2015,June,Tenebrionidae Diet,0,0,,WT
VB84NW1,REG,VB84NW11,N32.97675 W3.20088,32.97675,3.20088,1678,7/2/2015,June,Tenebrionidae Other,0,0,,WT
VB84NW1,REG,VB84NW12,N32.97648 W3.20057,32.97648,3.20057,1679,7/2/2015,June,Messor,5,0.00564,,WT
VB84NW1,REG,VB84NW12,N32.97648 W3.20057,32.97648,3.20057,1679,7/2/2015,June,Tenebrionidae Diet,1,0.00893,,WT
VB84NW1,REG,VB84NW13,N32.97615 W3.20109,32.97615,3.20109,1680,7/2/2015,June,Messor,9,0.00997,,WT
VB84NW1,REG,VB84NW13,N32.97615 W3.20109,32.97615,3.20109,1680,7/2/2015,June,Other,,0.23328,,WT
VB84NW1,REG,VB84NW13,N32.97615 W3.20109,32.97615,3.20109,1680,7/2/2015,June,Tenebrionidae Diet,2,2.8047,,WT
VB84NW1,REG,VB84NW13,N32.97615 W3.20109,32.97615,3.20109,1680,7/2/2015,June,Tenebrionidae Other,0,0,,WT
VB84NW1,REG,VB84NW14,N32.97652 W3.20148,32.97652,3.20148,1678,7/2/2015,June,Messor,0,0,,WT
VB84NW1,REG,VB84NW14,N32.97652 W3.20148,32.97652,3.20148,1678,7/2/2015,June,Other,,0.00072,,WT
VB84NW1,REG,VB84NW14,N32.97652 W3.20148,32.97652,3.20148,1678,7/2/2015,June,Tenebrionidae Diet,1,1.04329,,WT
VB84NW1,REG,VB84NW14,N32.97652 W3.20148,32.97652,3.20148,1678,7/2/2015,June,Tenebrionidae Other,0,0,,WT
VB84NW2,REG,VB84NW21,N32.97704 W3.17403,32.97704,3.17403,1660,7/2/2015,June,Messor,4,0.00834,,WT
VB84NW2,REG,VB84NW21,N32.97704 W3.17403,32.97704,3.17403,1660,7/2/2015,June,Other,,0.1338,,WT
VB84NW2,REG,VB84NW21,N32.97704 W3.17403,32.97704,3.17403,1660,7/2/2015,June,Tenebrionidae Diet,1,0.00955,,WT
VB84NW2,REG,VB84NW21,N32.97704 W3.17403,32.97704,3.17403,1660,7/2/2015,June,Tenebrionidae Other,0,0,,WT
VB84NW2,REG,VB84NW22,N32.97704 W3.17352,32.97704,3.17352,1659,7/2/2015,June,Messor,5,0.01126,,WT
VB84NW2,REG,VB84NW22,N32.97704 W3.17352,32.97704,3.17352,1659,7/2/2015,June,Other,,0.12214,,WT
VB84NW2,REG,VB84NW22,N32.97704 W3.17352,32.97704,3.17352,1659,7/2/2015,June,Tenebrionidae Diet,3,0.15439,,WT
VB84NW2,REG,VB84NW22,N32.97704 W3.17352,32.97704,3.17352,1659,7/2/2015,June,Tenebrionidae Other,0,0,,WT
VB84NW2,REG,VB84NW23,N32.97657 W3.17357,32.97657,3.17357,1657,7/2/2015,June,Messor,0,0,,WT
VB84NW2,REG,VB84NW23,N32.97657 W3.17357,32.97657,3.17357,1657,7/2/2015,June,Other,,0.81773,,WT
VB84NW2,REG,VB84NW23,N32.97657 W3.17357,32.97657,3.17357,1657,7/2/2015,June,Tenebrionidae Diet,1,0.16973,,WT
VB84NW2,REG,VB84NW23,N32.97657 W3.17357,32.97657,3.17357,1657,7/2/2015,June,Tenebrionidae Other,0,0,,WT
VB84NW2,REG,VB84NW24,N32.97652 W3.17399,32.97652,3.17399,1659,7/2/2015,June,Messor,1,0.00083,,WT
VB84NW2,REG,VB84NW24,N32.97652 W3.17399,32.97652,3.17399,1659,7/2/2015,June,Other,,0.17343,,WT
VB84NW2,REG,VB84NW24,N32.97652 W3.17399,32.97652,3.17399,1659,7/2/2015,June,Tenebrionidae Diet,3,0.03007,,WT
VB84NW2,REG,VB84NW24,N32.97652 W3.17399,32.97652,3.17399,1659,7/2/2015,June,Tenebrionidae Other,0,0,,WT
VB84NW3,REG,VB84NW31,N32.95861 W3.17567,32.95861,3.17567,1732,7/2/2015,June,Messor,0,0,,WT
VB84NW3,REG,VB84NW31,N32.95861 W3.17567,32.95861,3.17567,1732,7/2/2015,June,Other,,0.97339,,WT
VB84NW3,REG,VB84NW31,N32.95861 W3.17567,32.95861,3.17567,1732,7/2/2015,June,Tenebrionidae Diet,4,0.38397,,WT
VB84NW3,REG,VB84NW31,N32.95861 W3.17567,32.95861,3.17567,1732,7/2/2015,June,Tenebrionidae Other,0,0,,WT
VB84NW3,REG,VB84NW32,N32.95833 W3.17531,32.95833,3.17531,1730,7/2/2015,June,Messor,0,0,,WT
VB84NW3,REG,VB84NW32,N32.95833 W3.17531,32.95833,3.17531,1730,7/2/2015,June,Other,,0.23484,,WT
VB84NW3,REG,VB84NW32,N32.95833 W3.17531,32.95833,3.17531,1730,7/2/2015,June,Tenebrionidae Diet,0,0,,WT
VB84NW3,REG,VB84NW32,N32.95833 W3.17531,32.95833,3.17531,1730,7/2/2015,June,Tenebrionidae Other,0,0,,WT
VB84NW3,REG,VB84NW33,N32.95803 W3.17569,32.95803,3.17569,1729,7/2/2015,June,Messor,4,0.00635,,WT
VB84NW3,REG,VB84NW33,N32.95803 W3.17569,32.95803,3.17569,1729,7/2/2015,June,Other,,0.10573,,WT
VB84NW3,REG,VB84NW33,N32.95803 W3.17569,32.95803,3.17569,1729,7/2/2015,June,Tenebrionidae Diet,5,3.62045,,WT
VB84NW3,REG,VB84NW33,N32.95803 W3.17569,32.95803,3.17569,1729,7/2/2015,June,Tenebrionidae Other,0,0,,WT
VB84NW3,REG,VB84NW34,N32.95832 W3.17605,32.95832,3.17605,1727,7/2/2015,June,Messor,0,0,,WT
VB84NW3,REG,VB84NW34,N32.95832 W3.17605,32.95832,3.17605,1727,7/2/2015,June,Other,,0.97785,,WT
VB84NW3,REG,VB84NW34,N32.95832 W3.17605,32.95832,3.17605,1727,7/2/2015,June,Tenebrionidae Diet,3,1.35753,,WT
VB84NW3,REG,VB84NW34,N32.95832 W3.17605,32.95832,3.17605,1727,7/2/2015,June,Tenebrionidae Other,0,0,,WT
VB84NW4,REG,VB84NW41,N32.95232 W3.19749,32.95232,3.19749,1658,7/2/2015,June,Messor,0,0,,WT
VB84NW4,REG,VB84NW41,N32.95232 W3.19749,32.95232,3.19749,1658,7/2/2015,June,Other,,0.07052,,WT
VB84NW4,REG,VB84NW41,N32.95232 W3.19749,32.95232,3.19749,1658,7/2/2015,June,Tenebrionidae Diet,1,1.17702,,WT
VB84NW4,REG,VB84NW41,N32.95232 W3.19749,32.95232,3.19749,1658,7/2/2015,June,Tenebrionidae Other,0,0,,WT
VB84NW4,REG,VB84NW42,N32.95201 W3.19714,32.95201,3.19714,1658,7/2/2015,June,Messor,2,0.00161,,WT
VB84NW4,REG,VB84NW42,N32.95201 W3.19714,32.95201,3.19714,1658,7/2/2015,June,Other,,0.25036,,WT
VB84NW4,REG,VB84NW42,N32.95201 W3.19714,32.95201,3.19714,1658,7/2/2015,June,Tenebrionidae Diet,1,0.08586,,WT
VB84NW4,REG,VB84NW42,N32.95201 W3.19714,32.95201,3.19714,1658,7/2/2015,June,Tenebrionidae Other,0,0,,WT
VB84NW4,REG,VB84NW43,N32.95170 W3.19753,32.9517,3.19753,1656,7/2/2015,June,Messor,5,0.00486,,WT
VB84NW4,REG,VB84NW43,N32.95170 W3.19753,32.9517,3.19753,1656,7/2/2015,June,Other,,0.02908,,WT
VB84NW4,REG,VB84NW43,N32.95170 W3.19753,32.9517,3.19753,1656,7/2/2015,June,Tenebrionidae Diet,0,0,,WT
VB84NW4,REG,VB84NW43,N32.95170 W3.19753,32.9517,3.19753,1656,7/2/2015,June,Tenebrionidae Other,0,0,,WT
VB84NW4,REG,VB84NW44,N32.95196 W3.19782,32.95196,3.19782,1656,7/2/2015,June,Messor,14,0.028,,WT
VB84NW4,REG,VB84NW44,N32.95196 W3.19782,32.95196,3.19782,1656,7/2/2015,June,Other,,0.09512,,WT
VB84NW4,REG,VB84NW44,N32.95196 W3.19782,32.95196,3.19782,1656,7/2/2015,June,Tenebrionidae Diet,2,0.96535,,WT
VB84NW4,REG,VB84NW44,N32.95196 W3.19782,32.95196,3.19782,1656,7/2/2015,June,Tenebrionidae Other,0,0,,WT
VB84NW5,ALF,VB84NW51,N32.96347 W3.19312,32.96347,3.19312,1682,7/2/2015,June,Messor,0,0,,WT
VB84NW5,ALF,VB84NW51,N32.96347 W3.19312,32.96347,3.19312,1682,7/2/2015,June,Other,,0.32846,,WT
VB84NW5,ALF,VB84NW51,N32.96347 W3.19312,32.96347,3.19312,1682,7/2/2015,June,Tenebrionidae Diet,0,0,,WT
VB84NW5,ALF,VB84NW51,N32.96347 W3.19312,32.96347,3.19312,1682,7/2/2015,June,Tenebrionidae Other,0,0,,WT
VB84NW5,ALF,VB84NW52,N32.96342 W3.19273,32.96342,3.19273,1681,7/2/2015,June,Messor,0,0,,WT
VB84NW5,ALF,VB84NW52,N32.96342 W3.19273,32.96342,3.19273,1681,7/2/2015,June,Other,,0.2106,,WT
VB84NW5,ALF,VB84NW52,N32.96342 W3.19273,32.96342,3.19273,1681,7/2/2015,June,Tenebrionidae Diet,0,0,,WT
VB84NW5,ALF,VB84NW52,N32.96342 W3.19273,32.96342,3.19273,1681,7/2/2015,June,Tenebrionidae Other,0,0,,WT
VB84NW5,ALF,VB84NW53,N32.96297 W3.19284,32.96297,3.19284,1686,7/2/2015,June,Messor,0,0,,WT
VB84NW5,ALF,VB84NW53,N32.96297 W3.19284,32.96297,3.19284,1686,7/2/2015,June,Other,,0.08848,,WT
VB84NW5,ALF,VB84NW53,N32.96297 W3.19284,32.96297,3.19284,1686,7/2/2015,June,Tenebrionidae Diet,0,0,,WT
VB84NW5,ALF,VB84NW53,N32.96297 W3.19284,32.96297,3.19284,1686,7/2/2015,June,Tenebrionidae Other,0,0,,WT
VB84NW5,ALF,VB84NW54,N32.96301 W3.19324,32.96301,3.19324,1686,7/2/2015,June,Messor,0,0,,WT
VB84NW5,ALF,VB84NW54,N32.96301 W3.19324,32.96301,3.19324,1686,7/2/2015,June,Other,,0.10141,,WT
VB84NW5,ALF,VB84NW54,N32.96301 W3.19324,32.96301,3.19324,1686,7/2/2015,June,Tenebrionidae Diet,0,0,,WT
VB84NW5,ALF,VB84NW54,N32.96301 W3.19324,32.96301,3.19324,1686,7/2/2015,June,Tenebrionidae Other,0,0,,WT
VC52SE1,REG,VC52SE11,N33.65271 W3.47184,33.65271,3.47184,882,7/3/2015,June,Messor,0,0,,WT
VC52SE1,REG,VC52SE11,N33.65271 W3.47184,33.65271,3.47184,882,7/3/2015,June,Other,,0.21135,,WT
VC52SE1,REG,VC52SE11,N33.65271 W3.47184,33.65271,3.47184,882,7/3/2015,June,Tenebrionidae Diet,0,0,,WT
VC52SE1,REG,VC52SE11,N33.65271 W3.47184,33.65271,3.47184,882,7/3/2015,June,Tenebrionidae Other,0,0,,WT
VC52SE1,REG,VC52SE12,N33.65269 W3.47128,33.65269,3.47128,883,7/3/2015,June,Messor,0,0,,WT
VC52SE1,REG,VC52SE12,N33.65269 W3.47128,33.65269,3.47128,883,7/3/2015,June,Other,,0.17823,,WT
VC52SE1,REG,VC52SE12,N33.65269 W3.47128,33.65269,3.47128,883,7/3/2015,June,Tenebrionidae Diet,0,0,,WT
VC52SE1,REG,VC52SE12,N33.65269 W3.47128,33.65269,3.47128,883,7/3/2015,June,Tenebrionidae Other,0,0,,WT
VC52SE1,REG,VC52SE13,N33.65225 W3.47128,33.65225,3.47128,881,7/3/2015,June,Messor,1,0.00347,,BP
VC52SE1,REG,VC52SE13,N33.65225 W3.47128,33.65225,3.47128,881,7/3/2015,June,Other,,0.08303,,BP
VC52SE1,REG,VC52SE13,N33.65225 W3.47128,33.65225,3.47128,881,7/3/2015,June,Tenebrionidae Diet,0,0,,BP
VC52SE1,REG,VC52SE13,N33.65225 W3.47128,33.65225,3.47128,881,7/3/2015,June,Tenebrionidae Other,0,0,,BP
VC52SE1,REG,VC52SE14,N33.65227 W3.47178,33.65227,3.47178,879,7/3/2015,June,Messor,2,0.00258,,WT
VC52SE1,REG,VC52SE14,N33.65227 W3.47178,33.65227,3.47178,879,7/3/2015,June,Other,,0.22069,,WT
VC52SE1,REG,VC52SE14,N33.65227 W3.47178,33.65227,3.47178,879,7/3/2015,June,Tenebrionidae Diet,0,0,,WT
VC52SE1,REG,VC52SE14,N33.65227 W3.47178,33.65227,3.47178,879,7/3/2015,June,Tenebrionidae Other,0,0,,WT
VC52SE2,REG,VC52SE21,N33.65283 W3.44492,33.65283,3.44492,808,7/3/2015,June,Messor,2,0.00252,,WT
VC52SE2,REG,VC52SE21,N33.65283 W3.44492,33.65283,3.44492,808,7/3/2015,June,Other,,1.308,,WT
VC52SE2,REG,VC52SE21,N33.65283 W3.44492,33.65283,3.44492,808,7/3/2015,June,Tenebrionidae Diet,0,0,,WT
VC52SE2,REG,VC52SE21,N33.65283 W3.44492,33.65283,3.44492,808,7/3/2015,June,Tenebrionidae Other,0,0,,WT
VC52SE2,REG,VC52SE22,N33.65254 W3.44450,33.65254,3.4445,805,7/3/2015,June,Messor,0,0,,WT
VC52SE2,REG,VC52SE22,N33.65254 W3.44450,33.65254,3.4445,805,7/3/2015,June,Other,,0.22974,,WT
VC52SE2,REG,VC52SE22,N33.65254 W3.44450,33.65254,3.4445,805,7/3/2015,June,Tenebrionidae Diet,1,0.00424,,WT
VC52SE2,REG,VC52SE22,N33.65254 W3.44450,33.65254,3.4445,805,7/3/2015,June,Tenebrionidae Other,0,0,,WT
VC52SE2,REG,VC52SE23,N33.65221 W3.44480,33.65221,3.4448,809,7/3/2015,June,Messor,18,0.03856,,WT
VC52SE2,REG,VC52SE23,N33.65221 W3.44480,33.65221,3.4448,809,7/3/2015,June,Other,,0.07444,,WT
VC52SE2,REG,VC52SE23,N33.65221 W3.44480,33.65221,3.4448,809,7/3/2015,June,Tenebrionidae Diet,1,0.28822,,WT
VC52SE2,REG,VC52SE23,N33.65221 W3.44480,33.65221,3.4448,809,7/3/2015,June,Tenebrionidae Other,0,0,,WT
VC52SE2,REG,VC52SE24,N33.65246 W3.44524,33.65246,3.44524,807,7/3/2015,June,Messor,1,0.00229,,WT
VC52SE2,REG,VC52SE24,N33.65246 W3.44524,33.65246,3.44524,807,7/3/2015,June,Other,,0.09399,,WT
VC52SE2,REG,VC52SE24,N33.65246 W3.44524,33.65246,3.44524,807,7/3/2015,June,Tenebrionidae Diet,0,0,,WT
VC52SE2,REG,VC52SE24,N33.65246 W3.44524,33.65246,3.44524,807,7/3/2015,June,Tenebrionidae Other,0,0,,WT
VC52SE3,REG,VC52SE31,N33.63023 W3.44488,33.63023,3.44488,866,7/3/2015,June,Messor,0,0,,WT
VC52SE3,REG,VC52SE31,N33.63023 W3.44488,33.63023,3.44488,866,7/3/2015,June,Other,,0.22062,,WT
VC52SE3,REG,VC52SE31,N33.63023 W3.44488,33.63023,3.44488,866,7/3/2015,June,Tenebrionidae Diet,0,0,,WT
VC52SE3,REG,VC52SE31,N33.63023 W3.44488,33.63023,3.44488,866,7/3/2015,June,Tenebrionidae Other,0,0,,WT
VC52SE3,REG,VC52SE32,N33.62979 W3.44484,33.62979,3.44484,866,7/3/2015,June,Messor,0,0,,WT
VC52SE3,REG,VC52SE32,N33.62979 W3.44484,33.62979,3.44484,866,7/3/2015,June,Other,,0.05753,,WT
VC52SE3,REG,VC52SE32,N33.62979 W3.44484,33.62979,3.44484,866,7/3/2015,June,Tenebrionidae Diet,0,0,,WT
VC52SE3,REG,VC52SE32,N33.62979 W3.44484,33.62979,3.44484,866,7/3/2015,June,Tenebrionidae Other,0,0,,WT
VC52SE3,REG,VC52SE33,N33.62976 W3.44534,33.62976,3.44534,862,7/3/2015,June,Messor,1,0.00043,,WT
VC52SE3,REG,VC52SE33,N33.62976 W3.44534,33.62976,3.44534,862,7/3/2015,June,Other,,0.04965,,WT
VC52SE3,REG,VC52SE33,N33.62976 W3.44534,33.62976,3.44534,862,7/3/2015,June,Tenebrionidae Diet,0,0,,WT
VC52SE3,REG,VC52SE33,N33.62976 W3.44534,33.62976,3.44534,862,7/3/2015,June,Tenebrionidae Other,0,0,,WT
VC52SE3,REG,VC52SE34,N33.63011 W3.44535,33.63011,3.44535,861,7/3/2015,June,Messor,0,0,,WT
VC52SE3,REG,VC52SE34,N33.63011 W3.44535,33.63011,3.44535,861,7/3/2015,June,Other,,0.0457,,WT
VC52SE3,REG,VC52SE34,N33.63011 W3.44535,33.63011,3.44535,861,7/3/2015,June,Tenebrionidae Diet,0,0,,WT
VC52SE3,REG,VC52SE34,N33.63011 W3.44535,33.63011,3.44535,861,7/3/2015,June,Tenebrionidae Other,0,0,,WT
VC52SE4,REG,VC52SE41,N33.63016 W3.47177,33.63016,3.47177,838,7/3/2015,June,Messor,0,0,,WT
VC52SE4,REG,VC52SE41,N33.63016 W3.47177,33.63016,3.47177,838,7/3/2015,June,Other,,0.20971,,WT
VC52SE4,REG,VC52SE41,N33.63016 W3.47177,33.63016,3.47177,838,7/3/2015,June,Tenebrionidae Diet,0,0,,WT
VC52SE4,REG,VC52SE41,N33.63016 W3.47177,33.63016,3.47177,838,7/3/2015,June,Tenebrionidae Other,0,0,,WT
VC52SE4,REG,VC52SE42,N33.62994 W3.47131,33.62994,3.47131,838,7/3/2015,June,Messor,0,0,,WT
VC52SE4,REG,VC52SE42,N33.62994 W3.47131,33.62994,3.47131,838,7/3/2015,June,Other,,0.11635,,WT
VC52SE4,REG,VC52SE42,N33.62994 W3.47131,33.62994,3.47131,838,7/3/2015,June,Tenebrionidae Diet,0,0,,WT
VC52SE4,REG,VC52SE42,N33.62994 W3.47131,33.62994,3.47131,838,7/3/2015,June,Tenebrionidae Other,0,0,,WT
VC52SE4,REG,VC52SE43,N33.62957 W3.47155,33.62957,3.47155,835,7/3/2015,June,Messor,0,0,,WT
VC52SE4,REG,VC52SE43,N33.62957 W3.47155,33.62957,3.47155,835,7/3/2015,June,Other,,0.1183,,WT
VC52SE4,REG,VC52SE43,N33.62957 W3.47155,33.62957,3.47155,835,7/3/2015,June,Tenebrionidae Diet,2,0.07741,,WT
VC52SE4,REG,VC52SE43,N33.62957 W3.47155,33.62957,3.47155,835,7/3/2015,June,Tenebrionidae Other,0,0,,WT
VC52SE4,REG,VC52SE44,N33.62980 W3.47203,33.6298,3.47203,835,7/3/2015,June,Messor,4,0.0072,,WT
VC52SE4,REG,VC52SE44,N33.62980 W3.47203,33.6298,3.47203,835,7/3/2015,June,Other,,0.17259,,WT
VC52SE4,REG,VC52SE44,N33.62980 W3.47203,33.6298,3.47203,835,7/3/2015,June,Tenebrionidae Diet,1,0.10321,,WT
VC52SE4,REG,VC52SE44,N33.62980 W3.47203,33.6298,3.47203,835,7/3/2015,June,Tenebrionidae Other,0,0,,WT
VC52SE5,REG,VC52SE51,N33.64152 W3.45841,33.64152,3.45841,843,7/3/2015,June,Messor,0,0,,WT
VC52SE5,REG,VC52SE51,N33.64152 W3.45841,33.64152,3.45841,843,7/3/2015,June,Other,,0.0361,,WT
VC52SE5,REG,VC52SE51,N33.64152 W3.45841,33.64152,3.45841,843,7/3/2015,June,Tenebrionidae Diet,0,0,,WT
VC52SE5,REG,VC52SE51,N33.64152 W3.45841,33.64152,3.45841,843,7/3/2015,June,Tenebrionidae Other,0,0,,WT
VC52SE5,REG,VC52SE52,N33.64138 W3.45794,33.64138,3.45794,840,7/3/2015,June,Messor,0,0,,WT
VC52SE5,REG,VC52SE52,N33.64138 W3.45794,33.64138,3.45794,840,7/3/2015,June,Other,,0.03965,,WT
VC52SE5,REG,VC52SE52,N33.64138 W3.45794,33.64138,3.45794,840,7/3/2015,June,Tenebrionidae Diet,0,0,,WT
VC52SE5,REG,VC52SE52,N33.64138 W3.45794,33.64138,3.45794,840,7/3/2015,June,Tenebrionidae Other,0,0,,WT
VC52SE5,REG,VC52SE53,N33.64042 W3.45809,33.64042,3.45809,840,7/3/2015,June,Messor,1,0.00168,,WT
VC52SE5,REG,VC52SE53,N33.64042 W3.45809,33.64042,3.45809,840,7/3/2015,June,Other,,0.06176,,WT
VC52SE5,REG,VC52SE53,N33.64042 W3.45809,33.64042,3.45809,840,7/3/2015,June,Tenebrionidae Diet,0,0,,WT
VC52SE5,REG,VC52SE53,N33.64042 W3.45809,33.64042,3.45809,840,7/3/2015,June,Tenebrionidae Other,0,0,,WT
VC52SE5,REG,VC52SE54,N33.64053 W3.45853,33.64053,3.45853,840,7/3/2015,June,Messor,0,0,,WT
VC52SE5,REG,VC52SE54,N33.64053 W3.45853,33.64053,3.45853,840,7/3/2015,June,Other,,0.07948,,WT
VC52SE5,REG,VC52SE54,N33.64053 W3.45853,33.64053,3.45853,840,7/3/2015,June,Tenebrionidae Diet,0,0,,WT
VC52SE5,REG,VC52SE54,N33.64053 W3.45853,33.64053,3.45853,840,7/3/2015,June,Tenebrionidae Other,0,0,,WT
VB17NW1,REG,VB17NW11,N33.24393 W3.95261,33.24393,3.95261,988,7/6/2015,June,Messor,0,0,,WT
VB17NW1,REG,VB17NW11,N33.24393 W3.95261,33.24393,3.95261,988,7/6/2015,June,Other,,0.3291,,WT
VB17NW1,REG,VB17NW11,N33.24393 W3.95261,33.24393,3.95261,988,7/6/2015,June,Tenebrionidae Diet,0,0,,WT
VB17NW1,REG,VB17NW11,N33.24393 W3.95261,33.24393,3.95261,988,7/6/2015,June,Tenebrionidae Other,0,0,,WT
VB17NW1,REG,VB17NW12,N33.24378 W3.95208,33.24378,3.95208,986,7/6/2015,June,Messor,1,0.00175,,WT
VB17NW1,REG,VB17NW12,N33.24378 W3.95208,33.24378,3.95208,986,7/6/2015,June,Other,,0.12034,,WT
VB17NW1,REG,VB17NW12,N33.24378 W3.95208,33.24378,3.95208,986,7/6/2015,June,Tenebrionidae Diet,0,0,,WT
VB17NW1,REG,VB17NW12,N33.24378 W3.95208,33.24378,3.95208,986,7/6/2015,June,Tenebrionidae Other,0,0,,WT
VB17NW1,REG,VB17NW13,N33.24335 W3.95221,33.24335,3.95221,986,7/6/2015,June,Messor,1,0.00095,,WT
VB17NW1,REG,VB17NW13,N33.24335 W3.95221,33.24335,3.95221,986,7/6/2015,June,Other,,0.05673,,WT
VB17NW1,REG,VB17NW13,N33.24335 W3.95221,33.24335,3.95221,986,7/6/2015,June,Tenebrionidae Diet,0,0,,WT
VB17NW1,REG,VB17NW13,N33.24335 W3.95221,33.24335,3.95221,986,7/6/2015,June,Tenebrionidae Other,0,0,,WT
VB17NW1,REG,VB17NW14,N33.24348 W3.95279,33.24348,3.95279,987,7/6/2015,June,Messor,0,0,,WT
VB17NW1,REG,VB17NW14,N33.24348 W3.95279,33.24348,3.95279,987,7/6/2015,June,Other,,0.02789,,WT
VB17NW1,REG,VB17NW14,N33.24348 W3.95279,33.24348,3.95279,987,7/6/2015,June,Tenebrionidae Diet,0,0,,WT
VB17NW1,REG,VB17NW14,N33.24348 W3.95279,33.24348,3.95279,987,7/6/2015,June,Tenebrionidae Other,0,0,,WT
VB17NW2,REG,VB17NW21,N33.24432 W3.92586,33.24432,3.92586,938,7/6/2015,June,Messor,13,0.04031,,WT
VB17NW2,REG,VB17NW21,N33.24432 W3.92586,33.24432,3.92586,938,7/6/2015,June,Other,,0.67543,,WT
VB17NW2,REG,VB17NW21,N33.24432 W3.92586,33.24432,3.92586,938,7/6/2015,June,Tenebrionidae Diet,0,0,,WT
VB17NW2,REG,VB17NW21,N33.24432 W3.92586,33.24432,3.92586,938,7/6/2015,June,Tenebrionidae Other,0,0,,WT
VB17NW2,REG,VB17NW22,N33.24417 W3.92532,33.24417,3.92532,940,7/6/2015,June,Messor,3,0.00344,,WT
VB17NW2,REG,VB17NW22,N33.24417 W3.92532,33.24417,3.92532,940,7/6/2015,June,Other,,0.47751,,WT
VB17NW2,REG,VB17NW22,N33.24417 W3.92532,33.24417,3.92532,940,7/6/2015,June,Tenebrionidae Diet,0,0,,WT
VB17NW2,REG,VB17NW22,N33.24417 W3.92532,33.24417,3.92532,940,7/6/2015,June,Tenebrionidae Other,0,0,,WT
VB17NW2,REG,VB17NW23,N33.24373 W3.92547,33.24373,3.92547,940,7/6/2015,June,Messor,1,0.00152,,WT
VB17NW2,REG,VB17NW23,N33.24373 W3.92547,33.24373,3.92547,940,7/6/2015,June,Other,,0.18241,,WT
VB17NW2,REG,VB17NW23,N33.24373 W3.92547,33.24373,3.92547,940,7/6/2015,June,Tenebrionidae Diet,0,0,,WT
VB17NW2,REG,VB17NW23,N33.24373 W3.92547,33.24373,3.92547,940,7/6/2015,June,Tenebrionidae Other,0,0,,WT
VB17NW2,REG,VB17NW24,N33.24386 W3.92599,33.24386,3.92599,942,7/6/2015,June,Messor,0,0,,WT
VB17NW2,REG,VB17NW24,N33.24386 W3.92599,33.24386,3.92599,942,7/6/2015,June,Other,,0.50675,,WT
VB17NW2,REG,VB17NW24,N33.24386 W3.92599,33.24386,3.92599,942,7/6/2015,June,Tenebrionidae Diet,0,0,,WT
VB17NW2,REG,VB17NW24,N33.24386 W3.92599,33.24386,3.92599,942,7/6/2015,June,Tenebrionidae Other,0,0,,WT
VB17NW3,REG,VB17NW31,N33.22191 W3.92567,33.22191,3.92567,945,7/6/2015,June,Messor,1,0.00131,,WT
VB17NW3,REG,VB17NW31,N33.22191 W3.92567,33.22191,3.92567,945,7/6/2015,June,Other,,0.33632,,WT
VB17NW3,REG,VB17NW31,N33.22191 W3.92567,33.22191,3.92567,945,7/6/2015,June,Tenebrionidae Diet,0,0,,WT
VB17NW3,REG,VB17NW31,N33.22191 W3.92567,33.22191,3.92567,945,7/6/2015,June,Tenebrionidae Other,0,0,,WT
VB17NW3,REG,VB17NW32,N33.22178 W3.92519,33.22178,3.92519,942,7/6/2015,June,Messor,0,0,,WT
VB17NW3,REG,VB17NW32,N33.22178 W3.92519,33.22178,3.92519,942,7/6/2015,June,Other,,0.08038,,WT
VB17NW3,REG,VB17NW32,N33.22178 W3.92519,33.22178,3.92519,942,7/6/2015,June,Tenebrionidae Diet,0,0,,WT
VB17NW3,REG,VB17NW32,N33.22178 W3.92519,33.22178,3.92519,942,7/6/2015,June,Tenebrionidae Other,0,0,,WT
VB17NW3,REG,VB17NW33,N33.22134 W3.92538,33.22134,3.92538,942,7/6/2015,June,Messor,0,0,,WT
VB17NW3,REG,VB17NW33,N33.22134 W3.92538,33.22134,3.92538,942,7/6/2015,June,Other,,0.11333,,WT
VB17NW3,REG,VB17NW33,N33.22134 W3.92538,33.22134,3.92538,942,7/6/2015,June,Tenebrionidae Diet,0,0,,WT
VB17NW3,REG,VB17NW33,N33.22134 W3.92538,33.22134,3.92538,942,7/6/2015,June,Tenebrionidae Other,0,0,,WT
VB17NW3,REG,VB17NW34,N33.22149 W3.92586,33.22149,3.92586,942,7/6/2015,June,Messor,0,0,,WT
VB17NW3,REG,VB17NW34,N33.22149 W3.92586,33.22149,3.92586,942,7/6/2015,June,Other,,0.02483,,WT
VB17NW3,REG,VB17NW34,N33.22149 W3.92586,33.22149,3.92586,942,7/6/2015,June,Tenebrionidae Diet,0,0,,WT
VB17NW3,REG,VB17NW34,N33.22149 W3.92586,33.22149,3.92586,942,7/6/2015,June,Tenebrionidae Other,0,0,,WT
VB17NW4,REG,VB17NW41,N33.22150 W3.95235,33.2215,3.95235,955,7/6/2015,June,Messor,8,0.00531,,WT
VB17NW4,REG,VB17NW41,N33.22150 W3.95235,33.2215,3.95235,955,7/6/2015,June,Other,,0.71194,,WT
VB17NW4,REG,VB17NW41,N33.22150 W3.95235,33.2215,3.95235,955,7/6/2015,June,Tenebrionidae Diet,1,0.7672,,WT
VB17NW4,REG,VB17NW41,N33.22150 W3.95235,33.2215,3.95235,955,7/6/2015,June,Tenebrionidae Other,0,0,,WT
VB17NW4,REG,VB17NW42,N33.22109 W3.95217,33.22109,3.95217,955,7/6/2015,June,Messor,4,0.00827,,WT
VB17NW4,REG,VB17NW42,N33.22109 W3.95217,33.22109,3.95217,955,7/6/2015,June,Other,,0.18675,,WT
VB17NW4,REG,VB17NW42,N33.22109 W3.95217,33.22109,3.95217,955,7/6/2015,June,Tenebrionidae Diet,0,0,,WT
VB17NW4,REG,VB17NW42,N33.22109 W3.95217,33.22109,3.95217,955,7/6/2015,June,Tenebrionidae Other,0,0,,WT
VB17NW4,REG,VB17NW43,N33.22093 W3.95263,33.22093,3.95263,954,7/6/2015,June,Messor,0,0,,WT
VB17NW4,REG,VB17NW43,N33.22093 W3.95263,33.22093,3.95263,954,7/6/2015,June,Other,,0.33389,,WT
VB17NW4,REG,VB17NW43,N33.22093 W3.95263,33.22093,3.95263,954,7/6/2015,June,Tenebrionidae Diet,0,0,,WT
VB17NW4,REG,VB17NW43,N33.22093 W3.95263,33.22093,3.95263,954,7/6/2015,June,Tenebrionidae Other,0,0,,WT
VB17NW4,REG,VB17NW44,N33.22134 W3.95281,33.22134,3.95281,956,7/6/2015,June,Messor,4,0.0084,,WT
VB17NW4,REG,VB17NW44,N33.22134 W3.95281,33.22134,3.95281,956,7/6/2015,June,Other,,0.95146,,WT
VB17NW4,REG,VB17NW44,N33.22134 W3.95281,33.22134,3.95281,956,7/6/2015,June,Tenebrionidae Diet,0,0,,WT
VB17NW4,REG,VB17NW44,N33.22134 W3.95281,33.22134,3.95281,956,7/6/2015,June,Tenebrionidae Other,0,0,,WT
VB17NW5,REG,VB17NW51,N33.23296 W3.93897,33.23296,3.93897,951,7/6/2015,June,Messor,3,0.00337,,WT
VB17NW5,REG,VB17NW51,N33.23296 W3.93897,33.23296,3.93897,951,7/6/2015,June,Other,,0.12423,,WT
VB17NW5,REG,VB17NW51,N33.23296 W3.93897,33.23296,3.93897,951,7/6/2015,June,Tenebrionidae Diet,0,0,,WT
VB17NW5,REG,VB17NW51,N33.23296 W3.93897,33.23296,3.93897,951,7/6/2015,June,Tenebrionidae Other,0,0,,WT
VB17NW5,REG,VB17NW52,N33.23271 W3.93853,33.23271,3.93853,951,7/6/2015,June,Messor,2,0.00238,,WT
VB17NW5,REG,VB17NW52,N33.23271 W3.93853,33.23271,3.93853,951,7/6/2015,June,Other,,0.85512,,WT
VB17NW5,REG,VB17NW52,N33.23271 W3.93853,33.23271,3.93853,951,7/6/2015,June,Other,,0.02707,,NWT
VB17NW5,REG,VB17NW52,N33.23271 W3.93853,33.23271,3.93853,951,7/6/2015,June,Tenebrionidae Diet,0,0,,WT
VB17NW5,REG,VB17NW52,N33.23271 W3.93853,33.23271,3.93853,951,7/6/2015,June,Tenebrionidae Other,0,0,,WT
VB17NW5,REG,VB17NW52,N33.23271 W3.93853,33.23271,3.93853,951,7/6/2015,June,Tenebrionidae Other,0,0,,NWT
VB17NW5,REG,VB17NW53,N33.23234 W3.93882,33.23234,3.93882,952,7/6/2015,June,Messor,0,0,,WT
VB17NW5,REG,VB17NW53,N33.23234 W3.93882,33.23234,3.93882,952,7/6/2015,June,Other,,0.18999,,WT
VB17NW5,REG,VB17NW53,N33.23234 W3.93882,33.23234,3.93882,952,7/6/2015,June,Tenebrionidae Diet,0,0,,WT
VB17NW5,REG,VB17NW53,N33.23234 W3.93882,33.23234,3.93882,952,7/6/2015,June,Tenebrionidae Other,0,0,,WT
VB17NW5,REG,VB17NW54,N33.23261 W3.93907,33.23261,3.93907,952,7/6/2015,June,Messor,3,0.00298,,WT
VB17NW5,REG,VB17NW54,N33.23261 W3.93907,33.23261,3.93907,952,7/6/2015,June,Other,,0.14389,,WT
VB17NW5,REG,VB17NW54,N33.23261 W3.93907,33.23261,3.93907,952,7/6/2015,June,Tenebrionidae Diet,0,0,,WT
VB17NW5,REG,VB17NW54,N33.23261 W3.93907,33.23261,3.93907,952,7/6/2015,June,Tenebrionidae Other,0,0,,WT
WB61NE1,ALF,WB61NE11,N32.70452 W2.29322,32.70452,2.29322,1438,7/6/2015,June,Messor,2,0.00206,,WT
WB61NE1,ALF,WB61NE11,N32.70452 W2.29322,32.70452,2.29322,1438,7/6/2015,June,Other,,0.14432,,WT
WB61NE1,ALF,WB61NE11,N32.70452 W2.29322,32.70452,2.29322,1438,7/6/2015,June,Tenebrionidae Diet,1,0.05997,,WT
WB61NE1,ALF,WB61NE11,N32.70452 W2.29322,32.70452,2.29322,1438,7/6/2015,June,Tenebrionidae Other,0,0,,WT
WB61NE1,ALF,WB61NE12,N32.70439 W2.29259,32.70439,2.29259,1438,7/6/2015,June,Messor,1,0.00101,,WT
WB61NE1,ALF,WB61NE12,N32.70439 W2.29259,32.70439,2.29259,1438,7/6/2015,June,Other,,0.07353,,WT
WB61NE1,ALF,WB61NE12,N32.70439 W2.29259,32.70439,2.29259,1438,7/6/2015,June,Tenebrionidae Diet,1,0.08068,,WT
WB61NE1,ALF,WB61NE12,N32.70439 W2.29259,32.70439,2.29259,1438,7/6/2015,June,Tenebrionidae Other,0,0,,WT
WB61NE1,ALF,WB61NE13,N32.70403 W2.29272,32.70403,2.29272,1439,7/6/2015,June,Messor,2,0.00179,,WT
WB61NE1,ALF,WB61NE13,N32.70403 W2.29272,32.70403,2.29272,1439,7/6/2015,June,Other,,0.09804,,WT
WB61NE1,ALF,WB61NE13,N32.70403 W2.29272,32.70403,2.29272,1439,7/6/2015,June,Tenebrionidae Diet,0,0,,WT
WB61NE1,ALF,WB61NE13,N32.70403 W2.29272,32.70403,2.29272,1439,7/6/2015,June,Tenebrionidae Other,0,0,,WT
WB61NE1,ALF,WB61NE14,N32.70405 W2.29323,32.70405,2.29323,1440,7/6/2015,June,Messor,0,0,,WT
WB61NE1,ALF,WB61NE14,N32.70405 W2.29323,32.70405,2.29323,1440,7/6/2015,June,Other,,0.06811,,WT
WB61NE1,ALF,WB61NE14,N32.70405 W2.29323,32.70405,2.29323,1440,7/6/2015,June,Tenebrionidae Diet,2,0.15084,,WT
WB61NE1,ALF,WB61NE14,N32.70405 W2.29323,32.70405,2.29323,1440,7/6/2015,June,Tenebrionidae Other,0,0,,WT
WB61NE2,ALF,WB61NE21,N32.70424 W2.26634,32.70424,2.26634,1466,7/6/2015,June,Messor,0,0,,WT
WB61NE2,ALF,WB61NE21,N32.70424 W2.26634,32.70424,2.26634,1466,7/6/2015,June,Other,,0.07352,,WT
WB61NE2,ALF,WB61NE21,N32.70424 W2.26634,32.70424,2.26634,1466,7/6/2015,June,Tenebrionidae Diet,0,0,,WT
WB61NE2,ALF,WB61NE21,N32.70424 W2.26634,32.70424,2.26634,1466,7/6/2015,June,Tenebrionidae Other,0,0,,WT
WB61NE2,ALF,WB61NE22,N32.70404 W2.26575,32.70404,2.26575,1465,7/6/2015,June,Messor,8,0.01037,,WT
WB61NE2,ALF,WB61NE22,N32.70404 W2.26575,32.70404,2.26575,1465,7/6/2015,June,Other,,0.10273,,WT
WB61NE2,ALF,WB61NE22,N32.70404 W2.26575,32.70404,2.26575,1465,7/6/2015,June,Tenebrionidae Diet,2,0.11416,,WT
WB61NE2,ALF,WB61NE22,N32.70404 W2.26575,32.70404,2.26575,1465,7/6/2015,June,Tenebrionidae Other,0,0,,WT
WB61NE2,ALF,WB61NE23,N32.70367 W2.26598,32.70367,2.26598,1463,7/6/2015,June,Messor,0,0,,WT
WB61NE2,ALF,WB61NE23,N32.70367 W2.26598,32.70367,2.26598,1463,7/6/2015,June,Other,,0.12307,,WT
WB61NE2,ALF,WB61NE23,N32.70367 W2.26598,32.70367,2.26598,1463,7/6/2015,June,Tenebrionidae Diet,0,0,,WT
WB61NE2,ALF,WB61NE23,N32.70367 W2.26598,32.70367,2.26598,1463,7/6/2015,June,Tenebrionidae Other,0,0,,WT
WB61NE2,ALF,WB61NE24,N32.70392 W2.26623,32.70392,2.26623,1463,7/6/2015,June,Messor,0,0,,WT
WB61NE2,ALF,WB61NE24,N32.70392 W2.26623,32.70392,2.26623,1463,7/6/2015,June,Other,,0.09854,,WT
WB61NE2,ALF,WB61NE24,N32.70392 W2.26623,32.70392,2.26623,1463,7/6/2015,June,Tenebrionidae Diet,0,0,,WT
WB61NE2,ALF,WB61NE24,N32.70392 W2.26623,32.70392,2.26623,1463,7/6/2015,June,Tenebrionidae Other,1,0.01714,,WT
WB61NE3,ALF,WB61NE31,N32.68708 W2.25530,32.68708,2.2553,1525,7/6/2015,June,Messor,3,0.00206,,WT
WB61NE3,ALF,WB61NE31,N32.68708 W2.25530,32.68708,2.2553,1525,7/6/2015,June,Other,,0.40898,,WT
WB61NE3,ALF,WB61NE31,N32.68708 W2.25530,32.68708,2.2553,1525,7/6/2015,June,Tenebrionidae Diet,0,0,,WT
WB61NE3,ALF,WB61NE31,N32.68708 W2.25530,32.68708,2.2553,1525,7/6/2015,June,Tenebrionidae Other,0,0,,WT
WB61NE3,ALF,WB61NE32,N32.68685 W2.25488,32.68685,2.25488,1528,7/6/2015,June,Messor,1,0.00096,,WT
WB61NE3,ALF,WB61NE32,N32.68685 W2.25488,32.68685,2.25488,1528,7/6/2015,June,Other,,0.10246,,WT
WB61NE3,ALF,WB61NE32,N32.68685 W2.25488,32.68685,2.25488,1528,7/6/2015,June,Tenebrionidae Diet,1,0.88185,,WT
WB61NE3,ALF,WB61NE32,N32.68685 W2.25488,32.68685,2.25488,1528,7/6/2015,June,Tenebrionidae Other,1,0.01906,,WT
WB61NE3,ALF,WB61NE33,N32.68646 W2.25523,32.68646,2.25523,1527,7/6/2015,June,Messor,0,0,,WT
WB61NE3,ALF,WB61NE33,N32.68646 W2.25523,32.68646,2.25523,1527,7/6/2015,June,Other,,0.05283,,WT
WB61NE3,ALF,WB61NE33,N32.68646 W2.25523,32.68646,2.25523,1527,7/6/2015,June,Tenebrionidae Diet,0,0,,WT
WB61NE3,ALF,WB61NE33,N32.68646 W2.25523,32.68646,2.25523,1527,7/6/2015,June,Tenebrionidae Other,0,0,,WT
WB61NE3,ALF,WB61NE34,N32.68683 W2.25578,32.68683,2.25578,1525,7/6/2015,June,Messor,1,0.00044,,WT
WB61NE3,ALF,WB61NE34,N32.68683 W2.25578,32.68683,2.25578,1525,7/6/2015,June,Other,,0.13604,,WT
WB61NE3,ALF,WB61NE34,N32.68683 W2.25578,32.68683,2.25578,1525,7/6/2015,June,Tenebrionidae Diet,0,0,,WT
WB61NE3,ALF,WB61NE34,N32.68683 W2.25578,32.68683,2.25578,1525,7/6/2015,June,Tenebrionidae Other,0,0,,WT
WB61NE4,ALF,WB61NE41,N32.68205 W2.29343,32.68205,2.29343,1463,7/6/2015,June,Messor,3,0.00348,,WT
WB61NE4,ALF,WB61NE41,N32.68205 W2.29343,32.68205,2.29343,1463,7/6/2015,June,Other,,0.0869,,WT
WB61NE4,ALF,WB61NE41,N32.68205 W2.29343,32.68205,2.29343,1463,7/6/2015,June,Tenebrionidae Diet,3,0.23476,,WT
WB61NE4,ALF,WB61NE41,N32.68205 W2.29343,32.68205,2.29343,1463,7/6/2015,June,Tenebrionidae Other,0,0,,WT
WB61NE4,ALF,WB61NE42,N32.68208 W2.29310,32.68208,2.2931,1463,7/6/2015,June,Messor,1,0.00089,,WT
WB61NE4,ALF,WB61NE42,N32.68208 W2.29310,32.68208,2.2931,1463,7/6/2015,June,Other,,0.128,,WT
WB61NE4,ALF,WB61NE42,N32.68208 W2.29310,32.68208,2.2931,1463,7/6/2015,June,Tenebrionidae Diet,1,0.06697,,WT
WB61NE4,ALF,WB61NE42,N32.68208 W2.29310,32.68208,2.2931,1463,7/6/2015,June,Tenebrionidae Other,0,0,,WT
WB61NE4,ALF,WB61NE43,N32.68156 W2.29300,32.68156,2.293,1463,7/6/2015,June,Messor,0,0,,WT
WB61NE4,ALF,WB61NE43,N32.68156 W2.29300,32.68156,2.293,1463,7/6/2015,June,Other,,0.0489,,WT
WB61NE4,ALF,WB61NE43,N32.68156 W2.29300,32.68156,2.293,1463,7/6/2015,June,Tenebrionidae Diet,2,0.08602,,WT
WB61NE4,ALF,WB61NE43,N32.68156 W2.29300,32.68156,2.293,1463,7/6/2015,June,Tenebrionidae Other,1,0.0145,,WT
WB61NE4,ALF,WB61NE44,N32.68159 W2.29362,32.68159,2.29362,1457,7/6/2015,June,Messor,7,0.00764,,WT
WB61NE4,ALF,WB61NE44,N32.68159 W2.29362,32.68159,2.29362,1457,7/6/2015,June,Other,,0.01734,,WT
WB61NE4,ALF,WB61NE44,N32.68159 W2.29362,32.68159,2.29362,1457,7/6/2015,June,Tenebrionidae Diet,2,1.56377,,WT
WB61NE4,ALF,WB61NE44,N32.68159 W2.29362,32.68159,2.29362,1457,7/6/2015,June,Tenebrionidae Other,0,0,,WT
WB61NE5,ALF,WB61NE51,N32.69328 W2.27979,32.69328,2.27979,1462,7/6/2015,June,Messor,2,0.00237,,WT
WB61NE5,ALF,WB61NE51,N32.69328 W2.27979,32.69328,2.27979,1462,7/6/2015,June,Other,,0.14595,,WT
WB61NE5,ALF,WB61NE51,N32.69328 W2.27979,32.69328,2.27979,1462,7/6/2015,June,Tenebrionidae Diet,2,0.45467,,WT
WB61NE5,ALF,WB61NE51,N32.69328 W2.27979,32.69328,2.27979,1462,7/6/2015,June,Tenebrionidae Other,0,0,,WT
WB61NE5,ALF,WB61NE52,N32.69320 W2.27930,32.6932,2.2793,1464,7/6/2015,June,Messor,2,0.00461,,WT
WB61NE5,ALF,WB61NE52,N32.69320 W2.27930,32.6932,2.2793,1464,7/6/2015,June,Other,,0.06729,,WT
WB61NE5,ALF,WB61NE52,N32.69320 W2.27930,32.6932,2.2793,1464,7/6/2015,June,Tenebrionidae Diet,4,0.19274,,WT
WB61NE5,ALF,WB61NE52,N32.69320 W2.27930,32.6932,2.2793,1464,7/6/2015,June,Tenebrionidae Other,0,0,,WT
WB61NE5,ALF,WB61NE53,N32.69281 W2.27926,32.69281,2.27926,1463,7/6/2015,June,Messor,5,0.00613,,WT
WB61NE5,ALF,WB61NE53,N32.69281 W2.27926,32.69281,2.27926,1463,7/6/2015,June,Other,,0.11926,,WT
WB61NE5,ALF,WB61NE53,N32.69281 W2.27926,32.69281,2.27926,1463,7/6/2015,June,Tenebrionidae Diet,4,0.32927,,WT
WB61NE5,ALF,WB61NE53,N32.69281 W2.27926,32.69281,2.27926,1463,7/6/2015,June,Tenebrionidae Other,0,0,,WT
WB61NE5,ALF,WB61NE54,N32.69286 W2.27998,32.69286,2.27998,1463,7/6/2015,June,Messor,17,0.01608,,WT
WB61NE5,ALF,WB61NE54,N32.69286 W2.27998,32.69286,2.27998,1463,7/6/2015,June,Other,,0.13395,,WT
WB61NE5,ALF,WB61NE54,N32.69286 W2.27998,32.69286,2.27998,1463,7/6/2015,June,Tenebrionidae Diet,3,0.27953,,WT
WB61NE5,ALF,WB61NE54,N32.69286 W2.27998,32.69286,2.27998,1463,7/6/2015,June,Tenebrionidae Other,0,0,,WT
WC43NE1,EPA,WC43NE11,N33.78798 W2.50083,33.78798,2.50083,1103,7/6/2015,June,Messor,0,0,,WT
WC43NE1,EPA,WC43NE11,N33.78798 W2.50083,33.78798,2.50083,1103,7/6/2015,June,Other,,0.11419,,WT
WC43NE1,EPA,WC43NE11,N33.78798 W2.50083,33.78798,2.50083,1103,7/6/2015,June,Tenebrionidae Diet,0,0,,WT
WC43NE1,EPA,WC43NE11,N33.78798 W2.50083,33.78798,2.50083,1103,7/6/2015,June,Tenebrionidae Other,0,0,,WT
WC43NE1,EPA,WC43NE12,N33.78839 W2.50066,33.78839,2.50066,1111,7/6/2015,June,Messor,0,0,,WT
WC43NE1,EPA,WC43NE12,N33.78839 W2.50066,33.78839,2.50066,1111,7/6/2015,June,Other,,0.651,,WT
WC43NE1,EPA,WC43NE12,N33.78839 W2.50066,33.78839,2.50066,1111,7/6/2015,June,Tenebrionidae Diet,0,0,,WT
WC43NE1,EPA,WC43NE12,N33.78839 W2.50066,33.78839,2.50066,1111,7/6/2015,June,Tenebrionidae Other,0,0,,WT
WC43NE1,EPA,WC43NE13,N33.78823 W2.50020,33.78823,2.5002,1111,7/6/2015,June,Messor,0,0,,WT
WC43NE1,EPA,WC43NE13,N33.78823 W2.50020,33.78823,2.5002,1111,7/6/2015,June,Other,,0.08723,,WT
WC43NE1,EPA,WC43NE13,N33.78823 W2.50020,33.78823,2.5002,1111,7/6/2015,June,Tenebrionidae Diet,0,0,,WT
WC43NE1,EPA,WC43NE13,N33.78823 W2.50020,33.78823,2.5002,1111,7/6/2015,June,Tenebrionidae Other,0,0,,WT
WC43NE1,EPA,WC43NE14,N33.78777 W2.50032,33.78777,2.50032,1109,7/6/2015,June,Messor,2,0.0035,,WT
WC43NE1,EPA,WC43NE14,N33.78777 W2.50032,33.78777,2.50032,1109,7/6/2015,June,Other,,0.09538,,WT
WC43NE1,EPA,WC43NE14,N33.78777 W2.50032,33.78777,2.50032,1109,7/6/2015,June,Tenebrionidae Diet,0,0,,WT
WC43NE1,EPA,WC43NE14,N33.78777 W2.50032,33.78777,2.50032,1109,7/6/2015,June,Tenebrionidae Other,0,0,,WT
WC43NE2,EPA,WC43NE21,N33.78770 W2.47344,33.7877,2.47344,1109,7/6/2015,June,Messor,3,0.00307,,WT
WC43NE2,EPA,WC43NE21,N33.78770 W2.47344,33.7877,2.47344,1109,7/6/2015,June,Other,,0.04419,,WT
WC43NE2,EPA,WC43NE21,N33.78770 W2.47344,33.7877,2.47344,1109,7/6/2015,June,Tenebrionidae Diet,1,0.12961,,WT
WC43NE2,EPA,WC43NE21,N33.78770 W2.47344,33.7877,2.47344,1109,7/6/2015,June,Tenebrionidae Other,0,0,,WT
WC43NE2,EPA,WC43NE22,N33.78794 W2.47300,33.78794,2.473,1111,7/6/2015,June,Messor,16,0.0138,,WT
WC43NE2,EPA,WC43NE22,N33.78794 W2.47300,33.78794,2.473,1111,7/6/2015,June,Other,,0.31424,,WT
WC43NE2,EPA,WC43NE22,N33.78794 W2.47300,33.78794,2.473,1111,7/6/2015,June,Tenebrionidae Diet,0,0,,WT
WC43NE2,EPA,WC43NE22,N33.78794 W2.47300,33.78794,2.473,1111,7/6/2015,June,Tenebrionidae Other,0,0,,WT
WC43NE2,EPA,WC43NE23,N33.78760 W2.47270,33.7876,2.4727,1108,7/6/2015,June,Messor,2,0.00164,,WT
WC43NE2,EPA,WC43NE23,N33.78760 W2.47270,33.7876,2.4727,1108,7/6/2015,June,Other,,0.11794,,WT
WC43NE2,EPA,WC43NE23,N33.78760 W2.47270,33.7876,2.4727,1108,7/6/2015,June,Tenebrionidae Diet,0,0,,WT
WC43NE2,EPA,WC43NE23,N33.78760 W2.47270,33.7876,2.4727,1108,7/6/2015,June,Tenebrionidae Other,0,0,,WT
WC43NE2,EPA,WC43NE24,N33.78729 W2.47314,33.78729,2.47314,1107,7/6/2015,June,Messor,0,0,,WT
WC43NE2,EPA,WC43NE24,N33.78729 W2.47314,33.78729,2.47314,1107,7/6/2015,June,Other,,0.15665,,WT
WC43NE2,EPA,WC43NE24,N33.78729 W2.47314,33.78729,2.47314,1107,7/6/2015,June,Tenebrionidae Diet,0,0,,WT
WC43NE2,EPA,WC43NE24,N33.78729 W2.47314,33.78729,2.47314,1107,7/6/2015,June,Tenebrionidae Other,0,0,,WT
WC43NE3,EPA,WC43NE31,N33.76496 W2.47338,33.76496,2.47338,1102,7/6/2015,June,Messor,3,0.00247,,WT
WC43NE3,EPA,WC43NE31,N33.76496 W2.47338,33.76496,2.47338,1102,7/6/2015,June,Other,,0.25902,,WT
WC43NE3,EPA,WC43NE31,N33.76496 W2.47338,33.76496,2.47338,1102,7/6/2015,June,Tenebrionidae Diet,0,0,,WT
WC43NE3,EPA,WC43NE31,N33.76496 W2.47338,33.76496,2.47338,1102,7/6/2015,June,Tenebrionidae Other,0,0,,WT
WC43NE3,EPA,WC43NE32,N33.76515 W2.47290,33.76515,2.4729,1098,7/6/2015,June,Messor,0,0,,WT
WC43NE3,EPA,WC43NE32,N33.76515 W2.47290,33.76515,2.4729,1098,7/6/2015,June,Other,,1.28489,,WT
WC43NE3,EPA,WC43NE32,N33.76515 W2.47290,33.76515,2.4729,1098,7/6/2015,June,Tenebrionidae Diet,0,0,,WT
WC43NE3,EPA,WC43NE32,N33.76515 W2.47290,33.76515,2.4729,1098,7/6/2015,June,Tenebrionidae Other,0,0,,WT
WC43NE3,EPA,WC43NE33,N33.76476 W2.47265,33.76476,2.47265,1097,7/6/2015,June,Messor,0,0,,WT
WC43NE3,EPA,WC43NE33,N33.76476 W2.47265,33.76476,2.47265,1097,7/6/2015,June,Other,,0.99117,,WT
WC43NE3,EPA,WC43NE33,N33.76476 W2.47265,33.76476,2.47265,1097,7/6/2015,June,Tenebrionidae Diet,0,0,,WT
WC43NE3,EPA,WC43NE33,N33.76476 W2.47265,33.76476,2.47265,1097,7/6/2015,June,Tenebrionidae Other,0,0,,WT
WC43NE3,EPA,WC43NE34,N33.76471 W2.47290,33.76471,2.4729,1097,7/6/2015,June,Messor,0,0,,WT
WC43NE3,EPA,WC43NE34,N33.76471 W2.47290,33.76471,2.4729,1097,7/6/2015,June,Other,,2.85654,,WT
WC43NE3,EPA,WC43NE34,N33.76471 W2.47290,33.76471,2.4729,1097,7/6/2015,June,Tenebrionidae Diet,0,0,,WT
WC43NE3,EPA,WC43NE34,N33.76471 W2.47290,33.76471,2.4729,1097,7/6/2015,June,Tenebrionidae Other,0,0,,WT
WC43NE4,EPA,WC43NE41,N33.76519 W2.50103,33.76519,2.50103,1112,7/6/2015,June,Messor,6,0.00545,,WT
WC43NE4,EPA,WC43NE41,N33.76519 W2.50103,33.76519,2.50103,1112,7/6/2015,June,Other,,1.05948,,WT
WC43NE4,EPA,WC43NE41,N33.76519 W2.50103,33.76519,2.50103,1112,7/6/2015,June,Tenebrionidae Diet,0,0,,WT
WC43NE4,EPA,WC43NE41,N33.76519 W2.50103,33.76519,2.50103,1112,7/6/2015,June,Tenebrionidae Other,0,0,,WT
WC43NE4,EPA,WC43NE42,N33.76501 W2.50045,33.76501,2.50045,1111,7/6/2015,June,Messor,32,0.03442,,WT
WC43NE4,EPA,WC43NE42,N33.76501 W2.50045,33.76501,2.50045,1111,7/6/2015,June,Other,,1.41079,,WT
WC43NE4,EPA,WC43NE42,N33.76501 W2.50045,33.76501,2.50045,1111,7/6/2015,June,Tenebrionidae Diet,1,0.17488,,WT
WC43NE4,EPA,WC43NE42,N33.76501 W2.50045,33.76501,2.50045,1111,7/6/2015,June,Tenebrionidae Other,0,0,,WT
WC43NE4,EPA,WC43NE43,N33.76452 W2.50048,33.76452,2.50048,1109,7/6/2015,June,Messor,0,0,,NWT
WC43NE4,EPA,WC43NE43,N33.76452 W2.50048,33.76452,2.50048,1109,7/6/2015,June,Other,,0.4706,,NWT
WC43NE4,EPA,WC43NE43,N33.76452 W2.50048,33.76452,2.50048,1109,7/6/2015,June,Tenebrionidae Diet,0,0,,NWT
WC43NE4,EPA,WC43NE43,N33.76452 W2.50048,33.76452,2.50048,1109,7/6/2015,June,Tenebrionidae Other,0,0,,NWT
WC43NE4,EPA,WC43NE44,N33.76458 W2.50103,33.76458,2.50103,1107,7/6/2015,June,Messor,3,0.00193,,WT
WC43NE4,EPA,WC43NE44,N33.76458 W2.50103,33.76458,2.50103,1107,7/6/2015,June,Other,,0,,WT
WC43NE4,EPA,WC43NE44,N33.76458 W2.50103,33.76458,2.50103,1107,7/6/2015,June,Tenebrionidae Diet,0,0,,WT
WC43NE4,EPA,WC43NE44,N33.76458 W2.50103,33.76458,2.50103,1107,7/6/2015,June,Tenebrionidae Other,0,0,,WT
WC43NE5,EPA,WC43NE51,N33.77239 W2.48479,33.77239,2.48479,1111,7/6/2015,June,Messor,0,0,,WT
WC43NE5,EPA,WC43NE51,N33.77239 W2.48479,33.77239,2.48479,1111,7/6/2015,June,Other,,0.87997,,WT
WC43NE5,EPA,WC43NE51,N33.77239 W2.48479,33.77239,2.48479,1111,7/6/2015,June,Tenebrionidae Diet,0,0,,WT
WC43NE5,EPA,WC43NE51,N33.77239 W2.48479,33.77239,2.48479,1111,7/6/2015,June,Tenebrionidae Other,0,0,,WT
WC43NE5,EPA,WC43NE52,N33.77233 W2.48429,33.77233,2.48429,1110,7/6/2015,June,Messor,0,0,,WT
WC43NE5,EPA,WC43NE52,N33.77233 W2.48429,33.77233,2.48429,1110,7/6/2015,June,Other,,1.13688,,WT
WC43NE5,EPA,WC43NE52,N33.77233 W2.48429,33.77233,2.48429,1110,7/6/2015,June,Tenebrionidae Diet,1,3.49164,,WT
WC43NE5,EPA,WC43NE52,N33.77233 W2.48429,33.77233,2.48429,1110,7/6/2015,June,Tenebrionidae Other,0,0,,WT
WC43NE5,EPA,WC43NE53,N33.77191 W2.48434,33.77191,2.48434,1109,7/6/2015,June,Messor,3,0.00405,,WT
WC43NE5,EPA,WC43NE53,N33.77191 W2.48434,33.77191,2.48434,1109,7/6/2015,June,Other,,0.68097,,WT
WC43NE5,EPA,WC43NE53,N33.77191 W2.48434,33.77191,2.48434,1109,7/6/2015,June,Tenebrionidae Diet,0,0,,WT
WC43NE5,EPA,WC43NE53,N33.77191 W2.48434,33.77191,2.48434,1109,7/6/2015,June,Tenebrionidae Other,0,0,,WT
WC43NE5,EPA,WC43NE54,N33.77197 W2.48498,33.77197,2.48498,1112,7/6/2015,June,Messor,2,0.00225,,WT
WC43NE5,EPA,WC43NE54,N33.77197 W2.48498,33.77197,2.48498,1112,7/6/2015,June,Other,,0.81668,,WT
WC43NE5,EPA,WC43NE54,N33.77197 W2.48498,33.77197,2.48498,1112,7/6/2015,June,Tenebrionidae Diet,0,0,,WT
WC43NE5,EPA,WC43NE54,N33.77197 W2.48498,33.77197,2.48498,1112,7/6/2015,June,Tenebrionidae Other,0,0,,WT
VB14SW1,REG,VB14SW11,N32.92837 W3.94942,32.92837,3.94942,1034,7/7/2015,June,Messor,0,0,,WT
VB14SW1,REG,VB14SW11,N32.92837 W3.94942,32.92837,3.94942,1034,7/7/2015,June,Other,,0.05617,,WT
VB14SW1,REG,VB14SW11,N32.92837 W3.94942,32.92837,3.94942,1034,7/7/2015,June,Tenebrionidae Diet,0,0,,WT
VB14SW1,REG,VB14SW11,N32.92837 W3.94942,32.92837,3.94942,1034,7/7/2015,June,Tenebrionidae Other,0,0,,WT
VB14SW1,REG,VB14SW12,N32.92810 W3.94900,32.9281,3.949,1034,7/7/2015,June,Messor,0,0,,WT
VB14SW1,REG,VB14SW12,N32.92810 W3.94900,32.9281,3.949,1034,7/7/2015,June,Other,,0.06542,,WT
VB14SW1,REG,VB14SW12,N32.92810 W3.94900,32.9281,3.949,1034,7/7/2015,June,Tenebrionidae Diet,0,0,,WT
VB14SW1,REG,VB14SW12,N32.92810 W3.94900,32.9281,3.949,1034,7/7/2015,June,Tenebrionidae Other,0,0,,WT
VB14SW1,REG,VB14SW13,N32.92775 W3.94929,32.92775,3.94929,1035,7/7/2015,June,Messor,0,0,,WT
VB14SW1,REG,VB14SW13,N32.92775 W3.94929,32.92775,3.94929,1035,7/7/2015,June,Other,,0.04735,,WT
VB14SW1,REG,VB14SW13,N32.92775 W3.94929,32.92775,3.94929,1035,7/7/2015,June,Tenebrionidae Diet,0,0,,WT
VB14SW1,REG,VB14SW13,N32.92775 W3.94929,32.92775,3.94929,1035,7/7/2015,June,Tenebrionidae Other,0,0,,WT
VB14SW1,REG,VB14SW14,N32.92798 W3.94972,32.92798,3.94972,1037,7/7/2015,June,Messor,1,0.00203,,WT
VB14SW1,REG,VB14SW14,N32.92798 W3.94972,32.92798,3.94972,1037,7/7/2015,June,Other,,0.04946,,WT
VB14SW1,REG,VB14SW14,N32.92798 W3.94972,32.92798,3.94972,1037,7/7/2015,June,Tenebrionidae Diet,0,0,,WT
VB14SW1,REG,VB14SW14,N32.92798 W3.94972,32.92798,3.94972,1037,7/7/2015,June,Tenebrionidae Other,0,0,,WT
VB14SW2,REG,VB14SW21,N32.92820 W3.92241,32.9282,3.92241,1040,7/7/2015,June,Messor,1,0.0005,,WT
VB14SW2,REG,VB14SW21,N32.92820 W3.92241,32.9282,3.92241,1040,7/7/2015,June,Other,,0.48234,,WT
VB14SW2,REG,VB14SW21,N32.92820 W3.92241,32.9282,3.92241,1040,7/7/2015,June,Tenebrionidae Diet,0,0,,WT
VB14SW2,REG,VB14SW21,N32.92820 W3.92241,32.9282,3.92241,1040,7/7/2015,June,Tenebrionidae Other,0,0,,WT
VB14SW2,REG,VB14SW22,N32.92849 W3.92217,32.92849,3.92217,1038,7/7/2015,June,Messor,0,0,,BP
VB14SW2,REG,VB14SW22,N32.92849 W3.92217,32.92849,3.92217,1038,7/7/2015,June,Other,,0.04558,,BP
VB14SW2,REG,VB14SW22,N32.92849 W3.92217,32.92849,3.92217,1038,7/7/2015,June,Tenebrionidae Diet,0,0,,BP
VB14SW2,REG,VB14SW22,N32.92849 W3.92217,32.92849,3.92217,1038,7/7/2015,June,Tenebrionidae Other,0,0,,BP
VB14SW2,REG,VB14SW23,N32.92812 W3.92213,32.92812,3.92213,1036,7/7/2015,June,Messor,0,0,,BP
VB14SW2,REG,VB14SW23,N32.92812 W3.92213,32.92812,3.92213,1036,7/7/2015,June,Other,,0.05241,,BP
VB14SW2,REG,VB14SW23,N32.92812 W3.92213,32.92812,3.92213,1036,7/7/2015,June,Tenebrionidae Diet,0,0,,BP
VB14SW2,REG,VB14SW23,N32.92812 W3.92213,32.92812,3.92213,1036,7/7/2015,June,Tenebrionidae Other,0,0,,BP
VB14SW2,REG,VB14SW24,N32.92821 W3.92267,32.92821,3.92267,1038,7/7/2015,June,Messor,0,0,,BP
VB14SW2,REG,VB14SW24,N32.92821 W3.92267,32.92821,3.92267,1038,7/7/2015,June,Other,,0.36685,,BP
VB14SW2,REG,VB14SW24,N32.92821 W3.92267,32.92821,3.92267,1038,7/7/2015,June,Tenebrionidae Diet,0,0,,BP
VB14SW2,REG,VB14SW24,N32.92821 W3.92267,32.92821,3.92267,1038,7/7/2015,June,Tenebrionidae Other,0,0,,BP
VB14SW3,REG,VB14SW31,N32.90604 W3.92205,32.90604,3.92205,1062,7/7/2015,June,Messor,0,0,,BP
VB14SW3,REG,VB14SW31,N32.90604 W3.92205,32.90604,3.92205,1062,7/7/2015,June,Other,,0.15966,,BP
VB14SW3,REG,VB14SW31,N32.90604 W3.92205,32.90604,3.92205,1062,7/7/2015,June,Tenebrionidae Diet,0,0,,BP
VB14SW3,REG,VB14SW31,N32.90604 W3.92205,32.90604,3.92205,1062,7/7/2015,June,Tenebrionidae Other,0,0,,BP
VB14SW3,REG,VB14SW32,N32.90614 W3.92153,32.90614,3.92153,1062,7/7/2015,June,Messor,0,0,,NWT
VB14SW3,REG,VB14SW32,N32.90614 W3.92153,32.90614,3.92153,1062,7/7/2015,June,Other,,0.04355,,NWT
VB14SW3,REG,VB14SW32,N32.90614 W3.92153,32.90614,3.92153,1062,7/7/2015,June,Tenebrionidae Diet,0,0,,NWT
VB14SW3,REG,VB14SW32,N32.90614 W3.92153,32.90614,3.92153,1062,7/7/2015,June,Tenebrionidae Other,0,0,,NWT
VB14SW3,REG,VB14SW33,N32.90567 W3.92146,32.90567,3.92146,1062,7/7/2015,June,Messor,0,0,,WT
VB14SW3,REG,VB14SW33,N32.90567 W3.92146,32.90567,3.92146,1062,7/7/2015,June,Other,,0.15998,,WT
VB14SW3,REG,VB14SW33,N32.90567 W3.92146,32.90567,3.92146,1062,7/7/2015,June,Tenebrionidae Diet,1,1.73359,,WT
VB14SW3,REG,VB14SW33,N32.90567 W3.92146,32.90567,3.92146,1062,7/7/2015,June,Tenebrionidae Other,1,0.00276,,WT
VB14SW3,REG,VB14SW34,N32.90561 W3.92193,32.90561,3.92193,1063,7/7/2015,June,Messor,0,0,,WT
VB14SW3,REG,VB14SW34,N32.90561 W3.92193,32.90561,3.92193,1063,7/7/2015,June,Other,,0.14257,,WT
VB14SW3,REG,VB14SW34,N32.90561 W3.92193,32.90561,3.92193,1063,7/7/2015,June,Tenebrionidae Diet,0,0,,WT
VB14SW3,REG,VB14SW34,N32.90561 W3.92193,32.90561,3.92193,1063,7/7/2015,June,Tenebrionidae Other,0,0,,WT
VB14SW4,EPA,VB14SW41,N32.90579 W3.94901,32.90579,3.94901,1048,7/7/2015,June,Messor,0,0,,WT
VB14SW4,EPA,VB14SW41,N32.90579 W3.94901,32.90579,3.94901,1048,7/7/2015,June,Other,,0.03986,,WT
VB14SW4,EPA,VB14SW41,N32.90579 W3.94901,32.90579,3.94901,1048,7/7/2015,June,Tenebrionidae Diet,0,0,,WT
VB14SW4,EPA,VB14SW41,N32.90579 W3.94901,32.90579,3.94901,1048,7/7/2015,June,Tenebrionidae Other,0,0,,WT
VB14SW4,EPA,VB14SW42,N32.90572 W3.94846,32.90572,3.94846,1049,7/7/2015,June,Messor,3,0.00283,,WT
VB14SW4,EPA,VB14SW42,N32.90572 W3.94846,32.90572,3.94846,1049,7/7/2015,June,Other,,0.07034,,WT
VB14SW4,EPA,VB14SW42,N32.90572 W3.94846,32.90572,3.94846,1049,7/7/2015,June,Tenebrionidae Diet,0,0,,WT
VB14SW4,EPA,VB14SW42,N32.90572 W3.94846,32.90572,3.94846,1049,7/7/2015,June,Tenebrionidae Other,0,0,,WT
VB14SW4,EPA,VB14SW43,N32.90532 W3.94851,32.90532,3.94851,1049,7/7/2015,June,Messor,13,0.01155,,WT
VB14SW4,EPA,VB14SW43,N32.90532 W3.94851,32.90532,3.94851,1049,7/7/2015,June,Other,,0.04408,,WT
VB14SW4,EPA,VB14SW43,N32.90532 W3.94851,32.90532,3.94851,1049,7/7/2015,June,Tenebrionidae Diet,0,0,,WT
VB14SW4,EPA,VB14SW43,N32.90532 W3.94851,32.90532,3.94851,1049,7/7/2015,June,Tenebrionidae Other,0,0,,WT
VB14SW4,EPA,VB14SW44,N32.90539 W3.94907,32.90539,3.94907,1049,7/7/2015,June,Messor,0,0,,WT
VB14SW4,EPA,VB14SW44,N32.90539 W3.94907,32.90539,3.94907,1049,7/7/2015,June,Other,,0.03068,,WT
VB14SW4,EPA,VB14SW44,N32.90539 W3.94907,32.90539,3.94907,1049,7/7/2015,June,Tenebrionidae Diet,0,0,,WT
VB14SW4,EPA,VB14SW44,N32.90539 W3.94907,32.90539,3.94907,1049,7/7/2015,June,Tenebrionidae Other,0,0,,WT
VB14SW5,REG,VB14SW51,N32.91728 W3.93573,32.91728,3.93573,1040,7/7/2015,June,Messor,1,0.00175,,WT
VB14SW5,REG,VB14SW51,N32.91728 W3.93573,32.91728,3.93573,1040,7/7/2015,June,Other,,0.06131,,WT
VB14SW5,REG,VB14SW51,N32.91728 W3.93573,32.91728,3.93573,1040,7/7/2015,June,Tenebrionidae Diet,0,0,,WT
VB14SW5,REG,VB14SW51,N32.91728 W3.93573,32.91728,3.93573,1040,7/7/2015,June,Tenebrionidae Other,0,0,,WT
VB14SW5,REG,VB14SW52,N32.91685 W3.93563,32.91685,3.93563,1049,7/7/2015,June,Messor,0,0,,WT
VB14SW5,REG,VB14SW52,N32.91685 W3.93563,32.91685,3.93563,1049,7/7/2015,June,Other,,0.06301,,WT
VB14SW5,REG,VB14SW52,N32.91685 W3.93563,32.91685,3.93563,1049,7/7/2015,June,Tenebrionidae Diet,0,0,,WT
VB14SW5,REG,VB14SW52,N32.91685 W3.93563,32.91685,3.93563,1049,7/7/2015,June,Tenebrionidae Other,0,0,,WT
VB14SW5,REG,VB14SW53,N32.91700 W3.93513,32.917,3.93513,1048,7/7/2015,June,Messor,11,0.01123,,WT
VB14SW5,REG,VB14SW53,N32.91700 W3.93513,32.917,3.93513,1048,7/7/2015,June,Other,,0.81107,,WT
VB14SW5,REG,VB14SW53,N32.91700 W3.93513,32.917,3.93513,1048,7/7/2015,June,Tenebrionidae Diet,0,0,,WT
VB14SW5,REG,VB14SW53,N32.91700 W3.93513,32.917,3.93513,1048,7/7/2015,June,Tenebrionidae Other,0,0,,WT
VB14SW5,REG,VB14SW54,N32.91739 W3.93528,32.91739,3.93528,1048,7/7/2015,June,Messor,0,0,,WT
VB14SW5,REG,VB14SW54,N32.91739 W3.93528,32.91739,3.93528,1048,7/7/2015,June,Other,,0.05232,,WT
VB14SW5,REG,VB14SW54,N32.91739 W3.93528,32.91739,3.93528,1048,7/7/2015,June,Tenebrionidae Diet,0,0,,WT
VB14SW5,REG,VB14SW54,N32.91739 W3.93528,32.91739,3.93528,1048,7/7/2015,June,Tenebrionidae Other,0,0,,WT
WC24NE1,ALF,WC24NE11,N33.87870 W2.71618,33.8787,2.71618,1317,7/7/2015,June,Messor,31,0.12809,,WT
WC24NE1,ALF,WC24NE11,N33.87870 W2.71618,33.8787,2.71618,1317,7/7/2015,June,Other,,0.26638,,WT
WC24NE1,ALF,WC24NE11,N33.87870 W2.71618,33.8787,2.71618,1317,7/7/2015,June,Tenebrionidae Diet,1,0.22178,,WT
WC24NE1,ALF,WC24NE11,N33.87870 W2.71618,33.8787,2.71618,1317,7/7/2015,June,Tenebrionidae Other,0,0,,WT
WC24NE1,ALF,WC24NE12,N33.87862 W2.71562,33.87862,2.71562,1319,7/7/2015,June,Messor,8,0.01015,,WT
WC24NE1,ALF,WC24NE12,N33.87862 W2.71562,33.87862,2.71562,1319,7/7/2015,June,Other,,0.33993,,WT
WC24NE1,ALF,WC24NE12,N33.87862 W2.71562,33.87862,2.71562,1319,7/7/2015,June,Tenebrionidae Diet,1,0.07898,,WT
WC24NE1,ALF,WC24NE12,N33.87862 W2.71562,33.87862,2.71562,1319,7/7/2015,June,Tenebrionidae Other,0,0,,WT
WC24NE1,ALF,WC24NE13,N33.87807 W2.71579,33.87807,2.71579,1316,7/7/2015,June,Messor,17,0.01336,,WT
WC24NE1,ALF,WC24NE13,N33.87807 W2.71579,33.87807,2.71579,1316,7/7/2015,June,Other,,0.3942,,WT
WC24NE1,ALF,WC24NE13,N33.87807 W2.71579,33.87807,2.71579,1316,7/7/2015,June,Tenebrionidae Diet,1,0.06037,,WT
WC24NE1,ALF,WC24NE13,N33.87807 W2.71579,33.87807,2.71579,1316,7/7/2015,June,Tenebrionidae Other,0,0,,WT
WC24NE1,ALF,WC24NE14,N33.87811 W2.71631,33.87811,2.71631,1317,7/7/2015,June,Messor,21,0.01291,,WT
WC24NE1,ALF,WC24NE14,N33.87811 W2.71631,33.87811,2.71631,1317,7/7/2015,June,Other,,0.19866,,WT
WC24NE1,ALF,WC24NE14,N33.87811 W2.71631,33.87811,2.71631,1317,7/7/2015,June,Tenebrionidae Diet,2,1.16701,,WT
WC24NE1,ALF,WC24NE14,N33.87811 W2.71631,33.87811,2.71631,1317,7/7/2015,June,Tenebrionidae Other,0,0,,WT
WC24NE2,ALF,WC24NE21,N33.87875 W2.68926,33.87875,2.68926,1328,7/7/2015,June,Messor,0,0,,WT
WC24NE2,ALF,WC24NE21,N33.87875 W2.68926,33.87875,2.68926,1328,7/7/2015,June,Other,,0.14326,,WT
WC24NE2,ALF,WC24NE21,N33.87875 W2.68926,33.87875,2.68926,1328,7/7/2015,June,Tenebrionidae Diet,0,0,,WT
WC24NE2,ALF,WC24NE21,N33.87875 W2.68926,33.87875,2.68926,1328,7/7/2015,June,Tenebrionidae Other,0,0,,WT
WC24NE2,ALF,WC24NE22,N33.87870 W2.68871,33.8787,2.68871,1327,7/7/2015,June,Messor,2,0.00181,,WT
WC24NE2,ALF,WC24NE22,N33.87870 W2.68871,33.8787,2.68871,1327,7/7/2015,June,Other,,2.08119,,WT
WC24NE2,ALF,WC24NE22,N33.87870 W2.68871,33.8787,2.68871,1327,7/7/2015,June,Tenebrionidae Diet,0,0,,WT
WC24NE2,ALF,WC24NE22,N33.87870 W2.68871,33.8787,2.68871,1327,7/7/2015,June,Tenebrionidae Other,0,0,,WT
WC24NE2,ALF,WC24NE23,N33.87825 W2.68873,33.87825,2.68873,1327,7/7/2015,June,Messor,0,0,,WT
WC24NE2,ALF,WC24NE23,N33.87825 W2.68873,33.87825,2.68873,1327,7/7/2015,June,Tenebrionidae Diet,0,0,,WT
WC24NE2,ALF,WC24NE24,N33.87827 W2.68924,33.87827,2.68924,1327,7/7/2015,June,Messor,0,0,,WT
WC24NE2,ALF,WC24NE24,N33.87827 W2.68924,33.87827,2.68924,1327,7/7/2015,June,Other,,0.09322,,WT
WC24NE2,ALF,WC24NE24,N33.87827 W2.68924,33.87827,2.68924,1327,7/7/2015,June,Tenebrionidae Diet,1,0.05804,,WT
WC24NE2,ALF,WC24NE24,N33.87827 W2.68924,33.87827,2.68924,1327,7/7/2015,June,Tenebrionidae Other,0,0,,WT
WC24NE3,ALF,WC24NE31,N33.85604 W2.68924,33.85604,2.68924,1306,7/7/2015,June,Messor,7,0.01066,,WT
WC24NE3,ALF,WC24NE31,N33.85604 W2.68924,33.85604,2.68924,1306,7/7/2015,June,Other,,0.44307,,WT
WC24NE3,ALF,WC24NE31,N33.85604 W2.68924,33.85604,2.68924,1306,7/7/2015,June,Tenebrionidae Diet,0,0,,WT
WC24NE3,ALF,WC24NE31,N33.85604 W2.68924,33.85604,2.68924,1306,7/7/2015,June,Tenebrionidae Other,0,0,,WT
WC24NE3,ALF,WC24NE32,N33.85591 W2.68882,33.85591,2.68882,1300,7/7/2015,June,Messor,0,0,,WT
WC24NE3,ALF,WC24NE32,N33.85591 W2.68882,33.85591,2.68882,1300,7/7/2015,June,Other,,0.11223,,WT
WC24NE3,ALF,WC24NE32,N33.85591 W2.68882,33.85591,2.68882,1300,7/7/2015,June,Tenebrionidae Diet,0,0,,WT
WC24NE3,ALF,WC24NE32,N33.85591 W2.68882,33.85591,2.68882,1300,7/7/2015,June,Tenebrionidae Other,0,0,,WT
WC24NE3,ALF,WC24NE33,N33.85549 W2.68895,33.85549,2.68895,1296,7/7/2015,June,Messor,0,0,,WT
WC24NE3,ALF,WC24NE33,N33.85549 W2.68895,33.85549,2.68895,1296,7/7/2015,June,Other,,0.21952,,WT
WC24NE3,ALF,WC24NE33,N33.85549 W2.68895,33.85549,2.68895,1296,7/7/2015,June,Tenebrionidae Diet,0,0,,WT
WC24NE3,ALF,WC24NE33,N33.85549 W2.68895,33.85549,2.68895,1296,7/7/2015,June,Tenebrionidae Other,0,0,,WT
WC24NE3,ALF,WC24NE34,N33.85555 W2.68944,33.85555,2.68944,1298,7/7/2015,June,Messor,0,0,,WT
WC24NE3,ALF,WC24NE34,N33.85555 W2.68944,33.85555,2.68944,1298,7/7/2015,June,Other,,0.10143,,WT
WC24NE3,ALF,WC24NE34,N33.85555 W2.68944,33.85555,2.68944,1298,7/7/2015,June,Tenebrionidae Diet,0,0,,WT
WC24NE3,ALF,WC24NE34,N33.85555 W2.68944,33.85555,2.68944,1298,7/7/2015,June,Tenebrionidae Other,0,0,,WT
WC24NE4,ALF,WC24NE41,N33.85622 W2.71620,33.85622,2.7162,1323,7/7/2015,June,Messor,0,0,,WT
WC24NE4,ALF,WC24NE41,N33.85622 W2.71620,33.85622,2.7162,1323,7/7/2015,June,Other,,0.12746,,WT
WC24NE4,ALF,WC24NE41,N33.85622 W2.71620,33.85622,2.7162,1323,7/7/2015,June,Tenebrionidae Diet,0,0,,WT
WC24NE4,ALF,WC24NE41,N33.85622 W2.71620,33.85622,2.7162,1323,7/7/2015,June,Tenebrionidae Other,0,0,,WT
WC24NE4,ALF,WC24NE42,N33.85611 W2.71567,33.85611,2.71567,1332,7/7/2015,June,Messor,0,0,,WT
WC24NE4,ALF,WC24NE42,N33.85611 W2.71567,33.85611,2.71567,1332,7/7/2015,June,Other,,0.11424,,WT
WC24NE4,ALF,WC24NE42,N33.85611 W2.71567,33.85611,2.71567,1332,7/7/2015,June,Tenebrionidae Diet,0,0,,WT
WC24NE4,ALF,WC24NE42,N33.85611 W2.71567,33.85611,2.71567,1332,7/7/2015,June,Tenebrionidae Other,0,0,,WT
WC24NE4,ALF,WC24NE43,N33.85566 W2.71581,33.85566,2.71581,1331,7/7/2015,June,Messor,0,0,,WT
WC24NE4,ALF,WC24NE43,N33.85566 W2.71581,33.85566,2.71581,1331,7/7/2015,June,Other,,0.03476,,WT
WC24NE4,ALF,WC24NE43,N33.85566 W2.71581,33.85566,2.71581,1331,7/7/2015,June,Tenebrionidae Diet,0,0,,WT
WC24NE4,ALF,WC24NE43,N33.85566 W2.71581,33.85566,2.71581,1331,7/7/2015,June,Tenebrionidae Other,0,0,,WT
WC24NE4,ALF,WC24NE44,N33.85576 W2.71628,33.85576,2.71628,1327,7/7/2015,June,Messor,0,0,,WT
WC24NE4,ALF,WC24NE44,N33.85576 W2.71628,33.85576,2.71628,1327,7/7/2015,June,Other,,0.2187,,WT
WC24NE4,ALF,WC24NE44,N33.85576 W2.71628,33.85576,2.71628,1327,7/7/2015,June,Tenebrionidae Diet,1,0.10044,,WT
WC24NE4,ALF,WC24NE44,N33.85576 W2.71628,33.85576,2.71628,1327,7/7/2015,June,Tenebrionidae Other,0,0,,WT
WC24NE5,ALF,WC24NE51,N33.86736 W2.70264,33.86736,2.70264,1332,7/7/2015,June,Messor,0,0,,WT
WC24NE5,ALF,WC24NE51,N33.86736 W2.70264,33.86736,2.70264,1332,7/7/2015,June,Other,,0.16632,,WT
WC24NE5,ALF,WC24NE51,N33.86736 W2.70264,33.86736,2.70264,1332,7/7/2015,June,Tenebrionidae Diet,0,0,,WT
WC24NE5,ALF,WC24NE51,N33.86736 W2.70264,33.86736,2.70264,1332,7/7/2015,June,Tenebrionidae Other,0,0,,WT
WC24NE5,ALF,WC24NE52,N33.86744 W2.70212,33.86744,2.70212,1336,7/7/2015,June,Messor,87,0.26884,,WT
WC24NE5,ALF,WC24NE52,N33.86744 W2.70212,33.86744,2.70212,1336,7/7/2015,June,Other,,0.13804,,WT
WC24NE5,ALF,WC24NE52,N33.86744 W2.70212,33.86744,2.70212,1336,7/7/2015,June,Tenebrionidae Diet,0,0,,WT
WC24NE5,ALF,WC24NE52,N33.86744 W2.70212,33.86744,2.70212,1336,7/7/2015,June,Tenebrionidae Other,0,0,,WT
WC24NE5,ALF,WC24NE53,N33.86705 W2.70191,33.86705,2.70191,1334,7/7/2015,June,Messor,0,0,,WT
WC24NE5,ALF,WC24NE53,N33.86705 W2.70191,33.86705,2.70191,1334,7/7/2015,June,Other,,0.03343,,WT
WC24NE5,ALF,WC24NE53,N33.86705 W2.70191,33.86705,2.70191,1334,7/7/2015,June,Tenebrionidae Diet,1,0.13258,,WT
WC24NE5,ALF,WC24NE53,N33.86705 W2.70191,33.86705,2.70191,1334,7/7/2015,June,Tenebrionidae Other,0,0,,WT
WC24NE5,ALF,WC24NE54,N33.86694 W2.70239,33.86694,2.70239,1332,7/7/2015,June,Messor,4,0.0043,,WT
WC24NE5,ALF,WC24NE54,N33.86694 W2.70239,33.86694,2.70239,1332,7/7/2015,June,Other,,0.12885,,WT
WC24NE5,ALF,WC24NE54,N33.86694 W2.70239,33.86694,2.70239,1332,7/7/2015,June,Tenebrionidae Diet,0,0,,WT
WC24NE5,ALF,WC24NE54,N33.86694 W2.70239,33.86694,2.70239,1332,7/7/2015,June,Tenebrionidae Other,1,0.00592,,WT
VB02SE1,REG,VB02SE11,N32.74766 W4.00092,32.74766,4.00092,1243,7/8/2015,June,Messor,48,0.0434,,WT
VB02SE1,REG,VB02SE11,N32.74766 W4.00092,32.74766,4.00092,1243,7/8/2015,June,Other,,0.0245,,WT
VB02SE1,REG,VB02SE11,N32.74766 W4.00092,32.74766,4.00092,1243,7/8/2015,June,Tenebrionidae Diet,0,0,,WT
VB02SE1,REG,VB02SE11,N32.74766 W4.00092,32.74766,4.00092,1243,7/8/2015,June,Tenebrionidae Other,0,0,,WT
VB02SE1,REG,VB02SE12,N32.74736 W4.00046,32.74736,4.00046,1239,7/8/2015,June,Messor,0,0,,WT
VB02SE1,REG,VB02SE12,N32.74736 W4.00046,32.74736,4.00046,1239,7/8/2015,June,Other,,1.01283,,WT
VB02SE1,REG,VB02SE12,N32.74736 W4.00046,32.74736,4.00046,1239,7/8/2015,June,Tenebrionidae Diet,0,0,,WT
VB02SE1,REG,VB02SE12,N32.74736 W4.00046,32.74736,4.00046,1239,7/8/2015,June,Tenebrionidae Other,0,0,,WT
VB02SE1,REG,VB02SE13,N32.74702 W4.00076,32.74702,4.00076,1242,7/8/2015,June,Messor,6,0.00701,,WT
VB02SE1,REG,VB02SE13,N32.74702 W4.00076,32.74702,4.00076,1242,7/8/2015,June,Other,,0.06466,,WT
VB02SE1,REG,VB02SE13,N32.74702 W4.00076,32.74702,4.00076,1242,7/8/2015,June,Tenebrionidae Diet,0,0,,WT
VB02SE1,REG,VB02SE13,N32.74702 W4.00076,32.74702,4.00076,1242,7/8/2015,June,Tenebrionidae Other,1,0.0027,,WT
VB02SE1,REG,VB02SE14,N32.74727 W4.00115,32.74727,4.00115,1244,7/8/2015,June,Messor,1,0.00175,,WT
VB02SE1,REG,VB02SE14,N32.74727 W4.00115,32.74727,4.00115,1244,7/8/2015,June,Other,,0.67988,,WT
VB02SE1,REG,VB02SE14,N32.74727 W4.00115,32.74727,4.00115,1244,7/8/2015,June,Tenebrionidae Diet,0,0,,WT
VB02SE1,REG,VB02SE14,N32.74727 W4.00115,32.74727,4.00115,1244,7/8/2015,June,Tenebrionidae Other,0,0,,WT
VB02SE2,REG,VB02SE21,N32.74785 W3.97404,32.74785,3.97404,1248,7/8/2015,June,Messor,0,0,,WT
VB02SE2,REG,VB02SE21,N32.74785 W3.97404,32.74785,3.97404,1248,7/8/2015,June,Other,,0.23152,,WT
VB02SE2,REG,VB02SE21,N32.74785 W3.97404,32.74785,3.97404,1248,7/8/2015,June,Tenebrionidae Diet,1,0.02546,,WT
VB02SE2,REG,VB02SE21,N32.74785 W3.97404,32.74785,3.97404,1248,7/8/2015,June,Tenebrionidae Other,0,0,,WT
VB02SE2,REG,VB02SE22,N32.74783 W3.97352,32.74783,3.97352,1249,7/8/2015,June,Messor,10,0.00844,,WT
VB02SE2,REG,VB02SE22,N32.74783 W3.97352,32.74783,3.97352,1249,7/8/2015,June,Other,,0.08525,,WT
VB02SE2,REG,VB02SE22,N32.74783 W3.97352,32.74783,3.97352,1249,7/8/2015,June,Tenebrionidae Diet,0,0,,WT
VB02SE2,REG,VB02SE22,N32.74783 W3.97352,32.74783,3.97352,1249,7/8/2015,June,Tenebrionidae Other,0,0,,WT
VB02SE2,REG,VB02SE23,N32.74735 W3.97371,32.74735,3.97371,1251,7/8/2015,June,Messor,2,0.00203,,WT
VB02SE2,REG,VB02SE23,N32.74735 W3.97371,32.74735,3.97371,1251,7/8/2015,June,Other,,0.10155,,WT
VB02SE2,REG,VB02SE23,N32.74735 W3.97371,32.74735,3.97371,1251,7/8/2015,June,Tenebrionidae Diet,1,0.00755,,WT
VB02SE2,REG,VB02SE23,N32.74735 W3.97371,32.74735,3.97371,1251,7/8/2015,June,Tenebrionidae Other,0,0,,WT
VB02SE2,REG,VB02SE24,N32.74743 W3.97413,32.74743,3.97413,1251,7/8/2015,June,Messor,0,0,,WT
VB02SE2,REG,VB02SE24,N32.74743 W3.97413,32.74743,3.97413,1251,7/8/2015,June,Other,,0.52753,,WT
VB02SE2,REG,VB02SE24,N32.74743 W3.97413,32.74743,3.97413,1251,7/8/2015,June,Tenebrionidae Diet,0,0,,WT
VB02SE2,REG,VB02SE24,N32.74743 W3.97413,32.74743,3.97413,1251,7/8/2015,June,Tenebrionidae Other,0,0,,WT
VB02SE3,REG,VB02SE31,N32.72507 W3.97363,32.72507,3.97363,1310,7/8/2015,June,Messor,0,0,,BP
VB02SE3,REG,VB02SE31,N32.72507 W3.97363,32.72507,3.97363,1310,7/8/2015,June,Other,,0.18028,,BP
VB02SE3,REG,VB02SE31,N32.72507 W3.97363,32.72507,3.97363,1310,7/8/2015,June,Tenebrionidae Diet,0,0,,BP
VB02SE3,REG,VB02SE31,N32.72507 W3.97363,32.72507,3.97363,1310,7/8/2015,June,Tenebrionidae Other,0,0,,BP
VB02SE3,REG,VB02SE32,N32.72493 W3.97316,32.72493,3.97316,1310,7/8/2015,June,Messor,0,0,,WT
VB02SE3,REG,VB02SE32,N32.72493 W3.97316,32.72493,3.97316,1310,7/8/2015,June,Other,,0.37811,,WT
VB02SE3,REG,VB02SE32,N32.72493 W3.97316,32.72493,3.97316,1310,7/8/2015,June,Tenebrionidae Diet,1,0.0115,,WT
VB02SE3,REG,VB02SE32,N32.72493 W3.97316,32.72493,3.97316,1310,7/8/2015,June,Tenebrionidae Other,0,0,,WT
VB02SE3,REG,VB02SE33,N32.72454 W3.97339,32.72454,3.97339,1310,7/8/2015,June,Messor,0,0,,WT
VB02SE3,REG,VB02SE33,N32.72454 W3.97339,32.72454,3.97339,1310,7/8/2015,June,Other,,0.30187,,WT
VB02SE3,REG,VB02SE33,N32.72454 W3.97339,32.72454,3.97339,1310,7/8/2015,June,Tenebrionidae Diet,0,0,,WT
VB02SE3,REG,VB02SE33,N32.72454 W3.97339,32.72454,3.97339,1310,7/8/2015,June,Tenebrionidae Other,0,0,,WT
VB02SE3,REG,VB02SE34,N32.72474 W3.97383,32.72474,3.97383,1311,7/8/2015,June,Messor,0,0,,WT
VB02SE3,REG,VB02SE34,N32.72474 W3.97383,32.72474,3.97383,1311,7/8/2015,June,Other,,0.44905,,WT
VB02SE3,REG,VB02SE34,N32.72474 W3.97383,32.72474,3.97383,1311,7/8/2015,June,Tenebrionidae Diet,0,0,,WT
VB02SE3,REG,VB02SE34,N32.72474 W3.97383,32.72474,3.97383,1311,7/8/2015,June,Tenebrionidae Other,0,0,,WT
VB02SE4,ALF,VB02SE41,N32.72484 W4.00028,32.72484,4.00028,1308,7/8/2015,June,Messor,0,0,,WT
VB02SE4,ALF,VB02SE41,N32.72484 W4.00028,32.72484,4.00028,1308,7/8/2015,June,Other,,0.17602,,WT
VB02SE4,ALF,VB02SE41,N32.72484 W4.00028,32.72484,4.00028,1308,7/8/2015,June,Tenebrionidae Diet,0,0,,WT
VB02SE4,ALF,VB02SE41,N32.72484 W4.00028,32.72484,4.00028,1308,7/8/2015,June,Tenebrionidae Other,4,0.01357,,WT
VB02SE4,ALF,VB02SE42,N32.72478 W3.99975,32.72478,3.99975,1309,7/8/2015,June,Messor,,,Jar disappeared,NWT
VB02SE4,ALF,VB02SE42,N32.72478 W3.99975,32.72478,3.99975,1309,7/8/2015,June,Other,,,Jar disappeared,NWT
VB02SE4,ALF,VB02SE42,N32.72478 W3.99975,32.72478,3.99975,1309,7/8/2015,June,Tenebrionidae Diet,,,Jar disappeared,NWT
VB02SE4,ALF,VB02SE42,N32.72478 W3.99975,32.72478,3.99975,1309,7/8/2015,June,Tenebrionidae Other,,,Jar disappeared,NWT
VB02SE4,ALF,VB02SE43,N32.72429 W3.99980,32.72429,3.9998,1307,7/8/2015,June,Messor,,,Jar disappeared,NWT
VB02SE4,ALF,VB02SE43,N32.72429 W3.99980,32.72429,3.9998,1307,7/8/2015,June,Other,,,Jar disappeared,NWT
VB02SE4,ALF,VB02SE43,N32.72429 W3.99980,32.72429,3.9998,1307,7/8/2015,June,Tenebrionidae Diet,,,Jar disappeared,NWT
VB02SE4,ALF,VB02SE43,N32.72429 W3.99980,32.72429,3.9998,1307,7/8/2015,June,Tenebrionidae Other,,,Jar disappeared,NWT
VB02SE4,ALF,VB02SE44,N32.72434 W4.00026,32.72434,4.00026,1305,7/8/2015,June,Messor,0,0,,WT
VB02SE4,ALF,VB02SE44,N32.72434 W4.00026,32.72434,4.00026,1305,7/8/2015,June,Other,,0.07759,,WT
VB02SE4,ALF,VB02SE44,N32.72434 W4.00026,32.72434,4.00026,1305,7/8/2015,June,Tenebrionidae Diet,0,0,,WT
VB02SE4,ALF,VB02SE44,N32.72434 W4.00026,32.72434,4.00026,1305,7/8/2015,June,Tenebrionidae Other,0,0,,WT
VB02SE5,EPA,VB02SE51,N32.73640 W3.98738,32.7364,3.98738,1271,7/8/2015,June,Messor,2,0.00183,,WT
VB02SE5,EPA,VB02SE51,N32.73640 W3.98738,32.7364,3.98738,1271,7/8/2015,June,Other,,0.14454,,WT
VB02SE5,EPA,VB02SE51,N32.73640 W3.98738,32.7364,3.98738,1271,7/8/2015,June,Tenebrionidae Diet,0,0,,WT
VB02SE5,EPA,VB02SE51,N32.73640 W3.98738,32.7364,3.98738,1271,7/8/2015,June,Tenebrionidae Other,0,0,,WT
VB02SE5,EPA,VB02SE52,N32.73637 W3.98682,32.73637,3.98682,1271,7/8/2015,June,Messor,2,0.00299,,WT
VB02SE5,EPA,VB02SE52,N32.73637 W3.98682,32.73637,3.98682,1271,7/8/2015,June,Other,,0.20854,,WT
VB02SE5,EPA,VB02SE52,N32.73637 W3.98682,32.73637,3.98682,1271,7/8/2015,June,Tenebrionidae Diet,0,0,,WT
VB02SE5,EPA,VB02SE52,N32.73637 W3.98682,32.73637,3.98682,1271,7/8/2015,June,Tenebrionidae Other,0,0,,WT
VB02SE5,EPA,VB02SE53,N32.73590 W3.98689,32.7359,3.98689,1271,7/8/2015,June,Messor,0,0,,WT
VB02SE5,EPA,VB02SE53,N32.73590 W3.98689,32.7359,3.98689,1271,7/8/2015,June,Other,,0.15146,,WT
VB02SE5,EPA,VB02SE53,N32.73590 W3.98689,32.7359,3.98689,1271,7/8/2015,June,Tenebrionidae Diet,0,0,,WT
VB02SE5,EPA,VB02SE53,N32.73590 W3.98689,32.7359,3.98689,1271,7/8/2015,June,Tenebrionidae Other,0,0,,WT
VB02SE5,EPA,VB02SE54,N32.73597 W3.98743,32.73597,3.98743,1269,7/8/2015,June,Messor,12,0.01509,,WT
VB02SE5,EPA,VB02SE54,N32.73597 W3.98743,32.73597,3.98743,1269,7/8/2015,June,Other,,0.21927,,WT
VB02SE5,EPA,VB02SE54,N32.73597 W3.98743,32.73597,3.98743,1269,7/8/2015,June,Tenebrionidae Diet,0,0,,WT
VB02SE5,EPA,VB02SE54,N32.73597 W3.98743,32.73597,3.98743,1269,7/8/2015,June,Tenebrionidae Other,0,0,,WT
VB85SE1,REG,VB85SE11,N33.02225 W3.14701,33.02225,3.14701,1608,7/8/2015,June,Messor,4,0.007,,WT
VB85SE1,REG,VB85SE11,N33.02225 W3.14701,33.02225,3.14701,1608,7/8/2015,June,Other,,0.09917,,WT
VB85SE1,REG,VB85SE11,N33.02225 W3.14701,33.02225,3.14701,1608,7/8/2015,June,Tenebrionidae Diet,0,0,,WT
VB85SE1,REG,VB85SE11,N33.02225 W3.14701,33.02225,3.14701,1608,7/8/2015,June,Tenebrionidae Other,0,0,,WT
VB85SE1,REG,VB85SE12,N33.02240 W3.14654,33.0224,3.14654,1611,7/8/2015,June,Messor,29,0.03775,,WT
VB85SE1,REG,VB85SE12,N33.02240 W3.14654,33.0224,3.14654,1611,7/8/2015,June,Other,,0.87037,,WT
VB85SE1,REG,VB85SE12,N33.02240 W3.14654,33.0224,3.14654,1611,7/8/2015,June,Tenebrionidae Diet,0,0,,WT
VB85SE1,REG,VB85SE12,N33.02240 W3.14654,33.0224,3.14654,1611,7/8/2015,June,Tenebrionidae Other,0,0,,WT
VB85SE1,REG,VB85SE13,N33.02195 W3.14638,33.02195,3.14638,1611,7/8/2015,June,Messor,56,0.04759,,WT
VB85SE1,REG,VB85SE13,N33.02195 W3.14638,33.02195,3.14638,1611,7/8/2015,June,Other,,0.03949,,WT
VB85SE1,REG,VB85SE13,N33.02195 W3.14638,33.02195,3.14638,1611,7/8/2015,June,Tenebrionidae Diet,0,0,,WT
VB85SE1,REG,VB85SE13,N33.02195 W3.14638,33.02195,3.14638,1611,7/8/2015,June,Tenebrionidae Other,0,0,,WT
VB85SE1,REG,VB85SE14,N33.02184 W3.14681,33.02184,3.14681,1614,7/8/2015,June,Messor,7,0.00981,,WT
VB85SE1,REG,VB85SE14,N33.02184 W3.14681,33.02184,3.14681,1614,7/8/2015,June,Other,,0.45364,,WT
VB85SE1,REG,VB85SE14,N33.02184 W3.14681,33.02184,3.14681,1614,7/8/2015,June,Tenebrionidae Diet,2,3.59271,,WT
VB85SE1,REG,VB85SE14,N33.02184 W3.14681,33.02184,3.14681,1614,7/8/2015,June,Tenebrionidae Other,1,0.01527,,WT
VB85SE2,REG,VB85SE21,N33.02230 W3.12067,33.0223,3.12067,1620,7/8/2015,June,Messor,3,0.00415,,WT
VB85SE2,REG,VB85SE21,N33.02230 W3.12067,33.0223,3.12067,1620,7/8/2015,June,Other,,0.15781,,WT
VB85SE2,REG,VB85SE21,N33.02230 W3.12067,33.0223,3.12067,1620,7/8/2015,June,Tenebrionidae Diet,0,0,,WT
VB85SE2,REG,VB85SE21,N33.02230 W3.12067,33.0223,3.12067,1620,7/8/2015,June,Tenebrionidae Other,0,0,,WT
VB85SE2,REG,VB85SE22,N33.02235 W3.12014,33.02235,3.12014,1622,7/8/2015,June,Messor,3,0.00498,,WT
VB85SE2,REG,VB85SE22,N33.02235 W3.12014,33.02235,3.12014,1622,7/8/2015,June,Other,,0.93689,,WT
VB85SE2,REG,VB85SE22,N33.02235 W3.12014,33.02235,3.12014,1622,7/8/2015,June,Tenebrionidae Diet,0,0,,WT
VB85SE2,REG,VB85SE22,N33.02235 W3.12014,33.02235,3.12014,1622,7/8/2015,June,Tenebrionidae Other,0,0,,WT
VB85SE2,REG,VB85SE23,N33.02197 W3.12003,33.02197,3.12003,1622,7/8/2015,June,Messor,,,Jar disappeared,NWT
VB85SE2,REG,VB85SE23,N33.02197 W3.12003,33.02197,3.12003,1622,7/8/2015,June,Other,,,Jar disappeared,NWT
VB85SE2,REG,VB85SE23,N33.02197 W3.12003,33.02197,3.12003,1622,7/8/2015,June,Tenebrionidae Diet,,,Jar disappeared,NWT
VB85SE2,REG,VB85SE23,N33.02197 W3.12003,33.02197,3.12003,1622,7/8/2015,June,Tenebrionidae Other,,,Jar disappeared,NWT
VB85SE2,REG,VB85SE24,N33.02182 W3.12052,33.02182,3.12052,1620,7/8/2015,June,Messor,0,0,,WT
VB85SE2,REG,VB85SE24,N33.02182 W3.12052,33.02182,3.12052,1620,7/8/2015,June,Other,,0.40585,,WT
VB85SE2,REG,VB85SE24,N33.02182 W3.12052,33.02182,3.12052,1620,7/8/2015,June,Tenebrionidae Diet,0,0,,WT
VB85SE2,REG,VB85SE24,N33.02182 W3.12052,33.02182,3.12052,1620,7/8/2015,June,Tenebrionidae Other,0,0,,WT
VB85SE3,REG,VB85SE31,N32.99997 W3.12066,32.99997,3.12066,1627,7/8/2015,June,Messor,5,0.00531,,WT
VB85SE3,REG,VB85SE31,N32.99997 W3.12066,32.99997,3.12066,1627,7/8/2015,June,Other,,0.24796,,WT
VB85SE3,REG,VB85SE31,N32.99997 W3.12066,32.99997,3.12066,1627,7/8/2015,June,Tenebrionidae Diet,0,0,,WT
VB85SE3,REG,VB85SE31,N32.99997 W3.12066,32.99997,3.12066,1627,7/8/2015,June,Tenebrionidae Other,0,0,,WT
VB85SE3,REG,VB85SE32,N32.99995 W3.12010,32.99995,3.1201,1632,7/8/2015,June,Messor,0,0,,WT
VB85SE3,REG,VB85SE32,N32.99995 W3.12010,32.99995,3.1201,1632,7/8/2015,June,Other,,0.18405,,WT
VB85SE3,REG,VB85SE32,N32.99995 W3.12010,32.99995,3.1201,1632,7/8/2015,June,Tenebrionidae Diet,0,0,,WT
VB85SE3,REG,VB85SE32,N32.99995 W3.12010,32.99995,3.1201,1632,7/8/2015,June,Tenebrionidae Other,0,0,,WT
VB85SE3,REG,VB85SE33,N32.99948 W3.12014,32.99948,3.12014,1630,7/8/2015,June,Messor,3,0.00381,,WT
VB85SE3,REG,VB85SE33,N32.99948 W3.12014,32.99948,3.12014,1630,7/8/2015,June,Other,,0.07432,,WT
VB85SE3,REG,VB85SE33,N32.99948 W3.12014,32.99948,3.12014,1630,7/8/2015,June,Tenebrionidae Diet,0,0,,WT
VB85SE3,REG,VB85SE33,N32.99948 W3.12014,32.99948,3.12014,1630,7/8/2015,June,Tenebrionidae Other,1,0.01531,,WT
VB85SE3,REG,VB85SE34,N32.99953 W3.12060,32.99953,3.1206,1626,7/8/2015,June,Messor,2,0.0017,,WT
VB85SE3,REG,VB85SE34,N32.99953 W3.12060,32.99953,3.1206,1626,7/8/2015,June,Other,,0.50866,,WT
VB85SE3,REG,VB85SE34,N32.99953 W3.12060,32.99953,3.1206,1626,7/8/2015,June,Tenebrionidae Diet,0,0,,WT
VB85SE3,REG,VB85SE34,N32.99953 W3.12060,32.99953,3.1206,1626,7/8/2015,June,Tenebrionidae Other,0,0,,WT
VB85SE4,REG,VB85SE41,N32.99953 W3.14716,32.99953,3.14716,1640,7/8/2015,June,Messor,,,Jar disappeared,NWT
VB85SE4,REG,VB85SE41,N32.99953 W3.14716,32.99953,3.14716,1640,7/8/2015,June,Other,,,Jar disappeared,NWT
VB85SE4,REG,VB85SE41,N32.99953 W3.14716,32.99953,3.14716,1640,7/8/2015,June,Tenebrionidae Diet,,,Jar disappeared,NWT
VB85SE4,REG,VB85SE41,N32.99953 W3.14716,32.99953,3.14716,1640,7/8/2015,June,Tenebrionidae Other,,,Jar disappeared,NWT
VB85SE4,REG,VB85SE42,N32.99926 W3.14677,32.99926,3.14677,1642,7/8/2015,June,Messor,,,Jar disappeared,NWT
VB85SE4,REG,VB85SE42,N32.99926 W3.14677,32.99926,3.14677,1642,7/8/2015,June,Other,,,Jar disappeared,NWT
VB85SE4,REG,VB85SE42,N32.99926 W3.14677,32.99926,3.14677,1642,7/8/2015,June,Tenebrionidae Diet,,,Jar disappeared,NWT
VB85SE4,REG,VB85SE42,N32.99926 W3.14677,32.99926,3.14677,1642,7/8/2015,June,Tenebrionidae Other,,,Jar disappeared,NWT
VB85SE4,REG,VB85SE43,N32.99884 W3.14708,32.99884,3.14708,1643,7/8/2015,June,Messor,,,Jar disappeared,NWT
VB85SE4,REG,VB85SE43,N32.99884 W3.14708,32.99884,3.14708,1643,7/8/2015,June,Other,,,Jar disappeared,NWT
VB85SE4,REG,VB85SE43,N32.99884 W3.14708,32.99884,3.14708,1643,7/8/2015,June,Tenebrionidae Diet,,,Jar disappeared,NWT
VB85SE4,REG,VB85SE43,N32.99884 W3.14708,32.99884,3.14708,1643,7/8/2015,June,Tenebrionidae Other,,,Jar disappeared,NWT
VB85SE4,REG,VB85SE44,N32.99907 W3.14739,32.99907,3.14739,1637,7/8/2015,June,Messor,,,Jar disappeared,NWT
VB85SE4,REG,VB85SE44,N32.99907 W3.14739,32.99907,3.14739,1637,7/8/2015,June,Other,,,Jar disappeared,NWT
VB85SE4,REG,VB85SE44,N32.99907 W3.14739,32.99907,3.14739,1637,7/8/2015,June,Tenebrionidae Diet,,,Jar disappeared,NWT
VB85SE4,REG,VB85SE44,N32.99907 W3.14739,32.99907,3.14739,1637,7/8/2015,June,Tenebrionidae Other,,,Jar disappeared,NWT
VB85SE5,REG,VB85SE51,N33.01084 W3.13399,33.01084,3.13399,1624,7/8/2015,June,Messor,2,0.00303,,WT
VB85SE5,REG,VB85SE51,N33.01084 W3.13399,33.01084,3.13399,1624,7/8/2015,June,Other,,0.33121,,WT
VB85SE5,REG,VB85SE51,N33.01084 W3.13399,33.01084,3.13399,1624,7/8/2015,June,Tenebrionidae Diet,0,0,,WT
VB85SE5,REG,VB85SE51,N33.01084 W3.13399,33.01084,3.13399,1624,7/8/2015,June,Tenebrionidae Other,0,0,,WT
VB85SE5,REG,VB85SE52,N33.01053 W3.13369,33.01053,3.13369,1623,7/8/2015,June,Messor,33,0.05375,,WT
VB85SE5,REG,VB85SE52,N33.01053 W3.13369,33.01053,3.13369,1623,7/8/2015,June,Other,,3.2542,,WT
VB85SE5,REG,VB85SE52,N33.01053 W3.13369,33.01053,3.13369,1623,7/8/2015,June,Tenebrionidae Diet,1,2.5977,,WT
VB85SE5,REG,VB85SE52,N33.01053 W3.13369,33.01053,3.13369,1623,7/8/2015,June,Tenebrionidae Other,0,0,,WT
VB85SE5,REG,VB85SE53,N33.01022 W3.13411,33.01022,3.13411,1625,7/8/2015,June,Messor,10,0.013,,WT
VB85SE5,REG,VB85SE53,N33.01022 W3.13411,33.01022,3.13411,1625,7/8/2015,June,Other,,0.36769,,WT
VB85SE5,REG,VB85SE53,N33.01022 W3.13411,33.01022,3.13411,1625,7/8/2015,June,Tenebrionidae Diet,0,0,,WT
VB85SE5,REG,VB85SE53,N33.01022 W3.13411,33.01022,3.13411,1625,7/8/2015,June,Tenebrionidae Other,0,0,,WT
VB85SE5,REG,VB85SE54,N33.01048 W3.13434,33.01048,3.13434,1627,7/8/2015,June,Messor,0,0,,WT
VB85SE5,REG,VB85SE54,N33.01048 W3.13434,33.01048,3.13434,1627,7/8/2015,June,Other,,0.18502,,WT
VB85SE5,REG,VB85SE54,N33.01048 W3.13434,33.01048,3.13434,1627,7/8/2015,June,Tenebrionidae Diet,0,0,,WT
VB85SE5,REG,VB85SE54,N33.01048 W3.13434,33.01048,3.13434,1627,7/8/2015,June,Tenebrionidae Other,0,0,,WT
UB24SW1,REG,UB24SW11,N32.91747 W4.91167,32.91747,4.91167,1509,7/9/2015,June,Messor,0,0,,WT
UB24SW1,REG,UB24SW11,N32.91747 W4.91167,32.91747,4.91167,1509,7/9/2015,June,Other,,0.145,,WT
UB24SW1,REG,UB24SW11,N32.91747 W4.91167,32.91747,4.91167,1509,7/9/2015,June,Tenebrionidae Diet,0,0,,WT
UB24SW1,REG,UB24SW11,N32.91747 W4.91167,32.91747,4.91167,1509,7/9/2015,June,Tenebrionidae Other,0,0,,WT
UB24SW1,REG,UB24SW12,N32.91754 W4.91112,32.91754,4.91112,1524,7/9/2015,June,Messor,0,0,,WT
UB24SW1,REG,UB24SW12,N32.91754 W4.91112,32.91754,4.91112,1524,7/9/2015,June,Other,,0.73549,,WT
UB24SW1,REG,UB24SW12,N32.91754 W4.91112,32.91754,4.91112,1524,7/9/2015,June,Tenebrionidae Diet,0,0,,WT
UB24SW1,REG,UB24SW12,N32.91754 W4.91112,32.91754,4.91112,1524,7/9/2015,June,Tenebrionidae Other,0,0,,WT
UB24SW1,REG,UB24SW13,N32.91713 W4.91102,32.91713,4.91102,1525,7/9/2015,June,Messor,0,0,,WT
UB24SW1,REG,UB24SW13,N32.91713 W4.91102,32.91713,4.91102,1525,7/9/2015,June,Other,,0.26027,,WT
UB24SW1,REG,UB24SW13,N32.91713 W4.91102,32.91713,4.91102,1525,7/9/2015,June,Tenebrionidae Diet,0,0,,WT
UB24SW1,REG,UB24SW13,N32.91713 W4.91102,32.91713,4.91102,1525,7/9/2015,June,Tenebrionidae Other,0,0,,WT
UB24SW1,REG,UB24SW14,N32.91705 W4.91159,32.91705,4.91159,1525,7/9/2015,June,Messor,1,0.00077,,WT
UB24SW1,REG,UB24SW14,N32.91705 W4.91159,32.91705,4.91159,1525,7/9/2015,June,Other,,0.13415,,WT
UB24SW1,REG,UB24SW14,N32.91705 W4.91159,32.91705,4.91159,1525,7/9/2015,June,Tenebrionidae Diet,1,0.08657,,WT
UB24SW1,REG,UB24SW14,N32.91705 W4.91159,32.91705,4.91159,1525,7/9/2015,June,Tenebrionidae Other,0,0,,WT
UB24SW2,REG,UB24SW21,N32.91781 W4.88501,32.91781,4.88501,1517,7/9/2015,June,Messor,2,0.00142,,WT
UB24SW2,REG,UB24SW21,N32.91781 W4.88501,32.91781,4.88501,1517,7/9/2015,June,Other,,0.98078,,WT
UB24SW2,REG,UB24SW21,N32.91781 W4.88501,32.91781,4.88501,1517,7/9/2015,June,Tenebrionidae Diet,1,0.94508,,WT
UB24SW2,REG,UB24SW21,N32.91781 W4.88501,32.91781,4.88501,1517,7/9/2015,June,Tenebrionidae Other,0,0,,WT
UB24SW2,REG,UB24SW22,N32.91751 W4.88460,32.91751,4.8846,1520,7/9/2015,June,Messor,3,0.00341,,WT
UB24SW2,REG,UB24SW22,N32.91751 W4.88460,32.91751,4.8846,1520,7/9/2015,June,Other,,0.87174,,WT
UB24SW2,REG,UB24SW22,N32.91751 W4.88460,32.91751,4.8846,1520,7/9/2015,June,Tenebrionidae Diet,1,1.64094,,WT
UB24SW2,REG,UB24SW22,N32.91751 W4.88460,32.91751,4.8846,1520,7/9/2015,June,Tenebrionidae Other,0,0,,WT
UB24SW2,REG,UB24SW23,N32.91723 W4.88494,32.91723,4.88494,1515,7/9/2015,June,Messor,0,0,,WT
UB24SW2,REG,UB24SW23,N32.91723 W4.88494,32.91723,4.88494,1515,7/9/2015,June,Other,,0.37097,,WT
UB24SW2,REG,UB24SW23,N32.91723 W4.88494,32.91723,4.88494,1515,7/9/2015,June,Tenebrionidae Diet,1,0.04775,,WT
UB24SW2,REG,UB24SW23,N32.91723 W4.88494,32.91723,4.88494,1515,7/9/2015,June,Tenebrionidae Other,0,0,,WT
UB24SW2,REG,UB24SW24,N32.91750 W4.88533,32.9175,4.88533,1511,7/9/2015,June,Messor,0,0,,WT
UB24SW2,REG,UB24SW24,N32.91750 W4.88533,32.9175,4.88533,1511,7/9/2015,June,Other,,0.5915,,WT
UB24SW2,REG,UB24SW24,N32.91750 W4.88533,32.9175,4.88533,1511,7/9/2015,June,Tenebrionidae Diet,1,0.81605,,WT
UB24SW2,REG,UB24SW24,N32.91750 W4.88533,32.9175,4.88533,1511,7/9/2015,June,Tenebrionidae Other,0,0,,WT
UB24SW3,EPA,UB24SW31,N32.89505 W4.88427,32.89505,4.88427,1446,7/9/2015,June,Messor,0,0,,WT
UB24SW3,EPA,UB24SW31,N32.89505 W4.88427,32.89505,4.88427,1446,7/9/2015,June,Other,,1.17548,,WT
UB24SW3,EPA,UB24SW31,N32.89505 W4.88427,32.89505,4.88427,1446,7/9/2015,June,Tenebrionidae Diet,1,0.14055,,WT
UB24SW3,EPA,UB24SW31,N32.89505 W4.88427,32.89505,4.88427,1446,7/9/2015,June,Tenebrionidae Other,0,0,,WT
UB24SW3,EPA,UB24SW32,N32.89506 W4.88386,32.89506,4.88386,1450,7/9/2015,June,Messor,0,0,,WT
UB24SW3,EPA,UB24SW32,N32.89506 W4.88386,32.89506,4.88386,1450,7/9/2015,June,Other,,0.34531,,WT
UB24SW3,EPA,UB24SW32,N32.89506 W4.88386,32.89506,4.88386,1450,7/9/2015,June,Tenebrionidae Diet,0,0,,WT
UB24SW3,EPA,UB24SW32,N32.89506 W4.88386,32.89506,4.88386,1450,7/9/2015,June,Tenebrionidae Other,0,0,,WT
UB24SW3,EPA,UB24SW33,N32.89465 W4.88406,32.89465,4.88406,1438,7/9/2015,June,Messor,0,0,,WT
UB24SW3,EPA,UB24SW33,N32.89465 W4.88406,32.89465,4.88406,1438,7/9/2015,June,Other,,0.67515,,WT
UB24SW3,EPA,UB24SW33,N32.89465 W4.88406,32.89465,4.88406,1438,7/9/2015,June,Tenebrionidae Diet,2,1.6786,,WT
UB24SW3,EPA,UB24SW33,N32.89465 W4.88406,32.89465,4.88406,1438,7/9/2015,June,Tenebrionidae Other,0,0,,WT
UB24SW3,EPA,UB24SW34,N32.89477 W4.88454,32.89477,4.88454,1444,7/9/2015,June,Messor,0,0,,WT
UB24SW3,EPA,UB24SW34,N32.89477 W4.88454,32.89477,4.88454,1444,7/9/2015,June,Other,,0.87712,,WT
UB24SW3,EPA,UB24SW34,N32.89477 W4.88454,32.89477,4.88454,1444,7/9/2015,June,Tenebrionidae Diet,0,0,,WT
UB24SW3,EPA,UB24SW34,N32.89477 W4.88454,32.89477,4.88454,1444,7/9/2015,June,Tenebrionidae Other,0,0,,WT
UB24SW4,EPA,UB24SW41,N32.89479 W4.91111,32.89479,4.91111,1463,7/9/2015,June,Messor,3,0.00288,,WT
UB24SW4,EPA,UB24SW41,N32.89479 W4.91111,32.89479,4.91111,1463,7/9/2015,June,Other,,0.14533,,WT
UB24SW4,EPA,UB24SW41,N32.89479 W4.91111,32.89479,4.91111,1463,7/9/2015,June,Tenebrionidae Diet,1,1.57838,,WT
UB24SW4,EPA,UB24SW41,N32.89479 W4.91111,32.89479,4.91111,1463,7/9/2015,June,Tenebrionidae Other,2,0.04455,,WT
UB24SW4,EPA,UB24SW42,N32.89471 W4.91060,32.89471,4.9106,1458,7/9/2015,June,Messor,8,0.00507,,WT
UB24SW4,EPA,UB24SW42,N32.89471 W4.91060,32.89471,4.9106,1458,7/9/2015,June,Other,,0.20025,,WT
UB24SW4,EPA,UB24SW42,N32.89471 W4.91060,32.89471,4.9106,1458,7/9/2015,June,Tenebrionidae Diet,0,0,,WT
UB24SW4,EPA,UB24SW42,N32.89471 W4.91060,32.89471,4.9106,1458,7/9/2015,June,Tenebrionidae Other,0,0,,WT
UB24SW4,EPA,UB24SW43,N32.89430 W4.91073,32.8943,4.91073,1458,7/9/2015,June,Messor,18,0.01427,,WT
UB24SW4,EPA,UB24SW43,N32.89430 W4.91073,32.8943,4.91073,1458,7/9/2015,June,Other,,0.13535,,WT
UB24SW4,EPA,UB24SW43,N32.89430 W4.91073,32.8943,4.91073,1458,7/9/2015,June,Tenebrionidae Diet,1,0.83464,,WT
UB24SW4,EPA,UB24SW43,N32.89430 W4.91073,32.8943,4.91073,1458,7/9/2015,June,Tenebrionidae Other,2,0.0527,,WT
UB24SW4,EPA,UB24SW44,N32.89437 W4.91123,32.89437,4.91123,1457,7/9/2015,June,Messor,2,0.0014,,WT
UB24SW4,EPA,UB24SW44,N32.89437 W4.91123,32.89437,4.91123,1457,7/9/2015,June,Other,,0.21154,,WT
UB24SW4,EPA,UB24SW44,N32.89437 W4.91123,32.89437,4.91123,1457,7/9/2015,June,Tenebrionidae Diet,1,0.06429,,WT
UB24SW4,EPA,UB24SW44,N32.89437 W4.91123,32.89437,4.91123,1457,7/9/2015,June,Tenebrionidae Other,1,0.02995,,WT
UB24SW5,REG,UB24SW51,N32.90639 W4.89868,32.90639,4.89868,1480,7/9/2015,June,Messor,0,0,,WT
UB24SW5,REG,UB24SW51,N32.90639 W4.89868,32.90639,4.89868,1480,7/9/2015,June,Other,,0.20416,,WT
UB24SW5,REG,UB24SW51,N32.90639 W4.89868,32.90639,4.89868,1480,7/9/2015,June,Tenebrionidae Diet,2,1.65587,,WT
UB24SW5,REG,UB24SW51,N32.90639 W4.89868,32.90639,4.89868,1480,7/9/2015,June,Tenebrionidae Other,0,0,,WT
UB24SW5,REG,UB24SW52,N32.90639 W4.89818,32.90639,4.89818,1479,7/9/2015,June,Messor,10,0.01532,,WT
UB24SW5,REG,UB24SW52,N32.90639 W4.89818,32.90639,4.89818,1479,7/9/2015,June,Other,,0.19581,,WT
UB24SW5,REG,UB24SW52,N32.90639 W4.89818,32.90639,4.89818,1479,7/9/2015,June,Tenebrionidae Diet,3,3.2023,,WT
UB24SW5,REG,UB24SW52,N32.90639 W4.89818,32.90639,4.89818,1479,7/9/2015,June,Tenebrionidae Other,0,0,,WT
UB24SW5,REG,UB24SW53,N32.90596 W4.89816,32.90596,4.89816,1479,7/9/2015,June,Messor,1,0.00093,,WT
UB24SW5,REG,UB24SW53,N32.90596 W4.89816,32.90596,4.89816,1479,7/9/2015,June,Other,,0.17063,,WT
UB24SW5,REG,UB24SW53,N32.90596 W4.89816,32.90596,4.89816,1479,7/9/2015,June,Tenebrionidae Diet,2,0.06925,,WT
UB24SW5,REG,UB24SW53,N32.90596 W4.89816,32.90596,4.89816,1479,7/9/2015,June,Tenebrionidae Other,0,0,,WT
UB24SW5,REG,UB24SW54,N32.90598 W4.89869,32.90598,4.89869,1479,7/9/2015,June,Messor,0,0,,WT
UB24SW5,REG,UB24SW54,N32.90598 W4.89869,32.90598,4.89869,1479,7/9/2015,June,Other,,0.51626,,WT
UB24SW5,REG,UB24SW54,N32.90598 W4.89869,32.90598,4.89869,1479,7/9/2015,June,Tenebrionidae Diet,0,0,,WT
UB24SW5,REG,UB24SW54,N32.90598 W4.89869,32.90598,4.89869,1479,7/9/2015,June,Tenebrionidae Other,0,0,,WT
VB84NW1,REG,VB84NW11,N32.97675 W3.20088,32.97675,3.20088,1678,7/9/2015,June,Messor,3,0.00541,,WT
VB84NW1,REG,VB84NW11,N32.97675 W3.20088,32.97675,3.20088,1678,7/9/2015,June,Other,,0.18982,,WT
VB84NW1,REG,VB84NW11,N32.97675 W3.20088,32.97675,3.20088,1678,7/9/2015,June,Tenebrionidae Diet,0,0,,WT
VB84NW1,REG,VB84NW11,N32.97675 W3.20088,32.97675,3.20088,1678,7/9/2015,June,Tenebrionidae Other,0,0,,WT
VB84NW1,REG,VB84NW12,N32.97648 W3.20057,32.97648,3.20057,1679,7/9/2015,June,Messor,0,0,,WT
VB84NW1,REG,VB84NW12,N32.97648 W3.20057,32.97648,3.20057,1679,7/9/2015,June,Other,,0.17905,,WT
VB84NW1,REG,VB84NW12,N32.97648 W3.20057,32.97648,3.20057,1679,7/9/2015,June,Tenebrionidae Diet,0,0,,WT
VB84NW1,REG,VB84NW12,N32.97648 W3.20057,32.97648,3.20057,1679,7/9/2015,June,Tenebrionidae Other,0,0,,WT
VB84NW1,REG,VB84NW13,N32.97615 W3.20109,32.97615,3.20109,1680,7/9/2015,June,Messor,2,0.00553,,WT
VB84NW1,REG,VB84NW13,N32.97615 W3.20109,32.97615,3.20109,1680,7/9/2015,June,Other,,0.55857,,WT
VB84NW1,REG,VB84NW13,N32.97615 W3.20109,32.97615,3.20109,1680,7/9/2015,June,Tenebrionidae Diet,2,0.01995,,WT
VB84NW1,REG,VB84NW13,N32.97615 W3.20109,32.97615,3.20109,1680,7/9/2015,June,Tenebrionidae Other,0,0,,WT
VB84NW1,REG,VB84NW14,N32.97652 W3.20148,32.97652,3.20148,1678,7/9/2015,June,Messor,4,0.00837,,WT
VB84NW1,REG,VB84NW14,N32.97652 W3.20148,32.97652,3.20148,1678,7/9/2015,June,Other,,1.27709,,WT
VB84NW1,REG,VB84NW14,N32.97652 W3.20148,32.97652,3.20148,1678,7/9/2015,June,Tenebrionidae Diet,0,0,,WT
VB84NW1,REG,VB84NW14,N32.97652 W3.20148,32.97652,3.20148,1678,7/9/2015,June,Tenebrionidae Other,0,0,,WT
VB84NW2,REG,VB84NW21,N32.97704 W3.17403,32.97704,3.17403,1660,7/9/2015,June,Messor,1,0.00067,,WT
VB84NW2,REG,VB84NW21,N32.97704 W3.17403,32.97704,3.17403,1660,7/9/2015,June,Other,,0.60217,,WT
VB84NW2,REG,VB84NW21,N32.97704 W3.17403,32.97704,3.17403,1660,7/9/2015,June,Tenebrionidae Diet,0,0,,WT
VB84NW2,REG,VB84NW21,N32.97704 W3.17403,32.97704,3.17403,1660,7/9/2015,June,Tenebrionidae Other,0,0,,WT
VB84NW2,REG,VB84NW22,N32.97704 W3.17352,32.97704,3.17352,1659,7/9/2015,June,Messor,5,0.00978,,WT
VB84NW2,REG,VB84NW22,N32.97704 W3.17352,32.97704,3.17352,1659,7/9/2015,June,Other,,0.14731,,WT
VB84NW2,REG,VB84NW22,N32.97704 W3.17352,32.97704,3.17352,1659,7/9/2015,June,Tenebrionidae Diet,1,0.58067,,WT
VB84NW2,REG,VB84NW22,N32.97704 W3.17352,32.97704,3.17352,1659,7/9/2015,June,Tenebrionidae Other,0,0,,WT
VB84NW2,REG,VB84NW23,N32.97657 W3.17357,32.97657,3.17357,1657,7/9/2015,June,Messor,1,0.00187,,WT
VB84NW2,REG,VB84NW23,N32.97657 W3.17357,32.97657,3.17357,1657,7/9/2015,June,Other,,0.72759,,WT
VB84NW2,REG,VB84NW23,N32.97657 W3.17357,32.97657,3.17357,1657,7/9/2015,June,Tenebrionidae Diet,1,0.03381,,WT
VB84NW2,REG,VB84NW23,N32.97657 W3.17357,32.97657,3.17357,1657,7/9/2015,June,Tenebrionidae Other,0,0,,WT
VB84NW2,REG,VB84NW24,N32.97652 W3.17399,32.97652,3.17399,1659,7/9/2015,June,Messor,2,0.002,,WT
VB84NW2,REG,VB84NW24,N32.97652 W3.17399,32.97652,3.17399,1659,7/9/2015,June,Other,,0.54693,,WT
VB84NW2,REG,VB84NW24,N32.97652 W3.17399,32.97652,3.17399,1659,7/9/2015,June,Tenebrionidae Diet,1,0.08532,,WT
VB84NW2,REG,VB84NW24,N32.97652 W3.17399,32.97652,3.17399,1659,7/9/2015,June,Tenebrionidae Other,0,0,,WT
VB84NW3,REG,VB84NW31,N32.95861 W3.17567,32.95861,3.17567,1732,7/9/2015,June,Messor,0,0,,WT
VB84NW3,REG,VB84NW31,N32.95861 W3.17567,32.95861,3.17567,1732,7/9/2015,June,Other,,0.08547,,WT
VB84NW3,REG,VB84NW31,N32.95861 W3.17567,32.95861,3.17567,1732,7/9/2015,June,Tenebrionidae Diet,4,0.27112,,WT
VB84NW3,REG,VB84NW31,N32.95861 W3.17567,32.95861,3.17567,1732,7/9/2015,June,Tenebrionidae Other,1,0.06901,,WT
VB84NW3,REG,VB84NW32,N32.95833 W3.17531,32.95833,3.17531,1730,7/9/2015,June,Messor,1,0.0012,,WT
VB84NW3,REG,VB84NW32,N32.95833 W3.17531,32.95833,3.17531,1730,7/9/2015,June,Other,,0.09874,,WT
VB84NW3,REG,VB84NW32,N32.95833 W3.17531,32.95833,3.17531,1730,7/9/2015,June,Tenebrionidae Diet,1,0.10863,,WT
VB84NW3,REG,VB84NW32,N32.95833 W3.17531,32.95833,3.17531,1730,7/9/2015,June,Tenebrionidae Other,0,0,,WT
VB84NW3,REG,VB84NW33,N32.95803 W3.17569,32.95803,3.17569,1729,7/9/2015,June,Messor,0,0,,WT
VB84NW3,REG,VB84NW33,N32.95803 W3.17569,32.95803,3.17569,1729,7/9/2015,June,Other,,0.42462,,WT
VB84NW3,REG,VB84NW33,N32.95803 W3.17569,32.95803,3.17569,1729,7/9/2015,June,Tenebrionidae Diet,3,4.1709,,WT
VB84NW3,REG,VB84NW33,N32.95803 W3.17569,32.95803,3.17569,1729,7/9/2015,June,Tenebrionidae Other,0,0,,WT
VB84NW3,REG,VB84NW34,N32.95832 W3.17605,32.95832,3.17605,1727,7/9/2015,June,Messor,1,0.00041,,WT
VB84NW3,REG,VB84NW34,N32.95832 W3.17605,32.95832,3.17605,1727,7/9/2015,June,Other,,0.0975,,WT
VB84NW3,REG,VB84NW34,N32.95832 W3.17605,32.95832,3.17605,1727,7/9/2015,June,Tenebrionidae Diet,3,1.39335,,WT
VB84NW3,REG,VB84NW34,N32.95832 W3.17605,32.95832,3.17605,1727,7/9/2015,June,Tenebrionidae Other,1,0.0191,,WT
VB84NW4,REG,VB84NW41,N32.95232 W3.19749,32.95232,3.19749,1658,7/9/2015,June,Messor,0,0,,WT
VB84NW4,REG,VB84NW41,N32.95232 W3.19749,32.95232,3.19749,1658,7/9/2015,June,Other,,0.03634,,WT
VB84NW4,REG,VB84NW41,N32.95232 W3.19749,32.95232,3.19749,1658,7/9/2015,June,Tenebrionidae Diet,0,0,,WT
VB84NW4,REG,VB84NW41,N32.95232 W3.19749,32.95232,3.19749,1658,7/9/2015,June,Tenebrionidae Other,0,0,,WT
VB84NW4,REG,VB84NW42,N32.95201 W3.19714,32.95201,3.19714,1658,7/9/2015,June,Messor,0,0,,WT
VB84NW4,REG,VB84NW42,N32.95201 W3.19714,32.95201,3.19714,1658,7/9/2015,June,Other,,0.07801,,WT
VB84NW4,REG,VB84NW42,N32.95201 W3.19714,32.95201,3.19714,1658,7/9/2015,June,Tenebrionidae Diet,0,0,,WT
VB84NW4,REG,VB84NW42,N32.95201 W3.19714,32.95201,3.19714,1658,7/9/2015,June,Tenebrionidae Other,0,0,,WT
VB84NW4,REG,VB84NW43,N32.95170 W3.19753,32.9517,3.19753,1656,7/9/2015,June,Messor,5,0.00673,,WT
VB84NW4,REG,VB84NW43,N32.95170 W3.19753,32.9517,3.19753,1656,7/9/2015,June,Other,,0.01895,,WT
VB84NW4,REG,VB84NW43,N32.95170 W3.19753,32.9517,3.19753,1656,7/9/2015,June,Tenebrionidae Diet,2,0.23542,,WT
VB84NW4,REG,VB84NW43,N32.95170 W3.19753,32.9517,3.19753,1656,7/9/2015,June,Tenebrionidae Other,0,0,,WT
VB84NW4,REG,VB84NW44,N32.95196 W3.19782,32.95196,3.19782,1656,7/9/2015,June,Messor,0,0,,WT
VB84NW4,REG,VB84NW44,N32.95196 W3.19782,32.95196,3.19782,1656,7/9/2015,June,Other,,0.03358,,WT
VB84NW4,REG,VB84NW44,N32.95196 W3.19782,32.95196,3.19782,1656,7/9/2015,June,Tenebrionidae Diet,1,0.87958,,WT
VB84NW4,REG,VB84NW44,N32.95196 W3.19782,32.95196,3.19782,1656,7/9/2015,June,Tenebrionidae Other,0,0,,WT
VB84NW5,ALF,VB84NW51,N32.96347 W3.19312,32.96347,3.19312,1682,7/9/2015,June,Messor,0,0,,WT
VB84NW5,ALF,VB84NW51,N32.96347 W3.19312,32.96347,3.19312,1682,7/9/2015,June,Other,,0.64636,,WT
VB84NW5,ALF,VB84NW51,N32.96347 W3.19312,32.96347,3.19312,1682,7/9/2015,June,Tenebrionidae Diet,0,0,,WT
VB84NW5,ALF,VB84NW51,N32.96347 W3.19312,32.96347,3.19312,1682,7/9/2015,June,Tenebrionidae Other,0,0,,WT
VB84NW5,ALF,VB84NW52,N32.96342 W3.19273,32.96342,3.19273,1681,7/9/2015,June,Messor,0,0,,WT
VB84NW5,ALF,VB84NW52,N32.96342 W3.19273,32.96342,3.19273,1681,7/9/2015,June,Other,,0.02996,,WT
VB84NW5,ALF,VB84NW52,N32.96342 W3.19273,32.96342,3.19273,1681,7/9/2015,June,Tenebrionidae Diet,0,0,,WT
VB84NW5,ALF,VB84NW52,N32.96342 W3.19273,32.96342,3.19273,1681,7/9/2015,June,Tenebrionidae Other,0,0,,WT
VB84NW5,ALF,VB84NW53,N32.96297 W3.19284,32.96297,3.19284,1686,7/9/2015,June,Messor,0,0,,WT
VB84NW5,ALF,VB84NW53,N32.96297 W3.19284,32.96297,3.19284,1686,7/9/2015,June,Other,,0.03833,,WT
VB84NW5,ALF,VB84NW53,N32.96297 W3.19284,32.96297,3.19284,1686,7/9/2015,June,Tenebrionidae Diet,0,0,,WT
VB84NW5,ALF,VB84NW53,N32.96297 W3.19284,32.96297,3.19284,1686,7/9/2015,June,Tenebrionidae Other,0,0,,WT
VB84NW5,ALF,VB84NW54,N32.96301 W3.19324,32.96301,3.19324,1686,7/9/2015,June,Messor,0,0,,WT
VB84NW5,ALF,VB84NW54,N32.96301 W3.19324,32.96301,3.19324,1686,7/9/2015,June,Other,,0.09223,,WT
VB84NW5,ALF,VB84NW54,N32.96301 W3.19324,32.96301,3.19324,1686,7/9/2015,June,Tenebrionidae Diet,0,0,,WT
VB84NW5,ALF,VB84NW54,N32.96301 W3.19324,32.96301,3.19324,1686,7/9/2015,June,Tenebrionidae Other,0,0,,WT
VC52SE1,REG,VC52SE11,N33.65271 W3.47184,33.65271,3.47184,882,7/10/2015,June,Messor,5,0.01038,,NWT
VC52SE1,REG,VC52SE11,N33.65271 W3.47184,33.65271,3.47184,882,7/10/2015,June,Other,,0.10046,,NWT
VC52SE1,REG,VC52SE11,N33.65271 W3.47184,33.65271,3.47184,882,7/10/2015,June,Tenebrionidae Diet,0,0,,NWT
VC52SE1,REG,VC52SE11,N33.65271 W3.47184,33.65271,3.47184,882,7/10/2015,June,Tenebrionidae Other,0,0,,NWT
VC52SE1,REG,VC52SE12,N33.65269 W3.47128,33.65269,3.47128,883,7/10/2015,June,Messor,0,0,,WT
VC52SE1,REG,VC52SE12,N33.65269 W3.47128,33.65269,3.47128,883,7/10/2015,June,Other,,0.12535,,WT
VC52SE1,REG,VC52SE12,N33.65269 W3.47128,33.65269,3.47128,883,7/10/2015,June,Tenebrionidae Diet,0,0,,WT
VC52SE1,REG,VC52SE12,N33.65269 W3.47128,33.65269,3.47128,883,7/10/2015,June,Tenebrionidae Other,0,0,,WT
VC52SE1,REG,VC52SE13,N33.65225 W3.47128,33.65225,3.47128,881,7/10/2015,June,Messor,2,0.00458,,WT
VC52SE1,REG,VC52SE13,N33.65225 W3.47128,33.65225,3.47128,881,7/10/2015,June,Other,,0.17369,,WT
VC52SE1,REG,VC52SE13,N33.65225 W3.47128,33.65225,3.47128,881,7/10/2015,June,Tenebrionidae Diet,2,3.21453,,WT
VC52SE1,REG,VC52SE13,N33.65225 W3.47128,33.65225,3.47128,881,7/10/2015,June,Tenebrionidae Other,0,0,,WT
VC52SE1,REG,VC52SE14,N33.65227 W3.47178,33.65227,3.47178,879,7/10/2015,June,Messor,1,0.00059,,WT
VC52SE1,REG,VC52SE14,N33.65227 W3.47178,33.65227,3.47178,879,7/10/2015,June,Other,,0.62448,,WT
VC52SE1,REG,VC52SE14,N33.65227 W3.47178,33.65227,3.47178,879,7/10/2015,June,Tenebrionidae Diet,1,0.06292,,WT
VC52SE1,REG,VC52SE14,N33.65227 W3.47178,33.65227,3.47178,879,7/10/2015,June,Tenebrionidae Other,0,0,,WT
VC52SE2,REG,VC52SE21,N33.65283 W3.44492,33.65283,3.44492,808,7/10/2015,June,Messor,3,0.00472,,WT
VC52SE2,REG,VC52SE21,N33.65283 W3.44492,33.65283,3.44492,808,7/10/2015,June,Other,,0.99416,,WT
VC52SE2,REG,VC52SE21,N33.65283 W3.44492,33.65283,3.44492,808,7/10/2015,June,Tenebrionidae Diet,0,0,,WT
VC52SE2,REG,VC52SE21,N33.65283 W3.44492,33.65283,3.44492,808,7/10/2015,June,Tenebrionidae Other,0,0,,WT
VC52SE2,REG,VC52SE22,N33.65254 W3.44450,33.65254,3.4445,805,7/10/2015,June,Messor,2,0.00332,,BP
VC52SE2,REG,VC52SE22,N33.65254 W3.44450,33.65254,3.4445,805,7/10/2015,June,Other,,0.04626,,BP
VC52SE2,REG,VC52SE22,N33.65254 W3.44450,33.65254,3.4445,805,7/10/2015,June,Tenebrionidae Diet,0,0,,BP
VC52SE2,REG,VC52SE22,N33.65254 W3.44450,33.65254,3.4445,805,7/10/2015,June,Tenebrionidae Other,0,0,,BP
VC52SE2,REG,VC52SE23,N33.65221 W3.44480,33.65221,3.4448,809,7/10/2015,June,Messor,10,0.0338,,WT
VC52SE2,REG,VC52SE23,N33.65221 W3.44480,33.65221,3.4448,809,7/10/2015,June,Other,,0.28932,,WT
VC52SE2,REG,VC52SE23,N33.65221 W3.44480,33.65221,3.4448,809,7/10/2015,June,Tenebrionidae Diet,0,0,,WT
VC52SE2,REG,VC52SE23,N33.65221 W3.44480,33.65221,3.4448,809,7/10/2015,June,Tenebrionidae Other,0,0,,WT
VC52SE2,REG,VC52SE24,N33.65246 W3.44524,33.65246,3.44524,807,7/10/2015,June,Messor,3,0.00362,,WT
VC52SE2,REG,VC52SE24,N33.65246 W3.44524,33.65246,3.44524,807,7/10/2015,June,Other,,0.20085,,WT
VC52SE2,REG,VC52SE24,N33.65246 W3.44524,33.65246,3.44524,807,7/10/2015,June,Tenebrionidae Diet,0,0,,WT
VC52SE2,REG,VC52SE24,N33.65246 W3.44524,33.65246,3.44524,807,7/10/2015,June,Tenebrionidae Other,0,0,,WT
VC52SE3,REG,VC52SE31,N33.63023 W3.44488,33.63023,3.44488,866,7/10/2015,June,Messor,0,0,,WT
VC52SE3,REG,VC52SE31,N33.63023 W3.44488,33.63023,3.44488,866,7/10/2015,June,Other,,0.14166,,WT
VC52SE3,REG,VC52SE31,N33.63023 W3.44488,33.63023,3.44488,866,7/10/2015,June,Tenebrionidae Diet,0,0,,WT
VC52SE3,REG,VC52SE31,N33.63023 W3.44488,33.63023,3.44488,866,7/10/2015,June,Tenebrionidae Other,0,0,,WT
VC52SE3,REG,VC52SE32,N33.62979 W3.44484,33.62979,3.44484,866,7/10/2015,June,Messor,0,0,,WT
VC52SE3,REG,VC52SE32,N33.62979 W3.44484,33.62979,3.44484,866,7/10/2015,June,Other,,1.00476,,WT
VC52SE3,REG,VC52SE32,N33.62979 W3.44484,33.62979,3.44484,866,7/10/2015,June,Tenebrionidae Diet,0,0,,WT
VC52SE3,REG,VC52SE32,N33.62979 W3.44484,33.62979,3.44484,866,7/10/2015,June,Tenebrionidae Other,0,0,,WT
VC52SE3,REG,VC52SE33,N33.62976 W3.44534,33.62976,3.44534,862,7/10/2015,June,Messor,1,0.00072,,WT
VC52SE3,REG,VC52SE33,N33.62976 W3.44534,33.62976,3.44534,862,7/10/2015,June,Other,,0.05762,,WT
VC52SE3,REG,VC52SE33,N33.62976 W3.44534,33.62976,3.44534,862,7/10/2015,June,Tenebrionidae Diet,0,0,,WT
VC52SE3,REG,VC52SE33,N33.62976 W3.44534,33.62976,3.44534,862,7/10/2015,June,Tenebrionidae Other,0,0,,WT
VC52SE3,REG,VC52SE34,N33.63011 W3.44535,33.63011,3.44535,861,7/10/2015,June,Messor,0,0,,WT
VC52SE3,REG,VC52SE34,N33.63011 W3.44535,33.63011,3.44535,861,7/10/2015,June,Other,,0.02534,,WT
VC52SE3,REG,VC52SE34,N33.63011 W3.44535,33.63011,3.44535,861,7/10/2015,June,Tenebrionidae Diet,0,0,,WT
VC52SE3,REG,VC52SE34,N33.63011 W3.44535,33.63011,3.44535,861,7/10/2015,June,Tenebrionidae Other,0,0,,WT
VC52SE4,REG,VC52SE41,N33.63016 W3.47177,33.63016,3.47177,838,7/10/2015,June,Messor,0,0,,WT
VC52SE4,REG,VC52SE41,N33.63016 W3.47177,33.63016,3.47177,838,7/10/2015,June,Other,,0.16393,,WT
VC52SE4,REG,VC52SE41,N33.63016 W3.47177,33.63016,3.47177,838,7/10/2015,June,Tenebrionidae Diet,0,0,,WT
VC52SE4,REG,VC52SE41,N33.63016 W3.47177,33.63016,3.47177,838,7/10/2015,June,Tenebrionidae Other,0,0,,WT
VC52SE4,REG,VC52SE42,N33.62994 W3.47131,33.62994,3.47131,838,7/10/2015,June,Messor,1,0.00384,,WT
VC52SE4,REG,VC52SE42,N33.62994 W3.47131,33.62994,3.47131,838,7/10/2015,June,Other,,0.05577,,WT
VC52SE4,REG,VC52SE42,N33.62994 W3.47131,33.62994,3.47131,838,7/10/2015,June,Tenebrionidae Diet,0,0,,WT
VC52SE4,REG,VC52SE42,N33.62994 W3.47131,33.62994,3.47131,838,7/10/2015,June,Tenebrionidae Other,0,0,,WT
VC52SE4,REG,VC52SE43,N33.62957 W3.47155,33.62957,3.47155,835,7/10/2015,June,Messor,1,0.00195,,WT
VC52SE4,REG,VC52SE43,N33.62957 W3.47155,33.62957,3.47155,835,7/10/2015,June,Other,,0.1014,,WT
VC52SE4,REG,VC52SE43,N33.62957 W3.47155,33.62957,3.47155,835,7/10/2015,June,Tenebrionidae Diet,0,0,,WT
VC52SE4,REG,VC52SE43,N33.62957 W3.47155,33.62957,3.47155,835,7/10/2015,June,Tenebrionidae Other,0,0,,WT
VC52SE4,REG,VC52SE44,N33.62980 W3.47203,33.6298,3.47203,835,7/10/2015,June,Messor,8,0.01845,,WT
VC52SE4,REG,VC52SE44,N33.62980 W3.47203,33.6298,3.47203,835,7/10/2015,June,Other,,0.15102,,WT
VC52SE4,REG,VC52SE44,N33.62980 W3.47203,33.6298,3.47203,835,7/10/2015,June,Tenebrionidae Diet,0,0,,WT
VC52SE4,REG,VC52SE44,N33.62980 W3.47203,33.6298,3.47203,835,7/10/2015,June,Tenebrionidae Other,0,0,,WT
VC52SE5,REG,VC52SE51,N33.64152 W3.45841,33.64152,3.45841,843,7/10/2015,June,Messor,0,0,,WT
VC52SE5,REG,VC52SE51,N33.64152 W3.45841,33.64152,3.45841,843,7/10/2015,June,Other,,0.06066,,WT
VC52SE5,REG,VC52SE51,N33.64152 W3.45841,33.64152,3.45841,843,7/10/2015,June,Tenebrionidae Diet,0,0,,WT
VC52SE5,REG,VC52SE51,N33.64152 W3.45841,33.64152,3.45841,843,7/10/2015,June,Tenebrionidae Other,0,0,,WT
VC52SE5,REG,VC52SE52,N33.64138 W3.45794,33.64138,3.45794,840,7/10/2015,June,Messor,0,0,,WT
VC52SE5,REG,VC52SE52,N33.64138 W3.45794,33.64138,3.45794,840,7/10/2015,June,Other,,0.34366,,WT
VC52SE5,REG,VC52SE52,N33.64138 W3.45794,33.64138,3.45794,840,7/10/2015,June,Tenebrionidae Diet,0,0,,WT
VC52SE5,REG,VC52SE52,N33.64138 W3.45794,33.64138,3.45794,840,7/10/2015,June,Tenebrionidae Other,0,0,,WT
VC52SE5,REG,VC52SE53,N33.64042 W3.45809,33.64042,3.45809,840,7/10/2015,June,Messor,1,0.00226,,WT
VC52SE5,REG,VC52SE53,N33.64042 W3.45809,33.64042,3.45809,840,7/10/2015,June,Other,,0.08129,,WT
VC52SE5,REG,VC52SE53,N33.64042 W3.45809,33.64042,3.45809,840,7/10/2015,June,Tenebrionidae Diet,0,0,,WT
VC52SE5,REG,VC52SE53,N33.64042 W3.45809,33.64042,3.45809,840,7/10/2015,June,Tenebrionidae Other,0,0,,WT
VC52SE5,REG,VC52SE54,N33.64053 W3.45853,33.64053,3.45853,840,7/10/2015,June,Messor,3,0.00285,,WT
VC52SE5,REG,VC52SE54,N33.64053 W3.45853,33.64053,3.45853,840,7/10/2015,June,Other,,0.07879,,WT
VC52SE5,REG,VC52SE54,N33.64053 W3.45853,33.64053,3.45853,840,7/10/2015,June,Tenebrionidae Diet,0,0,,WT
VC52SE5,REG,VC52SE54,N33.64053 W3.45853,33.64053,3.45853,840,7/10/2015,June,Tenebrionidae Other,0,0,,WT
VB17NW1,REG,VB17NW11,N33.24393 W3.95261,33.24393,3.95261,988,10/26/2015,October,Messor,0,0,,NWT
VB17NW1,REG,VB17NW11,N33.24393 W3.95261,33.24393,3.95261,988,10/26/2015,October,Other,,0.04953,,NWT
VB17NW1,REG,VB17NW11,N33.24393 W3.95261,33.24393,3.95261,988,10/26/2015,October,Tenebrionidae Diet,0,0,,NWT
VB17NW1,REG,VB17NW11,N33.24393 W3.95261,33.24393,3.95261,988,10/26/2015,October,Tenebrionidae Other,0,0,,NWT
VB17NW1,REG,VB17NW12,N33.24378 W3.95208,33.24378,3.95208,986,10/26/2015,October,Messor,0,0,,NWT
VB17NW1,REG,VB17NW12,N33.24378 W3.95208,33.24378,3.95208,986,10/26/2015,October,Other,,0.04372,,NWT
VB17NW1,REG,VB17NW12,N33.24378 W3.95208,33.24378,3.95208,986,10/26/2015,October,Tenebrionidae Diet,0,0,,NWT
VB17NW1,REG,VB17NW12,N33.24378 W3.95208,33.24378,3.95208,986,10/26/2015,October,Tenebrionidae Other,0,0,,NWT
VB17NW1,REG,VB17NW13,N33.24335 W3.95221,33.24335,3.95221,986,10/26/2015,October,Messor,0,0,,NWT
VB17NW1,REG,VB17NW13,N33.24335 W3.95221,33.24335,3.95221,986,10/26/2015,October,Other,,0.13905,,NWT
VB17NW1,REG,VB17NW13,N33.24335 W3.95221,33.24335,3.95221,986,10/26/2015,October,Tenebrionidae Diet,0,0,,NWT
VB17NW1,REG,VB17NW13,N33.24335 W3.95221,33.24335,3.95221,986,10/26/2015,October,Tenebrionidae Other,0,0,,NWT
VB17NW1,REG,VB17NW14,N33.24348 W3.95279,33.24348,3.95279,987,10/26/2015,October,Messor,,,noyé,NWT
VB17NW1,REG,VB17NW14,N33.24348 W3.95279,33.24348,3.95279,987,10/26/2015,October,Other,,,noyé,NWT
VB17NW1,REG,VB17NW14,N33.24348 W3.95279,33.24348,3.95279,987,10/26/2015,October,Tenebrionidae Diet,,,noyé,NWT
VB17NW1,REG,VB17NW14,N33.24348 W3.95279,33.24348,3.95279,987,10/26/2015,October,Tenebrionidae Other,,,noyé,NWT
VB17NW2,REG,VB17NW21,N33.24432 W3.92586,33.24432,3.92586,938,10/26/2015,October,Messor,9,0.02116,,NWT
VB17NW2,REG,VB17NW21,N33.24432 W3.92586,33.24432,3.92586,938,10/26/2015,October,Other,,0.01002,,NWT
VB17NW2,REG,VB17NW21,N33.24432 W3.92586,33.24432,3.92586,938,10/26/2015,October,Tenebrionidae Diet,0,0,,NWT
VB17NW2,REG,VB17NW21,N33.24432 W3.92586,33.24432,3.92586,938,10/26/2015,October,Tenebrionidae Other,0,0,,NWT
VB17NW2,REG,VB17NW22,N33.24417 W3.92532,33.24417,3.92532,940,10/26/2015,October,Messor,,,noyé,NWT
VB17NW2,REG,VB17NW22,N33.24417 W3.92532,33.24417,3.92532,940,10/26/2015,October,Other,,,noyé,NWT
VB17NW2,REG,VB17NW22,N33.24417 W3.92532,33.24417,3.92532,940,10/26/2015,October,Tenebrionidae Diet,,,noyé,NWT
VB17NW2,REG,VB17NW22,N33.24417 W3.92532,33.24417,3.92532,940,10/26/2015,October,Tenebrionidae Other,,,noyé,NWT
VB17NW2,REG,VB17NW23,N33.24373 W3.92547,33.24373,3.92547,940,10/26/2015,October,Messor,,,noyé,NWT
VB17NW2,REG,VB17NW23,N33.24373 W3.92547,33.24373,3.92547,940,10/26/2015,October,Other,,,noyé,NWT
VB17NW2,REG,VB17NW23,N33.24373 W3.92547,33.24373,3.92547,940,10/26/2015,October,Tenebrionidae Diet,,,noyé,NWT
VB17NW2,REG,VB17NW23,N33.24373 W3.92547,33.24373,3.92547,940,10/26/2015,October,Tenebrionidae Other,,,noyé,NWT
VB17NW2,REG,VB17NW24,N33.24386 W3.92599,33.24386,3.92599,942,10/26/2015,October,Messor,0,0,,NWT
VB17NW2,REG,VB17NW24,N33.24386 W3.92599,33.24386,3.92599,942,10/26/2015,October,Other,,0.04322,,NWT
VB17NW2,REG,VB17NW24,N33.24386 W3.92599,33.24386,3.92599,942,10/26/2015,October,Tenebrionidae Diet,0,0,,NWT
VB17NW2,REG,VB17NW24,N33.24386 W3.92599,33.24386,3.92599,942,10/26/2015,October,Tenebrionidae Other,0,0,,NWT
VB17NW3,REG,VB17NW31,N33.22191 W3.92567,33.22191,3.92567,945,10/26/2015,October,Messor,,,noyé,NWT
VB17NW3,REG,VB17NW31,N33.22191 W3.92567,33.22191,3.92567,945,10/26/2015,October,Other,,,noyé,NWT
VB17NW3,REG,VB17NW31,N33.22191 W3.92567,33.22191,3.92567,945,10/26/2015,October,Tenebrionidae Diet,,,noyé,NWT
VB17NW3,REG,VB17NW31,N33.22191 W3.92567,33.22191,3.92567,945,10/26/2015,October,Tenebrionidae Other,,,noyé,NWT
VB17NW3,REG,VB17NW32,N33.22178 W3.92519,33.22178,3.92519,942,10/26/2015,October,Messor,0,0,,NWT
VB17NW3,REG,VB17NW32,N33.22178 W3.92519,33.22178,3.92519,942,10/26/2015,October,Other,,0.00204,,NWT
VB17NW3,REG,VB17NW32,N33.22178 W3.92519,33.22178,3.92519,942,10/26/2015,October,Tenebrionidae Diet,0,0,,NWT
VB17NW3,REG,VB17NW32,N33.22178 W3.92519,33.22178,3.92519,942,10/26/2015,October,Tenebrionidae Other,0,0,,NWT
VB17NW3,REG,VB17NW33,N33.22134 W3.92538,33.22134,3.92538,942,10/26/2015,October,Messor,,,noyé,NWT
VB17NW3,REG,VB17NW33,N33.22134 W3.92538,33.22134,3.92538,942,10/26/2015,October,Other,,,noyé,NWT
VB17NW3,REG,VB17NW33,N33.22134 W3.92538,33.22134,3.92538,942,10/26/2015,October,Tenebrionidae Diet,,,noyé,NWT
VB17NW3,REG,VB17NW33,N33.22134 W3.92538,33.22134,3.92538,942,10/26/2015,October,Tenebrionidae Other,,,noyé,NWT
VB17NW3,REG,VB17NW34,N33.22149 W3.92586,33.22149,3.92586,942,10/26/2015,October,Messor,,,noyé,NWT
VB17NW3,REG,VB17NW34,N33.22149 W3.92586,33.22149,3.92586,942,10/26/2015,October,Other,,,noyé,NWT
VB17NW3,REG,VB17NW34,N33.22149 W3.92586,33.22149,3.92586,942,10/26/2015,October,Tenebrionidae Diet,,,noyé,NWT
VB17NW3,REG,VB17NW34,N33.22149 W3.92586,33.22149,3.92586,942,10/26/2015,October,Tenebrionidae Other,,,noyé,NWT
VB17NW4,REG,VB17NW41,N33.22150 W3.95235,33.2215,3.95235,955,10/26/2015,October,Messor,5,0.00417,,NWT
VB17NW4,REG,VB17NW41,N33.22150 W3.95235,33.2215,3.95235,955,10/26/2015,October,Other,,0.03334,,NWT
VB17NW4,REG,VB17NW41,N33.22150 W3.95235,33.2215,3.95235,955,10/26/2015,October,Tenebrionidae Diet,0,0,,NWT
VB17NW4,REG,VB17NW41,N33.22150 W3.95235,33.2215,3.95235,955,10/26/2015,October,Tenebrionidae Other,0,0,,NWT
VB17NW4,REG,VB17NW42,N33.22109 W3.95217,33.22109,3.95217,955,10/26/2015,October,Messor,1,0.00122,,NWT
VB17NW4,REG,VB17NW42,N33.22109 W3.95217,33.22109,3.95217,955,10/26/2015,October,Other,,0.00092,,NWT
VB17NW4,REG,VB17NW42,N33.22109 W3.95217,33.22109,3.95217,955,10/26/2015,October,Tenebrionidae Diet,0,0,,NWT
VB17NW4,REG,VB17NW42,N33.22109 W3.95217,33.22109,3.95217,955,10/26/2015,October,Tenebrionidae Other,0,0,,NWT
VB17NW4,REG,VB17NW43,N33.22093 W3.95263,33.22093,3.95263,954,10/26/2015,October,Messor,0,0,,NWT
VB17NW4,REG,VB17NW43,N33.22093 W3.95263,33.22093,3.95263,954,10/26/2015,October,Other,,0.02402,,NWT
VB17NW4,REG,VB17NW43,N33.22093 W3.95263,33.22093,3.95263,954,10/26/2015,October,Tenebrionidae Diet,0,0,,NWT
VB17NW4,REG,VB17NW43,N33.22093 W3.95263,33.22093,3.95263,954,10/26/2015,October,Tenebrionidae Other,0,0,,NWT
VB17NW4,REG,VB17NW44,N33.22134 W3.95281,33.22134,3.95281,956,10/26/2015,October,Messor,0,0,,NWT
VB17NW4,REG,VB17NW44,N33.22134 W3.95281,33.22134,3.95281,956,10/26/2015,October,Other,,0.00142,,NWT
VB17NW4,REG,VB17NW44,N33.22134 W3.95281,33.22134,3.95281,956,10/26/2015,October,Tenebrionidae Diet,0,0,,NWT
VB17NW4,REG,VB17NW44,N33.22134 W3.95281,33.22134,3.95281,956,10/26/2015,October,Tenebrionidae Other,0,0,,NWT
VB17NW5,REG,VB17NW51,N33.23296 W3.93897,33.23296,3.93897,951,10/26/2015,October,Messor,0,0,,NWT
VB17NW5,REG,VB17NW51,N33.23296 W3.93897,33.23296,3.93897,951,10/26/2015,October,Other,,0.00261,,NWT
VB17NW5,REG,VB17NW51,N33.23296 W3.93897,33.23296,3.93897,951,10/26/2015,October,Tenebrionidae Diet,0,0,,NWT
VB17NW5,REG,VB17NW51,N33.23296 W3.93897,33.23296,3.93897,951,10/26/2015,October,Tenebrionidae Other,0,0,,NWT
VB17NW5,REG,VB17NW52,N33.23271 W3.93853,33.23271,3.93853,951,10/26/2015,October,Messor,0,0,,NWT
VB17NW5,REG,VB17NW52,N33.23271 W3.93853,33.23271,3.93853,951,10/26/2015,October,Tenebrionidae Diet,0,0,,NWT
VB17NW5,REG,VB17NW53,N33.23234 W3.93882,33.23234,3.93882,952,10/26/2015,October,Messor,0,0,,NWT
VB17NW5,REG,VB17NW53,N33.23234 W3.93882,33.23234,3.93882,952,10/26/2015,October,Other,,0.00166,,NWT
VB17NW5,REG,VB17NW53,N33.23234 W3.93882,33.23234,3.93882,952,10/26/2015,October,Tenebrionidae Diet,0,0,,NWT
VB17NW5,REG,VB17NW53,N33.23234 W3.93882,33.23234,3.93882,952,10/26/2015,October,Tenebrionidae Other,0,0,,NWT
VB17NW5,REG,VB17NW54,N33.23261 W3.93907,33.23261,3.93907,952,10/26/2015,October,Messor,,,noyé,NWT
VB17NW5,REG,VB17NW54,N33.23261 W3.93907,33.23261,3.93907,952,10/26/2015,October,Other,,,noyé,NWT
VB17NW5,REG,VB17NW54,N33.23261 W3.93907,33.23261,3.93907,952,10/26/2015,October,Tenebrionidae Diet,,,noyé,NWT
VB17NW5,REG,VB17NW54,N33.23261 W3.93907,33.23261,3.93907,952,10/26/2015,October,Tenebrionidae Other,,,noyé,NWT
WB61NE1,ALF,WB61NE11,N32.70452 W2.29322,32.70452,2.29322,1438,10/26/2015,October,Messor,11,0.01718,,NWT
WB61NE1,ALF,WB61NE11,N32.70452 W2.29322,32.70452,2.29322,1438,10/26/2015,October,Other,,0.41585,,NWT
WB61NE1,ALF,WB61NE11,N32.70452 W2.29322,32.70452,2.29322,1438,10/26/2015,October,Tenebrionidae Diet,0,0,,NWT
WB61NE1,ALF,WB61NE11,N32.70452 W2.29322,32.70452,2.29322,1438,10/26/2015,October,Tenebrionidae Other,0,0,,NWT
WB61NE1,ALF,WB61NE12,N32.70439 W2.29259,32.70439,2.29259,1438,10/26/2015,October,Messor,36,0.06023,,NWT
WB61NE1,ALF,WB61NE12,N32.70439 W2.29259,32.70439,2.29259,1438,10/26/2015,October,Other,,0.71708,,NWT
WB61NE1,ALF,WB61NE12,N32.70439 W2.29259,32.70439,2.29259,1438,10/26/2015,October,Tenebrionidae Diet,1,0.04153,,NWT
WB61NE1,ALF,WB61NE12,N32.70439 W2.29259,32.70439,2.29259,1438,10/26/2015,October,Tenebrionidae Other,0,0,,NWT
WB61NE1,ALF,WB61NE13,N32.70403 W2.29272,32.70403,2.29272,1439,10/26/2015,October,Messor,23,0.02499,,NWT
WB61NE1,ALF,WB61NE13,N32.70403 W2.29272,32.70403,2.29272,1439,10/26/2015,October,Other,,0.05273,,NWT
WB61NE1,ALF,WB61NE13,N32.70403 W2.29272,32.70403,2.29272,1439,10/26/2015,October,Tenebrionidae Diet,1,0.11399,,NWT
WB61NE1,ALF,WB61NE13,N32.70403 W2.29272,32.70403,2.29272,1439,10/26/2015,October,Tenebrionidae Other,0,0,,NWT
WB61NE1,ALF,WB61NE14,N32.70405 W2.29323,32.70405,2.29323,1440,10/26/2015,October,Messor,,,Jar disappeared,NWT
WB61NE1,ALF,WB61NE14,N32.70405 W2.29323,32.70405,2.29323,1440,10/26/2015,October,Other,,,Jar disappeared,NWT
WB61NE1,ALF,WB61NE14,N32.70405 W2.29323,32.70405,2.29323,1440,10/26/2015,October,Tenebrionidae Diet,,,Jar disappeared,NWT
WB61NE1,ALF,WB61NE14,N32.70405 W2.29323,32.70405,2.29323,1440,10/26/2015,October,Tenebrionidae Other,,,Jar disappeared,NWT
WB61NE2,ALF,WB61NE21,N32.70424 W2.26634,32.70424,2.26634,1466,10/26/2015,October,Messor,2,0.00581,,NWT
WB61NE2,ALF,WB61NE21,N32.70424 W2.26634,32.70424,2.26634,1466,10/26/2015,October,Other,,0.00443,,NWT
WB61NE2,ALF,WB61NE21,N32.70424 W2.26634,32.70424,2.26634,1466,10/26/2015,October,Tenebrionidae Diet,1,0.08245,,NWT
WB61NE2,ALF,WB61NE21,N32.70424 W2.26634,32.70424,2.26634,1466,10/26/2015,October,Tenebrionidae Other,0,0,,NWT
WB61NE2,ALF,WB61NE22,N32.70404 W2.26575,32.70404,2.26575,1465,10/26/2015,October,Messor,32,0.04298,,NWT
WB61NE2,ALF,WB61NE22,N32.70404 W2.26575,32.70404,2.26575,1465,10/26/2015,October,Other,,0.0355,,NWT
WB61NE2,ALF,WB61NE22,N32.70404 W2.26575,32.70404,2.26575,1465,10/26/2015,October,Tenebrionidae Diet,4,0.08364,,NWT
WB61NE2,ALF,WB61NE22,N32.70404 W2.26575,32.70404,2.26575,1465,10/26/2015,October,Tenebrionidae Other,0,0,,NWT
WB61NE2,ALF,WB61NE23,N32.70367 W2.26598,32.70367,2.26598,1463,10/26/2015,October,Messor,45,0.04764,,NWT
WB61NE2,ALF,WB61NE23,N32.70367 W2.26598,32.70367,2.26598,1463,10/26/2015,October,Other,,0.08909,,NWT
WB61NE2,ALF,WB61NE23,N32.70367 W2.26598,32.70367,2.26598,1463,10/26/2015,October,Tenebrionidae Diet,1,0.092,,NWT
WB61NE2,ALF,WB61NE23,N32.70367 W2.26598,32.70367,2.26598,1463,10/26/2015,October,Tenebrionidae Other,0,0,,NWT
WB61NE2,ALF,WB61NE24,N32.70392 W2.26623,32.70392,2.26623,1463,10/26/2015,October,Messor,21,0.02332,,NWT
WB61NE2,ALF,WB61NE24,N32.70392 W2.26623,32.70392,2.26623,1463,10/26/2015,October,Other,,0.4074,,NWT
WB61NE2,ALF,WB61NE24,N32.70392 W2.26623,32.70392,2.26623,1463,10/26/2015,October,Tenebrionidae Diet,1,0.00937,,NWT
WB61NE2,ALF,WB61NE24,N32.70392 W2.26623,32.70392,2.26623,1463,10/26/2015,October,Tenebrionidae Other,0,0,,NWT
WB61NE3,ALF,WB61NE31,N32.68708 W2.25530,32.68708,2.2553,1525,10/26/2015,October,Messor,3,0.00404,,NWT
WB61NE3,ALF,WB61NE31,N32.68708 W2.25530,32.68708,2.2553,1525,10/26/2015,October,Other,,0.06044,,NWT
WB61NE3,ALF,WB61NE31,N32.68708 W2.25530,32.68708,2.2553,1525,10/26/2015,October,Tenebrionidae Diet,0,0,,NWT
WB61NE3,ALF,WB61NE31,N32.68708 W2.25530,32.68708,2.2553,1525,10/26/2015,October,Tenebrionidae Other,0,0,,NWT
WB61NE3,ALF,WB61NE32,N32.68685 W2.25488,32.68685,2.25488,1528,10/26/2015,October,Messor,6,0.00641,,NWT
WB61NE3,ALF,WB61NE32,N32.68685 W2.25488,32.68685,2.25488,1528,10/26/2015,October,Other,,0.03645,,NWT
WB61NE3,ALF,WB61NE32,N32.68685 W2.25488,32.68685,2.25488,1528,10/26/2015,October,Tenebrionidae Diet,0,0,,NWT
WB61NE3,ALF,WB61NE32,N32.68685 W2.25488,32.68685,2.25488,1528,10/26/2015,October,Tenebrionidae Other,0,0,,NWT
WB61NE3,ALF,WB61NE33,N32.68646 W2.25523,32.68646,2.25523,1527,10/26/2015,October,Messor,20,0.01989,,NWT
WB61NE3,ALF,WB61NE33,N32.68646 W2.25523,32.68646,2.25523,1527,10/26/2015,October,Other,,0.08165,,NWT
WB61NE3,ALF,WB61NE33,N32.68646 W2.25523,32.68646,2.25523,1527,10/26/2015,October,Tenebrionidae Diet,0,0,,NWT
WB61NE3,ALF,WB61NE33,N32.68646 W2.25523,32.68646,2.25523,1527,10/26/2015,October,Tenebrionidae Other,0,0,,NWT
WB61NE3,ALF,WB61NE34,N32.68683 W2.25578,32.68683,2.25578,1525,10/26/2015,October,Messor,7,0.0132,,NWT
WB61NE3,ALF,WB61NE34,N32.68683 W2.25578,32.68683,2.25578,1525,10/26/2015,October,Other,,0.42843,,NWT
WB61NE3,ALF,WB61NE34,N32.68683 W2.25578,32.68683,2.25578,1525,10/26/2015,October,Tenebrionidae Diet,2,0.10424,,NWT
WB61NE3,ALF,WB61NE34,N32.68683 W2.25578,32.68683,2.25578,1525,10/26/2015,October,Tenebrionidae Other,0,0,,NWT
WB61NE4,ALF,WB61NE41,N32.68205 W2.29343,32.68205,2.29343,1463,10/26/2015,October,Messor,23,0.01595,,NWT
WB61NE4,ALF,WB61NE41,N32.68205 W2.29343,32.68205,2.29343,1463,10/26/2015,October,Other,,0.0092,,NWT
WB61NE4,ALF,WB61NE41,N32.68205 W2.29343,32.68205,2.29343,1463,10/26/2015,October,Tenebrionidae Diet,1,0.02927,,NWT
WB61NE4,ALF,WB61NE41,N32.68205 W2.29343,32.68205,2.29343,1463,10/26/2015,October,Tenebrionidae Other,0,0,,NWT
WB61NE4,ALF,WB61NE42,N32.68208 W2.29310,32.68208,2.2931,1463,10/26/2015,October,Messor,3,0.00195,,NWT
WB61NE4,ALF,WB61NE42,N32.68208 W2.29310,32.68208,2.2931,1463,10/26/2015,October,Other,,0.09295,,NWT
WB61NE4,ALF,WB61NE42,N32.68208 W2.29310,32.68208,2.2931,1463,10/26/2015,October,Tenebrionidae Diet,0,0,,NWT
WB61NE4,ALF,WB61NE42,N32.68208 W2.29310,32.68208,2.2931,1463,10/26/2015,October,Tenebrionidae Other,0,0,,NWT
WB61NE4,ALF,WB61NE43,N32.68156 W2.29300,32.68156,2.293,1463,10/26/2015,October,Messor,5,0.00445,,NWT
WB61NE4,ALF,WB61NE43,N32.68156 W2.29300,32.68156,2.293,1463,10/26/2015,October,Other,,0.35416,,NWT
WB61NE4,ALF,WB61NE43,N32.68156 W2.29300,32.68156,2.293,1463,10/26/2015,October,Tenebrionidae Diet,1,0.07796,,NWT
WB61NE4,ALF,WB61NE43,N32.68156 W2.29300,32.68156,2.293,1463,10/26/2015,October,Tenebrionidae Other,0,0,,NWT
WB61NE4,ALF,WB61NE44,N32.68159 W2.29362,32.68159,2.29362,1457,10/26/2015,October,Messor,0,0,,NWT
WB61NE4,ALF,WB61NE44,N32.68159 W2.29362,32.68159,2.29362,1457,10/26/2015,October,Other,,0.01356,,NWT
WB61NE4,ALF,WB61NE44,N32.68159 W2.29362,32.68159,2.29362,1457,10/26/2015,October,Tenebrionidae Diet,0,0,,NWT
WB61NE4,ALF,WB61NE44,N32.68159 W2.29362,32.68159,2.29362,1457,10/26/2015,October,Tenebrionidae Other,0,0,,NWT
WB61NE5,ALF,WB61NE51,N32.69328 W2.27979,32.69328,2.27979,1462,10/26/2015,October,Messor,50,0.04591,,NWT
WB61NE5,ALF,WB61NE51,N32.69328 W2.27979,32.69328,2.27979,1462,10/26/2015,October,Other,,0.23886,,NWT
WB61NE5,ALF,WB61NE51,N32.69328 W2.27979,32.69328,2.27979,1462,10/26/2015,October,Tenebrionidae Diet,1,1.9335,,NWT
WB61NE5,ALF,WB61NE51,N32.69328 W2.27979,32.69328,2.27979,1462,10/26/2015,October,Tenebrionidae Other,0,0,,NWT
WB61NE5,ALF,WB61NE52,N32.69320 W2.27930,32.6932,2.2793,1464,10/26/2015,October,Messor,7,0.01577,,NWT
WB61NE5,ALF,WB61NE52,N32.69320 W2.27930,32.6932,2.2793,1464,10/26/2015,October,Other,,0.5306,,NWT
WB61NE5,ALF,WB61NE52,N32.69320 W2.27930,32.6932,2.2793,1464,10/26/2015,October,Tenebrionidae Diet,2,0.16093,,NWT
WB61NE5,ALF,WB61NE52,N32.69320 W2.27930,32.6932,2.2793,1464,10/26/2015,October,Tenebrionidae Other,0,0,,NWT
WB61NE5,ALF,WB61NE53,N32.69281 W2.27926,32.69281,2.27926,1463,10/26/2015,October,Messor,19,0.02849,,NWT
WB61NE5,ALF,WB61NE53,N32.69281 W2.27926,32.69281,2.27926,1463,10/26/2015,October,Other,,0.50527,,NWT
WB61NE5,ALF,WB61NE53,N32.69281 W2.27926,32.69281,2.27926,1463,10/26/2015,October,Tenebrionidae Diet,3,0.09295,,NWT
WB61NE5,ALF,WB61NE53,N32.69281 W2.27926,32.69281,2.27926,1463,10/26/2015,October,Tenebrionidae Other,0,0,,NWT
WB61NE5,ALF,WB61NE54,N32.69286 W2.27998,32.69286,2.27998,1463,10/26/2015,October,Messor,32,0.0563,,NWT
WB61NE5,ALF,WB61NE54,N32.69286 W2.27998,32.69286,2.27998,1463,10/26/2015,October,Other,,0.04625,,NWT
WB61NE5,ALF,WB61NE54,N32.69286 W2.27998,32.69286,2.27998,1463,10/26/2015,October,Tenebrionidae Diet,0,0,,NWT
WB61NE5,ALF,WB61NE54,N32.69286 W2.27998,32.69286,2.27998,1463,10/26/2015,October,Tenebrionidae Other,0,0,,NWT
VB14SW1,REG,VB14SW11,N32.92837 W3.94942,32.92837,3.94942,1034,10/27/2015,October,Messor,0,0,,NWT
VB14SW1,REG,VB14SW11,N32.92837 W3.94942,32.92837,3.94942,1034,10/27/2015,October,Other,,0.00769,,NWT
VB14SW1,REG,VB14SW11,N32.92837 W3.94942,32.92837,3.94942,1034,10/27/2015,October,Tenebrionidae Diet,0,0,,NWT
VB14SW1,REG,VB14SW11,N32.92837 W3.94942,32.92837,3.94942,1034,10/27/2015,October,Tenebrionidae Other,0,0,,NWT
VB14SW1,REG,VB14SW12,N32.92810 W3.94900,32.9281,3.949,1034,10/27/2015,October,Messor,0,0,,NWT
VB14SW1,REG,VB14SW12,N32.92810 W3.94900,32.9281,3.949,1034,10/27/2015,October,Other,,0.05127,,NWT
VB14SW1,REG,VB14SW12,N32.92810 W3.94900,32.9281,3.949,1034,10/27/2015,October,Tenebrionidae Diet,0,0,,NWT
VB14SW1,REG,VB14SW12,N32.92810 W3.94900,32.9281,3.949,1034,10/27/2015,October,Tenebrionidae Other,0,0,,NWT
VB14SW1,REG,VB14SW13,N32.92775 W3.94929,32.92775,3.94929,1035,10/27/2015,October,Messor,3,0.00222,,NWT
VB14SW1,REG,VB14SW13,N32.92775 W3.94929,32.92775,3.94929,1035,10/27/2015,October,Other,,0.00292,,NWT
VB14SW1,REG,VB14SW13,N32.92775 W3.94929,32.92775,3.94929,1035,10/27/2015,October,Tenebrionidae Diet,0,0,,NWT
VB14SW1,REG,VB14SW13,N32.92775 W3.94929,32.92775,3.94929,1035,10/27/2015,October,Tenebrionidae Other,0,0,,NWT
VB14SW1,REG,VB14SW14,N32.92798 W3.94972,32.92798,3.94972,1037,10/27/2015,October,Messor,2,0.00225,,NWT
VB14SW1,REG,VB14SW14,N32.92798 W3.94972,32.92798,3.94972,1037,10/27/2015,October,Other,,0.00519,,NWT
VB14SW1,REG,VB14SW14,N32.92798 W3.94972,32.92798,3.94972,1037,10/27/2015,October,Tenebrionidae Diet,0,0,,NWT
VB14SW1,REG,VB14SW14,N32.92798 W3.94972,32.92798,3.94972,1037,10/27/2015,October,Tenebrionidae Other,0,0,,NWT
VB14SW2,REG,VB14SW21,N32.92820 W3.92241,32.9282,3.92241,1040,10/27/2015,October,Messor,6,0.00578,,NWT
VB14SW2,REG,VB14SW21,N32.92820 W3.92241,32.9282,3.92241,1040,10/27/2015,October,Other,,0.02097,,NWT
VB14SW2,REG,VB14SW21,N32.92820 W3.92241,32.9282,3.92241,1040,10/27/2015,October,Tenebrionidae Diet,0,0,,NWT
VB14SW2,REG,VB14SW21,N32.92820 W3.92241,32.9282,3.92241,1040,10/27/2015,October,Tenebrionidae Other,0,0,,NWT
VB14SW2,REG,VB14SW22,N32.92849 W3.92217,32.92849,3.92217,1038,10/27/2015,October,Messor,0,0,,NWT
VB14SW2,REG,VB14SW22,N32.92849 W3.92217,32.92849,3.92217,1038,10/27/2015,October,Other,,0.0253,,NWT
VB14SW2,REG,VB14SW22,N32.92849 W3.92217,32.92849,3.92217,1038,10/27/2015,October,Tenebrionidae Diet,0,0,,NWT
VB14SW2,REG,VB14SW22,N32.92849 W3.92217,32.92849,3.92217,1038,10/27/2015,October,Tenebrionidae Other,0,0,,NWT
VB14SW2,REG,VB14SW23,N32.92812 W3.92213,32.92812,3.92213,1036,10/27/2015,October,Messor,,,noyé,NWT
VB14SW2,REG,VB14SW23,N32.92812 W3.92213,32.92812,3.92213,1036,10/27/2015,October,Other,,,noyé,NWT
VB14SW2,REG,VB14SW23,N32.92812 W3.92213,32.92812,3.92213,1036,10/27/2015,October,Tenebrionidae Diet,,,noyé,NWT
VB14SW2,REG,VB14SW23,N32.92812 W3.92213,32.92812,3.92213,1036,10/27/2015,October,Tenebrionidae Other,,,noyé,NWT
VB14SW2,REG,VB14SW24,N32.92821 W3.92267,32.92821,3.92267,1038,10/27/2015,October,Messor,1,0.00466,,NWT
VB14SW2,REG,VB14SW24,N32.92821 W3.92267,32.92821,3.92267,1038,10/27/2015,October,Other,,0.05004,,NWT
VB14SW2,REG,VB14SW24,N32.92821 W3.92267,32.92821,3.92267,1038,10/27/2015,October,Tenebrionidae Diet,0,0,,NWT
VB14SW2,REG,VB14SW24,N32.92821 W3.92267,32.92821,3.92267,1038,10/27/2015,October,Tenebrionidae Other,0,0,,NWT
VB14SW3,REG,VB14SW31,N32.90604 W3.92205,32.90604,3.92205,1062,10/27/2015,October,Messor,0,0,,NWT
VB14SW3,REG,VB14SW31,N32.90604 W3.92205,32.90604,3.92205,1062,10/27/2015,October,Other,,0.00339,,NWT
VB14SW3,REG,VB14SW31,N32.90604 W3.92205,32.90604,3.92205,1062,10/27/2015,October,Tenebrionidae Diet,0,0,,NWT
VB14SW3,REG,VB14SW31,N32.90604 W3.92205,32.90604,3.92205,1062,10/27/2015,October,Tenebrionidae Other,0,0,,NWT
VB14SW3,REG,VB14SW32,N32.90614 W3.92153,32.90614,3.92153,1062,10/27/2015,October,Messor,0,0,,NWT
VB14SW3,REG,VB14SW32,N32.90614 W3.92153,32.90614,3.92153,1062,10/27/2015,October,Other,,0.0007,,NWT
VB14SW3,REG,VB14SW32,N32.90614 W3.92153,32.90614,3.92153,1062,10/27/2015,October,Tenebrionidae Diet,0,0,,NWT
VB14SW3,REG,VB14SW32,N32.90614 W3.92153,32.90614,3.92153,1062,10/27/2015,October,Tenebrionidae Other,0,0,,NWT
VB14SW3,REG,VB14SW33,N32.90567 W3.92146,32.90567,3.92146,1062,10/27/2015,October,Messor,0,0,,NWT
VB14SW3,REG,VB14SW33,N32.90567 W3.92146,32.90567,3.92146,1062,10/27/2015,October,Other,,0.00551,,NWT
VB14SW3,REG,VB14SW33,N32.90567 W3.92146,32.90567,3.92146,1062,10/27/2015,October,Tenebrionidae Diet,0,0,,NWT
VB14SW3,REG,VB14SW33,N32.90567 W3.92146,32.90567,3.92146,1062,10/27/2015,October,Tenebrionidae Other,0,0,,NWT
VB14SW3,REG,VB14SW34,N32.90561 W3.92193,32.90561,3.92193,1063,10/27/2015,October,Messor,,,noyé,NWT
VB14SW3,REG,VB14SW34,N32.90561 W3.92193,32.90561,3.92193,1063,10/27/2015,October,Other,,,noyé,NWT
VB14SW3,REG,VB14SW34,N32.90561 W3.92193,32.90561,3.92193,1063,10/27/2015,October,Tenebrionidae Diet,,,noyé,NWT
VB14SW3,REG,VB14SW34,N32.90561 W3.92193,32.90561,3.92193,1063,10/27/2015,October,Tenebrionidae Other,,,noyé,NWT
VB14SW4,EPA,VB14SW41,N32.90579 W3.94901,32.90579,3.94901,1048,10/27/2015,October,Messor,1,0.00175,,NWT
VB14SW4,EPA,VB14SW41,N32.90579 W3.94901,32.90579,3.94901,1048,10/27/2015,October,Other,,0.01436,,NWT
VB14SW4,EPA,VB14SW41,N32.90579 W3.94901,32.90579,3.94901,1048,10/27/2015,October,Tenebrionidae Diet,0,0,,NWT
VB14SW4,EPA,VB14SW41,N32.90579 W3.94901,32.90579,3.94901,1048,10/27/2015,October,Tenebrionidae Other,0,0,,NWT
VB14SW4,EPA,VB14SW42,N32.90572 W3.94846,32.90572,3.94846,1049,10/27/2015,October,Messor,,,Jar disappeared,NWT
VB14SW4,EPA,VB14SW42,N32.90572 W3.94846,32.90572,3.94846,1049,10/27/2015,October,Other,,,Jar disappeared,NWT
VB14SW4,EPA,VB14SW42,N32.90572 W3.94846,32.90572,3.94846,1049,10/27/2015,October,Tenebrionidae Diet,,,Jar disappeared,NWT
VB14SW4,EPA,VB14SW42,N32.90572 W3.94846,32.90572,3.94846,1049,10/27/2015,October,Tenebrionidae Other,,,Jar disappeared,NWT
VB14SW4,EPA,VB14SW43,N32.90532 W3.94851,32.90532,3.94851,1049,10/27/2015,October,Messor,1,0.0003,,NWT
VB14SW4,EPA,VB14SW43,N32.90532 W3.94851,32.90532,3.94851,1049,10/27/2015,October,Other,,0.0146,,NWT
VB14SW4,EPA,VB14SW43,N32.90532 W3.94851,32.90532,3.94851,1049,10/27/2015,October,Tenebrionidae Diet,0,0,,NWT
VB14SW4,EPA,VB14SW43,N32.90532 W3.94851,32.90532,3.94851,1049,10/27/2015,October,Tenebrionidae Other,0,0,,NWT
VB14SW4,EPA,VB14SW44,N32.90539 W3.94907,32.90539,3.94907,1049,10/27/2015,October,Messor,0,0,,NWT
VB14SW4,EPA,VB14SW44,N32.90539 W3.94907,32.90539,3.94907,1049,10/27/2015,October,Other,,0.07246,,NWT
VB14SW4,EPA,VB14SW44,N32.90539 W3.94907,32.90539,3.94907,1049,10/27/2015,October,Tenebrionidae Diet,0,0,,NWT
VB14SW4,EPA,VB14SW44,N32.90539 W3.94907,32.90539,3.94907,1049,10/27/2015,October,Tenebrionidae Other,0,0,,NWT
VB14SW5,REG,VB14SW51,N32.91728 W3.93573,32.91728,3.93573,1040,10/27/2015,October,Messor,0,0,,NWT
VB14SW5,REG,VB14SW51,N32.91728 W3.93573,32.91728,3.93573,1040,10/27/2015,October,Other,,0.05325,,NWT
VB14SW5,REG,VB14SW51,N32.91728 W3.93573,32.91728,3.93573,1040,10/27/2015,October,Tenebrionidae Diet,0,0,,NWT
VB14SW5,REG,VB14SW51,N32.91728 W3.93573,32.91728,3.93573,1040,10/27/2015,October,Tenebrionidae Other,0,0,,NWT
VB14SW5,REG,VB14SW52,N32.91685 W3.93563,32.91685,3.93563,1049,10/27/2015,October,Messor,,,noyé,NWT
VB14SW5,REG,VB14SW52,N32.91685 W3.93563,32.91685,3.93563,1049,10/27/2015,October,Other,,,noyé,NWT
VB14SW5,REG,VB14SW52,N32.91685 W3.93563,32.91685,3.93563,1049,10/27/2015,October,Tenebrionidae Diet,,,noyé,NWT
VB14SW5,REG,VB14SW52,N32.91685 W3.93563,32.91685,3.93563,1049,10/27/2015,October,Tenebrionidae Other,,,noyé,NWT
VB14SW5,REG,VB14SW53,N32.91700 W3.93513,32.917,3.93513,1048,10/27/2015,October,Messor,2,0.00651,,NWT
VB14SW5,REG,VB14SW53,N32.91700 W3.93513,32.917,3.93513,1048,10/27/2015,October,Other,,0.0243,,NWT
VB14SW5,REG,VB14SW53,N32.91700 W3.93513,32.917,3.93513,1048,10/27/2015,October,Tenebrionidae Diet,0,0,,NWT
VB14SW5,REG,VB14SW53,N32.91700 W3.93513,32.917,3.93513,1048,10/27/2015,October,Tenebrionidae Other,0,0,,NWT
VB14SW5,REG,VB14SW54,N32.91739 W3.93528,32.91739,3.93528,1048,10/27/2015,October,Messor,0,0,,NWT
VB14SW5,REG,VB14SW54,N32.91739 W3.93528,32.91739,3.93528,1048,10/27/2015,October,Other,,0.01926,,NWT
VB14SW5,REG,VB14SW54,N32.91739 W3.93528,32.91739,3.93528,1048,10/27/2015,October,Tenebrionidae Diet,0,0,,NWT
VB14SW5,REG,VB14SW54,N32.91739 W3.93528,32.91739,3.93528,1048,10/27/2015,October,Tenebrionidae Other,0,0,,NWT
WC24NE1,ALF,WC24NE11,N33.87870 W2.71618,33.8787,2.71618,1317,10/27/2015,October,Messor,0,0,,WT
WC24NE1,ALF,WC24NE11,N33.87870 W2.71618,33.8787,2.71618,1317,10/27/2015,October,Other,,0.28148,,WT
WC24NE1,ALF,WC24NE11,N33.87870 W2.71618,33.8787,2.71618,1317,10/27/2015,October,Tenebrionidae Diet,0,0,,WT
WC24NE1,ALF,WC24NE11,N33.87870 W2.71618,33.8787,2.71618,1317,10/27/2015,October,Tenebrionidae Other,0,0,,WT
WC24NE1,ALF,WC24NE12,N33.87862 W2.71562,33.87862,2.71562,1319,10/27/2015,October,Messor,0,0,,WT
WC24NE1,ALF,WC24NE12,N33.87862 W2.71562,33.87862,2.71562,1319,10/27/2015,October,Other,,0.17147,,WT
WC24NE1,ALF,WC24NE12,N33.87862 W2.71562,33.87862,2.71562,1319,10/27/2015,October,Tenebrionidae Diet,0,0,,WT
WC24NE1,ALF,WC24NE12,N33.87862 W2.71562,33.87862,2.71562,1319,10/27/2015,October,Tenebrionidae Other,0,0,,WT
WC24NE1,ALF,WC24NE13,N33.87807 W2.71579,33.87807,2.71579,1316,10/27/2015,October,Messor,0,0,,WT
WC24NE1,ALF,WC24NE13,N33.87807 W2.71579,33.87807,2.71579,1316,10/27/2015,October,Other,,0.05739,,WT
WC24NE1,ALF,WC24NE13,N33.87807 W2.71579,33.87807,2.71579,1316,10/27/2015,October,Tenebrionidae Diet,0,0,,WT
WC24NE1,ALF,WC24NE13,N33.87807 W2.71579,33.87807,2.71579,1316,10/27/2015,October,Tenebrionidae Other,0,0,,WT
WC24NE1,ALF,WC24NE14,N33.87811 W2.71631,33.87811,2.71631,1317,10/27/2015,October,Messor,1,0.00167,,WT
WC24NE1,ALF,WC24NE14,N33.87811 W2.71631,33.87811,2.71631,1317,10/27/2015,October,Other,,0,,WT
WC24NE1,ALF,WC24NE14,N33.87811 W2.71631,33.87811,2.71631,1317,10/27/2015,October,Tenebrionidae Diet,0,0,,WT
WC24NE1,ALF,WC24NE14,N33.87811 W2.71631,33.87811,2.71631,1317,10/27/2015,October,Tenebrionidae Other,0,0,,WT
WC24NE2,ALF,WC24NE21,N33.87875 W2.68926,33.87875,2.68926,1328,10/27/2015,October,Messor,0,0,,WT
WC24NE2,ALF,WC24NE21,N33.87875 W2.68926,33.87875,2.68926,1328,10/27/2015,October,Other,,0.03702,,WT
WC24NE2,ALF,WC24NE21,N33.87875 W2.68926,33.87875,2.68926,1328,10/27/2015,October,Tenebrionidae Diet,0,0,,WT
WC24NE2,ALF,WC24NE21,N33.87875 W2.68926,33.87875,2.68926,1328,10/27/2015,October,Tenebrionidae Other,0,0,,WT
WC24NE2,ALF,WC24NE22,N33.87870 W2.68871,33.8787,2.68871,1327,10/27/2015,October,Messor,1,0.00055,,WT
WC24NE2,ALF,WC24NE22,N33.87870 W2.68871,33.8787,2.68871,1327,10/27/2015,October,Other,,0.60076,,WT
WC24NE2,ALF,WC24NE22,N33.87870 W2.68871,33.8787,2.68871,1327,10/27/2015,October,Tenebrionidae Diet,0,0,,WT
WC24NE2,ALF,WC24NE22,N33.87870 W2.68871,33.8787,2.68871,1327,10/27/2015,October,Tenebrionidae Other,0,0,,WT
WC24NE2,ALF,WC24NE23,N33.87825 W2.68873,33.87825,2.68873,1327,10/27/2015,October,Messor,0,0,,WT
WC24NE2,ALF,WC24NE23,N33.87825 W2.68873,33.87825,2.68873,1327,10/27/2015,October,Other,,0.83328,,WT
WC24NE2,ALF,WC24NE23,N33.87825 W2.68873,33.87825,2.68873,1327,10/27/2015,October,Tenebrionidae Diet,0,0,,WT
WC24NE2,ALF,WC24NE23,N33.87825 W2.68873,33.87825,2.68873,1327,10/27/2015,October,Tenebrionidae Other,0,0,,WT
WC24NE2,ALF,WC24NE24,N33.87827 W2.68924,33.87827,2.68924,1327,10/27/2015,October,Messor,3,0.00483,,WT
WC24NE2,ALF,WC24NE24,N33.87827 W2.68924,33.87827,2.68924,1327,10/27/2015,October,Other,,0.28962,,WT
WC24NE2,ALF,WC24NE24,N33.87827 W2.68924,33.87827,2.68924,1327,10/27/2015,October,Tenebrionidae Diet,0,0,,WT
WC24NE2,ALF,WC24NE24,N33.87827 W2.68924,33.87827,2.68924,1327,10/27/2015,October,Tenebrionidae Other,0,0,,WT
WC24NE3,ALF,WC24NE31,N33.85604 W2.68924,33.85604,2.68924,1306,10/27/2015,October,Messor,0,0,,WT
WC24NE3,ALF,WC24NE31,N33.85604 W2.68924,33.85604,2.68924,1306,10/27/2015,October,Other,,0.02259,,WT
WC24NE3,ALF,WC24NE31,N33.85604 W2.68924,33.85604,2.68924,1306,10/27/2015,October,Tenebrionidae Diet,0,0,,WT
WC24NE3,ALF,WC24NE31,N33.85604 W2.68924,33.85604,2.68924,1306,10/27/2015,October,Tenebrionidae Other,0,0,,WT
WC24NE3,ALF,WC24NE32,N33.85591 W2.68882,33.85591,2.68882,1300,10/27/2015,October,Messor,0,0,,WT
WC24NE3,ALF,WC24NE32,N33.85591 W2.68882,33.85591,2.68882,1300,10/27/2015,October,Other,,0.31126,,WT
WC24NE3,ALF,WC24NE32,N33.85591 W2.68882,33.85591,2.68882,1300,10/27/2015,October,Tenebrionidae Diet,0,0,,WT
WC24NE3,ALF,WC24NE32,N33.85591 W2.68882,33.85591,2.68882,1300,10/27/2015,October,Tenebrionidae Other,0,0,,WT
WC24NE3,ALF,WC24NE33,N33.85549 W2.68895,33.85549,2.68895,1296,10/27/2015,October,Messor,,,Sample lost,NWT
WC24NE3,ALF,WC24NE33,N33.85549 W2.68895,33.85549,2.68895,1296,10/27/2015,October,Other,,,Sample lost,NWT
WC24NE3,ALF,WC24NE33,N33.85549 W2.68895,33.85549,2.68895,1296,10/27/2015,October,Tenebrionidae Diet,,,Sample lost,NWT
WC24NE3,ALF,WC24NE33,N33.85549 W2.68895,33.85549,2.68895,1296,10/27/2015,October,Tenebrionidae Other,,,Sample lost,NWT
WC24NE3,ALF,WC24NE34,N33.85555 W2.68944,33.85555,2.68944,1298,10/27/2015,October,Messor,,,Sample lost,NWT
WC24NE3,ALF,WC24NE34,N33.85555 W2.68944,33.85555,2.68944,1298,10/27/2015,October,Other,,,Sample lost,NWT
WC24NE3,ALF,WC24NE34,N33.85555 W2.68944,33.85555,2.68944,1298,10/27/2015,October,Tenebrionidae Diet,,,Sample lost,NWT
WC24NE3,ALF,WC24NE34,N33.85555 W2.68944,33.85555,2.68944,1298,10/27/2015,October,Tenebrionidae Other,,,Sample lost,NWT
WC24NE4,ALF,WC24NE41,N33.85622 W2.71620,33.85622,2.7162,1323,10/27/2015,October,Messor,,,Sample lost,NWT
WC24NE4,ALF,WC24NE41,N33.85622 W2.71620,33.85622,2.7162,1323,10/27/2015,October,Other,,,Sample lost,NWT
WC24NE4,ALF,WC24NE41,N33.85622 W2.71620,33.85622,2.7162,1323,10/27/2015,October,Tenebrionidae Diet,,,Sample lost,NWT
WC24NE4,ALF,WC24NE41,N33.85622 W2.71620,33.85622,2.7162,1323,10/27/2015,October,Tenebrionidae Other,,,Sample lost,NWT
WC24NE4,ALF,WC24NE42,N33.85611 W2.71567,33.85611,2.71567,1332,10/27/2015,October,Messor,,,Sample lost,NWT
WC24NE4,ALF,WC24NE42,N33.85611 W2.71567,33.85611,2.71567,1332,10/27/2015,October,Other,,,Sample lost,NWT
WC24NE4,ALF,WC24NE42,N33.85611 W2.71567,33.85611,2.71567,1332,10/27/2015,October,Tenebrionidae Diet,,,Sample lost,NWT
WC24NE4,ALF,WC24NE42,N33.85611 W2.71567,33.85611,2.71567,1332,10/27/2015,October,Tenebrionidae Other,,,Sample lost,NWT
WC24NE4,ALF,WC24NE43,N33.85566 W2.71581,33.85566,2.71581,1331,10/27/2015,October,Messor,,,Sample lost,NWT
WC24NE4,ALF,WC24NE43,N33.85566 W2.71581,33.85566,2.71581,1331,10/27/2015,October,Other,,,Sample lost,NWT
WC24NE4,ALF,WC24NE43,N33.85566 W2.71581,33.85566,2.71581,1331,10/27/2015,October,Tenebrionidae Diet,,,Sample lost,NWT
WC24NE4,ALF,WC24NE43,N33.85566 W2.71581,33.85566,2.71581,1331,10/27/2015,October,Tenebrionidae Other,,,Sample lost,NWT
WC24NE4,ALF,WC24NE44,N33.85576 W2.71628,33.85576,2.71628,1327,10/27/2015,October,Messor,0,0,,WT
WC24NE4,ALF,WC24NE44,N33.85576 W2.71628,33.85576,2.71628,1327,10/27/2015,October,Other,,0,,WT
WC24NE4,ALF,WC24NE44,N33.85576 W2.71628,33.85576,2.71628,1327,10/27/2015,October,Tenebrionidae Diet,1,1.02328,,WT
WC24NE4,ALF,WC24NE44,N33.85576 W2.71628,33.85576,2.71628,1327,10/27/2015,October,Tenebrionidae Other,0,0,,WT
WC24NE5,ALF,WC24NE51,N33.86736 W2.70264,33.86736,2.70264,1332,10/27/2015,October,Messor,0,0,,WT
WC24NE5,ALF,WC24NE51,N33.86736 W2.70264,33.86736,2.70264,1332,10/27/2015,October,Other,,0.00205,,WT
WC24NE5,ALF,WC24NE51,N33.86736 W2.70264,33.86736,2.70264,1332,10/27/2015,October,Tenebrionidae Diet,0,0,,WT
WC24NE5,ALF,WC24NE51,N33.86736 W2.70264,33.86736,2.70264,1332,10/27/2015,October,Tenebrionidae Other,0,0,,WT
WC24NE5,ALF,WC24NE52,N33.86744 W2.70212,33.86744,2.70212,1336,10/27/2015,October,Messor,,,Sample lost,NWT
WC24NE5,ALF,WC24NE52,N33.86744 W2.70212,33.86744,2.70212,1336,10/27/2015,October,Other,,,Sample lost,NWT
WC24NE5,ALF,WC24NE52,N33.86744 W2.70212,33.86744,2.70212,1336,10/27/2015,October,Tenebrionidae Diet,,,Sample lost,NWT
WC24NE5,ALF,WC24NE52,N33.86744 W2.70212,33.86744,2.70212,1336,10/27/2015,October,Tenebrionidae Other,,,Sample lost,NWT
WC24NE5,ALF,WC24NE53,N33.86705 W2.70191,33.86705,2.70191,1334,10/27/2015,October,Messor,0,0,,WT
WC24NE5,ALF,WC24NE53,N33.86705 W2.70191,33.86705,2.70191,1334,10/27/2015,October,Other,,0.00154,,WT
WC24NE5,ALF,WC24NE53,N33.86705 W2.70191,33.86705,2.70191,1334,10/27/2015,October,Tenebrionidae Diet,0,0,,WT
WC24NE5,ALF,WC24NE53,N33.86705 W2.70191,33.86705,2.70191,1334,10/27/2015,October,Tenebrionidae Other,0,0,,WT
WC24NE5,ALF,WC24NE54,N33.86694 W2.70239,33.86694,2.70239,1332,10/27/2015,October,Messor,1,0.00044,,WT
WC24NE5,ALF,WC24NE54,N33.86694 W2.70239,33.86694,2.70239,1332,10/27/2015,October,Other,,0.00807,,WT
WC24NE5,ALF,WC24NE54,N33.86694 W2.70239,33.86694,2.70239,1332,10/27/2015,October,Tenebrionidae Diet,0,0,,WT
WC24NE5,ALF,WC24NE54,N33.86694 W2.70239,33.86694,2.70239,1332,10/27/2015,October,Tenebrionidae Other,0,0,,WT
VB02SE1,REG,VB02SE11,N32.74766 W4.00092,32.74766,4.00092,1243,10/28/2015,October,Messor,3,0.00601,,NWT
VB02SE1,REG,VB02SE11,N32.74766 W4.00092,32.74766,4.00092,1243,10/28/2015,October,Other,,0.04654,,NWT
VB02SE1,REG,VB02SE11,N32.74766 W4.00092,32.74766,4.00092,1243,10/28/2015,October,Tenebrionidae Diet,0,0,,NWT
VB02SE1,REG,VB02SE11,N32.74766 W4.00092,32.74766,4.00092,1243,10/28/2015,October,Tenebrionidae Other,0,0,,NWT
VB02SE1,REG,VB02SE12,N32.74736 W4.00046,32.74736,4.00046,1239,10/28/2015,October,Messor,1,0.0018,,NWT
VB02SE1,REG,VB02SE12,N32.74736 W4.00046,32.74736,4.00046,1239,10/28/2015,October,Other,,0.07139,,NWT
VB02SE1,REG,VB02SE12,N32.74736 W4.00046,32.74736,4.00046,1239,10/28/2015,October,Tenebrionidae Diet,0,0,,NWT
VB02SE1,REG,VB02SE12,N32.74736 W4.00046,32.74736,4.00046,1239,10/28/2015,October,Tenebrionidae Other,0,0,,NWT
VB02SE1,REG,VB02SE13,N32.74702 W4.00076,32.74702,4.00076,1242,10/28/2015,October,Messor,0,0,,NWT
VB02SE1,REG,VB02SE13,N32.74702 W4.00076,32.74702,4.00076,1242,10/28/2015,October,Other,,0.00143,,NWT
VB02SE1,REG,VB02SE13,N32.74702 W4.00076,32.74702,4.00076,1242,10/28/2015,October,Tenebrionidae Diet,1,0.1049,,NWT
VB02SE1,REG,VB02SE13,N32.74702 W4.00076,32.74702,4.00076,1242,10/28/2015,October,Tenebrionidae Other,0,0,,NWT
VB02SE1,REG,VB02SE14,N32.74727 W4.00115,32.74727,4.00115,1244,10/28/2015,October,Messor,7,0.00851,,NWT
VB02SE1,REG,VB02SE14,N32.74727 W4.00115,32.74727,4.00115,1244,10/28/2015,October,Other,,0.00559,,NWT
VB02SE1,REG,VB02SE14,N32.74727 W4.00115,32.74727,4.00115,1244,10/28/2015,October,Tenebrionidae Diet,0,0,,NWT
VB02SE1,REG,VB02SE14,N32.74727 W4.00115,32.74727,4.00115,1244,10/28/2015,October,Tenebrionidae Other,0,0,,NWT
VB02SE2,REG,VB02SE21,N32.74785 W3.97404,32.74785,3.97404,1248,10/28/2015,October,Messor,1,0.00142,,NWT
VB02SE2,REG,VB02SE21,N32.74785 W3.97404,32.74785,3.97404,1248,10/28/2015,October,Other,,0.0336,,NWT
VB02SE2,REG,VB02SE21,N32.74785 W3.97404,32.74785,3.97404,1248,10/28/2015,October,Tenebrionidae Diet,0,0,,NWT
VB02SE2,REG,VB02SE21,N32.74785 W3.97404,32.74785,3.97404,1248,10/28/2015,October,Tenebrionidae Other,0,0,,NWT
VB02SE2,REG,VB02SE22,N32.74783 W3.97352,32.74783,3.97352,1249,10/28/2015,October,Messor,1,0.00166,,NWT
VB02SE2,REG,VB02SE22,N32.74783 W3.97352,32.74783,3.97352,1249,10/28/2015,October,Other,,0.10394,,NWT
VB02SE2,REG,VB02SE22,N32.74783 W3.97352,32.74783,3.97352,1249,10/28/2015,October,Tenebrionidae Diet,0,0,,NWT
VB02SE2,REG,VB02SE22,N32.74783 W3.97352,32.74783,3.97352,1249,10/28/2015,October,Tenebrionidae Other,0,0,,NWT
VB02SE2,REG,VB02SE23,N32.74735 W3.97371,32.74735,3.97371,1251,10/28/2015,October,Messor,0,0,,NWT
VB02SE2,REG,VB02SE23,N32.74735 W3.97371,32.74735,3.97371,1251,10/28/2015,October,Other,,0.11059,,NWT
VB02SE2,REG,VB02SE23,N32.74735 W3.97371,32.74735,3.97371,1251,10/28/2015,October,Tenebrionidae Diet,0,0,,NWT
VB02SE2,REG,VB02SE23,N32.74735 W3.97371,32.74735,3.97371,1251,10/28/2015,October,Tenebrionidae Other,0,0,,NWT
VB02SE2,REG,VB02SE24,N32.74743 W3.97413,32.74743,3.97413,1251,10/28/2015,October,Messor,0,0,,NWT
VB02SE2,REG,VB02SE24,N32.74743 W3.97413,32.74743,3.97413,1251,10/28/2015,October,Other,,0.05845,,NWT
VB02SE2,REG,VB02SE24,N32.74743 W3.97413,32.74743,3.97413,1251,10/28/2015,October,Tenebrionidae Diet,0,0,,NWT
VB02SE2,REG,VB02SE24,N32.74743 W3.97413,32.74743,3.97413,1251,10/28/2015,October,Tenebrionidae Other,0,0,,NWT
VB02SE3,REG,VB02SE31,N32.72507 W3.97363,32.72507,3.97363,1310,10/28/2015,October,Messor,0,0,,NWT
VB02SE3,REG,VB02SE31,N32.72507 W3.97363,32.72507,3.97363,1310,10/28/2015,October,Other,,0.03565,,NWT
VB02SE3,REG,VB02SE31,N32.72507 W3.97363,32.72507,3.97363,1310,10/28/2015,October,Tenebrionidae Diet,1,0.98326,,NWT
VB02SE3,REG,VB02SE31,N32.72507 W3.97363,32.72507,3.97363,1310,10/28/2015,October,Tenebrionidae Other,0,0,,NWT
VB02SE3,REG,VB02SE32,N32.72493 W3.97316,32.72493,3.97316,1310,10/28/2015,October,Messor,2,0.00217,,NWT
VB02SE3,REG,VB02SE32,N32.72493 W3.97316,32.72493,3.97316,1310,10/28/2015,October,Other,,0.1472,,NWT
VB02SE3,REG,VB02SE32,N32.72493 W3.97316,32.72493,3.97316,1310,10/28/2015,October,Tenebrionidae Diet,0,0,,NWT
VB02SE3,REG,VB02SE32,N32.72493 W3.97316,32.72493,3.97316,1310,10/28/2015,October,Tenebrionidae Other,0,0,,NWT
VB02SE3,REG,VB02SE33,N32.72454 W3.97339,32.72454,3.97339,1310,10/28/2015,October,Messor,0,0,,NWT
VB02SE3,REG,VB02SE33,N32.72454 W3.97339,32.72454,3.97339,1310,10/28/2015,October,Other,,0.00392,,NWT
VB02SE3,REG,VB02SE33,N32.72454 W3.97339,32.72454,3.97339,1310,10/28/2015,October,Tenebrionidae Diet,1,0.08673,,NWT
VB02SE3,REG,VB02SE33,N32.72454 W3.97339,32.72454,3.97339,1310,10/28/2015,October,Tenebrionidae Other,0,0,,NWT
VB02SE3,REG,VB02SE34,N32.72474 W3.97383,32.72474,3.97383,1311,10/28/2015,October,Messor,,,Jar disappeared,NWT
VB02SE3,REG,VB02SE34,N32.72474 W3.97383,32.72474,3.97383,1311,10/28/2015,October,Other,,,Jar disappeared,NWT
VB02SE3,REG,VB02SE34,N32.72474 W3.97383,32.72474,3.97383,1311,10/28/2015,October,Tenebrionidae Diet,,,Jar disappeared,NWT
VB02SE3,REG,VB02SE34,N32.72474 W3.97383,32.72474,3.97383,1311,10/28/2015,October,Tenebrionidae Other,,,Jar disappeared,NWT
VB02SE4,ALF,VB02SE41,N32.72484 W4.00028,32.72484,4.00028,1308,10/28/2015,October,Messor,1,0.00141,,NWT
VB02SE4,ALF,VB02SE41,N32.72484 W4.00028,32.72484,4.00028,1308,10/28/2015,October,Other,,0.04168,,NWT
VB02SE4,ALF,VB02SE41,N32.72484 W4.00028,32.72484,4.00028,1308,10/28/2015,October,Tenebrionidae Diet,0,0,,NWT
VB02SE4,ALF,VB02SE41,N32.72484 W4.00028,32.72484,4.00028,1308,10/28/2015,October,Tenebrionidae Other,0,0,,NWT
VB02SE4,ALF,VB02SE42,N32.72478 W3.99975,32.72478,3.99975,1309,10/28/2015,October,Messor,0,0,,NWT
VB02SE4,ALF,VB02SE42,N32.72478 W3.99975,32.72478,3.99975,1309,10/28/2015,October,Other,,0.11542,,NWT
VB02SE4,ALF,VB02SE42,N32.72478 W3.99975,32.72478,3.99975,1309,10/28/2015,October,Tenebrionidae Diet,0,0,,NWT
VB02SE4,ALF,VB02SE42,N32.72478 W3.99975,32.72478,3.99975,1309,10/28/2015,October,Tenebrionidae Other,0,0,,NWT
VB02SE4,ALF,VB02SE43,N32.72429 W3.99980,32.72429,3.9998,1307,10/28/2015,October,Messor,3,0.00187,,NWT
VB02SE4,ALF,VB02SE43,N32.72429 W3.99980,32.72429,3.9998,1307,10/28/2015,October,Other,,0.02138,,NWT
VB02SE4,ALF,VB02SE43,N32.72429 W3.99980,32.72429,3.9998,1307,10/28/2015,October,Tenebrionidae Diet,1,0.08342,,NWT
VB02SE4,ALF,VB02SE43,N32.72429 W3.99980,32.72429,3.9998,1307,10/28/2015,October,Tenebrionidae Other,0,0,,NWT
VB02SE4,ALF,VB02SE44,N32.72434 W4.00026,32.72434,4.00026,1305,10/28/2015,October,Messor,0,0,,NWT
VB02SE4,ALF,VB02SE44,N32.72434 W4.00026,32.72434,4.00026,1305,10/28/2015,October,Other,,0.08406,,NWT
VB02SE4,ALF,VB02SE44,N32.72434 W4.00026,32.72434,4.00026,1305,10/28/2015,October,Tenebrionidae Diet,0,0,,NWT
VB02SE4,ALF,VB02SE44,N32.72434 W4.00026,32.72434,4.00026,1305,10/28/2015,October,Tenebrionidae Other,0,0,,NWT
VB02SE5,EPA,VB02SE51,N32.73640 W3.98738,32.7364,3.98738,1271,10/28/2015,October,Messor,5,0.00574,,NWT
VB02SE5,EPA,VB02SE51,N32.73640 W3.98738,32.7364,3.98738,1271,10/28/2015,October,Other,,0.07765,,NWT
VB02SE5,EPA,VB02SE51,N32.73640 W3.98738,32.7364,3.98738,1271,10/28/2015,October,Tenebrionidae Diet,0,0,,NWT
VB02SE5,EPA,VB02SE51,N32.73640 W3.98738,32.7364,3.98738,1271,10/28/2015,October,Tenebrionidae Other,0,0,,NWT
VB02SE5,EPA,VB02SE52,N32.73637 W3.98682,32.73637,3.98682,1271,10/28/2015,October,Messor,7,0.00991,,NWT
VB02SE5,EPA,VB02SE52,N32.73637 W3.98682,32.73637,3.98682,1271,10/28/2015,October,Other,,0.09523,,NWT
VB02SE5,EPA,VB02SE52,N32.73637 W3.98682,32.73637,3.98682,1271,10/28/2015,October,Tenebrionidae Diet,0,0,,NWT
VB02SE5,EPA,VB02SE52,N32.73637 W3.98682,32.73637,3.98682,1271,10/28/2015,October,Tenebrionidae Other,0,0,,NWT
VB02SE5,EPA,VB02SE53,N32.73590 W3.98689,32.7359,3.98689,1271,10/28/2015,October,Messor,9,0.01503,,NWT
VB02SE5,EPA,VB02SE53,N32.73590 W3.98689,32.7359,3.98689,1271,10/28/2015,October,Other,,0.08937,,NWT
VB02SE5,EPA,VB02SE53,N32.73590 W3.98689,32.7359,3.98689,1271,10/28/2015,October,Tenebrionidae Diet,0,0,,NWT
VB02SE5,EPA,VB02SE53,N32.73590 W3.98689,32.7359,3.98689,1271,10/28/2015,October,Tenebrionidae Other,0,0,,NWT
VB02SE5,EPA,VB02SE54,N32.73597 W3.98743,32.73597,3.98743,1269,10/28/2015,October,Messor,3,0.00351,,NWT
VB02SE5,EPA,VB02SE54,N32.73597 W3.98743,32.73597,3.98743,1269,10/28/2015,October,Other,,0.09303,,NWT
VB02SE5,EPA,VB02SE54,N32.73597 W3.98743,32.73597,3.98743,1269,10/28/2015,October,Tenebrionidae Diet,1,0.10577,,NWT
VB02SE5,EPA,VB02SE54,N32.73597 W3.98743,32.73597,3.98743,1269,10/28/2015,October,Tenebrionidae Other,0,0,,NWT
VB85SE1,REG,VB85SE11,N33.02225 W3.14701,33.02225,3.14701,1608,10/28/2015,October,Messor,0,0,,WT
VB85SE1,REG,VB85SE11,N33.02225 W3.14701,33.02225,3.14701,1608,10/28/2015,October,Other,,0.01815,,WT
VB85SE1,REG,VB85SE11,N33.02225 W3.14701,33.02225,3.14701,1608,10/28/2015,October,Tenebrionidae Diet,2,2.37663,,WT
VB85SE1,REG,VB85SE11,N33.02225 W3.14701,33.02225,3.14701,1608,10/28/2015,October,Tenebrionidae Other,0,0,,WT
VB85SE1,REG,VB85SE12,N33.02240 W3.14654,33.0224,3.14654,1611,10/28/2015,October,Messor,2,0.0018,,WT
VB85SE1,REG,VB85SE12,N33.02240 W3.14654,33.0224,3.14654,1611,10/28/2015,October,Other,,0.03849,,WT
VB85SE1,REG,VB85SE12,N33.02240 W3.14654,33.0224,3.14654,1611,10/28/2015,October,Tenebrionidae Diet,1,0.08646,,WT
VB85SE1,REG,VB85SE12,N33.02240 W3.14654,33.0224,3.14654,1611,10/28/2015,October,Tenebrionidae Other,0,0,,WT
VB85SE1,REG,VB85SE13,N33.02195 W3.14638,33.02195,3.14638,1611,10/28/2015,October,Messor,2,0.00472,,BP
VB85SE1,REG,VB85SE13,N33.02195 W3.14638,33.02195,3.14638,1611,10/28/2015,October,Other,,0,,BP
VB85SE1,REG,VB85SE13,N33.02195 W3.14638,33.02195,3.14638,1611,10/28/2015,October,Tenebrionidae Diet,0,0,,BP
VB85SE1,REG,VB85SE13,N33.02195 W3.14638,33.02195,3.14638,1611,10/28/2015,October,Tenebrionidae Other,0,0,,BP
VB85SE1,REG,VB85SE14,N33.02184 W3.14681,33.02184,3.14681,1614,10/28/2015,October,Messor,3,0.00606,,BP
VB85SE1,REG,VB85SE14,N33.02184 W3.14681,33.02184,3.14681,1614,10/28/2015,October,Other,,0.00452,,BP
VB85SE1,REG,VB85SE14,N33.02184 W3.14681,33.02184,3.14681,1614,10/28/2015,October,Tenebrionidae Diet,1,0.0803,,BP
VB85SE1,REG,VB85SE14,N33.02184 W3.14681,33.02184,3.14681,1614,10/28/2015,October,Tenebrionidae Other,0,0,,BP
VB85SE2,REG,VB85SE21,N33.02230 W3.12067,33.0223,3.12067,1620,10/28/2015,October,Messor,665,0.7775,,WT
VB85SE2,REG,VB85SE21,N33.02230 W3.12067,33.0223,3.12067,1620,10/28/2015,October,Other,,0.04583,,WT
VB85SE2,REG,VB85SE21,N33.02230 W3.12067,33.0223,3.12067,1620,10/28/2015,October,Tenebrionidae Diet,0,0,,WT
VB85SE2,REG,VB85SE21,N33.02230 W3.12067,33.0223,3.12067,1620,10/28/2015,October,Tenebrionidae Other,0,0,,WT
VB85SE2,REG,VB85SE22,N33.02235 W3.12014,33.02235,3.12014,1622,10/28/2015,October,Messor,2,0.00169,,WT
VB85SE2,REG,VB85SE22,N33.02235 W3.12014,33.02235,3.12014,1622,10/28/2015,October,Other,,0.00085,,WT
VB85SE2,REG,VB85SE22,N33.02235 W3.12014,33.02235,3.12014,1622,10/28/2015,October,Tenebrionidae Diet,1,0.05279,,WT
VB85SE2,REG,VB85SE22,N33.02235 W3.12014,33.02235,3.12014,1622,10/28/2015,October,Tenebrionidae Other,0,0,,WT
VB85SE2,REG,VB85SE23,N33.02197 W3.12003,33.02197,3.12003,1622,10/28/2015,October,Messor,,,Jar disappeared,NWT
VB85SE2,REG,VB85SE23,N33.02197 W3.12003,33.02197,3.12003,1622,10/28/2015,October,Other,,,Jar disappeared,NWT
VB85SE2,REG,VB85SE23,N33.02197 W3.12003,33.02197,3.12003,1622,10/28/2015,October,Tenebrionidae Diet,,,Jar disappeared,NWT
VB85SE2,REG,VB85SE23,N33.02197 W3.12003,33.02197,3.12003,1622,10/28/2015,October,Tenebrionidae Other,,,Jar disappeared,NWT
VB85SE2,REG,VB85SE24,N33.02182 W3.12052,33.02182,3.12052,1620,10/28/2015,October,Messor,,,Jar disappeared,NWT
VB85SE2,REG,VB85SE24,N33.02182 W3.12052,33.02182,3.12052,1620,10/28/2015,October,Other,,,Jar disappeared,NWT
VB85SE2,REG,VB85SE24,N33.02182 W3.12052,33.02182,3.12052,1620,10/28/2015,October,Tenebrionidae Diet,,,Jar disappeared,NWT
VB85SE2,REG,VB85SE24,N33.02182 W3.12052,33.02182,3.12052,1620,10/28/2015,October,Tenebrionidae Other,,,Jar disappeared,NWT
VB85SE3,REG,VB85SE31,N32.99997 W3.12066,32.99997,3.12066,1627,10/28/2015,October,Messor,0,0,,BP
VB85SE3,REG,VB85SE31,N32.99997 W3.12066,32.99997,3.12066,1627,10/28/2015,October,Other,,0.00619,,BP
VB85SE3,REG,VB85SE31,N32.99997 W3.12066,32.99997,3.12066,1627,10/28/2015,October,Tenebrionidae Diet,3,0.17114,,BP
VB85SE3,REG,VB85SE31,N32.99997 W3.12066,32.99997,3.12066,1627,10/28/2015,October,Tenebrionidae Other,0,0,,BP
VB85SE3,REG,VB85SE32,N32.99995 W3.12010,32.99995,3.1201,1632,10/28/2015,October,Messor,0,0,,BP
VB85SE3,REG,VB85SE32,N32.99995 W3.12010,32.99995,3.1201,1632,10/28/2015,October,Other,,0,,BP
VB85SE3,REG,VB85SE32,N32.99995 W3.12010,32.99995,3.1201,1632,10/28/2015,October,Tenebrionidae Diet,3,0.19169,,BP
VB85SE3,REG,VB85SE32,N32.99995 W3.12010,32.99995,3.1201,1632,10/28/2015,October,Tenebrionidae Other,0,0,,BP
VB85SE3,REG,VB85SE33,N32.99948 W3.12014,32.99948,3.12014,1630,10/28/2015,October,Messor,3,0.00259,,WT
VB85SE3,REG,VB85SE33,N32.99948 W3.12014,32.99948,3.12014,1630,10/28/2015,October,Other,,0.03924,,WT
VB85SE3,REG,VB85SE33,N32.99948 W3.12014,32.99948,3.12014,1630,10/28/2015,October,Tenebrionidae Diet,0,0,,WT
VB85SE3,REG,VB85SE33,N32.99948 W3.12014,32.99948,3.12014,1630,10/28/2015,October,Tenebrionidae Other,0,0,,WT
VB85SE3,REG,VB85SE34,N32.99953 W3.12060,32.99953,3.1206,1626,10/28/2015,October,Messor,6,0.00871,,WT
VB85SE3,REG,VB85SE34,N32.99953 W3.12060,32.99953,3.1206,1626,10/28/2015,October,Other,,0.00079,,WT
VB85SE3,REG,VB85SE34,N32.99953 W3.12060,32.99953,3.1206,1626,10/28/2015,October,Tenebrionidae Diet,0,0,,WT
VB85SE3,REG,VB85SE34,N32.99953 W3.12060,32.99953,3.1206,1626,10/28/2015,October,Tenebrionidae Other,0,0,,WT
VB85SE4,REG,VB85SE41,N32.99953 W3.14716,32.99953,3.14716,1640,10/28/2015,October,Messor,0,0,,WT
VB85SE4,REG,VB85SE41,N32.99953 W3.14716,32.99953,3.14716,1640,10/28/2015,October,Other,,0.00042,,WT
VB85SE4,REG,VB85SE41,N32.99953 W3.14716,32.99953,3.14716,1640,10/28/2015,October,Tenebrionidae Diet,0,0,,WT
VB85SE4,REG,VB85SE41,N32.99953 W3.14716,32.99953,3.14716,1640,10/28/2015,October,Tenebrionidae Other,0,0,,WT
VB85SE4,REG,VB85SE42,N32.99926 W3.14677,32.99926,3.14677,1642,10/28/2015,October,Messor,2,0.00155,,WT
VB85SE4,REG,VB85SE42,N32.99926 W3.14677,32.99926,3.14677,1642,10/28/2015,October,Other,,0.00125,,WT
VB85SE4,REG,VB85SE42,N32.99926 W3.14677,32.99926,3.14677,1642,10/28/2015,October,Tenebrionidae Diet,0,0,,WT
VB85SE4,REG,VB85SE42,N32.99926 W3.14677,32.99926,3.14677,1642,10/28/2015,October,Tenebrionidae Other,0,0,,WT
VB85SE4,REG,VB85SE43,N32.99884 W3.14708,32.99884,3.14708,1643,10/28/2015,October,Messor,11,0.01334,,WT
VB85SE4,REG,VB85SE43,N32.99884 W3.14708,32.99884,3.14708,1643,10/28/2015,October,Other,,0.00779,,WT
VB85SE4,REG,VB85SE43,N32.99884 W3.14708,32.99884,3.14708,1643,10/28/2015,October,Tenebrionidae Diet,2,0.0756,,WT
VB85SE4,REG,VB85SE43,N32.99884 W3.14708,32.99884,3.14708,1643,10/28/2015,October,Tenebrionidae Other,0,0,,WT
VB85SE4,REG,VB85SE44,N32.99907 W3.14739,32.99907,3.14739,1637,10/28/2015,October,Messor,1,0.00156,,WT
VB85SE4,REG,VB85SE44,N32.99907 W3.14739,32.99907,3.14739,1637,10/28/2015,October,Other,,0.01395,,WT
VB85SE4,REG,VB85SE44,N32.99907 W3.14739,32.99907,3.14739,1637,10/28/2015,October,Tenebrionidae Diet,1,0.05546,,WT
VB85SE4,REG,VB85SE44,N32.99907 W3.14739,32.99907,3.14739,1637,10/28/2015,October,Tenebrionidae Other,0,0,,WT
VB85SE5,REG,VB85SE51,N33.01084 W3.13399,33.01084,3.13399,1624,10/28/2015,October,Messor,2,0.00383,,WT
VB85SE5,REG,VB85SE51,N33.01084 W3.13399,33.01084,3.13399,1624,10/28/2015,October,Other,,0,,WT
VB85SE5,REG,VB85SE51,N33.01084 W3.13399,33.01084,3.13399,1624,10/28/2015,October,Tenebrionidae Diet,0,0,,WT
VB85SE5,REG,VB85SE51,N33.01084 W3.13399,33.01084,3.13399,1624,10/28/2015,October,Tenebrionidae Other,0,0,,WT
VB85SE5,REG,VB85SE52,N33.01053 W3.13369,33.01053,3.13369,1623,10/28/2015,October,Messor,3,0.00352,,WT
VB85SE5,REG,VB85SE52,N33.01053 W3.13369,33.01053,3.13369,1623,10/28/2015,October,Other,,0.0042,,WT
VB85SE5,REG,VB85SE52,N33.01053 W3.13369,33.01053,3.13369,1623,10/28/2015,October,Tenebrionidae Diet,0,0,,WT
VB85SE5,REG,VB85SE52,N33.01053 W3.13369,33.01053,3.13369,1623,10/28/2015,October,Tenebrionidae Other,0,0,,WT
VB85SE5,REG,VB85SE53,N33.01022 W3.13411,33.01022,3.13411,1625,10/28/2015,October,Messor,0,0,,WT
VB85SE5,REG,VB85SE53,N33.01022 W3.13411,33.01022,3.13411,1625,10/28/2015,October,Other,,0.0002,,WT
VB85SE5,REG,VB85SE53,N33.01022 W3.13411,33.01022,3.13411,1625,10/28/2015,October,Tenebrionidae Diet,1,0.07383,,WT
VB85SE5,REG,VB85SE53,N33.01022 W3.13411,33.01022,3.13411,1625,10/28/2015,October,Tenebrionidae Other,0,0,,WT
VB85SE5,REG,VB85SE54,N33.01048 W3.13434,33.01048,3.13434,1627,10/28/2015,October,Messor,0,0,,WT
VB85SE5,REG,VB85SE54,N33.01048 W3.13434,33.01048,3.13434,1627,10/28/2015,October,Other,,0.02091,,WT
VB85SE5,REG,VB85SE54,N33.01048 W3.13434,33.01048,3.13434,1627,10/28/2015,October,Tenebrionidae Diet,1,0.04567,,WT
VB85SE5,REG,VB85SE54,N33.01048 W3.13434,33.01048,3.13434,1627,10/28/2015,October,Tenebrionidae Other,0,0,,WT
UB24SW1,REG,UB24SW11,N32.91747 W4.91167,32.91747,4.91167,1509,10/29/2015,October,Messor,0,0,,WT
UB24SW1,REG,UB24SW11,N32.91747 W4.91167,32.91747,4.91167,1509,10/29/2015,October,Other,,0.0154,,WT
UB24SW1,REG,UB24SW11,N32.91747 W4.91167,32.91747,4.91167,1509,10/29/2015,October,Tenebrionidae Diet,2,0.0703,,WT
UB24SW1,REG,UB24SW11,N32.91747 W4.91167,32.91747,4.91167,1509,10/29/2015,October,Tenebrionidae Other,0,0,,WT
UB24SW1,REG,UB24SW12,N32.91754 W4.91112,32.91754,4.91112,1524,10/29/2015,October,Messor,1,0.00184,,WT
UB24SW1,REG,UB24SW12,N32.91754 W4.91112,32.91754,4.91112,1524,10/29/2015,October,Other,,0.01697,,WT
UB24SW1,REG,UB24SW12,N32.91754 W4.91112,32.91754,4.91112,1524,10/29/2015,October,Tenebrionidae Diet,0,0,,WT
UB24SW1,REG,UB24SW12,N32.91754 W4.91112,32.91754,4.91112,1524,10/29/2015,October,Tenebrionidae Other,0,0,,WT
UB24SW1,REG,UB24SW13,N32.91713 W4.91102,32.91713,4.91102,1525,10/29/2015,October,Messor,0,0,,WT
UB24SW1,REG,UB24SW13,N32.91713 W4.91102,32.91713,4.91102,1525,10/29/2015,October,Other,,0.18031,,WT
UB24SW1,REG,UB24SW13,N32.91713 W4.91102,32.91713,4.91102,1525,10/29/2015,October,Tenebrionidae Diet,0,0,,WT
UB24SW1,REG,UB24SW13,N32.91713 W4.91102,32.91713,4.91102,1525,10/29/2015,October,Tenebrionidae Other,0,0,,WT
UB24SW1,REG,UB24SW14,N32.91705 W4.91159,32.91705,4.91159,1525,10/29/2015,October,Messor,2,0.0019,,WT
UB24SW1,REG,UB24SW14,N32.91705 W4.91159,32.91705,4.91159,1525,10/29/2015,October,Other,,0.03384,,WT
UB24SW1,REG,UB24SW14,N32.91705 W4.91159,32.91705,4.91159,1525,10/29/2015,October,Tenebrionidae Diet,1,0.04451,,WT
UB24SW1,REG,UB24SW14,N32.91705 W4.91159,32.91705,4.91159,1525,10/29/2015,October,Tenebrionidae Other,0,0,,WT
UB24SW2,REG,UB24SW21,N32.91781 W4.88501,32.91781,4.88501,1517,10/29/2015,October,Messor,0,0,,WT
UB24SW2,REG,UB24SW21,N32.91781 W4.88501,32.91781,4.88501,1517,10/29/2015,October,Other,,0.00397,,WT
UB24SW2,REG,UB24SW21,N32.91781 W4.88501,32.91781,4.88501,1517,10/29/2015,October,Tenebrionidae Diet,1,0.01151,,WT
UB24SW2,REG,UB24SW21,N32.91781 W4.88501,32.91781,4.88501,1517,10/29/2015,October,Tenebrionidae Other,0,0,,WT
UB24SW2,REG,UB24SW22,N32.91751 W4.88460,32.91751,4.8846,1520,10/29/2015,October,Messor,0,0,,WT
UB24SW2,REG,UB24SW22,N32.91751 W4.88460,32.91751,4.8846,1520,10/29/2015,October,Other,,0.01031,,WT
UB24SW2,REG,UB24SW22,N32.91751 W4.88460,32.91751,4.8846,1520,10/29/2015,October,Tenebrionidae Diet,0,0,,WT
UB24SW2,REG,UB24SW22,N32.91751 W4.88460,32.91751,4.8846,1520,10/29/2015,October,Tenebrionidae Other,0,0,,WT
UB24SW2,REG,UB24SW23,N32.91723 W4.88494,32.91723,4.88494,1515,10/29/2015,October,Messor,0,0,,WT
UB24SW2,REG,UB24SW23,N32.91723 W4.88494,32.91723,4.88494,1515,10/29/2015,October,Other,,0.01648,,WT
UB24SW2,REG,UB24SW23,N32.91723 W4.88494,32.91723,4.88494,1515,10/29/2015,October,Tenebrionidae Diet,0,0,,WT
UB24SW2,REG,UB24SW23,N32.91723 W4.88494,32.91723,4.88494,1515,10/29/2015,October,Tenebrionidae Other,0,0,,WT
UB24SW2,REG,UB24SW24,N32.91750 W4.88533,32.9175,4.88533,1511,10/29/2015,October,Messor,0,0,,WT
UB24SW2,REG,UB24SW24,N32.91750 W4.88533,32.9175,4.88533,1511,10/29/2015,October,Other,,0.00331,,WT
UB24SW2,REG,UB24SW24,N32.91750 W4.88533,32.9175,4.88533,1511,10/29/2015,October,Tenebrionidae Diet,0,0,,WT
UB24SW2,REG,UB24SW24,N32.91750 W4.88533,32.9175,4.88533,1511,10/29/2015,October,Tenebrionidae Other,0,0,,WT
UB24SW3,EPA,UB24SW31,N32.89505 W4.88427,32.89505,4.88427,1446,10/29/2015,October,Messor,0,0,,WT
UB24SW3,EPA,UB24SW31,N32.89505 W4.88427,32.89505,4.88427,1446,10/29/2015,October,Other,,0.0163,,WT
UB24SW3,EPA,UB24SW31,N32.89505 W4.88427,32.89505,4.88427,1446,10/29/2015,October,Tenebrionidae Diet,0,0,,WT
UB24SW3,EPA,UB24SW31,N32.89505 W4.88427,32.89505,4.88427,1446,10/29/2015,October,Tenebrionidae Other,0,0,,WT
UB24SW3,EPA,UB24SW32,N32.89506 W4.88386,32.89506,4.88386,1450,10/29/2015,October,Messor,0,0,,WT
UB24SW3,EPA,UB24SW32,N32.89506 W4.88386,32.89506,4.88386,1450,10/29/2015,October,Other,,0.00914,,WT
UB24SW3,EPA,UB24SW32,N32.89506 W4.88386,32.89506,4.88386,1450,10/29/2015,October,Tenebrionidae Diet,5,0.47951,,WT
UB24SW3,EPA,UB24SW32,N32.89506 W4.88386,32.89506,4.88386,1450,10/29/2015,October,Tenebrionidae Other,0,0,,WT
UB24SW3,EPA,UB24SW33,N32.89465 W4.88406,32.89465,4.88406,1438,10/29/2015,October,Messor,0,0,,WT
UB24SW3,EPA,UB24SW33,N32.89465 W4.88406,32.89465,4.88406,1438,10/29/2015,October,Other,,0.0035,,WT
UB24SW3,EPA,UB24SW33,N32.89465 W4.88406,32.89465,4.88406,1438,10/29/2015,October,Tenebrionidae Diet,2,0.04586,,WT
UB24SW3,EPA,UB24SW33,N32.89465 W4.88406,32.89465,4.88406,1438,10/29/2015,October,Tenebrionidae Other,0,0,,WT
UB24SW3,EPA,UB24SW34,N32.89477 W4.88454,32.89477,4.88454,1444,10/29/2015,October,Messor,0,0,,WT
UB24SW3,EPA,UB24SW34,N32.89477 W4.88454,32.89477,4.88454,1444,10/29/2015,October,Other,,0.02961,,WT
UB24SW3,EPA,UB24SW34,N32.89477 W4.88454,32.89477,4.88454,1444,10/29/2015,October,Tenebrionidae Diet,5,0.81198,,WT
UB24SW3,EPA,UB24SW34,N32.89477 W4.88454,32.89477,4.88454,1444,10/29/2015,October,Tenebrionidae Other,0,0,,WT
UB24SW4,EPA,UB24SW41,N32.89479 W4.91111,32.89479,4.91111,1463,10/29/2015,October,Messor,1,0.00039,,WT
UB24SW4,EPA,UB24SW41,N32.89479 W4.91111,32.89479,4.91111,1463,10/29/2015,October,Other,,0.03611,,WT
UB24SW4,EPA,UB24SW41,N32.89479 W4.91111,32.89479,4.91111,1463,10/29/2015,October,Tenebrionidae Diet,2,0.11863,,WT
UB24SW4,EPA,UB24SW41,N32.89479 W4.91111,32.89479,4.91111,1463,10/29/2015,October,Tenebrionidae Other,0,0,,WT
UB24SW4,EPA,UB24SW42,N32.89471 W4.91060,32.89471,4.9106,1458,10/29/2015,October,Messor,1,0.00055,,WT
UB24SW4,EPA,UB24SW42,N32.89471 W4.91060,32.89471,4.9106,1458,10/29/2015,October,Other,,0.09567,,WT
UB24SW4,EPA,UB24SW42,N32.89471 W4.91060,32.89471,4.9106,1458,10/29/2015,October,Tenebrionidae Diet,3,0.16179,,WT
UB24SW4,EPA,UB24SW42,N32.89471 W4.91060,32.89471,4.9106,1458,10/29/2015,October,Tenebrionidae Other,0,0,,WT
UB24SW4,EPA,UB24SW43,N32.89430 W4.91073,32.8943,4.91073,1458,10/29/2015,October,Messor,0,0,,WT
UB24SW4,EPA,UB24SW43,N32.89430 W4.91073,32.8943,4.91073,1458,10/29/2015,October,Other,,0.035,,WT
UB24SW4,EPA,UB24SW43,N32.89430 W4.91073,32.8943,4.91073,1458,10/29/2015,October,Tenebrionidae Diet,1,0.02067,,WT
UB24SW4,EPA,UB24SW43,N32.89430 W4.91073,32.8943,4.91073,1458,10/29/2015,October,Tenebrionidae Other,0,0,,WT
UB24SW4,EPA,UB24SW44,N32.89437 W4.91123,32.89437,4.91123,1457,10/29/2015,October,Messor,0,0,,WT
UB24SW4,EPA,UB24SW44,N32.89437 W4.91123,32.89437,4.91123,1457,10/29/2015,October,Other,,0.01605,,WT
UB24SW4,EPA,UB24SW44,N32.89437 W4.91123,32.89437,4.91123,1457,10/29/2015,October,Tenebrionidae Diet,1,0.02625,,WT
UB24SW4,EPA,UB24SW44,N32.89437 W4.91123,32.89437,4.91123,1457,10/29/2015,October,Tenebrionidae Other,0,0,,WT
UB24SW5,REG,UB24SW51,N32.90639 W4.89868,32.90639,4.89868,1480,10/29/2015,October,Messor,0,0,,WT
UB24SW5,REG,UB24SW51,N32.90639 W4.89868,32.90639,4.89868,1480,10/29/2015,October,Other,,0.23504,,WT
UB24SW5,REG,UB24SW51,N32.90639 W4.89868,32.90639,4.89868,1480,10/29/2015,October,Tenebrionidae Diet,0,0,,WT
UB24SW5,REG,UB24SW51,N32.90639 W4.89868,32.90639,4.89868,1480,10/29/2015,October,Tenebrionidae Other,0,0,,WT
UB24SW5,REG,UB24SW52,N32.90639 W4.89818,32.90639,4.89818,1479,10/29/2015,October,Messor,0,0,,WT
UB24SW5,REG,UB24SW52,N32.90639 W4.89818,32.90639,4.89818,1479,10/29/2015,October,Other,,0.05348,,WT
UB24SW5,REG,UB24SW52,N32.90639 W4.89818,32.90639,4.89818,1479,10/29/2015,October,Tenebrionidae Diet,1,1.54959,,WT
UB24SW5,REG,UB24SW52,N32.90639 W4.89818,32.90639,4.89818,1479,10/29/2015,October,Tenebrionidae Other,0,0,,WT
UB24SW5,REG,UB24SW53,N32.90596 W4.89816,32.90596,4.89816,1479,10/29/2015,October,Messor,0,0,,WT
UB24SW5,REG,UB24SW53,N32.90596 W4.89816,32.90596,4.89816,1479,10/29/2015,October,Other,,0.01592,,WT
UB24SW5,REG,UB24SW53,N32.90596 W4.89816,32.90596,4.89816,1479,10/29/2015,October,Tenebrionidae Diet,0,0,,WT
UB24SW5,REG,UB24SW53,N32.90596 W4.89816,32.90596,4.89816,1479,10/29/2015,October,Tenebrionidae Other,0,0,,WT
UB24SW5,REG,UB24SW54,N32.90598 W4.89869,32.90598,4.89869,1479,10/29/2015,October,Messor,0,0,,WT
UB24SW5,REG,UB24SW54,N32.90598 W4.89869,32.90598,4.89869,1479,10/29/2015,October,Other,,0.01867,,WT
UB24SW5,REG,UB24SW54,N32.90598 W4.89869,32.90598,4.89869,1479,10/29/2015,October,Tenebrionidae Diet,0,0,,WT
UB24SW5,REG,UB24SW54,N32.90598 W4.89869,32.90598,4.89869,1479,10/29/2015,October,Tenebrionidae Other,0,0,,WT
VB84NW1,REG,VB84NW11,N32.97675 W3.20088,32.97675,3.20088,1678,10/29/2015,October,Messor,5,0.01047,,WT
VB84NW1,REG,VB84NW11,N32.97675 W3.20088,32.97675,3.20088,1678,10/29/2015,October,Other,,0.00651,,WT
VB84NW1,REG,VB84NW11,N32.97675 W3.20088,32.97675,3.20088,1678,10/29/2015,October,Tenebrionidae Diet,1,0.08724,,WT
VB84NW1,REG,VB84NW11,N32.97675 W3.20088,32.97675,3.20088,1678,10/29/2015,October,Tenebrionidae Other,0,0,,WT
VB84NW1,REG,VB84NW12,N32.97648 W3.20057,32.97648,3.20057,1679,10/29/2015,October,Messor,1,0.00082,,WT
VB84NW1,REG,VB84NW12,N32.97648 W3.20057,32.97648,3.20057,1679,10/29/2015,October,Other,,0.07171,,WT
VB84NW1,REG,VB84NW12,N32.97648 W3.20057,32.97648,3.20057,1679,10/29/2015,October,Tenebrionidae Diet,1,0.07166,,WT
VB84NW1,REG,VB84NW12,N32.97648 W3.20057,32.97648,3.20057,1679,10/29/2015,October,Tenebrionidae Other,0,0,,WT
VB84NW1,REG,VB84NW13,N32.97615 W3.20109,32.97615,3.20109,1680,10/29/2015,October,Messor,313,0.49158,,NWT
VB84NW1,REG,VB84NW13,N32.97615 W3.20109,32.97615,3.20109,1680,10/29/2015,October,Other,,0.04555,,NWT
VB84NW1,REG,VB84NW13,N32.97615 W3.20109,32.97615,3.20109,1680,10/29/2015,October,Tenebrionidae Diet,0,0,,NWT
VB84NW1,REG,VB84NW13,N32.97615 W3.20109,32.97615,3.20109,1680,10/29/2015,October,Tenebrionidae Other,0,0,,NWT
VB84NW1,REG,VB84NW14,N32.97652 W3.20148,32.97652,3.20148,1678,10/29/2015,October,Messor,2,0.00217,,NWT
VB84NW1,REG,VB84NW14,N32.97652 W3.20148,32.97652,3.20148,1678,10/29/2015,October,Other,,0.03817,,NWT
VB84NW1,REG,VB84NW14,N32.97652 W3.20148,32.97652,3.20148,1678,10/29/2015,October,Tenebrionidae Diet,2,1.06504,,NWT
VB84NW1,REG,VB84NW14,N32.97652 W3.20148,32.97652,3.20148,1678,10/29/2015,October,Tenebrionidae Other,0,0,,NWT
VB84NW2,REG,VB84NW21,N32.97704 W3.17403,32.97704,3.17403,1660,10/29/2015,October,Messor,4,0.00486,,WT
VB84NW2,REG,VB84NW21,N32.97704 W3.17403,32.97704,3.17403,1660,10/29/2015,October,Other,,0.00676,,WT
VB84NW2,REG,VB84NW21,N32.97704 W3.17403,32.97704,3.17403,1660,10/29/2015,October,Tenebrionidae Diet,0,0,,WT
VB84NW2,REG,VB84NW21,N32.97704 W3.17403,32.97704,3.17403,1660,10/29/2015,October,Tenebrionidae Other,0,0,,WT
VB84NW2,REG,VB84NW22,N32.97704 W3.17352,32.97704,3.17352,1659,10/29/2015,October,Messor,7,0.00982,,WT
VB84NW2,REG,VB84NW22,N32.97704 W3.17352,32.97704,3.17352,1659,10/29/2015,October,Other,,0.02104,,WT
VB84NW2,REG,VB84NW22,N32.97704 W3.17352,32.97704,3.17352,1659,10/29/2015,October,Tenebrionidae Diet,4,0.24338,,WT
VB84NW2,REG,VB84NW22,N32.97704 W3.17352,32.97704,3.17352,1659,10/29/2015,October,Tenebrionidae Other,0,0,,WT
VB84NW2,REG,VB84NW23,N32.97657 W3.17357,32.97657,3.17357,1657,10/29/2015,October,Messor,1,0.00114,,WT
VB84NW2,REG,VB84NW23,N32.97657 W3.17357,32.97657,3.17357,1657,10/29/2015,October,Other,,0.03676,,WT
VB84NW2,REG,VB84NW23,N32.97657 W3.17357,32.97657,3.17357,1657,10/29/2015,October,Tenebrionidae Diet,1,0.06621,,WT
VB84NW2,REG,VB84NW23,N32.97657 W3.17357,32.97657,3.17357,1657,10/29/2015,October,Tenebrionidae Other,0,0,,WT
VB84NW2,REG,VB84NW24,N32.97652 W3.17399,32.97652,3.17399,1659,10/29/2015,October,Messor,14,0.01682,,WT
VB84NW2,REG,VB84NW24,N32.97652 W3.17399,32.97652,3.17399,1659,10/29/2015,October,Other,,0.50734,,WT
VB84NW2,REG,VB84NW24,N32.97652 W3.17399,32.97652,3.17399,1659,10/29/2015,October,Tenebrionidae Diet,2,0.15837,,WT
VB84NW2,REG,VB84NW24,N32.97652 W3.17399,32.97652,3.17399,1659,10/29/2015,October,Tenebrionidae Other,0,0,,WT
VB84NW3,REG,VB84NW31,N32.95861 W3.17567,32.95861,3.17567,1732,10/29/2015,October,Messor,0,0,,WT
VB84NW3,REG,VB84NW31,N32.95861 W3.17567,32.95861,3.17567,1732,10/29/2015,October,Other,,0,,WT
VB84NW3,REG,VB84NW31,N32.95861 W3.17567,32.95861,3.17567,1732,10/29/2015,October,Tenebrionidae Diet,2,1.36103,,WT
VB84NW3,REG,VB84NW31,N32.95861 W3.17567,32.95861,3.17567,1732,10/29/2015,October,Tenebrionidae Other,0,0,,WT
VB84NW3,REG,VB84NW32,N32.95833 W3.17531,32.95833,3.17531,1730,10/29/2015,October,Messor,0,0,,WT
VB84NW3,REG,VB84NW32,N32.95833 W3.17531,32.95833,3.17531,1730,10/29/2015,October,Other,,0.01013,,WT
VB84NW3,REG,VB84NW32,N32.95833 W3.17531,32.95833,3.17531,1730,10/29/2015,October,Tenebrionidae Diet,7,0.28257,,WT
VB84NW3,REG,VB84NW32,N32.95833 W3.17531,32.95833,3.17531,1730,10/29/2015,October,Tenebrionidae Other,0,0,,WT
VB84NW3,REG,VB84NW33,N32.95803 W3.17569,32.95803,3.17569,1729,10/29/2015,October,Messor,0,0,,NWT
VB84NW3,REG,VB84NW33,N32.95803 W3.17569,32.95803,3.17569,1729,10/29/2015,October,Other,,0.00311,,NWT
VB84NW3,REG,VB84NW33,N32.95803 W3.17569,32.95803,3.17569,1729,10/29/2015,October,Tenebrionidae Diet,1,0.94837,,NWT
VB84NW3,REG,VB84NW33,N32.95803 W3.17569,32.95803,3.17569,1729,10/29/2015,October,Tenebrionidae Other,0,0,,NWT
VB84NW3,REG,VB84NW34,N32.95832 W3.17605,32.95832,3.17605,1727,10/29/2015,October,Messor,0,0,,WT
VB84NW3,REG,VB84NW34,N32.95832 W3.17605,32.95832,3.17605,1727,10/29/2015,October,Other,,0.01028,,WT
VB84NW3,REG,VB84NW34,N32.95832 W3.17605,32.95832,3.17605,1727,10/29/2015,October,Tenebrionidae Diet,2,0.08568,,WT
VB84NW3,REG,VB84NW34,N32.95832 W3.17605,32.95832,3.17605,1727,10/29/2015,October,Tenebrionidae Other,0,0,,WT
VB84NW4,REG,VB84NW41,N32.95232 W3.19749,32.95232,3.19749,1658,10/29/2015,October,Messor,0,0,,WT
VB84NW4,REG,VB84NW41,N32.95232 W3.19749,32.95232,3.19749,1658,10/29/2015,October,Other,,0.00505,,WT
VB84NW4,REG,VB84NW41,N32.95232 W3.19749,32.95232,3.19749,1658,10/29/2015,October,Tenebrionidae Diet,0,0,,WT
VB84NW4,REG,VB84NW41,N32.95232 W3.19749,32.95232,3.19749,1658,10/29/2015,October,Tenebrionidae Other,0,0,,WT
VB84NW4,REG,VB84NW42,N32.95201 W3.19714,32.95201,3.19714,1658,10/29/2015,October,Messor,0,0,,WT
VB84NW4,REG,VB84NW42,N32.95201 W3.19714,32.95201,3.19714,1658,10/29/2015,October,Other,,0.34308,,WT
VB84NW4,REG,VB84NW42,N32.95201 W3.19714,32.95201,3.19714,1658,10/29/2015,October,Tenebrionidae Diet,0,0,,WT
VB84NW4,REG,VB84NW42,N32.95201 W3.19714,32.95201,3.19714,1658,10/29/2015,October,Tenebrionidae Other,0,0,,WT
VB84NW4,REG,VB84NW43,N32.95170 W3.19753,32.9517,3.19753,1656,10/29/2015,October,Messor,10,0.01512,,WT
VB84NW4,REG,VB84NW43,N32.95170 W3.19753,32.9517,3.19753,1656,10/29/2015,October,Other,,0.00445,,WT
VB84NW4,REG,VB84NW43,N32.95170 W3.19753,32.9517,3.19753,1656,10/29/2015,October,Tenebrionidae Diet,0,0,,WT
VB84NW4,REG,VB84NW43,N32.95170 W3.19753,32.9517,3.19753,1656,10/29/2015,October,Tenebrionidae Other,0,0,,WT
VB84NW4,REG,VB84NW44,N32.95196 W3.19782,32.95196,3.19782,1656,10/29/2015,October,Messor,3,0.00488,,WT
VB84NW4,REG,VB84NW44,N32.95196 W3.19782,32.95196,3.19782,1656,10/29/2015,October,Other,,0.0212,,WT
VB84NW4,REG,VB84NW44,N32.95196 W3.19782,32.95196,3.19782,1656,10/29/2015,October,Tenebrionidae Diet,3,0.13784,,WT
VB84NW4,REG,VB84NW44,N32.95196 W3.19782,32.95196,3.19782,1656,10/29/2015,October,Tenebrionidae Other,0,0,,WT
VB84NW5,ALF,VB84NW51,N32.96347 W3.19312,32.96347,3.19312,1682,10/29/2015,October,Messor,0,0,,WT
VB84NW5,ALF,VB84NW51,N32.96347 W3.19312,32.96347,3.19312,1682,10/29/2015,October,Other,,0.02325,,WT
VB84NW5,ALF,VB84NW51,N32.96347 W3.19312,32.96347,3.19312,1682,10/29/2015,October,Tenebrionidae Diet,0,0,,WT
VB84NW5,ALF,VB84NW51,N32.96347 W3.19312,32.96347,3.19312,1682,10/29/2015,October,Tenebrionidae Other,0,0,,WT
VB84NW5,ALF,VB84NW52,N32.96342 W3.19273,32.96342,3.19273,1681,10/29/2015,October,Messor,0,0,,WT
VB84NW5,ALF,VB84NW52,N32.96342 W3.19273,32.96342,3.19273,1681,10/29/2015,October,Other,,0.0264,,WT
VB84NW5,ALF,VB84NW52,N32.96342 W3.19273,32.96342,3.19273,1681,10/29/2015,October,Tenebrionidae Diet,0,0,,WT
VB84NW5,ALF,VB84NW52,N32.96342 W3.19273,32.96342,3.19273,1681,10/29/2015,October,Tenebrionidae Other,0,0,,WT
VB84NW5,ALF,VB84NW53,N32.96297 W3.19284,32.96297,3.19284,1686,10/29/2015,October,Messor,0,0,,WT
VB84NW5,ALF,VB84NW53,N32.96297 W3.19284,32.96297,3.19284,1686,10/29/2015,October,Other,,0.21507,,WT
VB84NW5,ALF,VB84NW53,N32.96297 W3.19284,32.96297,3.19284,1686,10/29/2015,October,Tenebrionidae Diet,1,0.05005,,WT
VB84NW5,ALF,VB84NW53,N32.96297 W3.19284,32.96297,3.19284,1686,10/29/2015,October,Tenebrionidae Other,0,0,,WT
VB84NW5,ALF,VB84NW54,N32.96301 W3.19324,32.96301,3.19324,1686,10/29/2015,October,Messor,0,0,,NWT
VB84NW5,ALF,VB84NW54,N32.96301 W3.19324,32.96301,3.19324,1686,10/29/2015,October,Other,,0.22088,,NWT
VB84NW5,ALF,VB84NW54,N32.96301 W3.19324,32.96301,3.19324,1686,10/29/2015,October,Tenebrionidae Diet,0,0,,NWT
VB84NW5,ALF,VB84NW54,N32.96301 W3.19324,32.96301,3.19324,1686,10/29/2015,October,Tenebrionidae Other,0,0,,NWT
VC52SE1,REG,VC52SE11,N33.65271 W3.47184,33.65271,3.47184,882,10/30/2015,October,Messor,0,0,,NWT
VC52SE1,REG,VC52SE11,N33.65271 W3.47184,33.65271,3.47184,882,10/30/2015,October,Other,,0.00142,,NWT
VC52SE1,REG,VC52SE11,N33.65271 W3.47184,33.65271,3.47184,882,10/30/2015,October,Tenebrionidae Diet,0,0,,NWT
VC52SE1,REG,VC52SE11,N33.65271 W3.47184,33.65271,3.47184,882,10/30/2015,October,Tenebrionidae Other,0,0,,NWT
VC52SE1,REG,VC52SE12,N33.65269 W3.47128,33.65269,3.47128,883,10/30/2015,October,Messor,1,0.00087,,NWT
VC52SE1,REG,VC52SE12,N33.65269 W3.47128,33.65269,3.47128,883,10/30/2015,October,Other,,0.00516,,NWT
VC52SE1,REG,VC52SE12,N33.65269 W3.47128,33.65269,3.47128,883,10/30/2015,October,Tenebrionidae Diet,0,0,,NWT
VC52SE1,REG,VC52SE12,N33.65269 W3.47128,33.65269,3.47128,883,10/30/2015,October,Tenebrionidae Other,0,0,,NWT
VC52SE1,REG,VC52SE13,N33.65225 W3.47128,33.65225,3.47128,881,10/30/2015,October,Messor,,,Jar disappeared,NWT
VC52SE1,REG,VC52SE13,N33.65225 W3.47128,33.65225,3.47128,881,10/30/2015,October,Other,,,Jar disappeared,NWT
VC52SE1,REG,VC52SE13,N33.65225 W3.47128,33.65225,3.47128,881,10/30/2015,October,Tenebrionidae Diet,,,Jar disappeared,NWT
VC52SE1,REG,VC52SE13,N33.65225 W3.47128,33.65225,3.47128,881,10/30/2015,October,Tenebrionidae Other,,,Jar disappeared,NWT
VC52SE1,REG,VC52SE14,N33.65227 W3.47178,33.65227,3.47178,879,10/30/2015,October,Messor,4,0.00307,,NWT
VC52SE1,REG,VC52SE14,N33.65227 W3.47178,33.65227,3.47178,879,10/30/2015,October,Other,,0.05582,,NWT
VC52SE1,REG,VC52SE14,N33.65227 W3.47178,33.65227,3.47178,879,10/30/2015,October,Tenebrionidae Diet,0,0,,NWT
VC52SE1,REG,VC52SE14,N33.65227 W3.47178,33.65227,3.47178,879,10/30/2015,October,Tenebrionidae Other,0,0,,NWT
VC52SE2,REG,VC52SE21,N33.65283 W3.44492,33.65283,3.44492,808,10/30/2015,October,Messor,5,0.00404,,NWT
VC52SE2,REG,VC52SE21,N33.65283 W3.44492,33.65283,3.44492,808,10/30/2015,October,Other,,0.00061,,NWT
VC52SE2,REG,VC52SE21,N33.65283 W3.44492,33.65283,3.44492,808,10/30/2015,October,Tenebrionidae Diet,0,0,,NWT
VC52SE2,REG,VC52SE21,N33.65283 W3.44492,33.65283,3.44492,808,10/30/2015,October,Tenebrionidae Other,0,0,,NWT
VC52SE2,REG,VC52SE22,N33.65254 W3.44450,33.65254,3.4445,805,10/30/2015,October,Messor,2,0.00101,,NWT
VC52SE2,REG,VC52SE22,N33.65254 W3.44450,33.65254,3.4445,805,10/30/2015,October,Other,,0.03319,,NWT
VC52SE2,REG,VC52SE22,N33.65254 W3.44450,33.65254,3.4445,805,10/30/2015,October,Tenebrionidae Diet,0,0,,NWT
VC52SE2,REG,VC52SE22,N33.65254 W3.44450,33.65254,3.4445,805,10/30/2015,October,Tenebrionidae Other,0,0,,NWT
VC52SE2,REG,VC52SE23,N33.65221 W3.44480,33.65221,3.4448,809,10/30/2015,October,Messor,1,0.00407,,NWT
VC52SE2,REG,VC52SE23,N33.65221 W3.44480,33.65221,3.4448,809,10/30/2015,October,Other,,0.23033,,NWT
VC52SE2,REG,VC52SE23,N33.65221 W3.44480,33.65221,3.4448,809,10/30/2015,October,Tenebrionidae Diet,0,0,,NWT
VC52SE2,REG,VC52SE23,N33.65221 W3.44480,33.65221,3.4448,809,10/30/2015,October,Tenebrionidae Other,0,0,,NWT
VC52SE2,REG,VC52SE24,N33.65246 W3.44524,33.65246,3.44524,807,10/30/2015,October,Messor,1,0.00125,,NWT
VC52SE2,REG,VC52SE24,N33.65246 W3.44524,33.65246,3.44524,807,10/30/2015,October,Other,,0.00163,,NWT
VC52SE2,REG,VC52SE24,N33.65246 W3.44524,33.65246,3.44524,807,10/30/2015,October,Tenebrionidae Diet,2,0.15222,,NWT
VC52SE2,REG,VC52SE24,N33.65246 W3.44524,33.65246,3.44524,807,10/30/2015,October,Tenebrionidae Other,0,0,,NWT
VC52SE3,REG,VC52SE31,N33.63023 W3.44488,33.63023,3.44488,866,10/30/2015,October,Messor,1,0.00096,,NWT
VC52SE3,REG,VC52SE31,N33.63023 W3.44488,33.63023,3.44488,866,10/30/2015,October,Other,,0.0021,,NWT
VC52SE3,REG,VC52SE31,N33.63023 W3.44488,33.63023,3.44488,866,10/30/2015,October,Tenebrionidae Diet,0,0,,NWT
VC52SE3,REG,VC52SE31,N33.63023 W3.44488,33.63023,3.44488,866,10/30/2015,October,Tenebrionidae Other,0,0,,NWT
VC52SE3,REG,VC52SE32,N33.62979 W3.44484,33.62979,3.44484,866,10/30/2015,October,Messor,1,0.00068,,NWT
VC52SE3,REG,VC52SE32,N33.62979 W3.44484,33.62979,3.44484,866,10/30/2015,October,Other,,0.00124,,NWT
VC52SE3,REG,VC52SE32,N33.62979 W3.44484,33.62979,3.44484,866,10/30/2015,October,Tenebrionidae Diet,0,0,,NWT
VC52SE3,REG,VC52SE32,N33.62979 W3.44484,33.62979,3.44484,866,10/30/2015,October,Tenebrionidae Other,0,0,,NWT
VC52SE3,REG,VC52SE33,N33.62976 W3.44534,33.62976,3.44534,862,10/30/2015,October,Messor,1,0.00063,,NWT
VC52SE3,REG,VC52SE33,N33.62976 W3.44534,33.62976,3.44534,862,10/30/2015,October,Other,,0.00175,,NWT
VC52SE3,REG,VC52SE33,N33.62976 W3.44534,33.62976,3.44534,862,10/30/2015,October,Tenebrionidae Diet,0,0,,NWT
VC52SE3,REG,VC52SE33,N33.62976 W3.44534,33.62976,3.44534,862,10/30/2015,October,Tenebrionidae Other,0,0,,NWT
VC52SE3,REG,VC52SE34,N33.63011 W3.44535,33.63011,3.44535,861,10/30/2015,October,Messor,1,0.00144,,NWT
VC52SE3,REG,VC52SE34,N33.63011 W3.44535,33.63011,3.44535,861,10/30/2015,October,Other,,0.00233,,NWT
VC52SE3,REG,VC52SE34,N33.63011 W3.44535,33.63011,3.44535,861,10/30/2015,October,Tenebrionidae Diet,0,0,,NWT
VC52SE3,REG,VC52SE34,N33.63011 W3.44535,33.63011,3.44535,861,10/30/2015,October,Tenebrionidae Other,0,0,,NWT
VC52SE4,REG,VC52SE41,N33.63016 W3.47177,33.63016,3.47177,838,10/30/2015,October,Messor,0,0,,NWT
VC52SE4,REG,VC52SE41,N33.63016 W3.47177,33.63016,3.47177,838,10/30/2015,October,Other,,0.02774,,NWT
VC52SE4,REG,VC52SE41,N33.63016 W3.47177,33.63016,3.47177,838,10/30/2015,October,Tenebrionidae Diet,0,0,,NWT
VC52SE4,REG,VC52SE41,N33.63016 W3.47177,33.63016,3.47177,838,10/30/2015,October,Tenebrionidae Other,0,0,,NWT
VC52SE4,REG,VC52SE42,N33.62994 W3.47131,33.62994,3.47131,838,10/30/2015,October,Messor,0,0,,NWT
VC52SE4,REG,VC52SE42,N33.62994 W3.47131,33.62994,3.47131,838,10/30/2015,October,Other,,0.008,,NWT
VC52SE4,REG,VC52SE42,N33.62994 W3.47131,33.62994,3.47131,838,10/30/2015,October,Tenebrionidae Diet,0,0,,NWT
VC52SE4,REG,VC52SE42,N33.62994 W3.47131,33.62994,3.47131,838,10/30/2015,October,Tenebrionidae Other,0,0,,NWT
VC52SE4,REG,VC52SE43,N33.62957 W3.47155,33.62957,3.47155,835,10/30/2015,October,Messor,5,0.00397,,NWT
VC52SE4,REG,VC52SE43,N33.62957 W3.47155,33.62957,3.47155,835,10/30/2015,October,Other,,0.00062,,NWT
VC52SE4,REG,VC52SE43,N33.62957 W3.47155,33.62957,3.47155,835,10/30/2015,October,Tenebrionidae Diet,0,0,,NWT
VC52SE4,REG,VC52SE43,N33.62957 W3.47155,33.62957,3.47155,835,10/30/2015,October,Tenebrionidae Other,0,0,,NWT
VC52SE4,REG,VC52SE44,N33.62980 W3.47203,33.6298,3.47203,835,10/30/2015,October,Messor,0,0,,NWT
VC52SE4,REG,VC52SE44,N33.62980 W3.47203,33.6298,3.47203,835,10/30/2015,October,Other,,0.01555,,NWT
VC52SE4,REG,VC52SE44,N33.62980 W3.47203,33.6298,3.47203,835,10/30/2015,October,Tenebrionidae Diet,0,0,,NWT
VC52SE4,REG,VC52SE44,N33.62980 W3.47203,33.6298,3.47203,835,10/30/2015,October,Tenebrionidae Other,0,0,,NWT
VC52SE5,REG,VC52SE51,N33.64152 W3.45841,33.64152,3.45841,843,10/30/2015,October,Messor,0,0,,NWT
VC52SE5,REG,VC52SE51,N33.64152 W3.45841,33.64152,3.45841,843,10/30/2015,October,Other,,0.00416,,NWT
VC52SE5,REG,VC52SE51,N33.64152 W3.45841,33.64152,3.45841,843,10/30/2015,October,Tenebrionidae Diet,0,0,,NWT
VC52SE5,REG,VC52SE51,N33.64152 W3.45841,33.64152,3.45841,843,10/30/2015,October,Tenebrionidae Other,0,0,,NWT
VC52SE5,REG,VC52SE52,N33.64138 W3.45794,33.64138,3.45794,840,10/30/2015,October,Messor,,,noyé,NWT
VC52SE5,REG,VC52SE52,N33.64138 W3.45794,33.64138,3.45794,840,10/30/2015,October,Other,,,noyé,NWT
VC52SE5,REG,VC52SE52,N33.64138 W3.45794,33.64138,3.45794,840,10/30/2015,October,Tenebrionidae Diet,,,noyé,NWT
VC52SE5,REG,VC52SE52,N33.64138 W3.45794,33.64138,3.45794,840,10/30/2015,October,Tenebrionidae Other,,,noyé,NWT
VC52SE5,REG,VC52SE53,N33.64042 W3.45809,33.64042,3.45809,840,10/30/2015,October,Messor,,,Jar disappeared,NWT
VC52SE5,REG,VC52SE53,N33.64042 W3.45809,33.64042,3.45809,840,10/30/2015,October,Other,,,Jar disappeared,NWT
VC52SE5,REG,VC52SE53,N33.64042 W3.45809,33.64042,3.45809,840,10/30/2015,October,Tenebrionidae Diet,,,Jar disappeared,NWT
VC52SE5,REG,VC52SE53,N33.64042 W3.45809,33.64042,3.45809,840,10/30/2015,October,Tenebrionidae Other,,,Jar disappeared,NWT
VC52SE5,REG,VC52SE54,N33.64053 W3.45853,33.64053,3.45853,840,10/30/2015,October,Messor,,,Jar disappeared,NWT
VC52SE5,REG,VC52SE54,N33.64053 W3.45853,33.64053,3.45853,840,10/30/2015,October,Other,,,Jar disappeared,NWT
VC52SE5,REG,VC52SE54,N33.64053 W3.45853,33.64053,3.45853,840,10/30/2015,October,Tenebrionidae Diet,,,Jar disappeared,NWT
VC52SE5,REG,VC52SE54,N33.64053 W3.45853,33.64053,3.45853,840,10/30/2015,October,Tenebrionidae Other,,,Jar disappeared,NWT
VB17NW1,REG,VB17NW11,N33.24393 W3.95261,33.24393,3.95261,988,11/2/2015,October,Messor,1,0.00039,,BP
VB17NW1,REG,VB17NW11,N33.24393 W3.95261,33.24393,3.95261,988,11/2/2015,October,Other,,0.0843,,BP
VB17NW1,REG,VB17NW11,N33.24393 W3.95261,33.24393,3.95261,988,11/2/2015,October,Tenebrionidae Diet,0,0,,BP
VB17NW1,REG,VB17NW11,N33.24393 W3.95261,33.24393,3.95261,988,11/2/2015,October,Tenebrionidae Other,0,0,,BP
VB17NW1,REG,VB17NW12,N33.24378 W3.95208,33.24378,3.95208,986,11/2/2015,October,Messor,1,0.00047,,BP
VB17NW1,REG,VB17NW12,N33.24378 W3.95208,33.24378,3.95208,986,11/2/2015,October,Other,,0.04172,,BP
VB17NW1,REG,VB17NW12,N33.24378 W3.95208,33.24378,3.95208,986,11/2/2015,October,Tenebrionidae Diet,0,0,,BP
VB17NW1,REG,VB17NW12,N33.24378 W3.95208,33.24378,3.95208,986,11/2/2015,October,Tenebrionidae Other,0,0,,BP
VB17NW1,REG,VB17NW13,N33.24335 W3.95221,33.24335,3.95221,986,11/2/2015,October,Messor,0,0,,BP
VB17NW1,REG,VB17NW13,N33.24335 W3.95221,33.24335,3.95221,986,11/2/2015,October,Other,,0.0109,,BP
VB17NW1,REG,VB17NW13,N33.24335 W3.95221,33.24335,3.95221,986,11/2/2015,October,Tenebrionidae Diet,0,0,,BP
VB17NW1,REG,VB17NW13,N33.24335 W3.95221,33.24335,3.95221,986,11/2/2015,October,Tenebrionidae Other,0,0,,BP
VB17NW1,REG,VB17NW14,N33.24348 W3.95279,33.24348,3.95279,987,11/2/2015,October,Messor,0,0,,BP
VB17NW1,REG,VB17NW14,N33.24348 W3.95279,33.24348,3.95279,987,11/2/2015,October,Other,,0.04083,,BP
VB17NW1,REG,VB17NW14,N33.24348 W3.95279,33.24348,3.95279,987,11/2/2015,October,Tenebrionidae Diet,0,0,,BP
VB17NW1,REG,VB17NW14,N33.24348 W3.95279,33.24348,3.95279,987,11/2/2015,October,Tenebrionidae Other,0,0,,BP
VB17NW2,REG,VB17NW21,N33.24432 W3.92586,33.24432,3.92586,938,11/2/2015,October,Messor,2,0.00256,,BP
VB17NW2,REG,VB17NW21,N33.24432 W3.92586,33.24432,3.92586,938,11/2/2015,October,Other,,0.09597,,BP
VB17NW2,REG,VB17NW21,N33.24432 W3.92586,33.24432,3.92586,938,11/2/2015,October,Tenebrionidae Diet,2,0.1182,,BP
VB17NW2,REG,VB17NW21,N33.24432 W3.92586,33.24432,3.92586,938,11/2/2015,October,Tenebrionidae Other,0,0,,BP
VB17NW2,REG,VB17NW22,N33.24417 W3.92532,33.24417,3.92532,940,11/2/2015,October,Messor,0,0,,BP
VB17NW2,REG,VB17NW22,N33.24417 W3.92532,33.24417,3.92532,940,11/2/2015,October,Other,,0.01253,,BP
VB17NW2,REG,VB17NW22,N33.24417 W3.92532,33.24417,3.92532,940,11/2/2015,October,Tenebrionidae Diet,0,0,,BP
VB17NW2,REG,VB17NW22,N33.24417 W3.92532,33.24417,3.92532,940,11/2/2015,October,Tenebrionidae Other,0,0,,BP
VB17NW2,REG,VB17NW23,N33.24373 W3.92547,33.24373,3.92547,940,11/2/2015,October,Messor,2,0.00532,,BP
VB17NW2,REG,VB17NW23,N33.24373 W3.92547,33.24373,3.92547,940,11/2/2015,October,Other,,0.00638,,BP
VB17NW2,REG,VB17NW23,N33.24373 W3.92547,33.24373,3.92547,940,11/2/2015,October,Tenebrionidae Diet,0,0,,BP
VB17NW2,REG,VB17NW23,N33.24373 W3.92547,33.24373,3.92547,940,11/2/2015,October,Tenebrionidae Other,0,0,,BP
VB17NW2,REG,VB17NW24,N33.24386 W3.92599,33.24386,3.92599,942,11/2/2015,October,Messor,0,0,,BP
VB17NW2,REG,VB17NW24,N33.24386 W3.92599,33.24386,3.92599,942,11/2/2015,October,Other,,0.02941,,BP
VB17NW2,REG,VB17NW24,N33.24386 W3.92599,33.24386,3.92599,942,11/2/2015,October,Tenebrionidae Diet,0,0,,BP
VB17NW2,REG,VB17NW24,N33.24386 W3.92599,33.24386,3.92599,942,11/2/2015,October,Tenebrionidae Other,0,0,,BP
VB17NW3,REG,VB17NW31,N33.22191 W3.92567,33.22191,3.92567,945,11/2/2015,October,Messor,0,0,,BP
VB17NW3,REG,VB17NW31,N33.22191 W3.92567,33.22191,3.92567,945,11/2/2015,October,Other,,0.03009,,BP
VB17NW3,REG,VB17NW31,N33.22191 W3.92567,33.22191,3.92567,945,11/2/2015,October,Tenebrionidae Diet,0,0,,BP
VB17NW3,REG,VB17NW31,N33.22191 W3.92567,33.22191,3.92567,945,11/2/2015,October,Tenebrionidae Other,0,0,,BP
VB17NW3,REG,VB17NW32,N33.22178 W3.92519,33.22178,3.92519,942,11/2/2015,October,Messor,2,0.00375,,BP
VB17NW3,REG,VB17NW32,N33.22178 W3.92519,33.22178,3.92519,942,11/2/2015,October,Other,,0.01202,,BP
VB17NW3,REG,VB17NW32,N33.22178 W3.92519,33.22178,3.92519,942,11/2/2015,October,Tenebrionidae Diet,0,0,,BP
VB17NW3,REG,VB17NW32,N33.22178 W3.92519,33.22178,3.92519,942,11/2/2015,October,Tenebrionidae Other,0,0,,BP
VB17NW3,REG,VB17NW33,N33.22134 W3.92538,33.22134,3.92538,942,11/2/2015,October,Messor,1,0.002,,BP
VB17NW3,REG,VB17NW33,N33.22134 W3.92538,33.22134,3.92538,942,11/2/2015,October,Other,,0.0177,,BP
VB17NW3,REG,VB17NW33,N33.22134 W3.92538,33.22134,3.92538,942,11/2/2015,October,Tenebrionidae Diet,0,0,,BP
VB17NW3,REG,VB17NW33,N33.22134 W3.92538,33.22134,3.92538,942,11/2/2015,October,Tenebrionidae Other,0,0,,BP
VB17NW3,REG,VB17NW34,N33.22149 W3.92586,33.22149,3.92586,942,11/2/2015,October,Messor,1,0.00172,,BP
VB17NW3,REG,VB17NW34,N33.22149 W3.92586,33.22149,3.92586,942,11/2/2015,October,Other,,0.00642,,BP
VB17NW3,REG,VB17NW34,N33.22149 W3.92586,33.22149,3.92586,942,11/2/2015,October,Tenebrionidae Diet,1,0.06457,,BP
VB17NW3,REG,VB17NW34,N33.22149 W3.92586,33.22149,3.92586,942,11/2/2015,October,Tenebrionidae Other,0,0,,BP
VB17NW4,REG,VB17NW41,N33.22150 W3.95235,33.2215,3.95235,955,11/2/2015,October,Messor,3,0.00437,,BP
VB17NW4,REG,VB17NW41,N33.22150 W3.95235,33.2215,3.95235,955,11/2/2015,October,Other,,0.05792,,BP
VB17NW4,REG,VB17NW41,N33.22150 W3.95235,33.2215,3.95235,955,11/2/2015,October,Tenebrionidae Diet,0,0,,BP
VB17NW4,REG,VB17NW41,N33.22150 W3.95235,33.2215,3.95235,955,11/2/2015,October,Tenebrionidae Other,0,0,,BP
VB17NW4,REG,VB17NW42,N33.22109 W3.95217,33.22109,3.95217,955,11/2/2015,October,Messor,1,0.00099,,BP
VB17NW4,REG,VB17NW42,N33.22109 W3.95217,33.22109,3.95217,955,11/2/2015,October,Other,,0.02355,,BP
VB17NW4,REG,VB17NW42,N33.22109 W3.95217,33.22109,3.95217,955,11/2/2015,October,Tenebrionidae Diet,0,0,,BP
VB17NW4,REG,VB17NW42,N33.22109 W3.95217,33.22109,3.95217,955,11/2/2015,October,Tenebrionidae Other,0,0,,BP
VB17NW4,REG,VB17NW43,N33.22093 W3.95263,33.22093,3.95263,954,11/2/2015,October,Messor,1,0.00153,,BP
VB17NW4,REG,VB17NW43,N33.22093 W3.95263,33.22093,3.95263,954,11/2/2015,October,Other,,0.04519,,BP
VB17NW4,REG,VB17NW43,N33.22093 W3.95263,33.22093,3.95263,954,11/2/2015,October,Tenebrionidae Diet,0,0,,BP
VB17NW4,REG,VB17NW43,N33.22093 W3.95263,33.22093,3.95263,954,11/2/2015,October,Tenebrionidae Other,0,0,,BP
VB17NW4,REG,VB17NW44,N33.22134 W3.95281,33.22134,3.95281,956,11/2/2015,October,Messor,0,0,,BP
VB17NW4,REG,VB17NW44,N33.22134 W3.95281,33.22134,3.95281,956,11/2/2015,October,Other,,0.01084,,BP
VB17NW4,REG,VB17NW44,N33.22134 W3.95281,33.22134,3.95281,956,11/2/2015,October,Tenebrionidae Diet,0,0,,BP
VB17NW4,REG,VB17NW44,N33.22134 W3.95281,33.22134,3.95281,956,11/2/2015,October,Tenebrionidae Other,0,0,,BP
VB17NW5,REG,VB17NW51,N33.23296 W3.93897,33.23296,3.93897,951,11/2/2015,October,Messor,0,0,,BP
VB17NW5,REG,VB17NW51,N33.23296 W3.93897,33.23296,3.93897,951,11/2/2015,October,Other,,0.02061,,BP
VB17NW5,REG,VB17NW51,N33.23296 W3.93897,33.23296,3.93897,951,11/2/2015,October,Tenebrionidae Diet,0,0,,BP
VB17NW5,REG,VB17NW51,N33.23296 W3.93897,33.23296,3.93897,951,11/2/2015,October,Tenebrionidae Other,0,0,,BP
VB17NW5,REG,VB17NW52,N33.23271 W3.93853,33.23271,3.93853,951,11/2/2015,October,Messor,0,0,,BP
VB17NW5,REG,VB17NW52,N33.23271 W3.93853,33.23271,3.93853,951,11/2/2015,October,Other,,0.02659,,BP
VB17NW5,REG,VB17NW52,N33.23271 W3.93853,33.23271,3.93853,951,11/2/2015,October,Tenebrionidae Diet,0,0,,BP
VB17NW5,REG,VB17NW52,N33.23271 W3.93853,33.23271,3.93853,951,11/2/2015,October,Tenebrionidae Other,0,0,,BP
VB17NW5,REG,VB17NW53,N33.23234 W3.93882,33.23234,3.93882,952,11/2/2015,October,Messor,0,0,,BP
VB17NW5,REG,VB17NW53,N33.23234 W3.93882,33.23234,3.93882,952,11/2/2015,October,Other,,0.03741,,BP
VB17NW5,REG,VB17NW53,N33.23234 W3.93882,33.23234,3.93882,952,11/2/2015,October,Tenebrionidae Diet,0,0,,BP
VB17NW5,REG,VB17NW53,N33.23234 W3.93882,33.23234,3.93882,952,11/2/2015,October,Tenebrionidae Other,0,0,,BP
VB17NW5,REG,VB17NW54,N33.23261 W3.93907,33.23261,3.93907,952,11/2/2015,October,Messor,0,0,,BP
VB17NW5,REG,VB17NW54,N33.23261 W3.93907,33.23261,3.93907,952,11/2/2015,October,Other,,0.0457,,BP
VB17NW5,REG,VB17NW54,N33.23261 W3.93907,33.23261,3.93907,952,11/2/2015,October,Tenebrionidae Diet,0,0,,BP
VB17NW5,REG,VB17NW54,N33.23261 W3.93907,33.23261,3.93907,952,11/2/2015,October,Tenebrionidae Other,0,0,,BP
WB61NE1,ALF,WB61NE11,N32.70452 W2.29322,32.70452,2.29322,1438,11/2/2015,October,Messor,0,0,,NWT
WB61NE1,ALF,WB61NE11,N32.70452 W2.29322,32.70452,2.29322,1438,11/2/2015,October,Other,,0,,NWT
WB61NE1,ALF,WB61NE11,N32.70452 W2.29322,32.70452,2.29322,1438,11/2/2015,October,Tenebrionidae Diet,1,0.02448,,NWT
WB61NE1,ALF,WB61NE11,N32.70452 W2.29322,32.70452,2.29322,1438,11/2/2015,October,Tenebrionidae Other,0,0,,NWT
WB61NE1,ALF,WB61NE12,N32.70439 W2.29259,32.70439,2.29259,1438,11/2/2015,October,Messor,18,0.01854,,NWT
WB61NE1,ALF,WB61NE12,N32.70439 W2.29259,32.70439,2.29259,1438,11/2/2015,October,Other,,0.0041,,NWT
WB61NE1,ALF,WB61NE12,N32.70439 W2.29259,32.70439,2.29259,1438,11/2/2015,October,Tenebrionidae Diet,1,0.1116,,NWT
WB61NE1,ALF,WB61NE12,N32.70439 W2.29259,32.70439,2.29259,1438,11/2/2015,October,Tenebrionidae Other,0,0,,NWT
WB61NE1,ALF,WB61NE13,N32.70403 W2.29272,32.70403,2.29272,1439,11/2/2015,October,Messor,11,0.00862,,NWT
WB61NE1,ALF,WB61NE13,N32.70403 W2.29272,32.70403,2.29272,1439,11/2/2015,October,Other,,0.01155,,NWT
WB61NE1,ALF,WB61NE13,N32.70403 W2.29272,32.70403,2.29272,1439,11/2/2015,October,Tenebrionidae Diet,2,0.03343,,NWT
WB61NE1,ALF,WB61NE13,N32.70403 W2.29272,32.70403,2.29272,1439,11/2/2015,October,Tenebrionidae Other,0,0,,NWT
WB61NE1,ALF,WB61NE14,N32.70405 W2.29323,32.70405,2.29323,1440,11/2/2015,October,Messor,12,0.01219,,NWT
WB61NE1,ALF,WB61NE14,N32.70405 W2.29323,32.70405,2.29323,1440,11/2/2015,October,Other,,0.00599,,NWT
WB61NE1,ALF,WB61NE14,N32.70405 W2.29323,32.70405,2.29323,1440,11/2/2015,October,Tenebrionidae Diet,3,0.11968,,NWT
WB61NE1,ALF,WB61NE14,N32.70405 W2.29323,32.70405,2.29323,1440,11/2/2015,October,Tenebrionidae Other,0,0,,NWT
WB61NE2,ALF,WB61NE21,N32.70424 W2.26634,32.70424,2.26634,1466,11/2/2015,October,Messor,10,0.01318,,NWT
WB61NE2,ALF,WB61NE21,N32.70424 W2.26634,32.70424,2.26634,1466,11/2/2015,October,Other,,0.00231,,NWT
WB61NE2,ALF,WB61NE21,N32.70424 W2.26634,32.70424,2.26634,1466,11/2/2015,October,Tenebrionidae Diet,0,0,,NWT
WB61NE2,ALF,WB61NE21,N32.70424 W2.26634,32.70424,2.26634,1466,11/2/2015,October,Tenebrionidae Other,0,0,,NWT
WB61NE2,ALF,WB61NE22,N32.70404 W2.26575,32.70404,2.26575,1465,11/2/2015,October,Messor,18,0.03305,,NWT
WB61NE2,ALF,WB61NE22,N32.70404 W2.26575,32.70404,2.26575,1465,11/2/2015,October,Other,,0.0118,,NWT
WB61NE2,ALF,WB61NE22,N32.70404 W2.26575,32.70404,2.26575,1465,11/2/2015,October,Tenebrionidae Diet,0,0,,NWT
WB61NE2,ALF,WB61NE22,N32.70404 W2.26575,32.70404,2.26575,1465,11/2/2015,October,Tenebrionidae Other,0,0,,NWT
WB61NE2,ALF,WB61NE23,N32.70367 W2.26598,32.70367,2.26598,1463,11/2/2015,October,Messor,12,0.01008,,NWT
WB61NE2,ALF,WB61NE23,N32.70367 W2.26598,32.70367,2.26598,1463,11/2/2015,October,Other,,0.00763,,NWT
WB61NE2,ALF,WB61NE23,N32.70367 W2.26598,32.70367,2.26598,1463,11/2/2015,October,Tenebrionidae Diet,1,0.05072,,NWT
WB61NE2,ALF,WB61NE23,N32.70367 W2.26598,32.70367,2.26598,1463,11/2/2015,October,Tenebrionidae Other,0,0,,NWT
WB61NE2,ALF,WB61NE24,N32.70392 W2.26623,32.70392,2.26623,1463,11/2/2015,October,Messor,6,0.00665,,NWT
WB61NE2,ALF,WB61NE24,N32.70392 W2.26623,32.70392,2.26623,1463,11/2/2015,October,Other,,0.40907,,NWT
WB61NE2,ALF,WB61NE24,N32.70392 W2.26623,32.70392,2.26623,1463,11/2/2015,October,Tenebrionidae Diet,5,0.04276,,NWT
WB61NE2,ALF,WB61NE24,N32.70392 W2.26623,32.70392,2.26623,1463,11/2/2015,October,Tenebrionidae Other,0,0,,NWT
WB61NE3,ALF,WB61NE31,N32.68708 W2.25530,32.68708,2.2553,1525,11/2/2015,October,Messor,,,Label decayed,NWT
WB61NE3,ALF,WB61NE31,N32.68708 W2.25530,32.68708,2.2553,1525,11/2/2015,October,Other,,,Label decayed,NWT
WB61NE3,ALF,WB61NE31,N32.68708 W2.25530,32.68708,2.2553,1525,11/2/2015,October,Tenebrionidae Diet,,,Label decayed,NWT
WB61NE3,ALF,WB61NE31,N32.68708 W2.25530,32.68708,2.2553,1525,11/2/2015,October,Tenebrionidae Other,,,Label decayed,NWT
WB61NE3,ALF,WB61NE32,N32.68685 W2.25488,32.68685,2.25488,1528,11/2/2015,October,Messor,8,0.00911,,NWT
WB61NE3,ALF,WB61NE32,N32.68685 W2.25488,32.68685,2.25488,1528,11/2/2015,October,Other,,0.00806,,NWT
WB61NE3,ALF,WB61NE32,N32.68685 W2.25488,32.68685,2.25488,1528,11/2/2015,October,Tenebrionidae Diet,2,0.18578,,NWT
WB61NE3,ALF,WB61NE32,N32.68685 W2.25488,32.68685,2.25488,1528,11/2/2015,October,Tenebrionidae Other,0,0,,NWT
WB61NE3,ALF,WB61NE33,N32.68646 W2.25523,32.68646,2.25523,1527,11/2/2015,October,Messor,,,Label decayed,NWT
WB61NE3,ALF,WB61NE33,N32.68646 W2.25523,32.68646,2.25523,1527,11/2/2015,October,Other,,,Label decayed,NWT
WB61NE3,ALF,WB61NE33,N32.68646 W2.25523,32.68646,2.25523,1527,11/2/2015,October,Tenebrionidae Diet,,,Label decayed,NWT
WB61NE3,ALF,WB61NE33,N32.68646 W2.25523,32.68646,2.25523,1527,11/2/2015,October,Tenebrionidae Other,,,Label decayed,NWT
WB61NE3,ALF,WB61NE34,N32.68683 W2.25578,32.68683,2.25578,1525,11/2/2015,October,Messor,,,Label decayed,NWT
WB61NE3,ALF,WB61NE34,N32.68683 W2.25578,32.68683,2.25578,1525,11/2/2015,October,Other,,,Label decayed,NWT
WB61NE3,ALF,WB61NE34,N32.68683 W2.25578,32.68683,2.25578,1525,11/2/2015,October,Tenebrionidae Diet,,,Label decayed,NWT
WB61NE3,ALF,WB61NE34,N32.68683 W2.25578,32.68683,2.25578,1525,11/2/2015,October,Tenebrionidae Other,,,Label decayed,NWT
WB61NE4,ALF,WB61NE41,N32.68205 W2.29343,32.68205,2.29343,1463,11/2/2015,October,Messor,4,0.00355,,NWT
WB61NE4,ALF,WB61NE41,N32.68205 W2.29343,32.68205,2.29343,1463,11/2/2015,October,Other,,0.09523,,NWT
WB61NE4,ALF,WB61NE41,N32.68205 W2.29343,32.68205,2.29343,1463,11/2/2015,October,Tenebrionidae Diet,1,0.02475,,NWT
WB61NE4,ALF,WB61NE41,N32.68205 W2.29343,32.68205,2.29343,1463,11/2/2015,October,Tenebrionidae Other,0,0,,NWT
WB61NE4,ALF,WB61NE42,N32.68208 W2.29310,32.68208,2.2931,1463,11/2/2015,October,Messor,1,0.00045,,NWT
WB61NE4,ALF,WB61NE42,N32.68208 W2.29310,32.68208,2.2931,1463,11/2/2015,October,Other,,0.02481,,NWT
WB61NE4,ALF,WB61NE42,N32.68208 W2.29310,32.68208,2.2931,1463,11/2/2015,October,Tenebrionidae Diet,1,0.0722,,NWT
WB61NE4,ALF,WB61NE42,N32.68208 W2.29310,32.68208,2.2931,1463,11/2/2015,October,Tenebrionidae Other,0,0,,NWT
WB61NE4,ALF,WB61NE43,N32.68156 W2.29300,32.68156,2.293,1463,11/2/2015,October,Messor,10,0.00862,,NWT
WB61NE4,ALF,WB61NE43,N32.68156 W2.29300,32.68156,2.293,1463,11/2/2015,October,Other,,0.02228,,NWT
WB61NE4,ALF,WB61NE43,N32.68156 W2.29300,32.68156,2.293,1463,11/2/2015,October,Tenebrionidae Diet,0,0,,NWT
WB61NE4,ALF,WB61NE43,N32.68156 W2.29300,32.68156,2.293,1463,11/2/2015,October,Tenebrionidae Other,0,0,,NWT
WB61NE4,ALF,WB61NE44,N32.68159 W2.29362,32.68159,2.29362,1457,11/2/2015,October,Messor,5,0.0071,,NWT
WB61NE4,ALF,WB61NE44,N32.68159 W2.29362,32.68159,2.29362,1457,11/2/2015,October,Other,,0.0035,,NWT
WB61NE4,ALF,WB61NE44,N32.68159 W2.29362,32.68159,2.29362,1457,11/2/2015,October,Tenebrionidae Diet,2,0.1436,,NWT
WB61NE4,ALF,WB61NE44,N32.68159 W2.29362,32.68159,2.29362,1457,11/2/2015,October,Tenebrionidae Other,0,0,,NWT
WB61NE5,ALF,WB61NE51,N32.69328 W2.27979,32.69328,2.27979,1462,11/2/2015,October,Messor,35,0.03833,,NWT
WB61NE5,ALF,WB61NE51,N32.69328 W2.27979,32.69328,2.27979,1462,11/2/2015,October,Other,,0.07448,,NWT
WB61NE5,ALF,WB61NE51,N32.69328 W2.27979,32.69328,2.27979,1462,11/2/2015,October,Tenebrionidae Diet,3,0.2372,,NWT
WB61NE5,ALF,WB61NE51,N32.69328 W2.27979,32.69328,2.27979,1462,11/2/2015,October,Tenebrionidae Other,0,0,,NWT
WB61NE5,ALF,WB61NE52,N32.69320 W2.27930,32.6932,2.2793,1464,11/2/2015,October,Messor,9,0.00934,,NWT
WB61NE5,ALF,WB61NE52,N32.69320 W2.27930,32.6932,2.2793,1464,11/2/2015,October,Other,,0.00046,,NWT
WB61NE5,ALF,WB61NE52,N32.69320 W2.27930,32.6932,2.2793,1464,11/2/2015,October,Tenebrionidae Diet,0,0,,NWT
WB61NE5,ALF,WB61NE52,N32.69320 W2.27930,32.6932,2.2793,1464,11/2/2015,October,Tenebrionidae Other,0,0,,NWT
WB61NE5,ALF,WB61NE53,N32.69281 W2.27926,32.69281,2.27926,1463,11/2/2015,October,Messor,,,Label decayed,NWT
WB61NE5,ALF,WB61NE53,N32.69281 W2.27926,32.69281,2.27926,1463,11/2/2015,October,Other,,,Label decayed,NWT
WB61NE5,ALF,WB61NE53,N32.69281 W2.27926,32.69281,2.27926,1463,11/2/2015,October,Tenebrionidae Diet,,,Label decayed,NWT
WB61NE5,ALF,WB61NE53,N32.69281 W2.27926,32.69281,2.27926,1463,11/2/2015,October,Tenebrionidae Other,,,Label decayed,NWT
WB61NE5,ALF,WB61NE54,N32.69286 W2.27998,32.69286,2.27998,1463,11/2/2015,October,Messor,22,0.02213,,NWT
WB61NE5,ALF,WB61NE54,N32.69286 W2.27998,32.69286,2.27998,1463,11/2/2015,October,Other,,0.00561,,NWT
WB61NE5,ALF,WB61NE54,N32.69286 W2.27998,32.69286,2.27998,1463,11/2/2015,October,Tenebrionidae Diet,1,0.05639,,NWT
WB61NE5,ALF,WB61NE54,N32.69286 W2.27998,32.69286,2.27998,1463,11/2/2015,October,Tenebrionidae Other,0,0,,NWT
VB14SW1,REG,VB14SW11,N32.92837 W3.94942,32.92837,3.94942,1034,11/3/2015,October,Messor,1,0.00056,,WT
VB14SW1,REG,VB14SW11,N32.92837 W3.94942,32.92837,3.94942,1034,11/3/2015,October,Other,,0.02028,,WT
VB14SW1,REG,VB14SW11,N32.92837 W3.94942,32.92837,3.94942,1034,11/3/2015,October,Tenebrionidae Diet,0,0,,WT
VB14SW1,REG,VB14SW11,N32.92837 W3.94942,32.92837,3.94942,1034,11/3/2015,October,Tenebrionidae Other,0,0,,WT
VB14SW1,REG,VB14SW12,N32.92810 W3.94900,32.9281,3.949,1034,11/3/2015,October,Messor,0,0,,WT
VB14SW1,REG,VB14SW12,N32.92810 W3.94900,32.9281,3.949,1034,11/3/2015,October,Other,,0.06617,,WT
VB14SW1,REG,VB14SW12,N32.92810 W3.94900,32.9281,3.949,1034,11/3/2015,October,Tenebrionidae Diet,0,0,,WT
VB14SW1,REG,VB14SW12,N32.92810 W3.94900,32.9281,3.949,1034,11/3/2015,October,Tenebrionidae Other,0,0,,WT
VB14SW1,REG,VB14SW13,N32.92775 W3.94929,32.92775,3.94929,1035,11/3/2015,October,Messor,2,0.00437,,WT
VB14SW1,REG,VB14SW13,N32.92775 W3.94929,32.92775,3.94929,1035,11/3/2015,October,Other,,0.03359,,WT
VB14SW1,REG,VB14SW13,N32.92775 W3.94929,32.92775,3.94929,1035,11/3/2015,October,Tenebrionidae Diet,0,0,,WT
VB14SW1,REG,VB14SW13,N32.92775 W3.94929,32.92775,3.94929,1035,11/3/2015,October,Tenebrionidae Other,0,0,,WT
VB14SW1,REG,VB14SW14,N32.92798 W3.94972,32.92798,3.94972,1037,11/3/2015,October,Messor,0,0,,WT
VB14SW1,REG,VB14SW14,N32.92798 W3.94972,32.92798,3.94972,1037,11/3/2015,October,Other,,0.01647,,WT
VB14SW1,REG,VB14SW14,N32.92798 W3.94972,32.92798,3.94972,1037,11/3/2015,October,Tenebrionidae Diet,0,0,,WT
VB14SW1,REG,VB14SW14,N32.92798 W3.94972,32.92798,3.94972,1037,11/3/2015,October,Tenebrionidae Other,0,0,,WT
VB14SW2,REG,VB14SW21,N32.92820 W3.92241,32.9282,3.92241,1040,11/3/2015,October,Messor,3,0.00257,,WT
VB14SW2,REG,VB14SW21,N32.92820 W3.92241,32.9282,3.92241,1040,11/3/2015,October,Other,,0.02749,,WT
VB14SW2,REG,VB14SW21,N32.92820 W3.92241,32.9282,3.92241,1040,11/3/2015,October,Tenebrionidae Diet,1,0.062,,WT
VB14SW2,REG,VB14SW21,N32.92820 W3.92241,32.9282,3.92241,1040,11/3/2015,October,Tenebrionidae Other,0,0,,WT
VB14SW2,REG,VB14SW22,N32.92849 W3.92217,32.92849,3.92217,1038,11/3/2015,October,Messor,0,0,,WT
VB14SW2,REG,VB14SW22,N32.92849 W3.92217,32.92849,3.92217,1038,11/3/2015,October,Other,,0.02802,,WT
VB14SW2,REG,VB14SW22,N32.92849 W3.92217,32.92849,3.92217,1038,11/3/2015,October,Tenebrionidae Diet,0,0,,WT
VB14SW2,REG,VB14SW22,N32.92849 W3.92217,32.92849,3.92217,1038,11/3/2015,October,Tenebrionidae Other,0,0,,WT
VB14SW2,REG,VB14SW23,N32.92812 W3.92213,32.92812,3.92213,1036,11/3/2015,October,Messor,0,0,,WT
VB14SW2,REG,VB14SW23,N32.92812 W3.92213,32.92812,3.92213,1036,11/3/2015,October,Other,,0.07151,,WT
VB14SW2,REG,VB14SW23,N32.92812 W3.92213,32.92812,3.92213,1036,11/3/2015,October,Tenebrionidae Diet,0,0,,WT
VB14SW2,REG,VB14SW23,N32.92812 W3.92213,32.92812,3.92213,1036,11/3/2015,October,Tenebrionidae Other,0,0,,WT
VB14SW2,REG,VB14SW24,N32.92821 W3.92267,32.92821,3.92267,1038,11/3/2015,October,Messor,1,0.00147,,WT
VB14SW2,REG,VB14SW24,N32.92821 W3.92267,32.92821,3.92267,1038,11/3/2015,October,Other,,0.012,,WT
VB14SW2,REG,VB14SW24,N32.92821 W3.92267,32.92821,3.92267,1038,11/3/2015,October,Tenebrionidae Diet,0,0,,WT
VB14SW2,REG,VB14SW24,N32.92821 W3.92267,32.92821,3.92267,1038,11/3/2015,October,Tenebrionidae Other,0,0,,WT
VB14SW3,REG,VB14SW31,N32.90604 W3.92205,32.90604,3.92205,1062,11/3/2015,October,Messor,0,0,,WT
VB14SW3,REG,VB14SW31,N32.90604 W3.92205,32.90604,3.92205,1062,11/3/2015,October,Other,,0.09075,,WT
VB14SW3,REG,VB14SW31,N32.90604 W3.92205,32.90604,3.92205,1062,11/3/2015,October,Tenebrionidae Diet,0,0,,WT
VB14SW3,REG,VB14SW31,N32.90604 W3.92205,32.90604,3.92205,1062,11/3/2015,October,Tenebrionidae Other,0,0,,WT
VB14SW3,REG,VB14SW32,N32.90614 W3.92153,32.90614,3.92153,1062,11/3/2015,October,Messor,0,0,,WT
VB14SW3,REG,VB14SW32,N32.90614 W3.92153,32.90614,3.92153,1062,11/3/2015,October,Other,,0.00799,,WT
VB14SW3,REG,VB14SW32,N32.90614 W3.92153,32.90614,3.92153,1062,11/3/2015,October,Tenebrionidae Diet,0,0,,WT
VB14SW3,REG,VB14SW32,N32.90614 W3.92153,32.90614,3.92153,1062,11/3/2015,October,Tenebrionidae Other,0,0,,WT
VB14SW3,REG,VB14SW33,N32.90567 W3.92146,32.90567,3.92146,1062,11/3/2015,October,Messor,1,0.0007,,WT
VB14SW3,REG,VB14SW33,N32.90567 W3.92146,32.90567,3.92146,1062,11/3/2015,October,Other,,0.01589,,WT
VB14SW3,REG,VB14SW33,N32.90567 W3.92146,32.90567,3.92146,1062,11/3/2015,October,Tenebrionidae Diet,0,0,,WT
VB14SW3,REG,VB14SW33,N32.90567 W3.92146,32.90567,3.92146,1062,11/3/2015,October,Tenebrionidae Other,0,0,,WT
VB14SW3,REG,VB14SW34,N32.90561 W3.92193,32.90561,3.92193,1063,11/3/2015,October,Messor,0,0,,WT
VB14SW3,REG,VB14SW34,N32.90561 W3.92193,32.90561,3.92193,1063,11/3/2015,October,Other,,0.01214,,WT
VB14SW3,REG,VB14SW34,N32.90561 W3.92193,32.90561,3.92193,1063,11/3/2015,October,Tenebrionidae Diet,0,0,,WT
VB14SW3,REG,VB14SW34,N32.90561 W3.92193,32.90561,3.92193,1063,11/3/2015,October,Tenebrionidae Other,0,0,,WT
VB14SW4,EPA,VB14SW41,N32.90579 W3.94901,32.90579,3.94901,1048,11/3/2015,October,Messor,0,0,,WT
VB14SW4,EPA,VB14SW41,N32.90579 W3.94901,32.90579,3.94901,1048,11/3/2015,October,Other,,0.03814,,WT
VB14SW4,EPA,VB14SW41,N32.90579 W3.94901,32.90579,3.94901,1048,11/3/2015,October,Tenebrionidae Diet,0,0,,WT
VB14SW4,EPA,VB14SW41,N32.90579 W3.94901,32.90579,3.94901,1048,11/3/2015,October,Tenebrionidae Other,0,0,,WT
VB14SW4,EPA,VB14SW42,N32.90572 W3.94846,32.90572,3.94846,1049,11/3/2015,October,Messor,5,0.00635,,WT
VB14SW4,EPA,VB14SW42,N32.90572 W3.94846,32.90572,3.94846,1049,11/3/2015,October,Other,,0.02579,,WT
VB14SW4,EPA,VB14SW42,N32.90572 W3.94846,32.90572,3.94846,1049,11/3/2015,October,Tenebrionidae Diet,0,0,,WT
VB14SW4,EPA,VB14SW42,N32.90572 W3.94846,32.90572,3.94846,1049,11/3/2015,October,Tenebrionidae Other,0,0,,WT
VB14SW4,EPA,VB14SW43,N32.90532 W3.94851,32.90532,3.94851,1049,11/3/2015,October,Messor,,,Jar disappeared,NWT
VB14SW4,EPA,VB14SW43,N32.90532 W3.94851,32.90532,3.94851,1049,11/3/2015,October,Other,,,Jar disappeared,NWT
VB14SW4,EPA,VB14SW43,N32.90532 W3.94851,32.90532,3.94851,1049,11/3/2015,October,Tenebrionidae Diet,,,Jar disappeared,NWT
VB14SW4,EPA,VB14SW43,N32.90532 W3.94851,32.90532,3.94851,1049,11/3/2015,October,Tenebrionidae Other,,,Jar disappeared,NWT
VB14SW4,EPA,VB14SW44,N32.90539 W3.94907,32.90539,3.94907,1049,11/3/2015,October,Messor,0,0,,WT
VB14SW4,EPA,VB14SW44,N32.90539 W3.94907,32.90539,3.94907,1049,11/3/2015,October,Other,,0.02274,,WT
VB14SW4,EPA,VB14SW44,N32.90539 W3.94907,32.90539,3.94907,1049,11/3/2015,October,Tenebrionidae Diet,0,0,,WT
VB14SW4,EPA,VB14SW44,N32.90539 W3.94907,32.90539,3.94907,1049,11/3/2015,October,Tenebrionidae Other,0,0,,WT
VB14SW5,REG,VB14SW51,N32.91728 W3.93573,32.91728,3.93573,1040,11/3/2015,October,Messor,0,0,,WT
VB14SW5,REG,VB14SW51,N32.91728 W3.93573,32.91728,3.93573,1040,11/3/2015,October,Other,,0.07586,,WT
VB14SW5,REG,VB14SW51,N32.91728 W3.93573,32.91728,3.93573,1040,11/3/2015,October,Tenebrionidae Diet,0,0,,WT
VB14SW5,REG,VB14SW51,N32.91728 W3.93573,32.91728,3.93573,1040,11/3/2015,October,Tenebrionidae Other,0,0,,WT
VB14SW5,REG,VB14SW52,N32.91685 W3.93563,32.91685,3.93563,1049,11/3/2015,October,Messor,1,0.00153,,WT
VB14SW5,REG,VB14SW52,N32.91685 W3.93563,32.91685,3.93563,1049,11/3/2015,October,Other,,0.01051,,WT
VB14SW5,REG,VB14SW52,N32.91685 W3.93563,32.91685,3.93563,1049,11/3/2015,October,Tenebrionidae Diet,0,0,,WT
VB14SW5,REG,VB14SW52,N32.91685 W3.93563,32.91685,3.93563,1049,11/3/2015,October,Tenebrionidae Other,0,0,,WT
VB14SW5,REG,VB14SW53,N32.91700 W3.93513,32.917,3.93513,1048,11/3/2015,October,Messor,0,0,,WT
VB14SW5,REG,VB14SW53,N32.91700 W3.93513,32.917,3.93513,1048,11/3/2015,October,Other,,0.0033,,WT
VB14SW5,REG,VB14SW53,N32.91700 W3.93513,32.917,3.93513,1048,11/3/2015,October,Tenebrionidae Diet,0,0,,WT
VB14SW5,REG,VB14SW53,N32.91700 W3.93513,32.917,3.93513,1048,11/3/2015,October,Tenebrionidae Other,0,0,,WT
VB14SW5,REG,VB14SW54,N32.91739 W3.93528,32.91739,3.93528,1048,11/3/2015,October,Messor,0,0,,WT
VB14SW5,REG,VB14SW54,N32.91739 W3.93528,32.91739,3.93528,1048,11/3/2015,October,Other,,0.01929,,WT
VB14SW5,REG,VB14SW54,N32.91739 W3.93528,32.91739,3.93528,1048,11/3/2015,October,Tenebrionidae Diet,0,0,,WT
VB14SW5,REG,VB14SW54,N32.91739 W3.93528,32.91739,3.93528,1048,11/3/2015,October,Tenebrionidae Other,0,0,,WT
WC24NE1,ALF,WC24NE11,N33.87870 W2.71618,33.8787,2.71618,1317,11/3/2015,October,Messor,1,0.00205,,WT
WC24NE1,ALF,WC24NE11,N33.87870 W2.71618,33.8787,2.71618,1317,11/3/2015,October,Other,,0.01152,,WT
WC24NE1,ALF,WC24NE11,N33.87870 W2.71618,33.8787,2.71618,1317,11/3/2015,October,Tenebrionidae Diet,0,0,,WT
WC24NE1,ALF,WC24NE11,N33.87870 W2.71618,33.8787,2.71618,1317,11/3/2015,October,Tenebrionidae Other,0,0,,WT
WC24NE1,ALF,WC24NE12,N33.87862 W2.71562,33.87862,2.71562,1319,11/3/2015,October,Messor,1,0.00055,,WT
WC24NE1,ALF,WC24NE12,N33.87862 W2.71562,33.87862,2.71562,1319,11/3/2015,October,Other,,0.08742,,WT
WC24NE1,ALF,WC24NE12,N33.87862 W2.71562,33.87862,2.71562,1319,11/3/2015,October,Tenebrionidae Diet,0,0,,WT
WC24NE1,ALF,WC24NE12,N33.87862 W2.71562,33.87862,2.71562,1319,11/3/2015,October,Tenebrionidae Other,0,0,,WT
WC24NE1,ALF,WC24NE13,N33.87807 W2.71579,33.87807,2.71579,1316,11/3/2015,October,Messor,4,0.0036,,WT
WC24NE1,ALF,WC24NE13,N33.87807 W2.71579,33.87807,2.71579,1316,11/3/2015,October,Other,,0.04847,,WT
WC24NE1,ALF,WC24NE13,N33.87807 W2.71579,33.87807,2.71579,1316,11/3/2015,October,Tenebrionidae Diet,1,0.02334,,WT
WC24NE1,ALF,WC24NE13,N33.87807 W2.71579,33.87807,2.71579,1316,11/3/2015,October,Tenebrionidae Other,0,0,,WT
WC24NE1,ALF,WC24NE14,N33.87811 W2.71631,33.87811,2.71631,1317,11/3/2015,October,Messor,3,0.00251,,WT
WC24NE1,ALF,WC24NE14,N33.87811 W2.71631,33.87811,2.71631,1317,11/3/2015,October,Other,,0.00311,,WT
WC24NE1,ALF,WC24NE14,N33.87811 W2.71631,33.87811,2.71631,1317,11/3/2015,October,Tenebrionidae Diet,1,0.06157,,WT
WC24NE1,ALF,WC24NE14,N33.87811 W2.71631,33.87811,2.71631,1317,11/3/2015,October,Tenebrionidae Other,0,0,,WT
WC24NE2,ALF,WC24NE21,N33.87875 W2.68926,33.87875,2.68926,1328,11/3/2015,October,Messor,0,0,,WT
WC24NE2,ALF,WC24NE21,N33.87875 W2.68926,33.87875,2.68926,1328,11/3/2015,October,Other,,0.0094,,WT
WC24NE2,ALF,WC24NE21,N33.87875 W2.68926,33.87875,2.68926,1328,11/3/2015,October,Tenebrionidae Diet,0,0,,WT
WC24NE2,ALF,WC24NE21,N33.87875 W2.68926,33.87875,2.68926,1328,11/3/2015,October,Tenebrionidae Other,0,0,,WT
WC24NE2,ALF,WC24NE22,N33.87870 W2.68871,33.8787,2.68871,1327,11/3/2015,October,Messor,2,0.00158,,WT
WC24NE2,ALF,WC24NE22,N33.87870 W2.68871,33.8787,2.68871,1327,11/3/2015,October,Other,,0.10294,,WT
WC24NE2,ALF,WC24NE22,N33.87870 W2.68871,33.8787,2.68871,1327,11/3/2015,October,Tenebrionidae Diet,0,0,,WT
WC24NE2,ALF,WC24NE22,N33.87870 W2.68871,33.8787,2.68871,1327,11/3/2015,October,Tenebrionidae Other,0,0,,WT
WC24NE2,ALF,WC24NE23,N33.87825 W2.68873,33.87825,2.68873,1327,11/3/2015,October,Messor,0,0,,WT
WC24NE2,ALF,WC24NE23,N33.87825 W2.68873,33.87825,2.68873,1327,11/3/2015,October,Other,,0.09296,,WT
WC24NE2,ALF,WC24NE23,N33.87825 W2.68873,33.87825,2.68873,1327,11/3/2015,October,Tenebrionidae Diet,0,0,,WT
WC24NE2,ALF,WC24NE23,N33.87825 W2.68873,33.87825,2.68873,1327,11/3/2015,October,Tenebrionidae Other,0,0,,WT
WC24NE2,ALF,WC24NE24,N33.87827 W2.68924,33.87827,2.68924,1327,11/3/2015,October,Messor,3,0.01738,,WT
WC24NE2,ALF,WC24NE24,N33.87827 W2.68924,33.87827,2.68924,1327,11/3/2015,October,Other,,0.0063,,WT
WC24NE2,ALF,WC24NE24,N33.87827 W2.68924,33.87827,2.68924,1327,11/3/2015,October,Tenebrionidae Diet,0,0,,WT
WC24NE2,ALF,WC24NE24,N33.87827 W2.68924,33.87827,2.68924,1327,11/3/2015,October,Tenebrionidae Other,0,0,,WT
WC24NE3,ALF,WC24NE31,N33.85604 W2.68924,33.85604,2.68924,1306,11/3/2015,October,Messor,1,0.00042,,WT
WC24NE3,ALF,WC24NE31,N33.85604 W2.68924,33.85604,2.68924,1306,11/3/2015,October,Other,,0.00802,,WT
WC24NE3,ALF,WC24NE31,N33.85604 W2.68924,33.85604,2.68924,1306,11/3/2015,October,Tenebrionidae Diet,0,0,,WT
WC24NE3,ALF,WC24NE31,N33.85604 W2.68924,33.85604,2.68924,1306,11/3/2015,October,Tenebrionidae Other,0,0,,WT
WC24NE3,ALF,WC24NE32,N33.85591 W2.68882,33.85591,2.68882,1300,11/3/2015,October,Messor,0,0,,WT
WC24NE3,ALF,WC24NE32,N33.85591 W2.68882,33.85591,2.68882,1300,11/3/2015,October,Other,,0.02553,,WT
WC24NE3,ALF,WC24NE32,N33.85591 W2.68882,33.85591,2.68882,1300,11/3/2015,October,Tenebrionidae Diet,0,0,,WT
WC24NE3,ALF,WC24NE32,N33.85591 W2.68882,33.85591,2.68882,1300,11/3/2015,October,Tenebrionidae Other,0,0,,WT
WC24NE3,ALF,WC24NE33,N33.85549 W2.68895,33.85549,2.68895,1296,11/3/2015,October,Messor,0,0,,WT
WC24NE3,ALF,WC24NE33,N33.85549 W2.68895,33.85549,2.68895,1296,11/3/2015,October,Other,,0.22753,,WT
WC24NE3,ALF,WC24NE33,N33.85549 W2.68895,33.85549,2.68895,1296,11/3/2015,October,Tenebrionidae Diet,0,0,,WT
WC24NE3,ALF,WC24NE33,N33.85549 W2.68895,33.85549,2.68895,1296,11/3/2015,October,Tenebrionidae Other,0,0,,WT
WC24NE3,ALF,WC24NE34,N33.85555 W2.68944,33.85555,2.68944,1298,11/3/2015,October,Messor,0,0,,WT
WC24NE3,ALF,WC24NE34,N33.85555 W2.68944,33.85555,2.68944,1298,11/3/2015,October,Other,,0.029,,WT
WC24NE3,ALF,WC24NE34,N33.85555 W2.68944,33.85555,2.68944,1298,11/3/2015,October,Tenebrionidae Diet,0,0,,WT
WC24NE3,ALF,WC24NE34,N33.85555 W2.68944,33.85555,2.68944,1298,11/3/2015,October,Tenebrionidae Other,0,0,,WT
WC24NE4,ALF,WC24NE41,N33.85622 W2.71620,33.85622,2.7162,1323,11/3/2015,October,Messor,0,0,,WT
WC24NE4,ALF,WC24NE41,N33.85622 W2.71620,33.85622,2.7162,1323,11/3/2015,October,Other,,0.00961,,WT
WC24NE4,ALF,WC24NE41,N33.85622 W2.71620,33.85622,2.7162,1323,11/3/2015,October,Tenebrionidae Diet,0,0,,WT
WC24NE4,ALF,WC24NE41,N33.85622 W2.71620,33.85622,2.7162,1323,11/3/2015,October,Tenebrionidae Other,0,0,,WT
WC24NE4,ALF,WC24NE42,N33.85611 W2.71567,33.85611,2.71567,1332,11/3/2015,October,Messor,0,0,,WT
WC24NE4,ALF,WC24NE42,N33.85611 W2.71567,33.85611,2.71567,1332,11/3/2015,October,Other,,0.0269,,WT
WC24NE4,ALF,WC24NE42,N33.85611 W2.71567,33.85611,2.71567,1332,11/3/2015,October,Tenebrionidae Diet,1,0.1075,,WT
WC24NE4,ALF,WC24NE42,N33.85611 W2.71567,33.85611,2.71567,1332,11/3/2015,October,Tenebrionidae Other,0,0,,WT
WC24NE4,ALF,WC24NE43,N33.85566 W2.71581,33.85566,2.71581,1331,11/3/2015,October,Messor,0,0,,WT
WC24NE4,ALF,WC24NE43,N33.85566 W2.71581,33.85566,2.71581,1331,11/3/2015,October,Other,,0.01527,,WT
WC24NE4,ALF,WC24NE43,N33.85566 W2.71581,33.85566,2.71581,1331,11/3/2015,October,Tenebrionidae Diet,0,0,,WT
WC24NE4,ALF,WC24NE43,N33.85566 W2.71581,33.85566,2.71581,1331,11/3/2015,October,Tenebrionidae Other,0,0,,WT
WC24NE4,ALF,WC24NE44,N33.85576 W2.71628,33.85576,2.71628,1327,11/3/2015,October,Messor,0,0,,WT
WC24NE4,ALF,WC24NE44,N33.85576 W2.71628,33.85576,2.71628,1327,11/3/2015,October,Other,,0.0041,,WT
WC24NE4,ALF,WC24NE44,N33.85576 W2.71628,33.85576,2.71628,1327,11/3/2015,October,Tenebrionidae Diet,0,0,,WT
WC24NE4,ALF,WC24NE44,N33.85576 W2.71628,33.85576,2.71628,1327,11/3/2015,October,Tenebrionidae Other,0,0,,WT
WC24NE5,ALF,WC24NE51,N33.86736 W2.70264,33.86736,2.70264,1332,11/3/2015,October,Messor,0,0,,WT
WC24NE5,ALF,WC24NE51,N33.86736 W2.70264,33.86736,2.70264,1332,11/3/2015,October,Other,,0.07472,,WT
WC24NE5,ALF,WC24NE51,N33.86736 W2.70264,33.86736,2.70264,1332,11/3/2015,October,Tenebrionidae Diet,0,0,,WT
WC24NE5,ALF,WC24NE51,N33.86736 W2.70264,33.86736,2.70264,1332,11/3/2015,October,Tenebrionidae Other,0,0,,WT
WC24NE5,ALF,WC24NE52,N33.86744 W2.70212,33.86744,2.70212,1336,11/3/2015,October,Messor,0,0,,WT
WC24NE5,ALF,WC24NE52,N33.86744 W2.70212,33.86744,2.70212,1336,11/3/2015,October,Other,,0.01687,,WT
WC24NE5,ALF,WC24NE52,N33.86744 W2.70212,33.86744,2.70212,1336,11/3/2015,October,Tenebrionidae Diet,2,0.14731,,WT
WC24NE5,ALF,WC24NE52,N33.86744 W2.70212,33.86744,2.70212,1336,11/3/2015,October,Tenebrionidae Other,0,0,,WT
WC24NE5,ALF,WC24NE53,N33.86705 W2.70191,33.86705,2.70191,1334,11/3/2015,October,Messor,0,0,,WT
WC24NE5,ALF,WC24NE53,N33.86705 W2.70191,33.86705,2.70191,1334,11/3/2015,October,Other,,0.00535,,WT
WC24NE5,ALF,WC24NE53,N33.86705 W2.70191,33.86705,2.70191,1334,11/3/2015,October,Tenebrionidae Diet,0,0,,WT
WC24NE5,ALF,WC24NE53,N33.86705 W2.70191,33.86705,2.70191,1334,11/3/2015,October,Tenebrionidae Other,0,0,,WT
WC24NE5,ALF,WC24NE54,N33.86694 W2.70239,33.86694,2.70239,1332,11/3/2015,October,Messor,0,0,,WT
WC24NE5,ALF,WC24NE54,N33.86694 W2.70239,33.86694,2.70239,1332,11/3/2015,October,Other,,0.05778,,WT
WC24NE5,ALF,WC24NE54,N33.86694 W2.70239,33.86694,2.70239,1332,11/3/2015,October,Tenebrionidae Diet,0,0,,WT
WC24NE5,ALF,WC24NE54,N33.86694 W2.70239,33.86694,2.70239,1332,11/3/2015,October,Tenebrionidae Other,0,0,,WT
VB02SE1,REG,VB02SE11,N32.74766 W4.00092,32.74766,4.00092,1243,11/4/2015,October,Messor,0,0,,WT
VB02SE1,REG,VB02SE11,N32.74766 W4.00092,32.74766,4.00092,1243,11/4/2015,October,Other,,0.30696,,WT
VB02SE1,REG,VB02SE11,N32.74766 W4.00092,32.74766,4.00092,1243,11/4/2015,October,Tenebrionidae Diet,1,0.08728,,WT
VB02SE1,REG,VB02SE11,N32.74766 W4.00092,32.74766,4.00092,1243,11/4/2015,October,Tenebrionidae Other,0,0,,WT
VB02SE1,REG,VB02SE12,N32.74736 W4.00046,32.74736,4.00046,1239,11/4/2015,October,Messor,0,0,,BP
VB02SE1,REG,VB02SE12,N32.74736 W4.00046,32.74736,4.00046,1239,11/4/2015,October,Other,,0.04387,,BP
VB02SE1,REG,VB02SE12,N32.74736 W4.00046,32.74736,4.00046,1239,11/4/2015,October,Tenebrionidae Diet,0,0,,BP
VB02SE1,REG,VB02SE12,N32.74736 W4.00046,32.74736,4.00046,1239,11/4/2015,October,Tenebrionidae Other,0,0,,BP
VB02SE1,REG,VB02SE13,N32.74702 W4.00076,32.74702,4.00076,1242,11/4/2015,October,Messor,0,0,,WT
VB02SE1,REG,VB02SE13,N32.74702 W4.00076,32.74702,4.00076,1242,11/4/2015,October,Other,,0.13994,,WT
VB02SE1,REG,VB02SE13,N32.74702 W4.00076,32.74702,4.00076,1242,11/4/2015,October,Tenebrionidae Diet,2,0.01102,,WT
VB02SE1,REG,VB02SE13,N32.74702 W4.00076,32.74702,4.00076,1242,11/4/2015,October,Tenebrionidae Other,0,0,,WT
VB02SE1,REG,VB02SE14,N32.74727 W4.00115,32.74727,4.00115,1244,11/4/2015,October,Messor,0,0,,WT
VB02SE1,REG,VB02SE14,N32.74727 W4.00115,32.74727,4.00115,1244,11/4/2015,October,Other,,0.06927,,WT
VB02SE1,REG,VB02SE14,N32.74727 W4.00115,32.74727,4.00115,1244,11/4/2015,October,Tenebrionidae Diet,0,0,,WT
VB02SE1,REG,VB02SE14,N32.74727 W4.00115,32.74727,4.00115,1244,11/4/2015,October,Tenebrionidae Other,0,0,,WT
VB02SE2,REG,VB02SE21,N32.74785 W3.97404,32.74785,3.97404,1248,11/4/2015,October,Messor,0,0,,WT
VB02SE2,REG,VB02SE21,N32.74785 W3.97404,32.74785,3.97404,1248,11/4/2015,October,Other,,0.07077,,WT
VB02SE2,REG,VB02SE21,N32.74785 W3.97404,32.74785,3.97404,1248,11/4/2015,October,Tenebrionidae Diet,0,0,,WT
VB02SE2,REG,VB02SE21,N32.74785 W3.97404,32.74785,3.97404,1248,11/4/2015,October,Tenebrionidae Other,0,0,,WT
VB02SE2,REG,VB02SE22,N32.74783 W3.97352,32.74783,3.97352,1249,11/4/2015,October,Messor,1,0.00196,,WT
VB02SE2,REG,VB02SE22,N32.74783 W3.97352,32.74783,3.97352,1249,11/4/2015,October,Other,,0.30166,,WT
VB02SE2,REG,VB02SE22,N32.74783 W3.97352,32.74783,3.97352,1249,11/4/2015,October,Tenebrionidae Diet,1,0.10795,,WT
VB02SE2,REG,VB02SE22,N32.74783 W3.97352,32.74783,3.97352,1249,11/4/2015,October,Tenebrionidae Other,0,0,,WT
VB02SE2,REG,VB02SE23,N32.74735 W3.97371,32.74735,3.97371,1251,11/4/2015,October,Messor,1,0.00174,,WT
VB02SE2,REG,VB02SE23,N32.74735 W3.97371,32.74735,3.97371,1251,11/4/2015,October,Other,,0.31216,,WT
VB02SE2,REG,VB02SE23,N32.74735 W3.97371,32.74735,3.97371,1251,11/4/2015,October,Tenebrionidae Diet,1,0.10943,,WT
VB02SE2,REG,VB02SE23,N32.74735 W3.97371,32.74735,3.97371,1251,11/4/2015,October,Tenebrionidae Other,0,0,,WT
VB02SE2,REG,VB02SE24,N32.74743 W3.97413,32.74743,3.97413,1251,11/4/2015,October,Messor,0,0,,WT
VB02SE2,REG,VB02SE24,N32.74743 W3.97413,32.74743,3.97413,1251,11/4/2015,October,Other,,0.04235,,WT
VB02SE2,REG,VB02SE24,N32.74743 W3.97413,32.74743,3.97413,1251,11/4/2015,October,Tenebrionidae Diet,0,0,,WT
VB02SE2,REG,VB02SE24,N32.74743 W3.97413,32.74743,3.97413,1251,11/4/2015,October,Tenebrionidae Other,0,0,,WT
VB02SE3,REG,VB02SE31,N32.72507 W3.97363,32.72507,3.97363,1310,11/4/2015,October,Messor,0,0,,WT
VB02SE3,REG,VB02SE31,N32.72507 W3.97363,32.72507,3.97363,1310,11/4/2015,October,Other,,0.28477,,WT
VB02SE3,REG,VB02SE31,N32.72507 W3.97363,32.72507,3.97363,1310,11/4/2015,October,Tenebrionidae Diet,0,0,,WT
VB02SE3,REG,VB02SE31,N32.72507 W3.97363,32.72507,3.97363,1310,11/4/2015,October,Tenebrionidae Other,0,0,,WT
VB02SE3,REG,VB02SE32,N32.72493 W3.97316,32.72493,3.97316,1310,11/4/2015,October,Messor,1,0.00175,,WT
VB02SE3,REG,VB02SE32,N32.72493 W3.97316,32.72493,3.97316,1310,11/4/2015,October,Other,,0.20963,,WT
VB02SE3,REG,VB02SE32,N32.72493 W3.97316,32.72493,3.97316,1310,11/4/2015,October,Tenebrionidae Diet,0,0,,WT
VB02SE3,REG,VB02SE32,N32.72493 W3.97316,32.72493,3.97316,1310,11/4/2015,October,Tenebrionidae Other,0,0,,WT
VB02SE3,REG,VB02SE33,N32.72454 W3.97339,32.72454,3.97339,1310,11/4/2015,October,Messor,0,0,,WT
VB02SE3,REG,VB02SE33,N32.72454 W3.97339,32.72454,3.97339,1310,11/4/2015,October,Other,,0.33281,,WT
VB02SE3,REG,VB02SE33,N32.72454 W3.97339,32.72454,3.97339,1310,11/4/2015,October,Tenebrionidae Diet,1,0.00695,,WT
VB02SE3,REG,VB02SE33,N32.72454 W3.97339,32.72454,3.97339,1310,11/4/2015,October,Tenebrionidae Other,0,0,,WT
VB02SE3,REG,VB02SE34,N32.72474 W3.97383,32.72474,3.97383,1311,11/4/2015,October,Messor,0,0,,WT
VB02SE3,REG,VB02SE34,N32.72474 W3.97383,32.72474,3.97383,1311,11/4/2015,October,Other,,0.09534,,WT
VB02SE3,REG,VB02SE34,N32.72474 W3.97383,32.72474,3.97383,1311,11/4/2015,October,Tenebrionidae Diet,6,0.62136,,WT
VB02SE3,REG,VB02SE34,N32.72474 W3.97383,32.72474,3.97383,1311,11/4/2015,October,Tenebrionidae Other,0,0,,WT
VB02SE4,ALF,VB02SE41,N32.72484 W4.00028,32.72484,4.00028,1308,11/4/2015,October,Messor,0,0,,WT
VB02SE4,ALF,VB02SE41,N32.72484 W4.00028,32.72484,4.00028,1308,11/4/2015,October,Other,,0.21642,,WT
VB02SE4,ALF,VB02SE41,N32.72484 W4.00028,32.72484,4.00028,1308,11/4/2015,October,Tenebrionidae Diet,0,0,,WT
VB02SE4,ALF,VB02SE41,N32.72484 W4.00028,32.72484,4.00028,1308,11/4/2015,October,Tenebrionidae Other,0,0,,WT
VB02SE4,ALF,VB02SE42,N32.72478 W3.99975,32.72478,3.99975,1309,11/4/2015,October,Messor,0,0,,WT
VB02SE4,ALF,VB02SE42,N32.72478 W3.99975,32.72478,3.99975,1309,11/4/2015,October,Other,,0.04167,,WT
VB02SE4,ALF,VB02SE42,N32.72478 W3.99975,32.72478,3.99975,1309,11/4/2015,October,Tenebrionidae Diet,1,0.08148,,WT
VB02SE4,ALF,VB02SE42,N32.72478 W3.99975,32.72478,3.99975,1309,11/4/2015,October,Tenebrionidae Other,0,0,,WT
VB02SE4,ALF,VB02SE43,N32.72429 W3.99980,32.72429,3.9998,1307,11/4/2015,October,Messor,9,0.00672,,WT
VB02SE4,ALF,VB02SE43,N32.72429 W3.99980,32.72429,3.9998,1307,11/4/2015,October,Other,,0.09078,,WT
VB02SE4,ALF,VB02SE43,N32.72429 W3.99980,32.72429,3.9998,1307,11/4/2015,October,Tenebrionidae Diet,1,0.00933,,WT
VB02SE4,ALF,VB02SE43,N32.72429 W3.99980,32.72429,3.9998,1307,11/4/2015,October,Tenebrionidae Other,0,0,,WT
VB02SE4,ALF,VB02SE44,N32.72434 W4.00026,32.72434,4.00026,1305,11/4/2015,October,Messor,0,0,,WT
VB02SE4,ALF,VB02SE44,N32.72434 W4.00026,32.72434,4.00026,1305,11/4/2015,October,Other,,0.34266,,WT
VB02SE4,ALF,VB02SE44,N32.72434 W4.00026,32.72434,4.00026,1305,11/4/2015,October,Tenebrionidae Diet,0,0,,WT
VB02SE4,ALF,VB02SE44,N32.72434 W4.00026,32.72434,4.00026,1305,11/4/2015,October,Tenebrionidae Other,0,0,,WT
VB02SE5,EPA,VB02SE51,N32.73640 W3.98738,32.7364,3.98738,1271,11/4/2015,October,Messor,3,0.00599,,WT
VB02SE5,EPA,VB02SE51,N32.73640 W3.98738,32.7364,3.98738,1271,11/4/2015,October,Other,,0.36148,,WT
VB02SE5,EPA,VB02SE51,N32.73640 W3.98738,32.7364,3.98738,1271,11/4/2015,October,Tenebrionidae Diet,0,0,,WT
VB02SE5,EPA,VB02SE51,N32.73640 W3.98738,32.7364,3.98738,1271,11/4/2015,October,Tenebrionidae Other,0,0,,WT
VB02SE5,EPA,VB02SE52,N32.73637 W3.98682,32.73637,3.98682,1271,11/4/2015,October,Messor,8,0.01505,,WT
VB02SE5,EPA,VB02SE52,N32.73637 W3.98682,32.73637,3.98682,1271,11/4/2015,October,Other,,0.21483,,WT
VB02SE5,EPA,VB02SE52,N32.73637 W3.98682,32.73637,3.98682,1271,11/4/2015,October,Tenebrionidae Diet,0,0,,WT
VB02SE5,EPA,VB02SE52,N32.73637 W3.98682,32.73637,3.98682,1271,11/4/2015,October,Tenebrionidae Other,0,0,,WT
VB02SE5,EPA,VB02SE53,N32.73590 W3.98689,32.7359,3.98689,1271,11/4/2015,October,Messor,5,0.00622,,WT
VB02SE5,EPA,VB02SE53,N32.73590 W3.98689,32.7359,3.98689,1271,11/4/2015,October,Other,,0.44327,,WT
VB02SE5,EPA,VB02SE53,N32.73590 W3.98689,32.7359,3.98689,1271,11/4/2015,October,Tenebrionidae Diet,0,0,,WT
VB02SE5,EPA,VB02SE53,N32.73590 W3.98689,32.7359,3.98689,1271,11/4/2015,October,Tenebrionidae Other,0,0,,WT
VB02SE5,EPA,VB02SE54,N32.73597 W3.98743,32.73597,3.98743,1269,11/4/2015,October,Messor,3,0.0028,,WT
VB02SE5,EPA,VB02SE54,N32.73597 W3.98743,32.73597,3.98743,1269,11/4/2015,October,Other,,0.24956,,WT
VB02SE5,EPA,VB02SE54,N32.73597 W3.98743,32.73597,3.98743,1269,11/4/2015,October,Tenebrionidae Diet,2,0.31206,,WT
VB02SE5,EPA,VB02SE54,N32.73597 W3.98743,32.73597,3.98743,1269,11/4/2015,October,Tenebrionidae Other,0,0,,WT
VB85SE1,REG,VB85SE11,N33.02225 W3.14701,33.02225,3.14701,1608,11/4/2015,October,Messor,4,0.00432,,WT
VB85SE1,REG,VB85SE11,N33.02225 W3.14701,33.02225,3.14701,1608,11/4/2015,October,Other,,0.05487,,WT
VB85SE1,REG,VB85SE11,N33.02225 W3.14701,33.02225,3.14701,1608,11/4/2015,October,Tenebrionidae Diet,1,0.12956,,WT
VB85SE1,REG,VB85SE11,N33.02225 W3.14701,33.02225,3.14701,1608,11/4/2015,October,Tenebrionidae Other,0,0,,WT
VB85SE1,REG,VB85SE12,N33.02240 W3.14654,33.0224,3.14654,1611,11/4/2015,October,Messor,5,0.00567,,WT
VB85SE1,REG,VB85SE12,N33.02240 W3.14654,33.0224,3.14654,1611,11/4/2015,October,Other,,0.02864,,WT
VB85SE1,REG,VB85SE12,N33.02240 W3.14654,33.0224,3.14654,1611,11/4/2015,October,Tenebrionidae Diet,2,0.0479,,WT
VB85SE1,REG,VB85SE12,N33.02240 W3.14654,33.0224,3.14654,1611,11/4/2015,October,Tenebrionidae Other,0,0,,WT
VB85SE1,REG,VB85SE13,N33.02195 W3.14638,33.02195,3.14638,1611,11/4/2015,October,Messor,68,0.08263,,WT
VB85SE1,REG,VB85SE13,N33.02195 W3.14638,33.02195,3.14638,1611,11/4/2015,October,Other,,0.10088,,WT
VB85SE1,REG,VB85SE13,N33.02195 W3.14638,33.02195,3.14638,1611,11/4/2015,October,Tenebrionidae Diet,2,0.12707,,WT
VB85SE1,REG,VB85SE13,N33.02195 W3.14638,33.02195,3.14638,1611,11/4/2015,October,Tenebrionidae Other,0,0,,WT
VB85SE1,REG,VB85SE14,N33.02184 W3.14681,33.02184,3.14681,1614,11/4/2015,October,Messor,22,0.03041,,WT
VB85SE1,REG,VB85SE14,N33.02184 W3.14681,33.02184,3.14681,1614,11/4/2015,October,Other,,0.06233,,WT
VB85SE1,REG,VB85SE14,N33.02184 W3.14681,33.02184,3.14681,1614,11/4/2015,October,Tenebrionidae Diet,8,0.51642,,WT
VB85SE1,REG,VB85SE14,N33.02184 W3.14681,33.02184,3.14681,1614,11/4/2015,October,Tenebrionidae Other,0,0,,WT
VB85SE2,REG,VB85SE21,N33.02230 W3.12067,33.0223,3.12067,1620,11/4/2015,October,Messor,94,0.09707,,WT
VB85SE2,REG,VB85SE21,N33.02230 W3.12067,33.0223,3.12067,1620,11/4/2015,October,Other,,0.31282,,WT
VB85SE2,REG,VB85SE21,N33.02230 W3.12067,33.0223,3.12067,1620,11/4/2015,October,Tenebrionidae Diet,3,0.17002,,WT
VB85SE2,REG,VB85SE21,N33.02230 W3.12067,33.0223,3.12067,1620,11/4/2015,October,Tenebrionidae Other,0,0,,WT
VB85SE2,REG,VB85SE22,N33.02235 W3.12014,33.02235,3.12014,1622,11/4/2015,October,Messor,3,0.00283,,WT
VB85SE2,REG,VB85SE22,N33.02235 W3.12014,33.02235,3.12014,1622,11/4/2015,October,Other,,0.01368,,WT
VB85SE2,REG,VB85SE22,N33.02235 W3.12014,33.02235,3.12014,1622,11/4/2015,October,Tenebrionidae Diet,0,0,,WT
VB85SE2,REG,VB85SE22,N33.02235 W3.12014,33.02235,3.12014,1622,11/4/2015,October,Tenebrionidae Other,0,0,,WT
VB85SE2,REG,VB85SE23,N33.02197 W3.12003,33.02197,3.12003,1622,11/4/2015,October,Messor,7,0.00736,,WT
VB85SE2,REG,VB85SE23,N33.02197 W3.12003,33.02197,3.12003,1622,11/4/2015,October,Other,,0.01758,,WT
VB85SE2,REG,VB85SE23,N33.02197 W3.12003,33.02197,3.12003,1622,11/4/2015,October,Tenebrionidae Diet,2,0.09512,,WT
VB85SE2,REG,VB85SE23,N33.02197 W3.12003,33.02197,3.12003,1622,11/4/2015,October,Tenebrionidae Other,0,0,,WT
VB85SE2,REG,VB85SE24,N33.02182 W3.12052,33.02182,3.12052,1620,11/4/2015,October,Messor,,,Jar disappeared,NWT
VB85SE2,REG,VB85SE24,N33.02182 W3.12052,33.02182,3.12052,1620,11/4/2015,October,Other,,,Jar disappeared,NWT
VB85SE2,REG,VB85SE24,N33.02182 W3.12052,33.02182,3.12052,1620,11/4/2015,October,Tenebrionidae Diet,,,Jar disappeared,NWT
VB85SE2,REG,VB85SE24,N33.02182 W3.12052,33.02182,3.12052,1620,11/4/2015,October,Tenebrionidae Other,,,Jar disappeared,NWT
VB85SE3,REG,VB85SE31,N32.99997 W3.12066,32.99997,3.12066,1627,11/4/2015,October,Messor,0,0,,WT
VB85SE3,REG,VB85SE31,N32.99997 W3.12066,32.99997,3.12066,1627,11/4/2015,October,Other,,0.09,,WT
VB85SE3,REG,VB85SE31,N32.99997 W3.12066,32.99997,3.12066,1627,11/4/2015,October,Tenebrionidae Diet,4,0.31863,,WT
VB85SE3,REG,VB85SE31,N32.99997 W3.12066,32.99997,3.12066,1627,11/4/2015,October,Tenebrionidae Other,0,0,,WT
VB85SE3,REG,VB85SE32,N32.99995 W3.12010,32.99995,3.1201,1632,11/4/2015,October,Messor,6,0.00943,,WT
VB85SE3,REG,VB85SE32,N32.99995 W3.12010,32.99995,3.1201,1632,11/4/2015,October,Other,,0.0067,,WT
VB85SE3,REG,VB85SE32,N32.99995 W3.12010,32.99995,3.1201,1632,11/4/2015,October,Tenebrionidae Diet,7,0.42811,,WT
VB85SE3,REG,VB85SE32,N32.99995 W3.12010,32.99995,3.1201,1632,11/4/2015,October,Tenebrionidae Other,0,0,,WT
VB85SE3,REG,VB85SE33,N32.99948 W3.12014,32.99948,3.12014,1630,11/4/2015,October,Messor,11,0.01957,,WT
VB85SE3,REG,VB85SE33,N32.99948 W3.12014,32.99948,3.12014,1630,11/4/2015,October,Other,,0.01209,,WT
VB85SE3,REG,VB85SE33,N32.99948 W3.12014,32.99948,3.12014,1630,11/4/2015,October,Tenebrionidae Diet,2,0.147,,WT
VB85SE3,REG,VB85SE33,N32.99948 W3.12014,32.99948,3.12014,1630,11/4/2015,October,Tenebrionidae Other,0,0,,WT
VB85SE3,REG,VB85SE34,N32.99953 W3.12060,32.99953,3.1206,1626,11/4/2015,October,Messor,9,0.00876,,WT
VB85SE3,REG,VB85SE34,N32.99953 W3.12060,32.99953,3.1206,1626,11/4/2015,October,Other,,0.02821,,WT
VB85SE3,REG,VB85SE34,N32.99953 W3.12060,32.99953,3.1206,1626,11/4/2015,October,Tenebrionidae Diet,5,0.30834,,WT
VB85SE3,REG,VB85SE34,N32.99953 W3.12060,32.99953,3.1206,1626,11/4/2015,October,Tenebrionidae Other,0,0,,WT
VB85SE4,REG,VB85SE41,N32.99953 W3.14716,32.99953,3.14716,1640,11/4/2015,October,Messor,0,0,,WT
VB85SE4,REG,VB85SE41,N32.99953 W3.14716,32.99953,3.14716,1640,11/4/2015,October,Other,,0.04442,,WT
VB85SE4,REG,VB85SE41,N32.99953 W3.14716,32.99953,3.14716,1640,11/4/2015,October,Tenebrionidae Diet,1,0.08261,,WT
VB85SE4,REG,VB85SE41,N32.99953 W3.14716,32.99953,3.14716,1640,11/4/2015,October,Tenebrionidae Other,0,0,,WT
VB85SE4,REG,VB85SE42,N32.99926 W3.14677,32.99926,3.14677,1642,11/4/2015,October,Messor,59,0.0812,,WT
VB85SE4,REG,VB85SE42,N32.99926 W3.14677,32.99926,3.14677,1642,11/4/2015,October,Other,,1.16568,,WT
VB85SE4,REG,VB85SE42,N32.99926 W3.14677,32.99926,3.14677,1642,11/4/2015,October,Tenebrionidae Diet,4,0.27807,,WT
VB85SE4,REG,VB85SE42,N32.99926 W3.14677,32.99926,3.14677,1642,11/4/2015,October,Tenebrionidae Other,0,0,,WT
VB85SE4,REG,VB85SE43,N32.99884 W3.14708,32.99884,3.14708,1643,11/4/2015,October,Messor,24,0.03318,,WT
VB85SE4,REG,VB85SE43,N32.99884 W3.14708,32.99884,3.14708,1643,11/4/2015,October,Other,,0.01123,,WT
VB85SE4,REG,VB85SE43,N32.99884 W3.14708,32.99884,3.14708,1643,11/4/2015,October,Tenebrionidae Diet,1,0.04983,,WT
VB85SE4,REG,VB85SE43,N32.99884 W3.14708,32.99884,3.14708,1643,11/4/2015,October,Tenebrionidae Other,0,0,,WT
VB85SE4,REG,VB85SE44,N32.99907 W3.14739,32.99907,3.14739,1637,11/4/2015,October,Messor,0,0,,WT
VB85SE4,REG,VB85SE44,N32.99907 W3.14739,32.99907,3.14739,1637,11/4/2015,October,Other,,0.04595,,WT
VB85SE4,REG,VB85SE44,N32.99907 W3.14739,32.99907,3.14739,1637,11/4/2015,October,Tenebrionidae Diet,1,0.08856,,WT
VB85SE4,REG,VB85SE44,N32.99907 W3.14739,32.99907,3.14739,1637,11/4/2015,October,Tenebrionidae Other,0,0,,WT
VB85SE5,REG,VB85SE51,N33.01084 W3.13399,33.01084,3.13399,1624,11/4/2015,October,Messor,3,0.00373,,WT
VB85SE5,REG,VB85SE51,N33.01084 W3.13399,33.01084,3.13399,1624,11/4/2015,October,Other,,0.06143,,WT
VB85SE5,REG,VB85SE51,N33.01084 W3.13399,33.01084,3.13399,1624,11/4/2015,October,Tenebrionidae Diet,0,0,,WT
VB85SE5,REG,VB85SE51,N33.01084 W3.13399,33.01084,3.13399,1624,11/4/2015,October,Tenebrionidae Other,0,0,,WT
VB85SE5,REG,VB85SE52,N33.01053 W3.13369,33.01053,3.13369,1623,11/4/2015,October,Messor,2,0.00516,,WT
VB85SE5,REG,VB85SE52,N33.01053 W3.13369,33.01053,3.13369,1623,11/4/2015,October,Other,,0.00239,,WT
VB85SE5,REG,VB85SE52,N33.01053 W3.13369,33.01053,3.13369,1623,11/4/2015,October,Tenebrionidae Diet,3,0.29695,,WT
VB85SE5,REG,VB85SE52,N33.01053 W3.13369,33.01053,3.13369,1623,11/4/2015,October,Tenebrionidae Other,0,0,,WT
VB85SE5,REG,VB85SE53,N33.01022 W3.13411,33.01022,3.13411,1625,11/4/2015,October,Messor,0,0,,WT
VB85SE5,REG,VB85SE53,N33.01022 W3.13411,33.01022,3.13411,1625,11/4/2015,October,Other,,0,,WT
VB85SE5,REG,VB85SE53,N33.01022 W3.13411,33.01022,3.13411,1625,11/4/2015,October,Tenebrionidae Diet,3,0.25673,,WT
VB85SE5,REG,VB85SE53,N33.01022 W3.13411,33.01022,3.13411,1625,11/4/2015,October,Tenebrionidae Other,0,0,,WT
VB85SE5,REG,VB85SE54,N33.01048 W3.13434,33.01048,3.13434,1627,11/4/2015,October,Messor,1,0.00247,,WT
VB85SE5,REG,VB85SE54,N33.01048 W3.13434,33.01048,3.13434,1627,11/4/2015,October,Other,,0,,WT
VB85SE5,REG,VB85SE54,N33.01048 W3.13434,33.01048,3.13434,1627,11/4/2015,October,Tenebrionidae Diet,2,0.17026,,WT
VB85SE5,REG,VB85SE54,N33.01048 W3.13434,33.01048,3.13434,1627,11/4/2015,October,Tenebrionidae Other,0,0,,WT
UB24SW1,REG,UB24SW11,N32.91747 W4.91167,32.91747,4.91167,1509,11/5/2015,October,Messor,0,0,,WT
UB24SW1,REG,UB24SW11,N32.91747 W4.91167,32.91747,4.91167,1509,11/5/2015,October,Other,,0.00518,,WT
UB24SW1,REG,UB24SW11,N32.91747 W4.91167,32.91747,4.91167,1509,11/5/2015,October,Tenebrionidae Diet,1,0.03137,,WT
UB24SW1,REG,UB24SW11,N32.91747 W4.91167,32.91747,4.91167,1509,11/5/2015,October,Tenebrionidae Other,0,0,,WT
UB24SW1,REG,UB24SW12,N32.91754 W4.91112,32.91754,4.91112,1524,11/5/2015,October,Messor,0,0,,WT
UB24SW1,REG,UB24SW12,N32.91754 W4.91112,32.91754,4.91112,1524,11/5/2015,October,Other,,0.06088,,WT
UB24SW1,REG,UB24SW12,N32.91754 W4.91112,32.91754,4.91112,1524,11/5/2015,October,Tenebrionidae Diet,2,0.09827,,WT
UB24SW1,REG,UB24SW12,N32.91754 W4.91112,32.91754,4.91112,1524,11/5/2015,October,Tenebrionidae Other,0,0,,WT
UB24SW1,REG,UB24SW13,N32.91713 W4.91102,32.91713,4.91102,1525,11/5/2015,October,Messor,0,0,,WT
UB24SW1,REG,UB24SW13,N32.91713 W4.91102,32.91713,4.91102,1525,11/5/2015,October,Other,,0.0536,,WT
UB24SW1,REG,UB24SW13,N32.91713 W4.91102,32.91713,4.91102,1525,11/5/2015,October,Tenebrionidae Diet,6,0.30609,,WT
UB24SW1,REG,UB24SW13,N32.91713 W4.91102,32.91713,4.91102,1525,11/5/2015,October,Tenebrionidae Other,0,0,,WT
UB24SW1,REG,UB24SW14,N32.91705 W4.91159,32.91705,4.91159,1525,11/5/2015,October,Messor,0,0,,WT
UB24SW1,REG,UB24SW14,N32.91705 W4.91159,32.91705,4.91159,1525,11/5/2015,October,Other,,0.02997,,WT
UB24SW1,REG,UB24SW14,N32.91705 W4.91159,32.91705,4.91159,1525,11/5/2015,October,Tenebrionidae Diet,0,0,,WT
UB24SW1,REG,UB24SW14,N32.91705 W4.91159,32.91705,4.91159,1525,11/5/2015,October,Tenebrionidae Other,0,0,,WT
UB24SW2,REG,UB24SW21,N32.91781 W4.88501,32.91781,4.88501,1517,11/5/2015,October,Messor,1,0.00051,,WT
UB24SW2,REG,UB24SW21,N32.91781 W4.88501,32.91781,4.88501,1517,11/5/2015,October,Other,,0.00369,,WT
UB24SW2,REG,UB24SW21,N32.91781 W4.88501,32.91781,4.88501,1517,11/5/2015,October,Tenebrionidae Diet,1,0.03367,,WT
UB24SW2,REG,UB24SW21,N32.91781 W4.88501,32.91781,4.88501,1517,11/5/2015,October,Tenebrionidae Other,0,0,,WT
UB24SW2,REG,UB24SW22,N32.91751 W4.88460,32.91751,4.8846,1520,11/5/2015,October,Messor,0,0,,WT
UB24SW2,REG,UB24SW22,N32.91751 W4.88460,32.91751,4.8846,1520,11/5/2015,October,Other,,0.00636,,WT
UB24SW2,REG,UB24SW22,N32.91751 W4.88460,32.91751,4.8846,1520,11/5/2015,October,Tenebrionidae Diet,0,0,,WT
UB24SW2,REG,UB24SW22,N32.91751 W4.88460,32.91751,4.8846,1520,11/5/2015,October,Tenebrionidae Other,0,0,,WT
UB24SW2,REG,UB24SW23,N32.91723 W4.88494,32.91723,4.88494,1515,11/5/2015,October,Messor,0,0,,WT
UB24SW2,REG,UB24SW23,N32.91723 W4.88494,32.91723,4.88494,1515,11/5/2015,October,Other,,0.02066,,WT
UB24SW2,REG,UB24SW23,N32.91723 W4.88494,32.91723,4.88494,1515,11/5/2015,October,Tenebrionidae Diet,0,0,,WT
UB24SW2,REG,UB24SW23,N32.91723 W4.88494,32.91723,4.88494,1515,11/5/2015,October,Tenebrionidae Other,0,0,,WT
UB24SW2,REG,UB24SW24,N32.91750 W4.88533,32.9175,4.88533,1511,11/5/2015,October,Messor,0,0,,WT
UB24SW2,REG,UB24SW24,N32.91750 W4.88533,32.9175,4.88533,1511,11/5/2015,October,Other,,0.00067,,WT
UB24SW2,REG,UB24SW24,N32.91750 W4.88533,32.9175,4.88533,1511,11/5/2015,October,Tenebrionidae Diet,0,0,,WT
UB24SW2,REG,UB24SW24,N32.91750 W4.88533,32.9175,4.88533,1511,11/5/2015,October,Tenebrionidae Other,0,0,,WT
UB24SW3,EPA,UB24SW31,N32.89505 W4.88427,32.89505,4.88427,1446,11/5/2015,October,Messor,0,0,,WT
UB24SW3,EPA,UB24SW31,N32.89505 W4.88427,32.89505,4.88427,1446,11/5/2015,October,Other,,0.0164,,WT
UB24SW3,EPA,UB24SW31,N32.89505 W4.88427,32.89505,4.88427,1446,11/5/2015,October,Tenebrionidae Diet,3,0.09423,,WT
UB24SW3,EPA,UB24SW31,N32.89505 W4.88427,32.89505,4.88427,1446,11/5/2015,October,Tenebrionidae Other,0,0,,WT
UB24SW3,EPA,UB24SW32,N32.89506 W4.88386,32.89506,4.88386,1450,11/5/2015,October,Messor,0,0,,WT
UB24SW3,EPA,UB24SW32,N32.89506 W4.88386,32.89506,4.88386,1450,11/5/2015,October,Other,,0.00116,,WT
UB24SW3,EPA,UB24SW32,N32.89506 W4.88386,32.89506,4.88386,1450,11/5/2015,October,Tenebrionidae Diet,6,0.23321,,WT
UB24SW3,EPA,UB24SW32,N32.89506 W4.88386,32.89506,4.88386,1450,11/5/2015,October,Tenebrionidae Other,0,0,,WT
UB24SW3,EPA,UB24SW33,N32.89465 W4.88406,32.89465,4.88406,1438,11/5/2015,October,Messor,0,0,,WT
UB24SW3,EPA,UB24SW33,N32.89465 W4.88406,32.89465,4.88406,1438,11/5/2015,October,Other,,0.01266,,WT
UB24SW3,EPA,UB24SW33,N32.89465 W4.88406,32.89465,4.88406,1438,11/5/2015,October,Tenebrionidae Diet,3,0.19365,,WT
UB24SW3,EPA,UB24SW33,N32.89465 W4.88406,32.89465,4.88406,1438,11/5/2015,October,Tenebrionidae Other,0,0,,WT
UB24SW3,EPA,UB24SW34,N32.89477 W4.88454,32.89477,4.88454,1444,11/5/2015,October,Messor,3,0.00197,,WT
UB24SW3,EPA,UB24SW34,N32.89477 W4.88454,32.89477,4.88454,1444,11/5/2015,October,Other,,0.00738,,WT
UB24SW3,EPA,UB24SW34,N32.89477 W4.88454,32.89477,4.88454,1444,11/5/2015,October,Tenebrionidae Diet,4,0.29484,,WT
UB24SW3,EPA,UB24SW34,N32.89477 W4.88454,32.89477,4.88454,1444,11/5/2015,October,Tenebrionidae Other,0,0,,WT
UB24SW4,EPA,UB24SW41,N32.89479 W4.91111,32.89479,4.91111,1463,11/5/2015,October,Messor,0,0,,WT
UB24SW4,EPA,UB24SW41,N32.89479 W4.91111,32.89479,4.91111,1463,11/5/2015,October,Other,,0.0144,,WT
UB24SW4,EPA,UB24SW41,N32.89479 W4.91111,32.89479,4.91111,1463,11/5/2015,October,Tenebrionidae Diet,3,0.19524,,WT
UB24SW4,EPA,UB24SW41,N32.89479 W4.91111,32.89479,4.91111,1463,11/5/2015,October,Tenebrionidae Other,0,0,,WT
UB24SW4,EPA,UB24SW42,N32.89471 W4.91060,32.89471,4.9106,1458,11/5/2015,October,Messor,1,0.00051,,WT
UB24SW4,EPA,UB24SW42,N32.89471 W4.91060,32.89471,4.9106,1458,11/5/2015,October,Other,,0.05255,,WT
UB24SW4,EPA,UB24SW42,N32.89471 W4.91060,32.89471,4.9106,1458,11/5/2015,October,Tenebrionidae Diet,6,0.32413,,WT
UB24SW4,EPA,UB24SW42,N32.89471 W4.91060,32.89471,4.9106,1458,11/5/2015,October,Tenebrionidae Other,0,0,,WT
UB24SW4,EPA,UB24SW43,N32.89430 W4.91073,32.8943,4.91073,1458,11/5/2015,October,Messor,1,0.00059,,WT
UB24SW4,EPA,UB24SW43,N32.89430 W4.91073,32.8943,4.91073,1458,11/5/2015,October,Other,,0.03758,,WT
UB24SW4,EPA,UB24SW43,N32.89430 W4.91073,32.8943,4.91073,1458,11/5/2015,October,Tenebrionidae Diet,1,0.09045,,WT
UB24SW4,EPA,UB24SW43,N32.89430 W4.91073,32.8943,4.91073,1458,11/5/2015,October,Tenebrionidae Other,0,0,,WT
UB24SW4,EPA,UB24SW44,N32.89437 W4.91123,32.89437,4.91123,1457,11/5/2015,October,Messor,2,0.01743,,WT
UB24SW4,EPA,UB24SW44,N32.89437 W4.91123,32.89437,4.91123,1457,11/5/2015,October,Other,,0.01785,,WT
UB24SW4,EPA,UB24SW44,N32.89437 W4.91123,32.89437,4.91123,1457,11/5/2015,October,Tenebrionidae Diet,2,0.36783,,WT
UB24SW4,EPA,UB24SW44,N32.89437 W4.91123,32.89437,4.91123,1457,11/5/2015,October,Tenebrionidae Other,0,0,,WT
UB24SW5,REG,UB24SW51,N32.90639 W4.89868,32.90639,4.89868,1480,11/5/2015,October,Messor,0,0,,WT
UB24SW5,REG,UB24SW51,N32.90639 W4.89868,32.90639,4.89868,1480,11/5/2015,October,Other,,0.00575,,WT
UB24SW5,REG,UB24SW51,N32.90639 W4.89868,32.90639,4.89868,1480,11/5/2015,October,Tenebrionidae Diet,0,0,,WT
UB24SW5,REG,UB24SW51,N32.90639 W4.89868,32.90639,4.89868,1480,11/5/2015,October,Tenebrionidae Other,0,0,,WT
UB24SW5,REG,UB24SW52,N32.90639 W4.89818,32.90639,4.89818,1479,11/5/2015,October,Messor,0,0,,WT
UB24SW5,REG,UB24SW52,N32.90639 W4.89818,32.90639,4.89818,1479,11/5/2015,October,Other,,0.0239,,WT
UB24SW5,REG,UB24SW52,N32.90639 W4.89818,32.90639,4.89818,1479,11/5/2015,October,Tenebrionidae Diet,3,0.25048,,WT
UB24SW5,REG,UB24SW52,N32.90639 W4.89818,32.90639,4.89818,1479,11/5/2015,October,Tenebrionidae Other,0,0,,WT
UB24SW5,REG,UB24SW53,N32.90596 W4.89816,32.90596,4.89816,1479,11/5/2015,October,Messor,0,0,,WT
UB24SW5,REG,UB24SW53,N32.90596 W4.89816,32.90596,4.89816,1479,11/5/2015,October,Other,,0.00527,,WT
UB24SW5,REG,UB24SW53,N32.90596 W4.89816,32.90596,4.89816,1479,11/5/2015,October,Tenebrionidae Diet,1,0.08918,,WT
UB24SW5,REG,UB24SW53,N32.90596 W4.89816,32.90596,4.89816,1479,11/5/2015,October,Tenebrionidae Other,0,0,,WT
UB24SW5,REG,UB24SW54,N32.90598 W4.89869,32.90598,4.89869,1479,11/5/2015,October,Messor,0,0,,WT
UB24SW5,REG,UB24SW54,N32.90598 W4.89869,32.90598,4.89869,1479,11/5/2015,October,Other,,0.00433,,WT
UB24SW5,REG,UB24SW54,N32.90598 W4.89869,32.90598,4.89869,1479,11/5/2015,October,Tenebrionidae Diet,0,0,,WT
UB24SW5,REG,UB24SW54,N32.90598 W4.89869,32.90598,4.89869,1479,11/5/2015,October,Tenebrionidae Other,0,0,,WT
VB84NW1,REG,VB84NW11,N32.97675 W3.20088,32.97675,3.20088,1678,11/5/2015,October,Messor,17,0.02231,,WT
VB84NW1,REG,VB84NW11,N32.97675 W3.20088,32.97675,3.20088,1678,11/5/2015,October,Other,,0.04944,,WT
VB84NW1,REG,VB84NW11,N32.97675 W3.20088,32.97675,3.20088,1678,11/5/2015,October,Tenebrionidae Diet,0,0,,WT
VB84NW1,REG,VB84NW11,N32.97675 W3.20088,32.97675,3.20088,1678,11/5/2015,October,Tenebrionidae Other,0,0,,WT
VB84NW1,REG,VB84NW12,N32.97648 W3.20057,32.97648,3.20057,1679,11/5/2015,October,Messor,4,0.00625,,WT
VB84NW1,REG,VB84NW12,N32.97648 W3.20057,32.97648,3.20057,1679,11/5/2015,October,Other,,0.06945,,WT
VB84NW1,REG,VB84NW12,N32.97648 W3.20057,32.97648,3.20057,1679,11/5/2015,October,Tenebrionidae Diet,7,0.407,,WT
VB84NW1,REG,VB84NW12,N32.97648 W3.20057,32.97648,3.20057,1679,11/5/2015,October,Tenebrionidae Other,0,0,,WT
VB84NW1,REG,VB84NW13,N32.97615 W3.20109,32.97615,3.20109,1680,11/5/2015,October,Messor,49,0.06985,,WT
VB84NW1,REG,VB84NW13,N32.97615 W3.20109,32.97615,3.20109,1680,11/5/2015,October,Other,,0.15955,,WT
VB84NW1,REG,VB84NW13,N32.97615 W3.20109,32.97615,3.20109,1680,11/5/2015,October,Tenebrionidae Diet,1,0.0337,,WT
VB84NW1,REG,VB84NW13,N32.97615 W3.20109,32.97615,3.20109,1680,11/5/2015,October,Tenebrionidae Other,0,0,,WT
VB84NW1,REG,VB84NW14,N32.97652 W3.20148,32.97652,3.20148,1678,11/5/2015,October,Messor,2,0.00297,,WT
VB84NW1,REG,VB84NW14,N32.97652 W3.20148,32.97652,3.20148,1678,11/5/2015,October,Other,,0.04956,,WT
VB84NW1,REG,VB84NW14,N32.97652 W3.20148,32.97652,3.20148,1678,11/5/2015,October,Tenebrionidae Diet,2,0.06875,,WT
VB84NW1,REG,VB84NW14,N32.97652 W3.20148,32.97652,3.20148,1678,11/5/2015,October,Tenebrionidae Other,0,0,,WT
VB84NW2,REG,VB84NW21,N32.97704 W3.17403,32.97704,3.17403,1660,11/5/2015,October,Messor,6,0.01081,,WT
VB84NW2,REG,VB84NW21,N32.97704 W3.17403,32.97704,3.17403,1660,11/5/2015,October,Other,,0.14041,,WT
VB84NW2,REG,VB84NW21,N32.97704 W3.17403,32.97704,3.17403,1660,11/5/2015,October,Tenebrionidae Diet,0,0,,WT
VB84NW2,REG,VB84NW21,N32.97704 W3.17403,32.97704,3.17403,1660,11/5/2015,October,Tenebrionidae Other,0,0,,WT
VB84NW2,REG,VB84NW22,N32.97704 W3.17352,32.97704,3.17352,1659,11/5/2015,October,Messor,21,0.03103,,WT
VB84NW2,REG,VB84NW22,N32.97704 W3.17352,32.97704,3.17352,1659,11/5/2015,October,Other,,0.00942,,WT
VB84NW2,REG,VB84NW22,N32.97704 W3.17352,32.97704,3.17352,1659,11/5/2015,October,Tenebrionidae Diet,5,0.20862,,WT
VB84NW2,REG,VB84NW22,N32.97704 W3.17352,32.97704,3.17352,1659,11/5/2015,October,Tenebrionidae Other,0,0,,WT
VB84NW2,REG,VB84NW23,N32.97657 W3.17357,32.97657,3.17357,1657,11/5/2015,October,Messor,6,0.0083,,WT
VB84NW2,REG,VB84NW23,N32.97657 W3.17357,32.97657,3.17357,1657,11/5/2015,October,Other,,0.10074,,WT
VB84NW2,REG,VB84NW23,N32.97657 W3.17357,32.97657,3.17357,1657,11/5/2015,October,Tenebrionidae Diet,7,0.49946,,WT
VB84NW2,REG,VB84NW23,N32.97657 W3.17357,32.97657,3.17357,1657,11/5/2015,October,Tenebrionidae Other,0,0,,WT
VB84NW2,REG,VB84NW24,N32.97652 W3.17399,32.97652,3.17399,1659,11/5/2015,October,Messor,20,0.02293,,WT
VB84NW2,REG,VB84NW24,N32.97652 W3.17399,32.97652,3.17399,1659,11/5/2015,October,Other,,0.01671,,WT
VB84NW2,REG,VB84NW24,N32.97652 W3.17399,32.97652,3.17399,1659,11/5/2015,October,Tenebrionidae Diet,1,0.05177,,WT
VB84NW2,REG,VB84NW24,N32.97652 W3.17399,32.97652,3.17399,1659,11/5/2015,October,Tenebrionidae Other,0,0,,WT
VB84NW3,REG,VB84NW31,N32.95861 W3.17567,32.95861,3.17567,1732,11/5/2015,October,Messor,1,0.0015,,WT
VB84NW3,REG,VB84NW31,N32.95861 W3.17567,32.95861,3.17567,1732,11/5/2015,October,Other,,0.03022,,WT
VB84NW3,REG,VB84NW31,N32.95861 W3.17567,32.95861,3.17567,1732,11/5/2015,October,Tenebrionidae Diet,2,0.08864,,WT
VB84NW3,REG,VB84NW31,N32.95861 W3.17567,32.95861,3.17567,1732,11/5/2015,October,Tenebrionidae Other,0,0,,WT
VB84NW3,REG,VB84NW32,N32.95833 W3.17531,32.95833,3.17531,1730,11/5/2015,October,Messor,1,0.00085,,WT
VB84NW3,REG,VB84NW32,N32.95833 W3.17531,32.95833,3.17531,1730,11/5/2015,October,Other,,0.00963,,WT
VB84NW3,REG,VB84NW32,N32.95833 W3.17531,32.95833,3.17531,1730,11/5/2015,October,Tenebrionidae Diet,15,0.59473,,WT
VB84NW3,REG,VB84NW32,N32.95833 W3.17531,32.95833,3.17531,1730,11/5/2015,October,Tenebrionidae Other,0,0,,WT
VB84NW3,REG,VB84NW33,N32.95803 W3.17569,32.95803,3.17569,1729,11/5/2015,October,Messor,0,0,,WT
VB84NW3,REG,VB84NW33,N32.95803 W3.17569,32.95803,3.17569,1729,11/5/2015,October,Other,,0.16114,,WT
VB84NW3,REG,VB84NW33,N32.95803 W3.17569,32.95803,3.17569,1729,11/5/2015,October,Tenebrionidae Diet,11,0.52059,,WT
VB84NW3,REG,VB84NW33,N32.95803 W3.17569,32.95803,3.17569,1729,11/5/2015,October,Tenebrionidae Other,0,0,,WT
VB84NW3,REG,VB84NW34,N32.95832 W3.17605,32.95832,3.17605,1727,11/5/2015,October,Messor,0,0,,WT
VB84NW3,REG,VB84NW34,N32.95832 W3.17605,32.95832,3.17605,1727,11/5/2015,October,Other,,0.00334,,WT
VB84NW3,REG,VB84NW34,N32.95832 W3.17605,32.95832,3.17605,1727,11/5/2015,October,Tenebrionidae Diet,4,0.22297,,WT
VB84NW3,REG,VB84NW34,N32.95832 W3.17605,32.95832,3.17605,1727,11/5/2015,October,Tenebrionidae Other,0,0,,WT
VB84NW4,REG,VB84NW41,N32.95232 W3.19749,32.95232,3.19749,1658,11/5/2015,October,Messor,,,Jar disappeared,NWT
VB84NW4,REG,VB84NW41,N32.95232 W3.19749,32.95232,3.19749,1658,11/5/2015,October,Other,,,Jar disappeared,NWT
VB84NW4,REG,VB84NW41,N32.95232 W3.19749,32.95232,3.19749,1658,11/5/2015,October,Tenebrionidae Diet,,,Jar disappeared,NWT
VB84NW4,REG,VB84NW41,N32.95232 W3.19749,32.95232,3.19749,1658,11/5/2015,October,Tenebrionidae Other,,,Jar disappeared,NWT
VB84NW4,REG,VB84NW42,N32.95201 W3.19714,32.95201,3.19714,1658,11/5/2015,October,Messor,5,0.00879,,WT
VB84NW4,REG,VB84NW42,N32.95201 W3.19714,32.95201,3.19714,1658,11/5/2015,October,Other,,0.09211,,WT
VB84NW4,REG,VB84NW42,N32.95201 W3.19714,32.95201,3.19714,1658,11/5/2015,October,Tenebrionidae Diet,2,0.14671,,WT
VB84NW4,REG,VB84NW42,N32.95201 W3.19714,32.95201,3.19714,1658,11/5/2015,October,Tenebrionidae Other,0,0,,WT
VB84NW4,REG,VB84NW43,N32.95170 W3.19753,32.9517,3.19753,1656,11/5/2015,October,Messor,4,0.00712,,WT
VB84NW4,REG,VB84NW43,N32.95170 W3.19753,32.9517,3.19753,1656,11/5/2015,October,Other,,0.06533,,WT
VB84NW4,REG,VB84NW43,N32.95170 W3.19753,32.9517,3.19753,1656,11/5/2015,October,Tenebrionidae Diet,0,0,,WT
VB84NW4,REG,VB84NW43,N32.95170 W3.19753,32.9517,3.19753,1656,11/5/2015,October,Tenebrionidae Other,0,0,,WT
VB84NW4,REG,VB84NW44,N32.95196 W3.19782,32.95196,3.19782,1656,11/5/2015,October,Messor,,,Jar disappeared,NWT
VB84NW4,REG,VB84NW44,N32.95196 W3.19782,32.95196,3.19782,1656,11/5/2015,October,Other,,,Jar disappeared,NWT
VB84NW4,REG,VB84NW44,N32.95196 W3.19782,32.95196,3.19782,1656,11/5/2015,October,Tenebrionidae Diet,,,Jar disappeared,NWT
VB84NW4,REG,VB84NW44,N32.95196 W3.19782,32.95196,3.19782,1656,11/5/2015,October,Tenebrionidae Other,,,Jar disappeared,NWT
VB84NW5,ALF,VB84NW51,N32.96347 W3.19312,32.96347,3.19312,1682,11/5/2015,October,Messor,1,0.00111,,WT
VB84NW5,ALF,VB84NW51,N32.96347 W3.19312,32.96347,3.19312,1682,11/5/2015,October,Other,,0.02963,,WT
VB84NW5,ALF,VB84NW51,N32.96347 W3.19312,32.96347,3.19312,1682,11/5/2015,October,Tenebrionidae Diet,0,0,,WT
VB84NW5,ALF,VB84NW51,N32.96347 W3.19312,32.96347,3.19312,1682,11/5/2015,October,Tenebrionidae Other,0,0,,WT
VB84NW5,ALF,VB84NW52,N32.96342 W3.19273,32.96342,3.19273,1681,11/5/2015,October,Messor,0,0,,WT
VB84NW5,ALF,VB84NW52,N32.96342 W3.19273,32.96342,3.19273,1681,11/5/2015,October,Other,,0.02415,,WT
VB84NW5,ALF,VB84NW52,N32.96342 W3.19273,32.96342,3.19273,1681,11/5/2015,October,Tenebrionidae Diet,2,0.08482,,WT
VB84NW5,ALF,VB84NW52,N32.96342 W3.19273,32.96342,3.19273,1681,11/5/2015,October,Tenebrionidae Other,0,0,,WT
VB84NW5,ALF,VB84NW53,N32.96297 W3.19284,32.96297,3.19284,1686,11/5/2015,October,Messor,0,0,,WT
VB84NW5,ALF,VB84NW53,N32.96297 W3.19284,32.96297,3.19284,1686,11/5/2015,October,Other,,0.03376,,WT
VB84NW5,ALF,VB84NW53,N32.96297 W3.19284,32.96297,3.19284,1686,11/5/2015,October,Tenebrionidae Diet,0,0,,WT
VB84NW5,ALF,VB84NW53,N32.96297 W3.19284,32.96297,3.19284,1686,11/5/2015,October,Tenebrionidae Other,0,0,,WT
VB84NW5,ALF,VB84NW54,N32.96301 W3.19324,32.96301,3.19324,1686,11/5/2015,October,Messor,0,0,,WT
VB84NW5,ALF,VB84NW54,N32.96301 W3.19324,32.96301,3.19324,1686,11/5/2015,October,Other,,0.01182,,WT
VB84NW5,ALF,VB84NW54,N32.96301 W3.19324,32.96301,3.19324,1686,11/5/2015,October,Tenebrionidae Diet,0,0,,WT
VB84NW5,ALF,VB84NW54,N32.96301 W3.19324,32.96301,3.19324,1686,11/5/2015,October,Tenebrionidae Other,0,0,,WT
VC52SE1,REG,VC52SE11,N33.65271 W3.47184,33.65271,3.47184,882,11/6/2015,October,Messor,0,0,,BP
VC52SE1,REG,VC52SE11,N33.65271 W3.47184,33.65271,3.47184,882,11/6/2015,October,Other,,0.04648,,BP
VC52SE1,REG,VC52SE11,N33.65271 W3.47184,33.65271,3.47184,882,11/6/2015,October,Tenebrionidae Diet,0,0,,BP
VC52SE1,REG,VC52SE11,N33.65271 W3.47184,33.65271,3.47184,882,11/6/2015,October,Tenebrionidae Other,0,0,,BP
VC52SE1,REG,VC52SE12,N33.65269 W3.47128,33.65269,3.47128,883,11/6/2015,October,Messor,0,0,,NWT
VC52SE1,REG,VC52SE12,N33.65269 W3.47128,33.65269,3.47128,883,11/6/2015,October,Other,,0.12049,,NWT
VC52SE1,REG,VC52SE12,N33.65269 W3.47128,33.65269,3.47128,883,11/6/2015,October,Tenebrionidae Diet,0,0,,NWT
VC52SE1,REG,VC52SE12,N33.65269 W3.47128,33.65269,3.47128,883,11/6/2015,October,Tenebrionidae Other,0,0,,NWT
VC52SE1,REG,VC52SE13,N33.65225 W3.47128,33.65225,3.47128,881,11/6/2015,October,Messor,0,0,,BP
VC52SE1,REG,VC52SE13,N33.65225 W3.47128,33.65225,3.47128,881,11/6/2015,October,Other,,0.13911,,BP
VC52SE1,REG,VC52SE13,N33.65225 W3.47128,33.65225,3.47128,881,11/6/2015,October,Tenebrionidae Diet,0,0,,BP
VC52SE1,REG,VC52SE13,N33.65225 W3.47128,33.65225,3.47128,881,11/6/2015,October,Tenebrionidae Other,0,0,,BP
VC52SE1,REG,VC52SE14,N33.65227 W3.47178,33.65227,3.47178,879,11/6/2015,October,Messor,0,0,,BP
VC52SE1,REG,VC52SE14,N33.65227 W3.47178,33.65227,3.47178,879,11/6/2015,October,Other,,0,,BP
VC52SE1,REG,VC52SE14,N33.65227 W3.47178,33.65227,3.47178,879,11/6/2015,October,Tenebrionidae Diet,0,0,,BP
VC52SE1,REG,VC52SE14,N33.65227 W3.47178,33.65227,3.47178,879,11/6/2015,October,Tenebrionidae Other,0,0,,BP
VC52SE2,REG,VC52SE21,N33.65283 W3.44492,33.65283,3.44492,808,11/6/2015,October,Messor,,,Jar disappeared,NWT
VC52SE2,REG,VC52SE21,N33.65283 W3.44492,33.65283,3.44492,808,11/6/2015,October,Other,,,Jar disappeared,NWT
VC52SE2,REG,VC52SE21,N33.65283 W3.44492,33.65283,3.44492,808,11/6/2015,October,Other,,0.00628,,WT
VC52SE2,REG,VC52SE21,N33.65283 W3.44492,33.65283,3.44492,808,11/6/2015,October,Tenebrionidae Diet,,,Jar disappeared,NWT
VC52SE2,REG,VC52SE21,N33.65283 W3.44492,33.65283,3.44492,808,11/6/2015,October,Tenebrionidae Other,,,Jar disappeared,NWT
VC52SE2,REG,VC52SE21,N33.65283 W3.44492,33.65283,3.44492,808,11/6/2015,October,Tenebrionidae Other,0,0,,WT
VC52SE2,REG,VC52SE22,N33.65254 W3.44450,33.65254,3.4445,805,11/6/2015,October,Messor,,,Jar disappeared,NWT
VC52SE2,REG,VC52SE22,N33.65254 W3.44450,33.65254,3.4445,805,11/6/2015,October,Other,,,Jar disappeared,NWT
VC52SE2,REG,VC52SE22,N33.65254 W3.44450,33.65254,3.4445,805,11/6/2015,October,Tenebrionidae Diet,,,Jar disappeared,NWT
VC52SE2,REG,VC52SE22,N33.65254 W3.44450,33.65254,3.4445,805,11/6/2015,October,Tenebrionidae Other,,,Jar disappeared,NWT
VC52SE2,REG,VC52SE23,N33.65221 W3.44480,33.65221,3.4448,809,11/6/2015,October,Messor,,,Jar disappeared,NWT
VC52SE2,REG,VC52SE23,N33.65221 W3.44480,33.65221,3.4448,809,11/6/2015,October,Other,,,Jar disappeared,NWT
VC52SE2,REG,VC52SE23,N33.65221 W3.44480,33.65221,3.4448,809,11/6/2015,October,Tenebrionidae Diet,,,Jar disappeared,NWT
VC52SE2,REG,VC52SE23,N33.65221 W3.44480,33.65221,3.4448,809,11/6/2015,October,Tenebrionidae Other,,,Jar disappeared,NWT
VC52SE2,REG,VC52SE24,N33.65246 W3.44524,33.65246,3.44524,807,11/6/2015,October,Messor,,,Jar disappeared,NWT
VC52SE2,REG,VC52SE24,N33.65246 W3.44524,33.65246,3.44524,807,11/6/2015,October,Other,,,Jar disappeared,NWT
VC52SE2,REG,VC52SE24,N33.65246 W3.44524,33.65246,3.44524,807,11/6/2015,October,Tenebrionidae Diet,,,Jar disappeared,NWT
VC52SE2,REG,VC52SE24,N33.65246 W3.44524,33.65246,3.44524,807,11/6/2015,October,Tenebrionidae Other,,,Jar disappeared,NWT
VC52SE3,REG,VC52SE31,N33.63023 W3.44488,33.63023,3.44488,866,11/6/2015,October,Messor,0,0,,BP
VC52SE3,REG,VC52SE31,N33.63023 W3.44488,33.63023,3.44488,866,11/6/2015,October,Other,,0.00747,,BP
VC52SE3,REG,VC52SE31,N33.63023 W3.44488,33.63023,3.44488,866,11/6/2015,October,Tenebrionidae Diet,0,0,,BP
VC52SE3,REG,VC52SE31,N33.63023 W3.44488,33.63023,3.44488,866,11/6/2015,October,Tenebrionidae Other,0,0,,BP
VC52SE3,REG,VC52SE32,N33.62979 W3.44484,33.62979,3.44484,866,11/6/2015,October,Messor,0,0,,BP
VC52SE3,REG,VC52SE32,N33.62979 W3.44484,33.62979,3.44484,866,11/6/2015,October,Other,,0.00917,,BP
VC52SE3,REG,VC52SE32,N33.62979 W3.44484,33.62979,3.44484,866,11/6/2015,October,Tenebrionidae Diet,0,0,,BP
VC52SE3,REG,VC52SE32,N33.62979 W3.44484,33.62979,3.44484,866,11/6/2015,October,Tenebrionidae Other,0,0,,BP
VC52SE3,REG,VC52SE33,N33.62976 W3.44534,33.62976,3.44534,862,11/6/2015,October,Messor,0,0,,BP
VC52SE3,REG,VC52SE33,N33.62976 W3.44534,33.62976,3.44534,862,11/6/2015,October,Other,,0.01527,,BP
VC52SE3,REG,VC52SE33,N33.62976 W3.44534,33.62976,3.44534,862,11/6/2015,October,Tenebrionidae Diet,0,0,,BP
VC52SE3,REG,VC52SE33,N33.62976 W3.44534,33.62976,3.44534,862,11/6/2015,October,Tenebrionidae Other,0,0,,BP
VC52SE3,REG,VC52SE34,N33.63011 W3.44535,33.63011,3.44535,861,11/6/2015,October,Messor,0,0,,BP
VC52SE3,REG,VC52SE34,N33.63011 W3.44535,33.63011,3.44535,861,11/6/2015,October,Other,,0.14349,,BP
VC52SE3,REG,VC52SE34,N33.63011 W3.44535,33.63011,3.44535,861,11/6/2015,October,Tenebrionidae Diet,0,0,,BP
VC52SE3,REG,VC52SE34,N33.63011 W3.44535,33.63011,3.44535,861,11/6/2015,October,Tenebrionidae Other,0,0,,BP
VC52SE4,REG,VC52SE41,N33.63016 W3.47177,33.63016,3.47177,838,11/6/2015,October,Messor,1,0.00089,,BP
VC52SE4,REG,VC52SE41,N33.63016 W3.47177,33.63016,3.47177,838,11/6/2015,October,Other,,0.01167,,BP
VC52SE4,REG,VC52SE41,N33.63016 W3.47177,33.63016,3.47177,838,11/6/2015,October,Tenebrionidae Diet,0,0,,BP
VC52SE4,REG,VC52SE41,N33.63016 W3.47177,33.63016,3.47177,838,11/6/2015,October,Tenebrionidae Other,0,0,,BP
VC52SE4,REG,VC52SE42,N33.62994 W3.47131,33.62994,3.47131,838,11/6/2015,October,Messor,0,0,,BP
VC52SE4,REG,VC52SE42,N33.62994 W3.47131,33.62994,3.47131,838,11/6/2015,October,Other,,0.009,,BP
VC52SE4,REG,VC52SE42,N33.62994 W3.47131,33.62994,3.47131,838,11/6/2015,October,Tenebrionidae Diet,0,0,,BP
VC52SE4,REG,VC52SE42,N33.62994 W3.47131,33.62994,3.47131,838,11/6/2015,October,Tenebrionidae Other,0,0,,BP
VC52SE4,REG,VC52SE43,N33.62957 W3.47155,33.62957,3.47155,835,11/6/2015,October,Messor,4,0.00237,,BP
VC52SE4,REG,VC52SE43,N33.62957 W3.47155,33.62957,3.47155,835,11/6/2015,October,Other,,0.04145,,BP
VC52SE4,REG,VC52SE43,N33.62957 W3.47155,33.62957,3.47155,835,11/6/2015,October,Tenebrionidae Diet,0,0,,BP
VC52SE4,REG,VC52SE43,N33.62957 W3.47155,33.62957,3.47155,835,11/6/2015,October,Tenebrionidae Other,0,0,,BP
VC52SE4,REG,VC52SE44,N33.62980 W3.47203,33.6298,3.47203,835,11/6/2015,October,Messor,0,0,,BP
VC52SE4,REG,VC52SE44,N33.62980 W3.47203,33.6298,3.47203,835,11/6/2015,October,Other,,0.08493,,BP
VC52SE4,REG,VC52SE44,N33.62980 W3.47203,33.6298,3.47203,835,11/6/2015,October,Tenebrionidae Diet,1,0.01357,,BP
VC52SE4,REG,VC52SE44,N33.62980 W3.47203,33.6298,3.47203,835,11/6/2015,October,Tenebrionidae Other,0,0,,BP
VC52SE5,REG,VC52SE51,N33.64152 W3.45841,33.64152,3.45841,843,11/6/2015,October,Messor,0,0,,BP
VC52SE5,REG,VC52SE51,N33.64152 W3.45841,33.64152,3.45841,843,11/6/2015,October,Other,,0.01973,,BP
VC52SE5,REG,VC52SE51,N33.64152 W3.45841,33.64152,3.45841,843,11/6/2015,October,Tenebrionidae Diet,0,0,,BP
VC52SE5,REG,VC52SE51,N33.64152 W3.45841,33.64152,3.45841,843,11/6/2015,October,Tenebrionidae Other,0,0,,BP
VC52SE5,REG,VC52SE52,N33.64138 W3.45794,33.64138,3.45794,840,11/6/2015,October,Messor,0,0,,BP
VC52SE5,REG,VC52SE52,N33.64138 W3.45794,33.64138,3.45794,840,11/6/2015,October,Other,,0.02257,,BP
VC52SE5,REG,VC52SE52,N33.64138 W3.45794,33.64138,3.45794,840,11/6/2015,October,Tenebrionidae Diet,0,0,,BP
VC52SE5,REG,VC52SE52,N33.64138 W3.45794,33.64138,3.45794,840,11/6/2015,October,Tenebrionidae Other,0,0,,BP
VC52SE5,REG,VC52SE53,N33.64042 W3.45809,33.64042,3.45809,840,11/6/2015,October,Messor,0,0,,BP
VC52SE5,REG,VC52SE53,N33.64042 W3.45809,33.64042,3.45809,840,11/6/2015,October,Other,,0.04244,,BP
VC52SE5,REG,VC52SE53,N33.64042 W3.45809,33.64042,3.45809,840,11/6/2015,October,Tenebrionidae Diet,0,0,,BP
VC52SE5,REG,VC52SE53,N33.64042 W3.45809,33.64042,3.45809,840,11/6/2015,October,Tenebrionidae Other,0,0,,BP
VC52SE5,REG,VC52SE54,N33.64053 W3.45853,33.64053,3.45853,840,11/6/2015,October,Messor,0,0,,BP
VC52SE5,REG,VC52SE54,N33.64053 W3.45853,33.64053,3.45853,840,11/6/2015,October,Other,,0.00119,,BP
VC52SE5,REG,VC52SE54,N33.64053 W3.45853,33.64053,3.45853,840,11/6/2015,October,Tenebrionidae Diet,0,0,,BP
VC52SE5,REG,VC52SE54,N33.64053 W3.45853,33.64053,3.45853,840,11/6/2015,October,Tenebrionidae Other,0,0,,BP
VB17NW1,REG,VB17NW11,N33.24393 W3.95261,33.24393,3.95261,988,11/9/2015,October,Messor,0,0,,WT
VB17NW1,REG,VB17NW11,N33.24393 W3.95261,33.24393,3.95261,988,11/9/2015,October,Other,,0.0648,,WT
VB17NW1,REG,VB17NW11,N33.24393 W3.95261,33.24393,3.95261,988,11/9/2015,October,Tenebrionidae Diet,0,0,,WT
VB17NW1,REG,VB17NW11,N33.24393 W3.95261,33.24393,3.95261,988,11/9/2015,October,Tenebrionidae Other,0,0,,WT
VB17NW1,REG,VB17NW12,N33.24378 W3.95208,33.24378,3.95208,986,11/9/2015,October,Messor,0,0,,WT
VB17NW1,REG,VB17NW12,N33.24378 W3.95208,33.24378,3.95208,986,11/9/2015,October,Other,,0.0106,,WT
VB17NW1,REG,VB17NW12,N33.24378 W3.95208,33.24378,3.95208,986,11/9/2015,October,Tenebrionidae Diet,0,0,,WT
VB17NW1,REG,VB17NW12,N33.24378 W3.95208,33.24378,3.95208,986,11/9/2015,October,Tenebrionidae Other,0,0,,WT
VB17NW1,REG,VB17NW13,N33.24335 W3.95221,33.24335,3.95221,986,11/9/2015,October,Messor,1,0.00112,,WT
VB17NW1,REG,VB17NW13,N33.24335 W3.95221,33.24335,3.95221,986,11/9/2015,October,Other,,0.05092,,WT
VB17NW1,REG,VB17NW13,N33.24335 W3.95221,33.24335,3.95221,986,11/9/2015,October,Tenebrionidae Diet,1,0.02424,,WT
VB17NW1,REG,VB17NW13,N33.24335 W3.95221,33.24335,3.95221,986,11/9/2015,October,Tenebrionidae Other,0,0,,WT
VB17NW1,REG,VB17NW14,N33.24348 W3.95279,33.24348,3.95279,987,11/9/2015,October,Messor,0,0,,WT
VB17NW1,REG,VB17NW14,N33.24348 W3.95279,33.24348,3.95279,987,11/9/2015,October,Other,,0.00448,,WT
VB17NW1,REG,VB17NW14,N33.24348 W3.95279,33.24348,3.95279,987,11/9/2015,October,Tenebrionidae Diet,1,0.00741,,WT
VB17NW1,REG,VB17NW14,N33.24348 W3.95279,33.24348,3.95279,987,11/9/2015,October,Tenebrionidae Other,0,0,,WT
VB17NW2,REG,VB17NW21,N33.24432 W3.92586,33.24432,3.92586,938,11/9/2015,October,Messor,0,0,,WT
VB17NW2,REG,VB17NW21,N33.24432 W3.92586,33.24432,3.92586,938,11/9/2015,October,Other,,0.00743,,WT
VB17NW2,REG,VB17NW21,N33.24432 W3.92586,33.24432,3.92586,938,11/9/2015,October,Tenebrionidae Diet,0,0,,WT
VB17NW2,REG,VB17NW21,N33.24432 W3.92586,33.24432,3.92586,938,11/9/2015,October,Tenebrionidae Other,0,0,,WT
VB17NW2,REG,VB17NW22,N33.24417 W3.92532,33.24417,3.92532,940,11/9/2015,October,Messor,1,0.00178,,WT
VB17NW2,REG,VB17NW22,N33.24417 W3.92532,33.24417,3.92532,940,11/9/2015,October,Other,,0.01447,,WT
VB17NW2,REG,VB17NW22,N33.24417 W3.92532,33.24417,3.92532,940,11/9/2015,October,Tenebrionidae Diet,0,0,,WT
VB17NW2,REG,VB17NW22,N33.24417 W3.92532,33.24417,3.92532,940,11/9/2015,October,Tenebrionidae Other,0,0,,WT
VB17NW2,REG,VB17NW23,N33.24373 W3.92547,33.24373,3.92547,940,11/9/2015,October,Messor,0,0,,WT
VB17NW2,REG,VB17NW23,N33.24373 W3.92547,33.24373,3.92547,940,11/9/2015,October,Other,,0.03377,,WT
VB17NW2,REG,VB17NW23,N33.24373 W3.92547,33.24373,3.92547,940,11/9/2015,October,Tenebrionidae Diet,0,0,,WT
VB17NW2,REG,VB17NW23,N33.24373 W3.92547,33.24373,3.92547,940,11/9/2015,October,Tenebrionidae Other,0,0,,WT
VB17NW2,REG,VB17NW24,N33.24386 W3.92599,33.24386,3.92599,942,11/9/2015,October,Messor,0,0,,WT
VB17NW2,REG,VB17NW24,N33.24386 W3.92599,33.24386,3.92599,942,11/9/2015,October,Other,,0.0416,,WT
VB17NW2,REG,VB17NW24,N33.24386 W3.92599,33.24386,3.92599,942,11/9/2015,October,Tenebrionidae Diet,0,0,,WT
VB17NW2,REG,VB17NW24,N33.24386 W3.92599,33.24386,3.92599,942,11/9/2015,October,Tenebrionidae Other,0,0,,WT
VB17NW3,REG,VB17NW31,N33.22191 W3.92567,33.22191,3.92567,945,11/9/2015,October,Messor,0,0,,WT
VB17NW3,REG,VB17NW31,N33.22191 W3.92567,33.22191,3.92567,945,11/9/2015,October,Other,,0.00881,,WT
VB17NW3,REG,VB17NW31,N33.22191 W3.92567,33.22191,3.92567,945,11/9/2015,October,Tenebrionidae Diet,3,0.17099,,WT
VB17NW3,REG,VB17NW31,N33.22191 W3.92567,33.22191,3.92567,945,11/9/2015,October,Tenebrionidae Other,0,0,,WT
VB17NW3,REG,VB17NW32,N33.22178 W3.92519,33.22178,3.92519,942,11/9/2015,October,Messor,0,0,,WT
VB17NW3,REG,VB17NW32,N33.22178 W3.92519,33.22178,3.92519,942,11/9/2015,October,Other,,0.00856,,WT
VB17NW3,REG,VB17NW32,N33.22178 W3.92519,33.22178,3.92519,942,11/9/2015,October,Tenebrionidae Diet,2,0.13306,,WT
VB17NW3,REG,VB17NW32,N33.22178 W3.92519,33.22178,3.92519,942,11/9/2015,October,Tenebrionidae Other,0,0,,WT
VB17NW3,REG,VB17NW33,N33.22134 W3.92538,33.22134,3.92538,942,11/9/2015,October,Messor,0,0,,WT
VB17NW3,REG,VB17NW33,N33.22134 W3.92538,33.22134,3.92538,942,11/9/2015,October,Other,,0.02777,,WT
VB17NW3,REG,VB17NW33,N33.22134 W3.92538,33.22134,3.92538,942,11/9/2015,October,Tenebrionidae Diet,0,0,,WT
VB17NW3,REG,VB17NW33,N33.22134 W3.92538,33.22134,3.92538,942,11/9/2015,October,Tenebrionidae Other,0,0,,WT
VB17NW3,REG,VB17NW34,N33.22149 W3.92586,33.22149,3.92586,942,11/9/2015,October,Messor,0,0,,WT
VB17NW3,REG,VB17NW34,N33.22149 W3.92586,33.22149,3.92586,942,11/9/2015,October,Other,,0.00256,,WT
VB17NW3,REG,VB17NW34,N33.22149 W3.92586,33.22149,3.92586,942,11/9/2015,October,Tenebrionidae Diet,0,0,,WT
VB17NW3,REG,VB17NW34,N33.22149 W3.92586,33.22149,3.92586,942,11/9/2015,October,Tenebrionidae Other,0,0,,WT
VB17NW4,REG,VB17NW41,N33.22150 W3.95235,33.2215,3.95235,955,11/9/2015,October,Messor,3,0.00189,,WT
VB17NW4,REG,VB17NW41,N33.22150 W3.95235,33.2215,3.95235,955,11/9/2015,October,Other,,0.02343,,WT
VB17NW4,REG,VB17NW41,N33.22150 W3.95235,33.2215,3.95235,955,11/9/2015,October,Tenebrionidae Diet,0,0,,WT
VB17NW4,REG,VB17NW41,N33.22150 W3.95235,33.2215,3.95235,955,11/9/2015,October,Tenebrionidae Other,0,0,,WT
VB17NW4,REG,VB17NW42,N33.22109 W3.95217,33.22109,3.95217,955,11/9/2015,October,Messor,0,0,,WT
VB17NW4,REG,VB17NW42,N33.22109 W3.95217,33.22109,3.95217,955,11/9/2015,October,Other,,0.00915,,WT
VB17NW4,REG,VB17NW42,N33.22109 W3.95217,33.22109,3.95217,955,11/9/2015,October,Tenebrionidae Diet,0,0,,WT
VB17NW4,REG,VB17NW42,N33.22109 W3.95217,33.22109,3.95217,955,11/9/2015,October,Tenebrionidae Other,0,0,,WT
VB17NW4,REG,VB17NW43,N33.22093 W3.95263,33.22093,3.95263,954,11/9/2015,October,Messor,,,Jar disappeared,NWT
VB17NW4,REG,VB17NW43,N33.22093 W3.95263,33.22093,3.95263,954,11/9/2015,October,Other,,,Jar disappeared,NWT
VB17NW4,REG,VB17NW43,N33.22093 W3.95263,33.22093,3.95263,954,11/9/2015,October,Tenebrionidae Diet,,,Jar disappeared,NWT
VB17NW4,REG,VB17NW43,N33.22093 W3.95263,33.22093,3.95263,954,11/9/2015,October,Tenebrionidae Other,,,Jar disappeared,NWT
VB17NW4,REG,VB17NW44,N33.22134 W3.95281,33.22134,3.95281,956,11/9/2015,October,Messor,0,0,,WT
VB17NW4,REG,VB17NW44,N33.22134 W3.95281,33.22134,3.95281,956,11/9/2015,October,Other,,0.01097,,WT
VB17NW4,REG,VB17NW44,N33.22134 W3.95281,33.22134,3.95281,956,11/9/2015,October,Tenebrionidae Diet,0,0,,WT
VB17NW4,REG,VB17NW44,N33.22134 W3.95281,33.22134,3.95281,956,11/9/2015,October,Tenebrionidae Other,0,0,,WT
VB17NW5,REG,VB17NW51,N33.23296 W3.93897,33.23296,3.93897,951,11/9/2015,October,Messor,0,0,,WT
VB17NW5,REG,VB17NW51,N33.23296 W3.93897,33.23296,3.93897,951,11/9/2015,October,Other,,0.005,,WT
VB17NW5,REG,VB17NW51,N33.23296 W3.93897,33.23296,3.93897,951,11/9/2015,October,Tenebrionidae Diet,0,0,,WT
VB17NW5,REG,VB17NW51,N33.23296 W3.93897,33.23296,3.93897,951,11/9/2015,October,Tenebrionidae Other,0,0,,WT
VB17NW5,REG,VB17NW52,N33.23271 W3.93853,33.23271,3.93853,951,11/9/2015,October,Messor,0,0,,WT
VB17NW5,REG,VB17NW52,N33.23271 W3.93853,33.23271,3.93853,951,11/9/2015,October,Other,,0.00807,,WT
VB17NW5,REG,VB17NW52,N33.23271 W3.93853,33.23271,3.93853,951,11/9/2015,October,Tenebrionidae Diet,0,0,,WT
VB17NW5,REG,VB17NW52,N33.23271 W3.93853,33.23271,3.93853,951,11/9/2015,October,Tenebrionidae Other,0,0,,WT
VB17NW5,REG,VB17NW53,N33.23234 W3.93882,33.23234,3.93882,952,11/9/2015,October,Messor,0,0,,WT
VB17NW5,REG,VB17NW53,N33.23234 W3.93882,33.23234,3.93882,952,11/9/2015,October,Other,,0.00452,,WT
VB17NW5,REG,VB17NW53,N33.23234 W3.93882,33.23234,3.93882,952,11/9/2015,October,Tenebrionidae Diet,0,0,,WT
VB17NW5,REG,VB17NW53,N33.23234 W3.93882,33.23234,3.93882,952,11/9/2015,October,Tenebrionidae Other,0,0,,WT
VB17NW5,REG,VB17NW54,N33.23261 W3.93907,33.23261,3.93907,952,11/9/2015,October,Messor,0,0,,WT
VB17NW5,REG,VB17NW54,N33.23261 W3.93907,33.23261,3.93907,952,11/9/2015,October,Other,,0.0041,,WT
VB17NW5,REG,VB17NW54,N33.23261 W3.93907,33.23261,3.93907,952,11/9/2015,October,Tenebrionidae Diet,0,0,,WT
VB17NW5,REG,VB17NW54,N33.23261 W3.93907,33.23261,3.93907,952,11/9/2015,October,Tenebrionidae Other,0,0,,WT
WB61NE1,ALF,WB61NE11,N32.70452 W2.29322,32.70452,2.29322,1438,11/9/2015,October,Messor,25,0.02791,,WT
WB61NE1,ALF,WB61NE11,N32.70452 W2.29322,32.70452,2.29322,1438,11/9/2015,October,Other,,0.01857,,WT
WB61NE1,ALF,WB61NE11,N32.70452 W2.29322,32.70452,2.29322,1438,11/9/2015,October,Tenebrionidae Diet,2,0.08885,,WT
WB61NE1,ALF,WB61NE11,N32.70452 W2.29322,32.70452,2.29322,1438,11/9/2015,October,Tenebrionidae Other,0,0,,WT
WB61NE1,ALF,WB61NE12,N32.70439 W2.29259,32.70439,2.29259,1438,11/9/2015,October,Messor,3,0.0032,,WT
WB61NE1,ALF,WB61NE12,N32.70439 W2.29259,32.70439,2.29259,1438,11/9/2015,October,Other,,0.07437,,WT
WB61NE1,ALF,WB61NE12,N32.70439 W2.29259,32.70439,2.29259,1438,11/9/2015,October,Tenebrionidae Diet,0,0,,WT
WB61NE1,ALF,WB61NE12,N32.70439 W2.29259,32.70439,2.29259,1438,11/9/2015,October,Tenebrionidae Other,0,0,,WT
WB61NE1,ALF,WB61NE13,N32.70403 W2.29272,32.70403,2.29272,1439,11/9/2015,October,Messor,16,0.01798,,WT
WB61NE1,ALF,WB61NE13,N32.70403 W2.29272,32.70403,2.29272,1439,11/9/2015,October,Other,,0.07432,,WT
WB61NE1,ALF,WB61NE13,N32.70403 W2.29272,32.70403,2.29272,1439,11/9/2015,October,Tenebrionidae Diet,2,0.23882,,WT
WB61NE1,ALF,WB61NE13,N32.70403 W2.29272,32.70403,2.29272,1439,11/9/2015,October,Tenebrionidae Other,0,0,,WT
WB61NE1,ALF,WB61NE14,N32.70405 W2.29323,32.70405,2.29323,1440,11/9/2015,October,Messor,8,0.01204,,WT
WB61NE1,ALF,WB61NE14,N32.70405 W2.29323,32.70405,2.29323,1440,11/9/2015,October,Other,,0.10885,,WT
WB61NE1,ALF,WB61NE14,N32.70405 W2.29323,32.70405,2.29323,1440,11/9/2015,October,Tenebrionidae Diet,4,0.17807,,WT
WB61NE1,ALF,WB61NE14,N32.70405 W2.29323,32.70405,2.29323,1440,11/9/2015,October,Tenebrionidae Other,0,0,,WT
WB61NE2,ALF,WB61NE21,N32.70424 W2.26634,32.70424,2.26634,1466,11/9/2015,October,Messor,5,0.00754,,WT
WB61NE2,ALF,WB61NE21,N32.70424 W2.26634,32.70424,2.26634,1466,11/9/2015,October,Other,,0.09039,,WT
WB61NE2,ALF,WB61NE21,N32.70424 W2.26634,32.70424,2.26634,1466,11/9/2015,October,Tenebrionidae Diet,1,0.03434,,WT
WB61NE2,ALF,WB61NE21,N32.70424 W2.26634,32.70424,2.26634,1466,11/9/2015,October,Tenebrionidae Other,0,0,,WT
WB61NE2,ALF,WB61NE22,N32.70404 W2.26575,32.70404,2.26575,1465,11/9/2015,October,Messor,11,0.01428,,WT
WB61NE2,ALF,WB61NE22,N32.70404 W2.26575,32.70404,2.26575,1465,11/9/2015,October,Other,,0.00595,,WT
WB61NE2,ALF,WB61NE22,N32.70404 W2.26575,32.70404,2.26575,1465,11/9/2015,October,Tenebrionidae Diet,1,0.09742,,WT
WB61NE2,ALF,WB61NE22,N32.70404 W2.26575,32.70404,2.26575,1465,11/9/2015,October,Tenebrionidae Other,0,0,,WT
WB61NE2,ALF,WB61NE23,N32.70367 W2.26598,32.70367,2.26598,1463,11/9/2015,October,Messor,23,0.02554,,WT
WB61NE2,ALF,WB61NE23,N32.70367 W2.26598,32.70367,2.26598,1463,11/9/2015,October,Other,,0.51101,,WT
WB61NE2,ALF,WB61NE23,N32.70367 W2.26598,32.70367,2.26598,1463,11/9/2015,October,Tenebrionidae Diet,5,0.57466,,WT
WB61NE2,ALF,WB61NE23,N32.70367 W2.26598,32.70367,2.26598,1463,11/9/2015,October,Tenebrionidae Other,0,0,,WT
WB61NE2,ALF,WB61NE24,N32.70392 W2.26623,32.70392,2.26623,1463,11/9/2015,October,Messor,9,0.01226,,WT
WB61NE2,ALF,WB61NE24,N32.70392 W2.26623,32.70392,2.26623,1463,11/9/2015,October,Other,,0.10279,,WT
WB61NE2,ALF,WB61NE24,N32.70392 W2.26623,32.70392,2.26623,1463,11/9/2015,October,Tenebrionidae Diet,3,0.15375,,WT
WB61NE2,ALF,WB61NE24,N32.70392 W2.26623,32.70392,2.26623,1463,11/9/2015,October,Tenebrionidae Other,0,0,,WT
WB61NE3,ALF,WB61NE31,N32.68708 W2.25530,32.68708,2.2553,1525,11/9/2015,October,Messor,6,0.00793,,WT
WB61NE3,ALF,WB61NE31,N32.68708 W2.25530,32.68708,2.2553,1525,11/9/2015,October,Other,,0.02781,,WT
WB61NE3,ALF,WB61NE31,N32.68708 W2.25530,32.68708,2.2553,1525,11/9/2015,October,Tenebrionidae Diet,2,0.10922,,WT
WB61NE3,ALF,WB61NE31,N32.68708 W2.25530,32.68708,2.2553,1525,11/9/2015,October,Tenebrionidae Other,0,0,,WT
WB61NE3,ALF,WB61NE32,N32.68685 W2.25488,32.68685,2.25488,1528,11/9/2015,October,Messor,3,0.003,,WT
WB61NE3,ALF,WB61NE32,N32.68685 W2.25488,32.68685,2.25488,1528,11/9/2015,October,Other,,0.04196,,WT
WB61NE3,ALF,WB61NE32,N32.68685 W2.25488,32.68685,2.25488,1528,11/9/2015,October,Tenebrionidae Diet,0,0,,WT
WB61NE3,ALF,WB61NE32,N32.68685 W2.25488,32.68685,2.25488,1528,11/9/2015,October,Tenebrionidae Other,0,0,,WT
WB61NE3,ALF,WB61NE33,N32.68646 W2.25523,32.68646,2.25523,1527,11/9/2015,October,Messor,12,0.01266,,WT
WB61NE3,ALF,WB61NE33,N32.68646 W2.25523,32.68646,2.25523,1527,11/9/2015,October,Other,,0.08453,,WT
WB61NE3,ALF,WB61NE33,N32.68646 W2.25523,32.68646,2.25523,1527,11/9/2015,October,Tenebrionidae Diet,1,0.1174,,WT
WB61NE3,ALF,WB61NE33,N32.68646 W2.25523,32.68646,2.25523,1527,11/9/2015,October,Tenebrionidae Other,0,0,,WT
WB61NE3,ALF,WB61NE34,N32.68683 W2.25578,32.68683,2.25578,1525,11/9/2015,October,Messor,20,0.02221,,WT
WB61NE3,ALF,WB61NE34,N32.68683 W2.25578,32.68683,2.25578,1525,11/9/2015,October,Other,,0.04704,,WT
WB61NE3,ALF,WB61NE34,N32.68683 W2.25578,32.68683,2.25578,1525,11/9/2015,October,Tenebrionidae Diet,3,0.32509,,WT
WB61NE3,ALF,WB61NE34,N32.68683 W2.25578,32.68683,2.25578,1525,11/9/2015,October,Tenebrionidae Other,0,0,,WT
WB61NE4,ALF,WB61NE41,N32.68205 W2.29343,32.68205,2.29343,1463,11/9/2015,October,Messor,10,0.00756,,WT
WB61NE4,ALF,WB61NE41,N32.68205 W2.29343,32.68205,2.29343,1463,11/9/2015,October,Other,,0.0931,,WT
WB61NE4,ALF,WB61NE41,N32.68205 W2.29343,32.68205,2.29343,1463,11/9/2015,October,Tenebrionidae Diet,0,0,,WT
WB61NE4,ALF,WB61NE41,N32.68205 W2.29343,32.68205,2.29343,1463,11/9/2015,October,Tenebrionidae Other,0,0,,WT
WB61NE4,ALF,WB61NE42,N32.68208 W2.29310,32.68208,2.2931,1463,11/9/2015,October,Messor,4,0.00277,,WT
WB61NE4,ALF,WB61NE42,N32.68208 W2.29310,32.68208,2.2931,1463,11/9/2015,October,Other,,0.03492,,WT
WB61NE4,ALF,WB61NE42,N32.68208 W2.29310,32.68208,2.2931,1463,11/9/2015,October,Tenebrionidae Diet,1,0.0265,,WT
WB61NE4,ALF,WB61NE42,N32.68208 W2.29310,32.68208,2.2931,1463,11/9/2015,October,Tenebrionidae Other,0,0,,WT
WB61NE4,ALF,WB61NE43,N32.68156 W2.29300,32.68156,2.293,1463,11/9/2015,October,Messor,4,0.00526,,WT
WB61NE4,ALF,WB61NE43,N32.68156 W2.29300,32.68156,2.293,1463,11/9/2015,October,Other,,0.05962,,WT
WB61NE4,ALF,WB61NE43,N32.68156 W2.29300,32.68156,2.293,1463,11/9/2015,October,Tenebrionidae Diet,1,0.01921,,WT
WB61NE4,ALF,WB61NE43,N32.68156 W2.29300,32.68156,2.293,1463,11/9/2015,October,Tenebrionidae Other,0,0,,WT
WB61NE4,ALF,WB61NE44,N32.68159 W2.29362,32.68159,2.29362,1457,11/9/2015,October,Messor,4,0.00641,,WT
WB61NE4,ALF,WB61NE44,N32.68159 W2.29362,32.68159,2.29362,1457,11/9/2015,October,Other,,0.10175,,WT
WB61NE4,ALF,WB61NE44,N32.68159 W2.29362,32.68159,2.29362,1457,11/9/2015,October,Tenebrionidae Diet,2,0.11316,,WT
WB61NE4,ALF,WB61NE44,N32.68159 W2.29362,32.68159,2.29362,1457,11/9/2015,October,Tenebrionidae Other,0,0,,WT
WB61NE5,ALF,WB61NE51,N32.69328 W2.27979,32.69328,2.27979,1462,11/9/2015,October,Messor,27,0.03213,,WT
WB61NE5,ALF,WB61NE51,N32.69328 W2.27979,32.69328,2.27979,1462,11/9/2015,October,Other,,0.06584,,WT
WB61NE5,ALF,WB61NE51,N32.69328 W2.27979,32.69328,2.27979,1462,11/9/2015,October,Tenebrionidae Diet,2,0.04237,,WT
WB61NE5,ALF,WB61NE51,N32.69328 W2.27979,32.69328,2.27979,1462,11/9/2015,October,Tenebrionidae Other,0,0,,WT
WB61NE5,ALF,WB61NE52,N32.69320 W2.27930,32.6932,2.2793,1464,11/9/2015,October,Messor,18,0.01735,,WT
WB61NE5,ALF,WB61NE52,N32.69320 W2.27930,32.6932,2.2793,1464,11/9/2015,October,Other,,0.09091,,WT
WB61NE5,ALF,WB61NE52,N32.69320 W2.27930,32.6932,2.2793,1464,11/9/2015,October,Tenebrionidae Diet,3,0.13308,,WT
WB61NE5,ALF,WB61NE52,N32.69320 W2.27930,32.6932,2.2793,1464,11/9/2015,October,Tenebrionidae Other,0,0,,WT
WB61NE5,ALF,WB61NE53,N32.69281 W2.27926,32.69281,2.27926,1463,11/9/2015,October,Messor,69,0.10082,,WT
WB61NE5,ALF,WB61NE53,N32.69281 W2.27926,32.69281,2.27926,1463,11/9/2015,October,Other,,0.0826,,WT
WB61NE5,ALF,WB61NE53,N32.69281 W2.27926,32.69281,2.27926,1463,11/9/2015,October,Tenebrionidae Diet,3,0.10245,,WT
WB61NE5,ALF,WB61NE53,N32.69281 W2.27926,32.69281,2.27926,1463,11/9/2015,October,Tenebrionidae Other,0,0,,WT
WB61NE5,ALF,WB61NE54,N32.69286 W2.27998,32.69286,2.27998,1463,11/9/2015,October,Messor,59,0.06885,,WT
WB61NE5,ALF,WB61NE54,N32.69286 W2.27998,32.69286,2.27998,1463,11/9/2015,October,Other,,0.06796,,WT
WB61NE5,ALF,WB61NE54,N32.69286 W2.27998,32.69286,2.27998,1463,11/9/2015,October,Tenebrionidae Diet,1,0.04005,,WT
WB61NE5,ALF,WB61NE54,N32.69286 W2.27998,32.69286,2.27998,1463,11/9/2015,October,Tenebrionidae Other,0,0,,WT
VB14SW1,REG,VB14SW11,N32.92837 W3.94942,32.92837,3.94942,1034,11/10/2015,October,Messor,0,0,,BP
VB14SW1,REG,VB14SW11,N32.92837 W3.94942,32.92837,3.94942,1034,11/10/2015,October,Other,,0.00914,,BP
VB14SW1,REG,VB14SW11,N32.92837 W3.94942,32.92837,3.94942,1034,11/10/2015,October,Tenebrionidae Diet,0,0,,BP
VB14SW1,REG,VB14SW11,N32.92837 W3.94942,32.92837,3.94942,1034,11/10/2015,October,Tenebrionidae Other,0,0,,BP
VB14SW1,REG,VB14SW12,N32.92810 W3.94900,32.9281,3.949,1034,11/10/2015,October,Messor,0,0,,WT
VB14SW1,REG,VB14SW12,N32.92810 W3.94900,32.9281,3.949,1034,11/10/2015,October,Other,,0.01227,,WT
VB14SW1,REG,VB14SW12,N32.92810 W3.94900,32.9281,3.949,1034,11/10/2015,October,Tenebrionidae Diet,0,0,,WT
VB14SW1,REG,VB14SW12,N32.92810 W3.94900,32.9281,3.949,1034,11/10/2015,October,Tenebrionidae Other,0,0,,WT
VB14SW1,REG,VB14SW13,N32.92775 W3.94929,32.92775,3.94929,1035,11/10/2015,October,Messor,0,0,,WT
VB14SW1,REG,VB14SW13,N32.92775 W3.94929,32.92775,3.94929,1035,11/10/2015,October,Other,,0.01987,,WT
VB14SW1,REG,VB14SW13,N32.92775 W3.94929,32.92775,3.94929,1035,11/10/2015,October,Tenebrionidae Diet,0,0,,WT
VB14SW1,REG,VB14SW13,N32.92775 W3.94929,32.92775,3.94929,1035,11/10/2015,October,Tenebrionidae Other,0,0,,WT
VB14SW1,REG,VB14SW14,N32.92798 W3.94972,32.92798,3.94972,1037,11/10/2015,October,Messor,0,0,,WT
VB14SW1,REG,VB14SW14,N32.92798 W3.94972,32.92798,3.94972,1037,11/10/2015,October,Other,,0.00512,,WT
VB14SW1,REG,VB14SW14,N32.92798 W3.94972,32.92798,3.94972,1037,11/10/2015,October,Tenebrionidae Diet,0,0,,WT
VB14SW1,REG,VB14SW14,N32.92798 W3.94972,32.92798,3.94972,1037,11/10/2015,October,Tenebrionidae Other,0,0,,WT
VB14SW2,REG,VB14SW21,N32.92820 W3.92241,32.9282,3.92241,1040,11/10/2015,October,Messor,0,0,,WT
VB14SW2,REG,VB14SW21,N32.92820 W3.92241,32.9282,3.92241,1040,11/10/2015,October,Other,,0.07628,,WT
VB14SW2,REG,VB14SW21,N32.92820 W3.92241,32.9282,3.92241,1040,11/10/2015,October,Tenebrionidae Diet,0,0,,WT
VB14SW2,REG,VB14SW21,N32.92820 W3.92241,32.9282,3.92241,1040,11/10/2015,October,Tenebrionidae Other,0,0,,WT
VB14SW2,REG,VB14SW22,N32.92849 W3.92217,32.92849,3.92217,1038,11/10/2015,October,Messor,0,0,,WT
VB14SW2,REG,VB14SW22,N32.92849 W3.92217,32.92849,3.92217,1038,11/10/2015,October,Other,,0.02158,,WT
VB14SW2,REG,VB14SW22,N32.92849 W3.92217,32.92849,3.92217,1038,11/10/2015,October,Tenebrionidae Diet,0,0,,WT
VB14SW2,REG,VB14SW22,N32.92849 W3.92217,32.92849,3.92217,1038,11/10/2015,October,Tenebrionidae Other,0,0,,WT
VB14SW2,REG,VB14SW23,N32.92812 W3.92213,32.92812,3.92213,1036,11/10/2015,October,Messor,0,0,,WT
VB14SW2,REG,VB14SW23,N32.92812 W3.92213,32.92812,3.92213,1036,11/10/2015,October,Other,,0.01252,,WT
VB14SW2,REG,VB14SW23,N32.92812 W3.92213,32.92812,3.92213,1036,11/10/2015,October,Tenebrionidae Diet,0,0,,WT
VB14SW2,REG,VB14SW23,N32.92812 W3.92213,32.92812,3.92213,1036,11/10/2015,October,Tenebrionidae Other,0,0,,WT
VB14SW2,REG,VB14SW24,N32.92821 W3.92267,32.92821,3.92267,1038,11/10/2015,October,Messor,1,0.00073,,WT
VB14SW2,REG,VB14SW24,N32.92821 W3.92267,32.92821,3.92267,1038,11/10/2015,October,Other,,0.00529,,WT
VB14SW2,REG,VB14SW24,N32.92821 W3.92267,32.92821,3.92267,1038,11/10/2015,October,Tenebrionidae Diet,0,0,,WT
VB14SW2,REG,VB14SW24,N32.92821 W3.92267,32.92821,3.92267,1038,11/10/2015,October,Tenebrionidae Other,0,0,,WT
VB14SW3,REG,VB14SW31,N32.90604 W3.92205,32.90604,3.92205,1062,11/10/2015,October,Messor,0,0,,WT
VB14SW3,REG,VB14SW31,N32.90604 W3.92205,32.90604,3.92205,1062,11/10/2015,October,Other,,0.08681,,WT
VB14SW3,REG,VB14SW31,N32.90604 W3.92205,32.90604,3.92205,1062,11/10/2015,October,Tenebrionidae Diet,0,0,,WT
VB14SW3,REG,VB14SW31,N32.90604 W3.92205,32.90604,3.92205,1062,11/10/2015,October,Tenebrionidae Other,0,0,,WT
VB14SW3,REG,VB14SW32,N32.90614 W3.92153,32.90614,3.92153,1062,11/10/2015,October,Messor,0,0,,WT
VB14SW3,REG,VB14SW32,N32.90614 W3.92153,32.90614,3.92153,1062,11/10/2015,October,Other,,0.00387,,WT
VB14SW3,REG,VB14SW32,N32.90614 W3.92153,32.90614,3.92153,1062,11/10/2015,October,Tenebrionidae Diet,0,0,,WT
VB14SW3,REG,VB14SW32,N32.90614 W3.92153,32.90614,3.92153,1062,11/10/2015,October,Tenebrionidae Other,0,0,,WT
VB14SW3,REG,VB14SW33,N32.90567 W3.92146,32.90567,3.92146,1062,11/10/2015,October,Messor,0,0,,WT
VB14SW3,REG,VB14SW33,N32.90567 W3.92146,32.90567,3.92146,1062,11/10/2015,October,Other,,0.058,,WT
VB14SW3,REG,VB14SW33,N32.90567 W3.92146,32.90567,3.92146,1062,11/10/2015,October,Tenebrionidae Diet,0,0,,WT
VB14SW3,REG,VB14SW33,N32.90567 W3.92146,32.90567,3.92146,1062,11/10/2015,October,Tenebrionidae Other,0,0,,WT
VB14SW3,REG,VB14SW34,N32.90561 W3.92193,32.90561,3.92193,1063,11/10/2015,October,Messor,0,0,,WT
VB14SW3,REG,VB14SW34,N32.90561 W3.92193,32.90561,3.92193,1063,11/10/2015,October,Other,,0.01852,,WT
VB14SW3,REG,VB14SW34,N32.90561 W3.92193,32.90561,3.92193,1063,11/10/2015,October,Tenebrionidae Diet,0,0,,WT
VB14SW3,REG,VB14SW34,N32.90561 W3.92193,32.90561,3.92193,1063,11/10/2015,October,Tenebrionidae Other,0,0,,WT
VB14SW4,EPA,VB14SW41,N32.90579 W3.94901,32.90579,3.94901,1048,11/10/2015,October,Messor,,,Jar disappeared,NWT
VB14SW4,EPA,VB14SW41,N32.90579 W3.94901,32.90579,3.94901,1048,11/10/2015,October,Other,,,Jar disappeared,NWT
VB14SW4,EPA,VB14SW41,N32.90579 W3.94901,32.90579,3.94901,1048,11/10/2015,October,Tenebrionidae Diet,,,Jar disappeared,NWT
VB14SW4,EPA,VB14SW41,N32.90579 W3.94901,32.90579,3.94901,1048,11/10/2015,October,Tenebrionidae Other,,,Jar disappeared,NWT
VB14SW4,EPA,VB14SW42,N32.90572 W3.94846,32.90572,3.94846,1049,11/10/2015,October,Messor,1,0.00184,,WT
VB14SW4,EPA,VB14SW42,N32.90572 W3.94846,32.90572,3.94846,1049,11/10/2015,October,Other,,0.01127,,WT
VB14SW4,EPA,VB14SW42,N32.90572 W3.94846,32.90572,3.94846,1049,11/10/2015,October,Tenebrionidae Diet,0,0,,WT
VB14SW4,EPA,VB14SW42,N32.90572 W3.94846,32.90572,3.94846,1049,11/10/2015,October,Tenebrionidae Other,0,0,,WT
VB14SW4,EPA,VB14SW43,N32.90532 W3.94851,32.90532,3.94851,1049,11/10/2015,October,Messor,0,0,,WT
VB14SW4,EPA,VB14SW43,N32.90532 W3.94851,32.90532,3.94851,1049,11/10/2015,October,Other,,0.00508,,WT
VB14SW4,EPA,VB14SW43,N32.90532 W3.94851,32.90532,3.94851,1049,11/10/2015,October,Tenebrionidae Diet,0,0,,WT
VB14SW4,EPA,VB14SW43,N32.90532 W3.94851,32.90532,3.94851,1049,11/10/2015,October,Tenebrionidae Other,0,0,,WT
VB14SW4,EPA,VB14SW44,N32.90539 W3.94907,32.90539,3.94907,1049,11/10/2015,October,Messor,0,0,,WT
VB14SW4,EPA,VB14SW44,N32.90539 W3.94907,32.90539,3.94907,1049,11/10/2015,October,Other,,0.01444,,WT
VB14SW4,EPA,VB14SW44,N32.90539 W3.94907,32.90539,3.94907,1049,11/10/2015,October,Tenebrionidae Diet,0,0,,WT
VB14SW4,EPA,VB14SW44,N32.90539 W3.94907,32.90539,3.94907,1049,11/10/2015,October,Tenebrionidae Other,0,0,,WT
VB14SW5,REG,VB14SW51,N32.91728 W3.93573,32.91728,3.93573,1040,11/10/2015,October,Messor,0,0,,WT
VB14SW5,REG,VB14SW51,N32.91728 W3.93573,32.91728,3.93573,1040,11/10/2015,October,Other,,0.00923,,WT
VB14SW5,REG,VB14SW51,N32.91728 W3.93573,32.91728,3.93573,1040,11/10/2015,October,Tenebrionidae Diet,0,0,,WT
VB14SW5,REG,VB14SW51,N32.91728 W3.93573,32.91728,3.93573,1040,11/10/2015,October,Tenebrionidae Other,0,0,,WT
VB14SW5,REG,VB14SW52,N32.91685 W3.93563,32.91685,3.93563,1049,11/10/2015,October,Messor,0,0,,WT
VB14SW5,REG,VB14SW52,N32.91685 W3.93563,32.91685,3.93563,1049,11/10/2015,October,Other,,0.00772,,WT
VB14SW5,REG,VB14SW52,N32.91685 W3.93563,32.91685,3.93563,1049,11/10/2015,October,Tenebrionidae Diet,0,0,,WT
VB14SW5,REG,VB14SW52,N32.91685 W3.93563,32.91685,3.93563,1049,11/10/2015,October,Tenebrionidae Other,0,0,,WT
VB14SW5,REG,VB14SW53,N32.91700 W3.93513,32.917,3.93513,1048,11/10/2015,October,Messor,0,0,,WT
VB14SW5,REG,VB14SW53,N32.91700 W3.93513,32.917,3.93513,1048,11/10/2015,October,Other,,0.03925,,WT
VB14SW5,REG,VB14SW53,N32.91700 W3.93513,32.917,3.93513,1048,11/10/2015,October,Tenebrionidae Diet,0,0,,WT
VB14SW5,REG,VB14SW53,N32.91700 W3.93513,32.917,3.93513,1048,11/10/2015,October,Tenebrionidae Other,0,0,,WT
VB14SW5,REG,VB14SW54,N32.91739 W3.93528,32.91739,3.93528,1048,11/10/2015,October,Messor,1,0.00077,,WT
VB14SW5,REG,VB14SW54,N32.91739 W3.93528,32.91739,3.93528,1048,11/10/2015,October,Other,,0.01687,,WT
VB14SW5,REG,VB14SW54,N32.91739 W3.93528,32.91739,3.93528,1048,11/10/2015,October,Tenebrionidae Diet,0,0,,WT
VB14SW5,REG,VB14SW54,N32.91739 W3.93528,32.91739,3.93528,1048,11/10/2015,October,Tenebrionidae Other,0,0,,WT
WC24NE1,ALF,WC24NE11,N33.87870 W2.71618,33.8787,2.71618,1317,11/10/2015,October,Messor,0,0,,WT
WC24NE1,ALF,WC24NE11,N33.87870 W2.71618,33.8787,2.71618,1317,11/10/2015,October,Other,,0.04424,,WT
WC24NE1,ALF,WC24NE11,N33.87870 W2.71618,33.8787,2.71618,1317,11/10/2015,October,Tenebrionidae Diet,1,0.04237,,WT
WC24NE1,ALF,WC24NE11,N33.87870 W2.71618,33.8787,2.71618,1317,11/10/2015,October,Tenebrionidae Other,0,0,,WT
WC24NE1,ALF,WC24NE12,N33.87862 W2.71562,33.87862,2.71562,1319,11/10/2015,October,Messor,0,0,,WT
WC24NE1,ALF,WC24NE12,N33.87862 W2.71562,33.87862,2.71562,1319,11/10/2015,October,Other,,1.05446,,WT
WC24NE1,ALF,WC24NE12,N33.87862 W2.71562,33.87862,2.71562,1319,11/10/2015,October,Tenebrionidae Diet,0,0,,WT
WC24NE1,ALF,WC24NE12,N33.87862 W2.71562,33.87862,2.71562,1319,11/10/2015,October,Tenebrionidae Other,0,0,,WT
WC24NE1,ALF,WC24NE13,N33.87807 W2.71579,33.87807,2.71579,1316,11/10/2015,October,Messor,5,0.00356,,WT
WC24NE1,ALF,WC24NE13,N33.87807 W2.71579,33.87807,2.71579,1316,11/10/2015,October,Other,,0.83886,,WT
WC24NE1,ALF,WC24NE13,N33.87807 W2.71579,33.87807,2.71579,1316,11/10/2015,October,Tenebrionidae Diet,1,0.04612,,WT
WC24NE1,ALF,WC24NE13,N33.87807 W2.71579,33.87807,2.71579,1316,11/10/2015,October,Tenebrionidae Other,0,0,,WT
WC24NE1,ALF,WC24NE14,N33.87811 W2.71631,33.87811,2.71631,1317,11/10/2015,October,Messor,1,0.00056,,WT
WC24NE1,ALF,WC24NE14,N33.87811 W2.71631,33.87811,2.71631,1317,11/10/2015,October,Other,,0.34454,,WT
WC24NE1,ALF,WC24NE14,N33.87811 W2.71631,33.87811,2.71631,1317,11/10/2015,October,Tenebrionidae Diet,1,0.0478,,WT
WC24NE1,ALF,WC24NE14,N33.87811 W2.71631,33.87811,2.71631,1317,11/10/2015,October,Tenebrionidae Other,0,0,,WT
WC24NE2,ALF,WC24NE21,N33.87875 W2.68926,33.87875,2.68926,1328,11/10/2015,October,Messor,0,0,,WT
WC24NE2,ALF,WC24NE21,N33.87875 W2.68926,33.87875,2.68926,1328,11/10/2015,October,Other,,0.00681,,WT
WC24NE2,ALF,WC24NE21,N33.87875 W2.68926,33.87875,2.68926,1328,11/10/2015,October,Tenebrionidae Diet,1,0.00774,,WT
WC24NE2,ALF,WC24NE21,N33.87875 W2.68926,33.87875,2.68926,1328,11/10/2015,October,Tenebrionidae Other,0,0,,WT
WC24NE2,ALF,WC24NE22,N33.87870 W2.68871,33.8787,2.68871,1327,11/10/2015,October,Messor,1,0.0007,,WT
WC24NE2,ALF,WC24NE22,N33.87870 W2.68871,33.8787,2.68871,1327,11/10/2015,October,Other,,0.03261,,WT
WC24NE2,ALF,WC24NE22,N33.87870 W2.68871,33.8787,2.68871,1327,11/10/2015,October,Tenebrionidae Diet,1,0.00982,,WT
WC24NE2,ALF,WC24NE22,N33.87870 W2.68871,33.8787,2.68871,1327,11/10/2015,October,Tenebrionidae Other,0,0,,WT
WC24NE2,ALF,WC24NE23,N33.87825 W2.68873,33.87825,2.68873,1327,11/10/2015,October,Messor,0,0,,WT
WC24NE2,ALF,WC24NE23,N33.87825 W2.68873,33.87825,2.68873,1327,11/10/2015,October,Other,,0.06635,,WT
WC24NE2,ALF,WC24NE23,N33.87825 W2.68873,33.87825,2.68873,1327,11/10/2015,October,Tenebrionidae Diet,0,0,,WT
WC24NE2,ALF,WC24NE23,N33.87825 W2.68873,33.87825,2.68873,1327,11/10/2015,October,Tenebrionidae Other,0,0,,WT
WC24NE2,ALF,WC24NE24,N33.87827 W2.68924,33.87827,2.68924,1327,11/10/2015,October,Messor,2,0.00165,,WT
WC24NE2,ALF,WC24NE24,N33.87827 W2.68924,33.87827,2.68924,1327,11/10/2015,October,Other,,0.66633,,WT
WC24NE2,ALF,WC24NE24,N33.87827 W2.68924,33.87827,2.68924,1327,11/10/2015,October,Tenebrionidae Diet,0,0,,WT
WC24NE2,ALF,WC24NE24,N33.87827 W2.68924,33.87827,2.68924,1327,11/10/2015,October,Tenebrionidae Other,0,0,,WT
WC24NE3,ALF,WC24NE31,N33.85604 W2.68924,33.85604,2.68924,1306,11/10/2015,October,Messor,0,0,,WT
WC24NE3,ALF,WC24NE31,N33.85604 W2.68924,33.85604,2.68924,1306,11/10/2015,October,Other,,0.07166,,WT
WC24NE3,ALF,WC24NE31,N33.85604 W2.68924,33.85604,2.68924,1306,11/10/2015,October,Tenebrionidae Diet,0,0,,WT
WC24NE3,ALF,WC24NE31,N33.85604 W2.68924,33.85604,2.68924,1306,11/10/2015,October,Tenebrionidae Other,0,0,,WT
WC24NE3,ALF,WC24NE32,N33.85591 W2.68882,33.85591,2.68882,1300,11/10/2015,October,Messor,0,0,,WT
WC24NE3,ALF,WC24NE32,N33.85591 W2.68882,33.85591,2.68882,1300,11/10/2015,October,Other,,0.13734,,WT
WC24NE3,ALF,WC24NE32,N33.85591 W2.68882,33.85591,2.68882,1300,11/10/2015,October,Tenebrionidae Diet,2,0.02788,,WT
WC24NE3,ALF,WC24NE32,N33.85591 W2.68882,33.85591,2.68882,1300,11/10/2015,October,Tenebrionidae Other,0,0,,WT
WC24NE3,ALF,WC24NE33,N33.85549 W2.68895,33.85549,2.68895,1296,11/10/2015,October,Messor,0,0,,WT
WC24NE3,ALF,WC24NE33,N33.85549 W2.68895,33.85549,2.68895,1296,11/10/2015,October,Other,,0.06762,,WT
WC24NE3,ALF,WC24NE33,N33.85549 W2.68895,33.85549,2.68895,1296,11/10/2015,October,Tenebrionidae Diet,0,0,,WT
WC24NE3,ALF,WC24NE33,N33.85549 W2.68895,33.85549,2.68895,1296,11/10/2015,October,Tenebrionidae Other,0,0,,WT
WC24NE3,ALF,WC24NE34,N33.85555 W2.68944,33.85555,2.68944,1298,11/10/2015,October,Messor,0,0,,WT
WC24NE3,ALF,WC24NE34,N33.85555 W2.68944,33.85555,2.68944,1298,11/10/2015,October,Other,,0.141,,WT
WC24NE3,ALF,WC24NE34,N33.85555 W2.68944,33.85555,2.68944,1298,11/10/2015,October,Tenebrionidae Diet,0,0,,WT
WC24NE3,ALF,WC24NE34,N33.85555 W2.68944,33.85555,2.68944,1298,11/10/2015,October,Tenebrionidae Other,0,0,,WT
WC24NE4,ALF,WC24NE41,N33.85622 W2.71620,33.85622,2.7162,1323,11/10/2015,October,Messor,0,0,,WT
WC24NE4,ALF,WC24NE41,N33.85622 W2.71620,33.85622,2.7162,1323,11/10/2015,October,Other,,0.1082,,WT
WC24NE4,ALF,WC24NE41,N33.85622 W2.71620,33.85622,2.7162,1323,11/10/2015,October,Tenebrionidae Diet,0,0,,WT
WC24NE4,ALF,WC24NE41,N33.85622 W2.71620,33.85622,2.7162,1323,11/10/2015,October,Tenebrionidae Other,0,0,,WT
WC24NE4,ALF,WC24NE42,N33.85611 W2.71567,33.85611,2.71567,1332,11/10/2015,October,Messor,0,0,,WT
WC24NE4,ALF,WC24NE42,N33.85611 W2.71567,33.85611,2.71567,1332,11/10/2015,October,Other,,0.0636,,WT
WC24NE4,ALF,WC24NE42,N33.85611 W2.71567,33.85611,2.71567,1332,11/10/2015,October,Tenebrionidae Diet,0,0,,WT
WC24NE4,ALF,WC24NE42,N33.85611 W2.71567,33.85611,2.71567,1332,11/10/2015,October,Tenebrionidae Other,0,0,,WT
WC24NE4,ALF,WC24NE43,N33.85566 W2.71581,33.85566,2.71581,1331,11/10/2015,October,Messor,0,0,,WT
WC24NE4,ALF,WC24NE43,N33.85566 W2.71581,33.85566,2.71581,1331,11/10/2015,October,Other,,0.03399,,WT
WC24NE4,ALF,WC24NE43,N33.85566 W2.71581,33.85566,2.71581,1331,11/10/2015,October,Tenebrionidae Diet,0,0,,WT
WC24NE4,ALF,WC24NE43,N33.85566 W2.71581,33.85566,2.71581,1331,11/10/2015,October,Tenebrionidae Other,0,0,,WT
WC24NE4,ALF,WC24NE44,N33.85576 W2.71628,33.85576,2.71628,1327,11/10/2015,October,Messor,0,0,,WT
WC24NE4,ALF,WC24NE44,N33.85576 W2.71628,33.85576,2.71628,1327,11/10/2015,October,Other,,0.01276,,WT
WC24NE4,ALF,WC24NE44,N33.85576 W2.71628,33.85576,2.71628,1327,11/10/2015,October,Tenebrionidae Diet,0,0,,WT
WC24NE4,ALF,WC24NE44,N33.85576 W2.71628,33.85576,2.71628,1327,11/10/2015,October,Tenebrionidae Other,0,0,,WT
WC24NE5,ALF,WC24NE51,N33.86736 W2.70264,33.86736,2.70264,1332,11/10/2015,October,Messor,1,0.01607,,WT
WC24NE5,ALF,WC24NE51,N33.86736 W2.70264,33.86736,2.70264,1332,11/10/2015,October,Other,,0.23173,,WT
WC24NE5,ALF,WC24NE51,N33.86736 W2.70264,33.86736,2.70264,1332,11/10/2015,October,Tenebrionidae Diet,3,0.1207,,WT
WC24NE5,ALF,WC24NE51,N33.86736 W2.70264,33.86736,2.70264,1332,11/10/2015,October,Tenebrionidae Other,0,0,,WT
WC24NE5,ALF,WC24NE52,N33.86744 W2.70212,33.86744,2.70212,1336,11/10/2015,October,Messor,0,0,,WT
WC24NE5,ALF,WC24NE52,N33.86744 W2.70212,33.86744,2.70212,1336,11/10/2015,October,Other,,0.01389,,WT
WC24NE5,ALF,WC24NE52,N33.86744 W2.70212,33.86744,2.70212,1336,11/10/2015,October,Tenebrionidae Diet,7,0.59754,,WT
WC24NE5,ALF,WC24NE52,N33.86744 W2.70212,33.86744,2.70212,1336,11/10/2015,October,Tenebrionidae Other,0,0,,WT
WC24NE5,ALF,WC24NE53,N33.86705 W2.70191,33.86705,2.70191,1334,11/10/2015,October,Messor,0,0,,WT
WC24NE5,ALF,WC24NE53,N33.86705 W2.70191,33.86705,2.70191,1334,11/10/2015,October,Other,,0.00544,,WT
WC24NE5,ALF,WC24NE53,N33.86705 W2.70191,33.86705,2.70191,1334,11/10/2015,October,Tenebrionidae Diet,1,0.02805,,WT
WC24NE5,ALF,WC24NE53,N33.86705 W2.70191,33.86705,2.70191,1334,11/10/2015,October,Tenebrionidae Other,0,0,,WT
WC24NE5,ALF,WC24NE54,N33.86694 W2.70239,33.86694,2.70239,1332,11/10/2015,October,Messor,0,0,,WT
WC24NE5,ALF,WC24NE54,N33.86694 W2.70239,33.86694,2.70239,1332,11/10/2015,October,Other,,0.21084,,WT
WC24NE5,ALF,WC24NE54,N33.86694 W2.70239,33.86694,2.70239,1332,11/10/2015,October,Tenebrionidae Diet,3,0.08111,,WT
WC24NE5,ALF,WC24NE54,N33.86694 W2.70239,33.86694,2.70239,1332,11/10/2015,October,Tenebrionidae Other,0,0,,WT
VB02SE1,REG,VB02SE11,N32.74766 W4.00092,32.74766,4.00092,1243,11/11/2015,October,Messor,0,0,,WT
VB02SE1,REG,VB02SE11,N32.74766 W4.00092,32.74766,4.00092,1243,11/11/2015,October,Other,,0.0378,,WT
VB02SE1,REG,VB02SE11,N32.74766 W4.00092,32.74766,4.00092,1243,11/11/2015,October,Tenebrionidae Diet,0,0,,WT
VB02SE1,REG,VB02SE11,N32.74766 W4.00092,32.74766,4.00092,1243,11/11/2015,October,Tenebrionidae Other,0,0,,WT
VB02SE1,REG,VB02SE12,N32.74736 W4.00046,32.74736,4.00046,1239,11/11/2015,October,Messor,0,0,,WT
VB02SE1,REG,VB02SE12,N32.74736 W4.00046,32.74736,4.00046,1239,11/11/2015,October,Other,,0.0173,,WT
VB02SE1,REG,VB02SE12,N32.74736 W4.00046,32.74736,4.00046,1239,11/11/2015,October,Tenebrionidae Diet,1,0.11633,,WT
VB02SE1,REG,VB02SE12,N32.74736 W4.00046,32.74736,4.00046,1239,11/11/2015,October,Tenebrionidae Other,0,0,,WT
VB02SE1,REG,VB02SE13,N32.74702 W4.00076,32.74702,4.00076,1242,11/11/2015,October,Messor,0,0,,WT
VB02SE1,REG,VB02SE13,N32.74702 W4.00076,32.74702,4.00076,1242,11/11/2015,October,Other,,0.12501,,WT
VB02SE1,REG,VB02SE13,N32.74702 W4.00076,32.74702,4.00076,1242,11/11/2015,October,Tenebrionidae Diet,0,0,,WT
VB02SE1,REG,VB02SE13,N32.74702 W4.00076,32.74702,4.00076,1242,11/11/2015,October,Tenebrionidae Other,0,0,,WT
VB02SE1,REG,VB02SE14,N32.74727 W4.00115,32.74727,4.00115,1244,11/11/2015,October,Messor,0,0,,WT
VB02SE1,REG,VB02SE14,N32.74727 W4.00115,32.74727,4.00115,1244,11/11/2015,October,Other,,0.08728,,WT
VB02SE1,REG,VB02SE14,N32.74727 W4.00115,32.74727,4.00115,1244,11/11/2015,October,Tenebrionidae Diet,2,0.16117,,WT
VB02SE1,REG,VB02SE14,N32.74727 W4.00115,32.74727,4.00115,1244,11/11/2015,October,Tenebrionidae Other,0,0,,WT
VB02SE2,REG,VB02SE21,N32.74785 W3.97404,32.74785,3.97404,1248,11/11/2015,October,Messor,0,0,,NWT
VB02SE2,REG,VB02SE21,N32.74785 W3.97404,32.74785,3.97404,1248,11/11/2015,October,Other,,0.00164,,NWT
VB02SE2,REG,VB02SE21,N32.74785 W3.97404,32.74785,3.97404,1248,11/11/2015,October,Tenebrionidae Diet,1,0.07341,,NWT
VB02SE2,REG,VB02SE21,N32.74785 W3.97404,32.74785,3.97404,1248,11/11/2015,October,Tenebrionidae Other,0,0,,NWT
VB02SE2,REG,VB02SE22,N32.74783 W3.97352,32.74783,3.97352,1249,11/11/2015,October,Messor,0,0,,WT
VB02SE2,REG,VB02SE22,N32.74783 W3.97352,32.74783,3.97352,1249,11/11/2015,October,Other,,0.20207,,WT
VB02SE2,REG,VB02SE22,N32.74783 W3.97352,32.74783,3.97352,1249,11/11/2015,October,Tenebrionidae Diet,1,0.00803,,WT
VB02SE2,REG,VB02SE22,N32.74783 W3.97352,32.74783,3.97352,1249,11/11/2015,October,Tenebrionidae Other,0,0,,WT
VB02SE2,REG,VB02SE23,N32.74735 W3.97371,32.74735,3.97371,1251,11/11/2015,October,Messor,0,0,,WT
VB02SE2,REG,VB02SE23,N32.74735 W3.97371,32.74735,3.97371,1251,11/11/2015,October,Other,,0.02324,,WT
VB02SE2,REG,VB02SE23,N32.74735 W3.97371,32.74735,3.97371,1251,11/11/2015,October,Tenebrionidae Diet,2,0.21914,,WT
VB02SE2,REG,VB02SE23,N32.74735 W3.97371,32.74735,3.97371,1251,11/11/2015,October,Tenebrionidae Other,0,0,,WT
VB02SE2,REG,VB02SE24,N32.74743 W3.97413,32.74743,3.97413,1251,11/11/2015,October,Messor,0,0,,WT
VB02SE2,REG,VB02SE24,N32.74743 W3.97413,32.74743,3.97413,1251,11/11/2015,October,Other,,0.04152,,WT
VB02SE2,REG,VB02SE24,N32.74743 W3.97413,32.74743,3.97413,1251,11/11/2015,October,Tenebrionidae Diet,0,0,,WT
VB02SE2,REG,VB02SE24,N32.74743 W3.97413,32.74743,3.97413,1251,11/11/2015,October,Tenebrionidae Other,0,0,,WT
VB02SE3,REG,VB02SE31,N32.72507 W3.97363,32.72507,3.97363,1310,11/11/2015,October,Messor,0,0,,WT
VB02SE3,REG,VB02SE31,N32.72507 W3.97363,32.72507,3.97363,1310,11/11/2015,October,Other,,0.28728,,WT
VB02SE3,REG,VB02SE31,N32.72507 W3.97363,32.72507,3.97363,1310,11/11/2015,October,Tenebrionidae Diet,4,0.0428,,WT
VB02SE3,REG,VB02SE31,N32.72507 W3.97363,32.72507,3.97363,1310,11/11/2015,October,Tenebrionidae Other,0,0,,WT
VB02SE3,REG,VB02SE32,N32.72493 W3.97316,32.72493,3.97316,1310,11/11/2015,October,Messor,0,0,,WT
VB02SE3,REG,VB02SE32,N32.72493 W3.97316,32.72493,3.97316,1310,11/11/2015,October,Other,,0.0854,,WT
VB02SE3,REG,VB02SE32,N32.72493 W3.97316,32.72493,3.97316,1310,11/11/2015,October,Tenebrionidae Diet,2,0.01963,,WT
VB02SE3,REG,VB02SE32,N32.72493 W3.97316,32.72493,3.97316,1310,11/11/2015,October,Tenebrionidae Other,0,0,,WT
VB02SE3,REG,VB02SE33,N32.72454 W3.97339,32.72454,3.97339,1310,11/11/2015,October,Messor,0,0,,WT
VB02SE3,REG,VB02SE33,N32.72454 W3.97339,32.72454,3.97339,1310,11/11/2015,October,Other,,0.05385,,WT
VB02SE3,REG,VB02SE33,N32.72454 W3.97339,32.72454,3.97339,1310,11/11/2015,October,Tenebrionidae Diet,1,0.07809,,WT
VB02SE3,REG,VB02SE33,N32.72454 W3.97339,32.72454,3.97339,1310,11/11/2015,October,Tenebrionidae Other,0,0,,WT
VB02SE3,REG,VB02SE34,N32.72474 W3.97383,32.72474,3.97383,1311,11/11/2015,October,Messor,0,0,,WT
VB02SE3,REG,VB02SE34,N32.72474 W3.97383,32.72474,3.97383,1311,11/11/2015,October,Other,,0.22403,,WT
VB02SE3,REG,VB02SE34,N32.72474 W3.97383,32.72474,3.97383,1311,11/11/2015,October,Tenebrionidae Diet,0,0,,WT
VB02SE3,REG,VB02SE34,N32.72474 W3.97383,32.72474,3.97383,1311,11/11/2015,October,Tenebrionidae Other,0,0,,WT
VB02SE4,ALF,VB02SE41,N32.72484 W4.00028,32.72484,4.00028,1308,11/11/2015,October,Messor,1,0.00147,,WT
VB02SE4,ALF,VB02SE41,N32.72484 W4.00028,32.72484,4.00028,1308,11/11/2015,October,Other,,0.09443,,WT
VB02SE4,ALF,VB02SE41,N32.72484 W4.00028,32.72484,4.00028,1308,11/11/2015,October,Tenebrionidae Diet,0,0,,WT
VB02SE4,ALF,VB02SE41,N32.72484 W4.00028,32.72484,4.00028,1308,11/11/2015,October,Tenebrionidae Other,0,0,,WT
VB02SE4,ALF,VB02SE42,N32.72478 W3.99975,32.72478,3.99975,1309,11/11/2015,October,Messor,0,0,,WT
VB02SE4,ALF,VB02SE42,N32.72478 W3.99975,32.72478,3.99975,1309,11/11/2015,October,Other,,0.03582,,WT
VB02SE4,ALF,VB02SE42,N32.72478 W3.99975,32.72478,3.99975,1309,11/11/2015,October,Tenebrionidae Diet,1,0.07258,,WT
VB02SE4,ALF,VB02SE42,N32.72478 W3.99975,32.72478,3.99975,1309,11/11/2015,October,Tenebrionidae Other,0,0,,WT
VB02SE4,ALF,VB02SE43,N32.72429 W3.99980,32.72429,3.9998,1307,11/11/2015,October,Messor,0,0,,WT
VB02SE4,ALF,VB02SE43,N32.72429 W3.99980,32.72429,3.9998,1307,11/11/2015,October,Other,,0.18494,,WT
VB02SE4,ALF,VB02SE43,N32.72429 W3.99980,32.72429,3.9998,1307,11/11/2015,October,Tenebrionidae Diet,0,0,,WT
VB02SE4,ALF,VB02SE43,N32.72429 W3.99980,32.72429,3.9998,1307,11/11/2015,October,Tenebrionidae Other,0,0,,WT
VB02SE4,ALF,VB02SE44,N32.72434 W4.00026,32.72434,4.00026,1305,11/11/2015,October,Messor,0,0,,WT
VB02SE4,ALF,VB02SE44,N32.72434 W4.00026,32.72434,4.00026,1305,11/11/2015,October,Other,,0.27928,,WT
VB02SE4,ALF,VB02SE44,N32.72434 W4.00026,32.72434,4.00026,1305,11/11/2015,October,Tenebrionidae Diet,0,0,,WT
VB02SE4,ALF,VB02SE44,N32.72434 W4.00026,32.72434,4.00026,1305,11/11/2015,October,Tenebrionidae Other,0,0,,WT
VB02SE5,EPA,VB02SE51,N32.73640 W3.98738,32.7364,3.98738,1271,11/11/2015,October,Messor,1,0.0026,,WT
VB02SE5,EPA,VB02SE51,N32.73640 W3.98738,32.7364,3.98738,1271,11/11/2015,October,Other,,0.70313,,WT
VB02SE5,EPA,VB02SE51,N32.73640 W3.98738,32.7364,3.98738,1271,11/11/2015,October,Tenebrionidae Diet,2,0.31365,,WT
VB02SE5,EPA,VB02SE51,N32.73640 W3.98738,32.7364,3.98738,1271,11/11/2015,October,Tenebrionidae Other,0,0,,WT
VB02SE5,EPA,VB02SE52,N32.73637 W3.98682,32.73637,3.98682,1271,11/11/2015,October,Messor,3,0.00454,,WT
VB02SE5,EPA,VB02SE52,N32.73637 W3.98682,32.73637,3.98682,1271,11/11/2015,October,Other,,0.0326,,WT
VB02SE5,EPA,VB02SE52,N32.73637 W3.98682,32.73637,3.98682,1271,11/11/2015,October,Tenebrionidae Diet,2,0.35565,,WT
VB02SE5,EPA,VB02SE52,N32.73637 W3.98682,32.73637,3.98682,1271,11/11/2015,October,Tenebrionidae Other,0,0,,WT
VB02SE5,EPA,VB02SE53,N32.73590 W3.98689,32.7359,3.98689,1271,11/11/2015,October,Messor,17,0.02237,,WT
VB02SE5,EPA,VB02SE53,N32.73590 W3.98689,32.7359,3.98689,1271,11/11/2015,October,Other,,0.12521,,WT
VB02SE5,EPA,VB02SE53,N32.73590 W3.98689,32.7359,3.98689,1271,11/11/2015,October,Tenebrionidae Diet,0,0,,WT
VB02SE5,EPA,VB02SE53,N32.73590 W3.98689,32.7359,3.98689,1271,11/11/2015,October,Tenebrionidae Other,0,0,,WT
VB02SE5,EPA,VB02SE54,N32.73597 W3.98743,32.73597,3.98743,1269,11/11/2015,October,Messor,1,0.0014,,WT
VB02SE5,EPA,VB02SE54,N32.73597 W3.98743,32.73597,3.98743,1269,11/11/2015,October,Other,,0.18599,,WT
VB02SE5,EPA,VB02SE54,N32.73597 W3.98743,32.73597,3.98743,1269,11/11/2015,October,Tenebrionidae Diet,0,0,,WT
VB02SE5,EPA,VB02SE54,N32.73597 W3.98743,32.73597,3.98743,1269,11/11/2015,October,Tenebrionidae Other,0,0,,WT
UB24SW1,REG,UB24SW11,N32.91747 W4.91167,32.91747,4.91167,1509,11/12/2015,October,Messor,0,0,,WT
UB24SW1,REG,UB24SW11,N32.91747 W4.91167,32.91747,4.91167,1509,11/12/2015,October,Other,,0.01414,,WT
UB24SW1,REG,UB24SW11,N32.91747 W4.91167,32.91747,4.91167,1509,11/12/2015,October,Tenebrionidae Diet,2,0.0798,,WT
UB24SW1,REG,UB24SW11,N32.91747 W4.91167,32.91747,4.91167,1509,11/12/2015,October,Tenebrionidae Other,0,0,,WT
UB24SW1,REG,UB24SW12,N32.91754 W4.91112,32.91754,4.91112,1524,11/12/2015,October,Messor,0,0,,WT
UB24SW1,REG,UB24SW12,N32.91754 W4.91112,32.91754,4.91112,1524,11/12/2015,October,Other,,0.0308,,WT
UB24SW1,REG,UB24SW12,N32.91754 W4.91112,32.91754,4.91112,1524,11/12/2015,October,Tenebrionidae Diet,1,0.14145,,WT
UB24SW1,REG,UB24SW12,N32.91754 W4.91112,32.91754,4.91112,1524,11/12/2015,October,Tenebrionidae Other,0,0,,WT
UB24SW1,REG,UB24SW13,N32.91713 W4.91102,32.91713,4.91102,1525,11/12/2015,October,Messor,1,0.00175,,WT
UB24SW1,REG,UB24SW13,N32.91713 W4.91102,32.91713,4.91102,1525,11/12/2015,October,Other,,0.01729,,WT
UB24SW1,REG,UB24SW13,N32.91713 W4.91102,32.91713,4.91102,1525,11/12/2015,October,Tenebrionidae Diet,4,0.3027,,WT
UB24SW1,REG,UB24SW13,N32.91713 W4.91102,32.91713,4.91102,1525,11/12/2015,October,Tenebrionidae Other,0,0,,WT
UB24SW1,REG,UB24SW14,N32.91705 W4.91159,32.91705,4.91159,1525,11/12/2015,October,Messor,1,0.00213,,WT
UB24SW1,REG,UB24SW14,N32.91705 W4.91159,32.91705,4.91159,1525,11/12/2015,October,Other,,0.04934,,WT
UB24SW1,REG,UB24SW14,N32.91705 W4.91159,32.91705,4.91159,1525,11/12/2015,October,Tenebrionidae Diet,2,0.0679,,WT
UB24SW1,REG,UB24SW14,N32.91705 W4.91159,32.91705,4.91159,1525,11/12/2015,October,Tenebrionidae Other,0,0,,WT
UB24SW2,REG,UB24SW21,N32.91781 W4.88501,32.91781,4.88501,1517,11/12/2015,October,Messor,0,0,,WT
UB24SW2,REG,UB24SW21,N32.91781 W4.88501,32.91781,4.88501,1517,11/12/2015,October,Other,,0.01031,,WT
UB24SW2,REG,UB24SW21,N32.91781 W4.88501,32.91781,4.88501,1517,11/12/2015,October,Tenebrionidae Diet,0,0,,WT
UB24SW2,REG,UB24SW21,N32.91781 W4.88501,32.91781,4.88501,1517,11/12/2015,October,Tenebrionidae Other,0,0,,WT
UB24SW2,REG,UB24SW22,N32.91751 W4.88460,32.91751,4.8846,1520,11/12/2015,October,Messor,0,0,,WT
UB24SW2,REG,UB24SW22,N32.91751 W4.88460,32.91751,4.8846,1520,11/12/2015,October,Other,,0.01336,,WT
UB24SW2,REG,UB24SW22,N32.91751 W4.88460,32.91751,4.8846,1520,11/12/2015,October,Tenebrionidae Diet,0,0,,WT
UB24SW2,REG,UB24SW22,N32.91751 W4.88460,32.91751,4.8846,1520,11/12/2015,October,Tenebrionidae Other,0,0,,WT
UB24SW2,REG,UB24SW23,N32.91723 W4.88494,32.91723,4.88494,1515,11/12/2015,October,Messor,0,0,,WT
UB24SW2,REG,UB24SW23,N32.91723 W4.88494,32.91723,4.88494,1515,11/12/2015,October,Other,,0.0032,,WT
UB24SW2,REG,UB24SW23,N32.91723 W4.88494,32.91723,4.88494,1515,11/12/2015,October,Tenebrionidae Diet,1,0.00351,,WT
UB24SW2,REG,UB24SW23,N32.91723 W4.88494,32.91723,4.88494,1515,11/12/2015,October,Tenebrionidae Other,0,0,,WT
UB24SW2,REG,UB24SW24,N32.91750 W4.88533,32.9175,4.88533,1511,11/12/2015,October,Messor,0,0,,WT
UB24SW2,REG,UB24SW24,N32.91750 W4.88533,32.9175,4.88533,1511,11/12/2015,October,Other,,0.02366,,WT
UB24SW2,REG,UB24SW24,N32.91750 W4.88533,32.9175,4.88533,1511,11/12/2015,October,Tenebrionidae Diet,0,0,,WT
UB24SW2,REG,UB24SW24,N32.91750 W4.88533,32.9175,4.88533,1511,11/12/2015,October,Tenebrionidae Other,0,0,,WT
UB24SW3,EPA,UB24SW31,N32.89505 W4.88427,32.89505,4.88427,1446,11/12/2015,October,Messor,0,0,,WT
UB24SW3,EPA,UB24SW31,N32.89505 W4.88427,32.89505,4.88427,1446,11/12/2015,October,Other,,0.04449,,WT
UB24SW3,EPA,UB24SW31,N32.89505 W4.88427,32.89505,4.88427,1446,11/12/2015,October,Tenebrionidae Diet,4,0.18442,,WT
UB24SW3,EPA,UB24SW31,N32.89505 W4.88427,32.89505,4.88427,1446,11/12/2015,October,Tenebrionidae Other,0,0,,WT
UB24SW3,EPA,UB24SW32,N32.89506 W4.88386,32.89506,4.88386,1450,11/12/2015,October,Messor,0,0,,WT
UB24SW3,EPA,UB24SW32,N32.89506 W4.88386,32.89506,4.88386,1450,11/12/2015,October,Other,,0.00202,,WT
UB24SW3,EPA,UB24SW32,N32.89506 W4.88386,32.89506,4.88386,1450,11/12/2015,October,Tenebrionidae Diet,10,0.72295,,WT
UB24SW3,EPA,UB24SW32,N32.89506 W4.88386,32.89506,4.88386,1450,11/12/2015,October,Tenebrionidae Other,0,0,,WT
UB24SW3,EPA,UB24SW33,N32.89465 W4.88406,32.89465,4.88406,1438,11/12/2015,October,Messor,0,0,,WT
UB24SW3,EPA,UB24SW33,N32.89465 W4.88406,32.89465,4.88406,1438,11/12/2015,October,Other,,0.00132,,WT
UB24SW3,EPA,UB24SW33,N32.89465 W4.88406,32.89465,4.88406,1438,11/12/2015,October,Tenebrionidae Diet,13,1.097,,WT
UB24SW3,EPA,UB24SW33,N32.89465 W4.88406,32.89465,4.88406,1438,11/12/2015,October,Tenebrionidae Other,0,0,,WT
UB24SW3,EPA,UB24SW34,N32.89477 W4.88454,32.89477,4.88454,1444,11/12/2015,October,Messor,1,0.00041,,WT
UB24SW3,EPA,UB24SW34,N32.89477 W4.88454,32.89477,4.88454,1444,11/12/2015,October,Other,,0.00247,,WT
UB24SW3,EPA,UB24SW34,N32.89477 W4.88454,32.89477,4.88454,1444,11/12/2015,October,Tenebrionidae Diet,5,0.31733,,WT
UB24SW3,EPA,UB24SW34,N32.89477 W4.88454,32.89477,4.88454,1444,11/12/2015,October,Tenebrionidae Other,0,0,,WT
UB24SW4,EPA,UB24SW41,N32.89479 W4.91111,32.89479,4.91111,1463,11/12/2015,October,Messor,2,0.00113,,WT
UB24SW4,EPA,UB24SW41,N32.89479 W4.91111,32.89479,4.91111,1463,11/12/2015,October,Other,,0.01575,,WT
UB24SW4,EPA,UB24SW41,N32.89479 W4.91111,32.89479,4.91111,1463,11/12/2015,October,Tenebrionidae Diet,3,0.11623,,WT
UB24SW4,EPA,UB24SW41,N32.89479 W4.91111,32.89479,4.91111,1463,11/12/2015,October,Tenebrionidae Other,0,0,,WT
UB24SW4,EPA,UB24SW42,N32.89471 W4.91060,32.89471,4.9106,1458,11/12/2015,October,Messor,0,0,,WT
UB24SW4,EPA,UB24SW42,N32.89471 W4.91060,32.89471,4.9106,1458,11/12/2015,October,Other,,0.01923,,WT
UB24SW4,EPA,UB24SW42,N32.89471 W4.91060,32.89471,4.9106,1458,11/12/2015,October,Tenebrionidae Diet,7,0.50721,,WT
UB24SW4,EPA,UB24SW42,N32.89471 W4.91060,32.89471,4.9106,1458,11/12/2015,October,Tenebrionidae Other,0,0,,WT
UB24SW4,EPA,UB24SW43,N32.89430 W4.91073,32.8943,4.91073,1458,11/12/2015,October,Messor,7,0.00683,,WT
UB24SW4,EPA,UB24SW43,N32.89430 W4.91073,32.8943,4.91073,1458,11/12/2015,October,Other,,0.01392,,WT
UB24SW4,EPA,UB24SW43,N32.89430 W4.91073,32.8943,4.91073,1458,11/12/2015,October,Tenebrionidae Diet,5,0.60759,,WT
UB24SW4,EPA,UB24SW43,N32.89430 W4.91073,32.8943,4.91073,1458,11/12/2015,October,Tenebrionidae Other,0,0,,WT
UB24SW4,EPA,UB24SW44,N32.89437 W4.91123,32.89437,4.91123,1457,11/12/2015,October,Messor,0,0,,WT
UB24SW4,EPA,UB24SW44,N32.89437 W4.91123,32.89437,4.91123,1457,11/12/2015,October,Other,,0.05738,,WT
UB24SW4,EPA,UB24SW44,N32.89437 W4.91123,32.89437,4.91123,1457,11/12/2015,October,Tenebrionidae Diet,2,0.1533,,WT
UB24SW4,EPA,UB24SW44,N32.89437 W4.91123,32.89437,4.91123,1457,11/12/2015,October,Tenebrionidae Other,0,0,,WT
UB24SW5,REG,UB24SW51,N32.90639 W4.89868,32.90639,4.89868,1480,11/12/2015,October,Messor,0,0,,WT
UB24SW5,REG,UB24SW51,N32.90639 W4.89868,32.90639,4.89868,1480,11/12/2015,October,Other,,0.0033,,WT
UB24SW5,REG,UB24SW51,N32.90639 W4.89868,32.90639,4.89868,1480,11/12/2015,October,Tenebrionidae Diet,0,0,,WT
UB24SW5,REG,UB24SW51,N32.90639 W4.89868,32.90639,4.89868,1480,11/12/2015,October,Tenebrionidae Other,0,0,,WT
UB24SW5,REG,UB24SW52,N32.90639 W4.89818,32.90639,4.89818,1479,11/12/2015,October,Messor,0,0,,WT
UB24SW5,REG,UB24SW52,N32.90639 W4.89818,32.90639,4.89818,1479,11/12/2015,October,Other,,0.00737,,WT
UB24SW5,REG,UB24SW52,N32.90639 W4.89818,32.90639,4.89818,1479,11/12/2015,October,Tenebrionidae Diet,1,0.0315,,WT
UB24SW5,REG,UB24SW52,N32.90639 W4.89818,32.90639,4.89818,1479,11/12/2015,October,Tenebrionidae Other,0,0,,WT
UB24SW5,REG,UB24SW53,N32.90596 W4.89816,32.90596,4.89816,1479,11/12/2015,October,Messor,0,0,Jar empty,WT
UB24SW5,REG,UB24SW53,N32.90596 W4.89816,32.90596,4.89816,1479,11/12/2015,October,Other,,0,Jar empty,WT
UB24SW5,REG,UB24SW53,N32.90596 W4.89816,32.90596,4.89816,1479,11/12/2015,October,Tenebrionidae Diet,0,0,Jar empty,WT
UB24SW5,REG,UB24SW53,N32.90596 W4.89816,32.90596,4.89816,1479,11/12/2015,October,Tenebrionidae Other,0,0,Jar empty,WT
UB24SW5,REG,UB24SW54,N32.90598 W4.89869,32.90598,4.89869,1479,11/12/2015,October,Messor,0,0,,WT
UB24SW5,REG,UB24SW54,N32.90598 W4.89869,32.90598,4.89869,1479,11/12/2015,October,Other,,0.01149,,WT
UB24SW5,REG,UB24SW54,N32.90598 W4.89869,32.90598,4.89869,1479,11/12/2015,October,Tenebrionidae Diet,0,0,,WT
UB24SW5,REG,UB24SW54,N32.90598 W4.89869,32.90598,4.89869,1479,11/12/2015,October,Tenebrionidae Other,0,0,,WT
VC52SE1,REG,VC52SE11,N33.65271 W3.47184,33.65271,3.47184,882,11/13/2015,October,Messor,0,0,,WT
VC52SE1,REG,VC52SE11,N33.65271 W3.47184,33.65271,3.47184,882,11/13/2015,October,Other,,0.02358,,WT
VC52SE1,REG,VC52SE11,N33.65271 W3.47184,33.65271,3.47184,882,11/13/2015,October,Tenebrionidae Diet,0,0,,WT
VC52SE1,REG,VC52SE11,N33.65271 W3.47184,33.65271,3.47184,882,11/13/2015,October,Tenebrionidae Other,0,0,,WT
VC52SE1,REG,VC52SE12,N33.65269 W3.47128,33.65269,3.47128,883,11/13/2015,October,Messor,0,0,,WT
VC52SE1,REG,VC52SE12,N33.65269 W3.47128,33.65269,3.47128,883,11/13/2015,October,Other,,0.0243,,WT
VC52SE1,REG,VC52SE12,N33.65269 W3.47128,33.65269,3.47128,883,11/13/2015,October,Tenebrionidae Diet,1,0.02424,,WT
VC52SE1,REG,VC52SE12,N33.65269 W3.47128,33.65269,3.47128,883,11/13/2015,October,Tenebrionidae Other,0,0,,WT
VC52SE1,REG,VC52SE13,N33.65225 W3.47128,33.65225,3.47128,881,11/13/2015,October,Messor,0,0,,WT
VC52SE1,REG,VC52SE13,N33.65225 W3.47128,33.65225,3.47128,881,11/13/2015,October,Other,,0.11487,,WT
VC52SE1,REG,VC52SE13,N33.65225 W3.47128,33.65225,3.47128,881,11/13/2015,October,Tenebrionidae Diet,0,0,,WT
VC52SE1,REG,VC52SE13,N33.65225 W3.47128,33.65225,3.47128,881,11/13/2015,October,Tenebrionidae Other,0,0,,WT
VC52SE1,REG,VC52SE14,N33.65227 W3.47178,33.65227,3.47178,879,11/13/2015,October,Messor,0,0,,WT
VC52SE1,REG,VC52SE14,N33.65227 W3.47178,33.65227,3.47178,879,11/13/2015,October,Other,,0.00837,,WT
VC52SE1,REG,VC52SE14,N33.65227 W3.47178,33.65227,3.47178,879,11/13/2015,October,Tenebrionidae Diet,0,0,,WT
VC52SE1,REG,VC52SE14,N33.65227 W3.47178,33.65227,3.47178,879,11/13/2015,October,Tenebrionidae Other,0,0,,WT
VC52SE2,REG,VC52SE21,N33.65283 W3.44492,33.65283,3.44492,808,11/13/2015,October,Messor,0,0,,WT
VC52SE2,REG,VC52SE21,N33.65283 W3.44492,33.65283,3.44492,808,11/13/2015,October,Tenebrionidae Diet,1,0.04584,,WT
VC52SE2,REG,VC52SE22,N33.65254 W3.44450,33.65254,3.4445,805,11/13/2015,October,Messor,0,0,,WT
VC52SE2,REG,VC52SE22,N33.65254 W3.44450,33.65254,3.4445,805,11/13/2015,October,Other,,0.01818,,WT
VC52SE2,REG,VC52SE22,N33.65254 W3.44450,33.65254,3.4445,805,11/13/2015,October,Tenebrionidae Diet,1,0.06443,,WT
VC52SE2,REG,VC52SE22,N33.65254 W3.44450,33.65254,3.4445,805,11/13/2015,October,Tenebrionidae Other,0,0,,WT
VC52SE2,REG,VC52SE23,N33.65221 W3.44480,33.65221,3.4448,809,11/13/2015,October,Messor,4,0.00906,,WT
VC52SE2,REG,VC52SE23,N33.65221 W3.44480,33.65221,3.4448,809,11/13/2015,October,Other,,0.06081,,WT
VC52SE2,REG,VC52SE23,N33.65221 W3.44480,33.65221,3.4448,809,11/13/2015,October,Tenebrionidae Diet,2,0.13909,,WT
VC52SE2,REG,VC52SE23,N33.65221 W3.44480,33.65221,3.4448,809,11/13/2015,October,Tenebrionidae Other,0,0,,WT
VC52SE2,REG,VC52SE24,N33.65246 W3.44524,33.65246,3.44524,807,11/13/2015,October,Messor,1,0.00175,,WT
VC52SE2,REG,VC52SE24,N33.65246 W3.44524,33.65246,3.44524,807,11/13/2015,October,Other,,0.03461,,WT
VC52SE2,REG,VC52SE24,N33.65246 W3.44524,33.65246,3.44524,807,11/13/2015,October,Tenebrionidae Diet,1,0.00883,,WT
VC52SE2,REG,VC52SE24,N33.65246 W3.44524,33.65246,3.44524,807,11/13/2015,October,Tenebrionidae Other,0,0,,WT
VC52SE3,REG,VC52SE31,N33.63023 W3.44488,33.63023,3.44488,866,11/13/2015,October,Messor,0,0,,WT
VC52SE3,REG,VC52SE31,N33.63023 W3.44488,33.63023,3.44488,866,11/13/2015,October,Other,,0.0086,,WT
VC52SE3,REG,VC52SE31,N33.63023 W3.44488,33.63023,3.44488,866,11/13/2015,October,Tenebrionidae Diet,0,0,,WT
VC52SE3,REG,VC52SE31,N33.63023 W3.44488,33.63023,3.44488,866,11/13/2015,October,Tenebrionidae Other,0,0,,WT
VC52SE3,REG,VC52SE32,N33.62979 W3.44484,33.62979,3.44484,866,11/13/2015,October,Messor,0,0,,WT
VC52SE3,REG,VC52SE32,N33.62979 W3.44484,33.62979,3.44484,866,11/13/2015,October,Other,,0.01846,,WT
VC52SE3,REG,VC52SE32,N33.62979 W3.44484,33.62979,3.44484,866,11/13/2015,October,Tenebrionidae Diet,0,0,,WT
VC52SE3,REG,VC52SE32,N33.62979 W3.44484,33.62979,3.44484,866,11/13/2015,October,Tenebrionidae Other,0,0,,WT
VC52SE3,REG,VC52SE33,N33.62976 W3.44534,33.62976,3.44534,862,11/13/2015,October,Messor,0,0,,WT
VC52SE3,REG,VC52SE33,N33.62976 W3.44534,33.62976,3.44534,862,11/13/2015,October,Other,,0.01822,,WT
VC52SE3,REG,VC52SE33,N33.62976 W3.44534,33.62976,3.44534,862,11/13/2015,October,Tenebrionidae Diet,0,0,,WT
VC52SE3,REG,VC52SE33,N33.62976 W3.44534,33.62976,3.44534,862,11/13/2015,October,Tenebrionidae Other,0,0,,WT
VC52SE3,REG,VC52SE34,N33.63011 W3.44535,33.63011,3.44535,861,11/13/2015,October,Messor,0,0,,WT
VC52SE3,REG,VC52SE34,N33.63011 W3.44535,33.63011,3.44535,861,11/13/2015,October,Other,,0.05842,,WT
VC52SE3,REG,VC52SE34,N33.63011 W3.44535,33.63011,3.44535,861,11/13/2015,October,Tenebrionidae Diet,0,0,,WT
VC52SE3,REG,VC52SE34,N33.63011 W3.44535,33.63011,3.44535,861,11/13/2015,October,Tenebrionidae Other,0,0,,WT
VC52SE4,REG,VC52SE41,N33.63016 W3.47177,33.63016,3.47177,838,11/13/2015,October,Messor,0,0,,WT
VC52SE4,REG,VC52SE41,N33.63016 W3.47177,33.63016,3.47177,838,11/13/2015,October,Other,,0.01603,,WT
VC52SE4,REG,VC52SE41,N33.63016 W3.47177,33.63016,3.47177,838,11/13/2015,October,Tenebrionidae Diet,0,0,,WT
VC52SE4,REG,VC52SE41,N33.63016 W3.47177,33.63016,3.47177,838,11/13/2015,October,Tenebrionidae Other,0,0,,WT
VC52SE4,REG,VC52SE42,N33.62994 W3.47131,33.62994,3.47131,838,11/13/2015,October,Messor,0,0,,WT
VC52SE4,REG,VC52SE42,N33.62994 W3.47131,33.62994,3.47131,838,11/13/2015,October,Other,,0.00957,,WT
VC52SE4,REG,VC52SE42,N33.62994 W3.47131,33.62994,3.47131,838,11/13/2015,October,Tenebrionidae Diet,0,0,,WT
VC52SE4,REG,VC52SE42,N33.62994 W3.47131,33.62994,3.47131,838,11/13/2015,October,Tenebrionidae Other,0,0,,WT
VC52SE4,REG,VC52SE43,N33.62957 W3.47155,33.62957,3.47155,835,11/13/2015,October,Messor,1,0.00053,,WT
VC52SE4,REG,VC52SE43,N33.62957 W3.47155,33.62957,3.47155,835,11/13/2015,October,Other,,0.01319,,WT
VC52SE4,REG,VC52SE43,N33.62957 W3.47155,33.62957,3.47155,835,11/13/2015,October,Tenebrionidae Diet,0,0,,WT
VC52SE4,REG,VC52SE43,N33.62957 W3.47155,33.62957,3.47155,835,11/13/2015,October,Tenebrionidae Other,0,0,,WT
VC52SE4,REG,VC52SE44,N33.62980 W3.47203,33.6298,3.47203,835,11/13/2015,October,Messor,0,0,,NWT
VC52SE4,REG,VC52SE44,N33.62980 W3.47203,33.6298,3.47203,835,11/13/2015,October,Other,,0.03349,,NWT
VC52SE4,REG,VC52SE44,N33.62980 W3.47203,33.6298,3.47203,835,11/13/2015,October,Tenebrionidae Diet,0,0,,NWT
VC52SE4,REG,VC52SE44,N33.62980 W3.47203,33.6298,3.47203,835,11/13/2015,October,Tenebrionidae Other,0,0,,NWT
VC52SE5,REG,VC52SE51,N33.64152 W3.45841,33.64152,3.45841,843,11/13/2015,October,Messor,0,0,,WT
VC52SE5,REG,VC52SE51,N33.64152 W3.45841,33.64152,3.45841,843,11/13/2015,October,Other,,0.051,,WT
VC52SE5,REG,VC52SE51,N33.64152 W3.45841,33.64152,3.45841,843,11/13/2015,October,Tenebrionidae Diet,0,0,,WT
VC52SE5,REG,VC52SE51,N33.64152 W3.45841,33.64152,3.45841,843,11/13/2015,October,Tenebrionidae Other,0,0,,WT
VC52SE5,REG,VC52SE52,N33.64138 W3.45794,33.64138,3.45794,840,11/13/2015,October,Messor,0,0,,WT
VC52SE5,REG,VC52SE52,N33.64138 W3.45794,33.64138,3.45794,840,11/13/2015,October,Other,,0.01509,,WT
VC52SE5,REG,VC52SE52,N33.64138 W3.45794,33.64138,3.45794,840,11/13/2015,October,Tenebrionidae Diet,0,0,,WT
VC52SE5,REG,VC52SE52,N33.64138 W3.45794,33.64138,3.45794,840,11/13/2015,October,Tenebrionidae Other,0,0,,WT
VC52SE5,REG,VC52SE53,N33.64042 W3.45809,33.64042,3.45809,840,11/13/2015,October,Messor,0,0,,WT
VC52SE5,REG,VC52SE53,N33.64042 W3.45809,33.64042,3.45809,840,11/13/2015,October,Other,,0.00421,,WT
VC52SE5,REG,VC52SE53,N33.64042 W3.45809,33.64042,3.45809,840,11/13/2015,October,Tenebrionidae Diet,0,0,,WT
VC52SE5,REG,VC52SE53,N33.64042 W3.45809,33.64042,3.45809,840,11/13/2015,October,Tenebrionidae Other,0,0,,WT
VC52SE5,REG,VC52SE54,N33.64053 W3.45853,33.64053,3.45853,840,11/13/2015,October,Messor,0,0,,WT
VC52SE5,REG,VC52SE54,N33.64053 W3.45853,33.64053,3.45853,840,11/13/2015,October,Other,,0.00591,,WT
VC52SE5,REG,VC52SE54,N33.64053 W3.45853,33.64053,3.45853,840,11/13/2015,October,Tenebrionidae Diet,0,0,,WT
VC52SE5,REG,VC52SE54,N33.64053 W3.45853,33.64053,3.45853,840,11/13/2015,October,Tenebrionidae Other,0,0,,WT
VB17NW1,REG,VB17NW11,N33.24393 W3.95261,33.24393,3.95261,988,12/21/2015,December,Messor,0,0,,WT
VB17NW1,REG,VB17NW11,N33.24393 W3.95261,33.24393,3.95261,988,12/21/2015,December,Other,,0.25627,,WT
VB17NW1,REG,VB17NW11,N33.24393 W3.95261,33.24393,3.95261,988,12/21/2015,December,Tenebrionidae Diet,2,0.07253,,WT
VB17NW1,REG,VB17NW11,N33.24393 W3.95261,33.24393,3.95261,988,12/21/2015,December,Tenebrionidae Other,0,0,,WT
VB17NW1,REG,VB17NW12,N33.24378 W3.95208,33.24378,3.95208,986,12/21/2015,December,Messor,0,0,,WT
VB17NW1,REG,VB17NW12,N33.24378 W3.95208,33.24378,3.95208,986,12/21/2015,December,Other,,0.01077,,WT
VB17NW1,REG,VB17NW12,N33.24378 W3.95208,33.24378,3.95208,986,12/21/2015,December,Tenebrionidae Diet,0,0,,WT
VB17NW1,REG,VB17NW12,N33.24378 W3.95208,33.24378,3.95208,986,12/21/2015,December,Tenebrionidae Other,0,0,,WT
VB17NW1,REG,VB17NW13,N33.24335 W3.95221,33.24335,3.95221,986,12/21/2015,December,Messor,0,0,,WT
VB17NW1,REG,VB17NW13,N33.24335 W3.95221,33.24335,3.95221,986,12/21/2015,December,Other,,0.0036,,WT
VB17NW1,REG,VB17NW13,N33.24335 W3.95221,33.24335,3.95221,986,12/21/2015,December,Tenebrionidae Diet,0,0,,WT
VB17NW1,REG,VB17NW13,N33.24335 W3.95221,33.24335,3.95221,986,12/21/2015,December,Tenebrionidae Other,0,0,,WT
VB17NW1,REG,VB17NW14,N33.24348 W3.95279,33.24348,3.95279,987,12/21/2015,December,Messor,0,0,,WT
VB17NW1,REG,VB17NW14,N33.24348 W3.95279,33.24348,3.95279,987,12/21/2015,December,Other,,0.00365,,WT
VB17NW1,REG,VB17NW14,N33.24348 W3.95279,33.24348,3.95279,987,12/21/2015,December,Tenebrionidae Diet,0,0,,WT
VB17NW1,REG,VB17NW14,N33.24348 W3.95279,33.24348,3.95279,987,12/21/2015,December,Tenebrionidae Other,0,0,,WT
VB17NW2,REG,VB17NW21,N33.24432 W3.92586,33.24432,3.92586,938,12/21/2015,December,Messor,0,0,,WT
VB17NW2,REG,VB17NW21,N33.24432 W3.92586,33.24432,3.92586,938,12/21/2015,December,Other,,0.0054,,WT
VB17NW2,REG,VB17NW21,N33.24432 W3.92586,33.24432,3.92586,938,12/21/2015,December,Tenebrionidae Diet,0,0,,WT
VB17NW2,REG,VB17NW21,N33.24432 W3.92586,33.24432,3.92586,938,12/21/2015,December,Tenebrionidae Other,0,0,,WT
VB17NW2,REG,VB17NW22,N33.24417 W3.92532,33.24417,3.92532,940,12/21/2015,December,Messor,0,0,,WT
VB17NW2,REG,VB17NW22,N33.24417 W3.92532,33.24417,3.92532,940,12/21/2015,December,Other,,0.02041,,WT
VB17NW2,REG,VB17NW22,N33.24417 W3.92532,33.24417,3.92532,940,12/21/2015,December,Tenebrionidae Diet,2,0.05428,,WT
VB17NW2,REG,VB17NW22,N33.24417 W3.92532,33.24417,3.92532,940,12/21/2015,December,Tenebrionidae Other,0,0,,WT
VB17NW2,REG,VB17NW23,N33.24373 W3.92547,33.24373,3.92547,940,12/21/2015,December,Messor,0,0,,WT
VB17NW2,REG,VB17NW23,N33.24373 W3.92547,33.24373,3.92547,940,12/21/2015,December,Other,,0.00738,,WT
VB17NW2,REG,VB17NW23,N33.24373 W3.92547,33.24373,3.92547,940,12/21/2015,December,Tenebrionidae Diet,1,0.01273,,WT
VB17NW2,REG,VB17NW23,N33.24373 W3.92547,33.24373,3.92547,940,12/21/2015,December,Tenebrionidae Other,0,0,,WT
VB17NW2,REG,VB17NW24,N33.24386 W3.92599,33.24386,3.92599,942,12/21/2015,December,Messor,0,0,,WT
VB17NW2,REG,VB17NW24,N33.24386 W3.92599,33.24386,3.92599,942,12/21/2015,December,Other,,0.00946,,WT
VB17NW2,REG,VB17NW24,N33.24386 W3.92599,33.24386,3.92599,942,12/21/2015,December,Tenebrionidae Diet,0,0,,WT
VB17NW2,REG,VB17NW24,N33.24386 W3.92599,33.24386,3.92599,942,12/21/2015,December,Tenebrionidae Other,0,0,,WT
VB17NW3,REG,VB17NW31,N33.22191 W3.92567,33.22191,3.92567,945,12/21/2015,December,Messor,0,0,,WT
VB17NW3,REG,VB17NW31,N33.22191 W3.92567,33.22191,3.92567,945,12/21/2015,December,Other,,0.00198,,WT
VB17NW3,REG,VB17NW31,N33.22191 W3.92567,33.22191,3.92567,945,12/21/2015,December,Tenebrionidae Diet,0,0,,WT
VB17NW3,REG,VB17NW31,N33.22191 W3.92567,33.22191,3.92567,945,12/21/2015,December,Tenebrionidae Other,0,0,,WT
VB17NW3,REG,VB17NW32,N33.22178 W3.92519,33.22178,3.92519,942,12/21/2015,December,Messor,0,0,,WT
VB17NW3,REG,VB17NW32,N33.22178 W3.92519,33.22178,3.92519,942,12/21/2015,December,Other,,0.00185,,WT
VB17NW3,REG,VB17NW32,N33.22178 W3.92519,33.22178,3.92519,942,12/21/2015,December,Tenebrionidae Diet,0,0,,WT
VB17NW3,REG,VB17NW32,N33.22178 W3.92519,33.22178,3.92519,942,12/21/2015,December,Tenebrionidae Other,0,0,,WT
VB17NW3,REG,VB17NW33,N33.22134 W3.92538,33.22134,3.92538,942,12/21/2015,December,Messor,0,0,,WT
VB17NW3,REG,VB17NW33,N33.22134 W3.92538,33.22134,3.92538,942,12/21/2015,December,Other,,0,,WT
VB17NW3,REG,VB17NW33,N33.22134 W3.92538,33.22134,3.92538,942,12/21/2015,December,Tenebrionidae Diet,0,0,,WT
VB17NW3,REG,VB17NW33,N33.22134 W3.92538,33.22134,3.92538,942,12/21/2015,December,Tenebrionidae Other,0,0,,WT
VB17NW3,REG,VB17NW34,N33.22149 W3.92586,33.22149,3.92586,942,12/21/2015,December,Messor,0,0,,WT
VB17NW3,REG,VB17NW34,N33.22149 W3.92586,33.22149,3.92586,942,12/21/2015,December,Other,,0,,WT
VB17NW3,REG,VB17NW34,N33.22149 W3.92586,33.22149,3.92586,942,12/21/2015,December,Tenebrionidae Diet,0,0,,WT
VB17NW3,REG,VB17NW34,N33.22149 W3.92586,33.22149,3.92586,942,12/21/2015,December,Tenebrionidae Other,0,0,,WT
VB17NW4,REG,VB17NW41,N33.22150 W3.95235,33.2215,3.95235,955,12/21/2015,December,Messor,0,0,,WT
VB17NW4,REG,VB17NW41,N33.22150 W3.95235,33.2215,3.95235,955,12/21/2015,December,Other,,0.03806,,WT
VB17NW4,REG,VB17NW41,N33.22150 W3.95235,33.2215,3.95235,955,12/21/2015,December,Tenebrionidae Diet,1,0.04827,,WT
VB17NW4,REG,VB17NW41,N33.22150 W3.95235,33.2215,3.95235,955,12/21/2015,December,Tenebrionidae Other,0,0,,WT
VB17NW4,REG,VB17NW42,N33.22109 W3.95217,33.22109,3.95217,955,12/21/2015,December,Messor,0,0,,WT
VB17NW4,REG,VB17NW42,N33.22109 W3.95217,33.22109,3.95217,955,12/21/2015,December,Other,,0.00302,,WT
VB17NW4,REG,VB17NW42,N33.22109 W3.95217,33.22109,3.95217,955,12/21/2015,December,Tenebrionidae Diet,1,0.03385,,WT
VB17NW4,REG,VB17NW42,N33.22109 W3.95217,33.22109,3.95217,955,12/21/2015,December,Tenebrionidae Other,0,0,,WT
VB17NW4,REG,VB17NW43,N33.22093 W3.95263,33.22093,3.95263,954,12/21/2015,December,Messor,0,0,,WT
VB17NW4,REG,VB17NW43,N33.22093 W3.95263,33.22093,3.95263,954,12/21/2015,December,Other,,0.00088,,WT
VB17NW4,REG,VB17NW43,N33.22093 W3.95263,33.22093,3.95263,954,12/21/2015,December,Tenebrionidae Diet,0,0,,WT
VB17NW4,REG,VB17NW43,N33.22093 W3.95263,33.22093,3.95263,954,12/21/2015,December,Tenebrionidae Other,0,0,,WT
VB17NW4,REG,VB17NW44,N33.22134 W3.95281,33.22134,3.95281,956,12/21/2015,December,Messor,0,0,,WT
VB17NW4,REG,VB17NW44,N33.22134 W3.95281,33.22134,3.95281,956,12/21/2015,December,Other,,0.00236,,WT
VB17NW4,REG,VB17NW44,N33.22134 W3.95281,33.22134,3.95281,956,12/21/2015,December,Tenebrionidae Diet,0,0,,WT
VB17NW4,REG,VB17NW44,N33.22134 W3.95281,33.22134,3.95281,956,12/21/2015,December,Tenebrionidae Other,0,0,,WT
VB17NW5,REG,VB17NW51,N33.23296 W3.93897,33.23296,3.93897,951,12/21/2015,December,Messor,0,0,,WT
VB17NW5,REG,VB17NW51,N33.23296 W3.93897,33.23296,3.93897,951,12/21/2015,December,Other,,0,,WT
VB17NW5,REG,VB17NW51,N33.23296 W3.93897,33.23296,3.93897,951,12/21/2015,December,Tenebrionidae Diet,0,0,,WT
VB17NW5,REG,VB17NW51,N33.23296 W3.93897,33.23296,3.93897,951,12/21/2015,December,Tenebrionidae Other,0,0,,WT
VB17NW5,REG,VB17NW52,N33.23271 W3.93853,33.23271,3.93853,951,12/21/2015,December,Messor,1,0.0028,,WT
VB17NW5,REG,VB17NW52,N33.23271 W3.93853,33.23271,3.93853,951,12/21/2015,December,Other,,0.00214,,WT
VB17NW5,REG,VB17NW52,N33.23271 W3.93853,33.23271,3.93853,951,12/21/2015,December,Tenebrionidae Diet,0,0,,WT
VB17NW5,REG,VB17NW52,N33.23271 W3.93853,33.23271,3.93853,951,12/21/2015,December,Tenebrionidae Other,0,0,,WT
VB17NW5,REG,VB17NW53,N33.23234 W3.93882,33.23234,3.93882,952,12/21/2015,December,Messor,0,0,,WT
VB17NW5,REG,VB17NW53,N33.23234 W3.93882,33.23234,3.93882,952,12/21/2015,December,Other,,0.00055,,WT
VB17NW5,REG,VB17NW53,N33.23234 W3.93882,33.23234,3.93882,952,12/21/2015,December,Tenebrionidae Diet,0,0,,WT
VB17NW5,REG,VB17NW53,N33.23234 W3.93882,33.23234,3.93882,952,12/21/2015,December,Tenebrionidae Other,0,0,,WT
VB17NW5,REG,VB17NW54,N33.23261 W3.93907,33.23261,3.93907,952,12/21/2015,December,Messor,0,0,,WT
VB17NW5,REG,VB17NW54,N33.23261 W3.93907,33.23261,3.93907,952,12/21/2015,December,Other,,0,,WT
VB17NW5,REG,VB17NW54,N33.23261 W3.93907,33.23261,3.93907,952,12/21/2015,December,Tenebrionidae Diet,0,0,,WT
VB17NW5,REG,VB17NW54,N33.23261 W3.93907,33.23261,3.93907,952,12/21/2015,December,Tenebrionidae Other,0,0,,WT
WB61NE1,ALF,WB61NE11,N32.70452 W2.29322,32.70452,2.29322,1438,12/21/2015,December,Messor,0,0,,BP
WB61NE1,ALF,WB61NE11,N32.70452 W2.29322,32.70452,2.29322,1438,12/21/2015,December,Other,,0.01464,,BP
WB61NE1,ALF,WB61NE11,N32.70452 W2.29322,32.70452,2.29322,1438,12/21/2015,December,Tenebrionidae Diet,0,0,,BP
WB61NE1,ALF,WB61NE11,N32.70452 W2.29322,32.70452,2.29322,1438,12/21/2015,December,Tenebrionidae Other,0,0,,BP
WB61NE1,ALF,WB61NE12,N32.70439 W2.29259,32.70439,2.29259,1438,12/21/2015,December,Messor,0,0,,NWT
WB61NE1,ALF,WB61NE12,N32.70439 W2.29259,32.70439,2.29259,1438,12/21/2015,December,Other,,0.00247,,NWT
WB61NE1,ALF,WB61NE12,N32.70439 W2.29259,32.70439,2.29259,1438,12/21/2015,December,Tenebrionidae Diet,0,0,,NWT
WB61NE1,ALF,WB61NE12,N32.70439 W2.29259,32.70439,2.29259,1438,12/21/2015,December,Tenebrionidae Other,0,0,,NWT
WB61NE1,ALF,WB61NE13,N32.70403 W2.29272,32.70403,2.29272,1439,12/21/2015,December,Messor,0,0,,WT
WB61NE1,ALF,WB61NE13,N32.70403 W2.29272,32.70403,2.29272,1439,12/21/2015,December,Other,,0.06677,,WT
WB61NE1,ALF,WB61NE13,N32.70403 W2.29272,32.70403,2.29272,1439,12/21/2015,December,Tenebrionidae Diet,1,0.02897,,WT
WB61NE1,ALF,WB61NE13,N32.70403 W2.29272,32.70403,2.29272,1439,12/21/2015,December,Tenebrionidae Other,0,0,,WT
WB61NE1,ALF,WB61NE14,N32.70405 W2.29323,32.70405,2.29323,1440,12/21/2015,December,Messor,0,0,,WT
WB61NE1,ALF,WB61NE14,N32.70405 W2.29323,32.70405,2.29323,1440,12/21/2015,December,Other,,0.03065,,WT
WB61NE1,ALF,WB61NE14,N32.70405 W2.29323,32.70405,2.29323,1440,12/21/2015,December,Tenebrionidae Diet,1,0.02985,,WT
WB61NE1,ALF,WB61NE14,N32.70405 W2.29323,32.70405,2.29323,1440,12/21/2015,December,Tenebrionidae Other,0,0,,WT
WB61NE2,ALF,WB61NE21,N32.70424 W2.26634,32.70424,2.26634,1466,12/21/2015,December,Messor,,,Jar disappeared,NWT
WB61NE2,ALF,WB61NE21,N32.70424 W2.26634,32.70424,2.26634,1466,12/21/2015,December,Other,,,Jar disappeared,NWT
WB61NE2,ALF,WB61NE21,N32.70424 W2.26634,32.70424,2.26634,1466,12/21/2015,December,Tenebrionidae Diet,,,Jar disappeared,NWT
WB61NE2,ALF,WB61NE21,N32.70424 W2.26634,32.70424,2.26634,1466,12/21/2015,December,Tenebrionidae Other,,,Jar disappeared,NWT
WB61NE2,ALF,WB61NE22,N32.70404 W2.26575,32.70404,2.26575,1465,12/21/2015,December,Messor,1,0.00107,,WT
WB61NE2,ALF,WB61NE22,N32.70404 W2.26575,32.70404,2.26575,1465,12/21/2015,December,Other,,0.0218,,WT
WB61NE2,ALF,WB61NE22,N32.70404 W2.26575,32.70404,2.26575,1465,12/21/2015,December,Tenebrionidae Diet,2,0.09372,,WT
WB61NE2,ALF,WB61NE22,N32.70404 W2.26575,32.70404,2.26575,1465,12/21/2015,December,Tenebrionidae Other,0,0,,WT
WB61NE2,ALF,WB61NE23,N32.70367 W2.26598,32.70367,2.26598,1463,12/21/2015,December,Messor,6,0.00622,,WT
WB61NE2,ALF,WB61NE23,N32.70367 W2.26598,32.70367,2.26598,1463,12/21/2015,December,Other,,0.06856,,WT
WB61NE2,ALF,WB61NE23,N32.70367 W2.26598,32.70367,2.26598,1463,12/21/2015,December,Tenebrionidae Diet,4,0.05577,,WT
WB61NE2,ALF,WB61NE23,N32.70367 W2.26598,32.70367,2.26598,1463,12/21/2015,December,Tenebrionidae Other,0,0,,WT
WB61NE2,ALF,WB61NE24,N32.70392 W2.26623,32.70392,2.26623,1463,12/21/2015,December,Messor,,,Jar disappeared,NWT
WB61NE2,ALF,WB61NE24,N32.70392 W2.26623,32.70392,2.26623,1463,12/21/2015,December,Other,,,Jar disappeared,NWT
WB61NE2,ALF,WB61NE24,N32.70392 W2.26623,32.70392,2.26623,1463,12/21/2015,December,Tenebrionidae Diet,,,Jar disappeared,NWT
WB61NE2,ALF,WB61NE24,N32.70392 W2.26623,32.70392,2.26623,1463,12/21/2015,December,Tenebrionidae Other,,,Jar disappeared,NWT
WB61NE3,ALF,WB61NE31,N32.68708 W2.25530,32.68708,2.2553,1525,12/21/2015,December,Messor,2,0.00414,,WT
WB61NE3,ALF,WB61NE31,N32.68708 W2.25530,32.68708,2.2553,1525,12/21/2015,December,Other,,0.04225,,WT
WB61NE3,ALF,WB61NE31,N32.68708 W2.25530,32.68708,2.2553,1525,12/21/2015,December,Tenebrionidae Diet,1,0.06863,,WT
WB61NE3,ALF,WB61NE31,N32.68708 W2.25530,32.68708,2.2553,1525,12/21/2015,December,Tenebrionidae Other,0,0,,WT
WB61NE3,ALF,WB61NE32,N32.68685 W2.25488,32.68685,2.25488,1528,12/21/2015,December,Messor,1,0.00066,,WT
WB61NE3,ALF,WB61NE32,N32.68685 W2.25488,32.68685,2.25488,1528,12/21/2015,December,Other,,0.18894,,WT
WB61NE3,ALF,WB61NE32,N32.68685 W2.25488,32.68685,2.25488,1528,12/21/2015,December,Tenebrionidae Diet,1,0.01457,,WT
WB61NE3,ALF,WB61NE32,N32.68685 W2.25488,32.68685,2.25488,1528,12/21/2015,December,Tenebrionidae Other,0,0,,WT
WB61NE3,ALF,WB61NE33,N32.68646 W2.25523,32.68646,2.25523,1527,12/21/2015,December,Messor,1,0.00102,,WT
WB61NE3,ALF,WB61NE33,N32.68646 W2.25523,32.68646,2.25523,1527,12/21/2015,December,Other,,0.05836,,WT
WB61NE3,ALF,WB61NE33,N32.68646 W2.25523,32.68646,2.25523,1527,12/21/2015,December,Tenebrionidae Diet,0,0,,WT
WB61NE3,ALF,WB61NE33,N32.68646 W2.25523,32.68646,2.25523,1527,12/21/2015,December,Tenebrionidae Other,0,0,,WT
WB61NE3,ALF,WB61NE34,N32.68683 W2.25578,32.68683,2.25578,1525,12/21/2015,December,Messor,0,0,,WT
WB61NE3,ALF,WB61NE34,N32.68683 W2.25578,32.68683,2.25578,1525,12/21/2015,December,Other,,0.00484,,WT
WB61NE3,ALF,WB61NE34,N32.68683 W2.25578,32.68683,2.25578,1525,12/21/2015,December,Tenebrionidae Diet,2,0.04405,,WT
WB61NE3,ALF,WB61NE34,N32.68683 W2.25578,32.68683,2.25578,1525,12/21/2015,December,Tenebrionidae Other,0,0,,WT
WB61NE4,ALF,WB61NE41,N32.68205 W2.29343,32.68205,2.29343,1463,12/21/2015,December,Messor,0,0,,WT
WB61NE4,ALF,WB61NE41,N32.68205 W2.29343,32.68205,2.29343,1463,12/21/2015,December,Other,,0.12299,,WT
WB61NE4,ALF,WB61NE41,N32.68205 W2.29343,32.68205,2.29343,1463,12/21/2015,December,Tenebrionidae Diet,1,0.04014,,WT
WB61NE4,ALF,WB61NE41,N32.68205 W2.29343,32.68205,2.29343,1463,12/21/2015,December,Tenebrionidae Other,0,0,,WT
WB61NE4,ALF,WB61NE42,N32.68208 W2.29310,32.68208,2.2931,1463,12/21/2015,December,Messor,0,0,,WT
WB61NE4,ALF,WB61NE42,N32.68208 W2.29310,32.68208,2.2931,1463,12/21/2015,December,Other,,0.0125,,WT
WB61NE4,ALF,WB61NE42,N32.68208 W2.29310,32.68208,2.2931,1463,12/21/2015,December,Tenebrionidae Diet,0,0,,WT
WB61NE4,ALF,WB61NE42,N32.68208 W2.29310,32.68208,2.2931,1463,12/21/2015,December,Tenebrionidae Other,0,0,,WT
WB61NE4,ALF,WB61NE43,N32.68156 W2.29300,32.68156,2.293,1463,12/21/2015,December,Messor,0,0,,WT
WB61NE4,ALF,WB61NE43,N32.68156 W2.29300,32.68156,2.293,1463,12/21/2015,December,Other,,0.00381,,WT
WB61NE4,ALF,WB61NE43,N32.68156 W2.29300,32.68156,2.293,1463,12/21/2015,December,Tenebrionidae Diet,1,0.04427,,WT
WB61NE4,ALF,WB61NE43,N32.68156 W2.29300,32.68156,2.293,1463,12/21/2015,December,Tenebrionidae Other,0,0,,WT
WB61NE4,ALF,WB61NE44,N32.68159 W2.29362,32.68159,2.29362,1457,12/21/2015,December,Messor,1,0.00114,,WT
WB61NE4,ALF,WB61NE44,N32.68159 W2.29362,32.68159,2.29362,1457,12/21/2015,December,Other,,0.0532,,WT
WB61NE4,ALF,WB61NE44,N32.68159 W2.29362,32.68159,2.29362,1457,12/21/2015,December,Tenebrionidae Diet,2,0.11028,,WT
WB61NE4,ALF,WB61NE44,N32.68159 W2.29362,32.68159,2.29362,1457,12/21/2015,December,Tenebrionidae Other,0,0,,WT
WB61NE5,ALF,WB61NE51,N32.69328 W2.27979,32.69328,2.27979,1462,12/21/2015,December,Messor,,,Jar disappeared,NWT
WB61NE5,ALF,WB61NE51,N32.69328 W2.27979,32.69328,2.27979,1462,12/21/2015,December,Other,,,Jar disappeared,NWT
WB61NE5,ALF,WB61NE51,N32.69328 W2.27979,32.69328,2.27979,1462,12/21/2015,December,Tenebrionidae Diet,,,Jar disappeared,NWT
WB61NE5,ALF,WB61NE51,N32.69328 W2.27979,32.69328,2.27979,1462,12/21/2015,December,Tenebrionidae Other,,,Jar disappeared,NWT
WB61NE5,ALF,WB61NE52,N32.69320 W2.27930,32.6932,2.2793,1464,12/21/2015,December,Messor,3,0.00645,,WT
WB61NE5,ALF,WB61NE52,N32.69320 W2.27930,32.6932,2.2793,1464,12/21/2015,December,Other,,0.01483,,WT
WB61NE5,ALF,WB61NE52,N32.69320 W2.27930,32.6932,2.2793,1464,12/21/2015,December,Tenebrionidae Diet,1,0.04509,,WT
WB61NE5,ALF,WB61NE52,N32.69320 W2.27930,32.6932,2.2793,1464,12/21/2015,December,Tenebrionidae Other,0,0,,WT
WB61NE5,ALF,WB61NE53,N32.69281 W2.27926,32.69281,2.27926,1463,12/21/2015,December,Messor,0,0,Jar spilled,NWT
WB61NE5,ALF,WB61NE53,N32.69281 W2.27926,32.69281,2.27926,1463,12/21/2015,December,Other,,0.00074,Jar spilled,NWT
WB61NE5,ALF,WB61NE53,N32.69281 W2.27926,32.69281,2.27926,1463,12/21/2015,December,Tenebrionidae Diet,0,0,Jar spilled,NWT
WB61NE5,ALF,WB61NE53,N32.69281 W2.27926,32.69281,2.27926,1463,12/21/2015,December,Tenebrionidae Other,0,0,Jar spilled,NWT
WB61NE5,ALF,WB61NE54,N32.69286 W2.27998,32.69286,2.27998,1463,12/21/2015,December,Messor,,,Jar disappeared,NWT
WB61NE5,ALF,WB61NE54,N32.69286 W2.27998,32.69286,2.27998,1463,12/21/2015,December,Other,,,Jar disappeared,NWT
WB61NE5,ALF,WB61NE54,N32.69286 W2.27998,32.69286,2.27998,1463,12/21/2015,December,Tenebrionidae Diet,,,Jar disappeared,NWT
WB61NE5,ALF,WB61NE54,N32.69286 W2.27998,32.69286,2.27998,1463,12/21/2015,December,Tenebrionidae Other,,,Jar disappeared,NWT
WC43NE1,EPA,WC43NE11,N33.78798 W2.50083,33.78798,2.50083,1103,12/21/2015,December,Messor,2,0.00165,,WT
WC43NE1,EPA,WC43NE11,N33.78798 W2.50083,33.78798,2.50083,1103,12/21/2015,December,Other,,0.02004,,WT
WC43NE1,EPA,WC43NE11,N33.78798 W2.50083,33.78798,2.50083,1103,12/21/2015,December,Tenebrionidae Diet,2,0.21581,,WT
WC43NE1,EPA,WC43NE11,N33.78798 W2.50083,33.78798,2.50083,1103,12/21/2015,December,Tenebrionidae Other,0,0,,WT
WC43NE1,EPA,WC43NE12,N33.78839 W2.50066,33.78839,2.50066,1111,12/21/2015,December,Messor,0,0,,WT
WC43NE1,EPA,WC43NE12,N33.78839 W2.50066,33.78839,2.50066,1111,12/21/2015,December,Other,,0.0007,,WT
WC43NE1,EPA,WC43NE12,N33.78839 W2.50066,33.78839,2.50066,1111,12/21/2015,December,Tenebrionidae Diet,0,0,,WT
WC43NE1,EPA,WC43NE12,N33.78839 W2.50066,33.78839,2.50066,1111,12/21/2015,December,Tenebrionidae Other,0,0,,WT
WC43NE1,EPA,WC43NE13,N33.78823 W2.50020,33.78823,2.5002,1111,12/21/2015,December,Messor,0,0,,WT
WC43NE1,EPA,WC43NE13,N33.78823 W2.50020,33.78823,2.5002,1111,12/21/2015,December,Other,,0.09375,,WT
WC43NE1,EPA,WC43NE13,N33.78823 W2.50020,33.78823,2.5002,1111,12/21/2015,December,Tenebrionidae Diet,0,0,,WT
WC43NE1,EPA,WC43NE13,N33.78823 W2.50020,33.78823,2.5002,1111,12/21/2015,December,Tenebrionidae Other,0,0,,WT
WC43NE1,EPA,WC43NE14,N33.78777 W2.50032,33.78777,2.50032,1109,12/21/2015,December,Messor,2,0.00128,,WT
WC43NE1,EPA,WC43NE14,N33.78777 W2.50032,33.78777,2.50032,1109,12/21/2015,December,Other,,0.13679,,WT
WC43NE1,EPA,WC43NE14,N33.78777 W2.50032,33.78777,2.50032,1109,12/21/2015,December,Tenebrionidae Diet,0,0,,WT
WC43NE1,EPA,WC43NE14,N33.78777 W2.50032,33.78777,2.50032,1109,12/21/2015,December,Tenebrionidae Other,0,0,,WT
WC43NE2,EPA,WC43NE21,N33.78770 W2.47344,33.7877,2.47344,1109,12/21/2015,December,Messor,0,0,,WT
WC43NE2,EPA,WC43NE21,N33.78770 W2.47344,33.7877,2.47344,1109,12/21/2015,December,Other,,0.00611,,WT
WC43NE2,EPA,WC43NE21,N33.78770 W2.47344,33.7877,2.47344,1109,12/21/2015,December,Tenebrionidae Diet,0,0,,WT
WC43NE2,EPA,WC43NE21,N33.78770 W2.47344,33.7877,2.47344,1109,12/21/2015,December,Tenebrionidae Other,0,0,,WT
WC43NE2,EPA,WC43NE22,N33.78794 W2.47300,33.78794,2.473,1111,12/21/2015,December,Messor,0,0,,WT
WC43NE2,EPA,WC43NE22,N33.78794 W2.47300,33.78794,2.473,1111,12/21/2015,December,Other,,0.15746,,WT
WC43NE2,EPA,WC43NE22,N33.78794 W2.47300,33.78794,2.473,1111,12/21/2015,December,Tenebrionidae Diet,0,0,,WT
WC43NE2,EPA,WC43NE22,N33.78794 W2.47300,33.78794,2.473,1111,12/21/2015,December,Tenebrionidae Other,0,0,,WT
WC43NE2,EPA,WC43NE23,N33.78760 W2.47270,33.7876,2.4727,1108,12/21/2015,December,Messor,3,0.00227,,WT
WC43NE2,EPA,WC43NE23,N33.78760 W2.47270,33.7876,2.4727,1108,12/21/2015,December,Other,,0.01278,,WT
WC43NE2,EPA,WC43NE23,N33.78760 W2.47270,33.7876,2.4727,1108,12/21/2015,December,Tenebrionidae Diet,0,0,,WT
WC43NE2,EPA,WC43NE23,N33.78760 W2.47270,33.7876,2.4727,1108,12/21/2015,December,Tenebrionidae Other,0,0,,WT
WC43NE2,EPA,WC43NE24,N33.78729 W2.47314,33.78729,2.47314,1107,12/21/2015,December,Messor,1,0.00172,,WT
WC43NE2,EPA,WC43NE24,N33.78729 W2.47314,33.78729,2.47314,1107,12/21/2015,December,Other,,0.04281,,WT
WC43NE2,EPA,WC43NE24,N33.78729 W2.47314,33.78729,2.47314,1107,12/21/2015,December,Tenebrionidae Diet,0,0,,WT
WC43NE2,EPA,WC43NE24,N33.78729 W2.47314,33.78729,2.47314,1107,12/21/2015,December,Tenebrionidae Other,0,0,,WT
WC43NE3,EPA,WC43NE31,N33.76496 W2.47338,33.76496,2.47338,1102,12/21/2015,December,Messor,,,Jar disappeared,NWT
WC43NE3,EPA,WC43NE31,N33.76496 W2.47338,33.76496,2.47338,1102,12/21/2015,December,Other,,,Jar disappeared,NWT
WC43NE3,EPA,WC43NE31,N33.76496 W2.47338,33.76496,2.47338,1102,12/21/2015,December,Tenebrionidae Diet,,,Jar disappeared,NWT
WC43NE3,EPA,WC43NE31,N33.76496 W2.47338,33.76496,2.47338,1102,12/21/2015,December,Tenebrionidae Other,,,Jar disappeared,NWT
WC43NE3,EPA,WC43NE32,N33.76515 W2.47290,33.76515,2.4729,1098,12/21/2015,December,Messor,0,0,,WT
WC43NE3,EPA,WC43NE32,N33.76515 W2.47290,33.76515,2.4729,1098,12/21/2015,December,Other,,0.09104,,WT
WC43NE3,EPA,WC43NE32,N33.76515 W2.47290,33.76515,2.4729,1098,12/21/2015,December,Tenebrionidae Diet,0,0,,WT
WC43NE3,EPA,WC43NE32,N33.76515 W2.47290,33.76515,2.4729,1098,12/21/2015,December,Tenebrionidae Other,0,0,,WT
WC43NE3,EPA,WC43NE33,N33.76476 W2.47265,33.76476,2.47265,1097,12/21/2015,December,Messor,0,0,,WT
WC43NE3,EPA,WC43NE33,N33.76476 W2.47265,33.76476,2.47265,1097,12/21/2015,December,Other,,0.08476,,WT
WC43NE3,EPA,WC43NE33,N33.76476 W2.47265,33.76476,2.47265,1097,12/21/2015,December,Tenebrionidae Diet,0,0,,WT
WC43NE3,EPA,WC43NE33,N33.76476 W2.47265,33.76476,2.47265,1097,12/21/2015,December,Tenebrionidae Other,0,0,,WT
WC43NE3,EPA,WC43NE34,N33.76471 W2.47290,33.76471,2.4729,1097,12/21/2015,December,Messor,0,0,,WT
WC43NE3,EPA,WC43NE34,N33.76471 W2.47290,33.76471,2.4729,1097,12/21/2015,December,Other,,0.08675,,WT
WC43NE3,EPA,WC43NE34,N33.76471 W2.47290,33.76471,2.4729,1097,12/21/2015,December,Tenebrionidae Diet,0,0,,WT
WC43NE3,EPA,WC43NE34,N33.76471 W2.47290,33.76471,2.4729,1097,12/21/2015,December,Tenebrionidae Other,0,0,,WT
WC43NE4,EPA,WC43NE41,N33.76519 W2.50103,33.76519,2.50103,1112,12/21/2015,December,Messor,1,0.00134,,WT
WC43NE4,EPA,WC43NE41,N33.76519 W2.50103,33.76519,2.50103,1112,12/21/2015,December,Other,,0.125,,WT
WC43NE4,EPA,WC43NE41,N33.76519 W2.50103,33.76519,2.50103,1112,12/21/2015,December,Tenebrionidae Diet,0,0,,WT
WC43NE4,EPA,WC43NE41,N33.76519 W2.50103,33.76519,2.50103,1112,12/21/2015,December,Tenebrionidae Other,0,0,,WT
WC43NE4,EPA,WC43NE42,N33.76501 W2.50045,33.76501,2.50045,1111,12/21/2015,December,Messor,0,0,,WT
WC43NE4,EPA,WC43NE42,N33.76501 W2.50045,33.76501,2.50045,1111,12/21/2015,December,Other,,0.11863,,WT
WC43NE4,EPA,WC43NE42,N33.76501 W2.50045,33.76501,2.50045,1111,12/21/2015,December,Tenebrionidae Diet,1,0.09902,,WT
WC43NE4,EPA,WC43NE42,N33.76501 W2.50045,33.76501,2.50045,1111,12/21/2015,December,Tenebrionidae Other,0,0,,WT
WC43NE4,EPA,WC43NE43,N33.76452 W2.50048,33.76452,2.50048,1109,12/21/2015,December,Messor,1,0.00114,,WT
WC43NE4,EPA,WC43NE43,N33.76452 W2.50048,33.76452,2.50048,1109,12/21/2015,December,Other,,0.11312,,WT
WC43NE4,EPA,WC43NE43,N33.76452 W2.50048,33.76452,2.50048,1109,12/21/2015,December,Tenebrionidae Diet,0,0,,WT
WC43NE4,EPA,WC43NE43,N33.76452 W2.50048,33.76452,2.50048,1109,12/21/2015,December,Tenebrionidae Other,0,0,,WT
WC43NE4,EPA,WC43NE44,N33.76458 W2.50103,33.76458,2.50103,1107,12/21/2015,December,Messor,0,0,,WT
WC43NE4,EPA,WC43NE44,N33.76458 W2.50103,33.76458,2.50103,1107,12/21/2015,December,Other,,0.03129,,WT
WC43NE4,EPA,WC43NE44,N33.76458 W2.50103,33.76458,2.50103,1107,12/21/2015,December,Tenebrionidae Diet,0,0,,WT
WC43NE4,EPA,WC43NE44,N33.76458 W2.50103,33.76458,2.50103,1107,12/21/2015,December,Tenebrionidae Other,0,0,,WT
WC43NE5,EPA,WC43NE51,N33.77239 W2.48479,33.77239,2.48479,1111,12/21/2015,December,Messor,0,0,,WT
WC43NE5,EPA,WC43NE51,N33.77239 W2.48479,33.77239,2.48479,1111,12/21/2015,December,Other,,0.00034,,WT
WC43NE5,EPA,WC43NE51,N33.77239 W2.48479,33.77239,2.48479,1111,12/21/2015,December,Tenebrionidae Diet,0,0,,WT
WC43NE5,EPA,WC43NE51,N33.77239 W2.48479,33.77239,2.48479,1111,12/21/2015,December,Tenebrionidae Other,0,0,,WT
WC43NE5,EPA,WC43NE52,N33.77233 W2.48429,33.77233,2.48429,1110,12/21/2015,December,Messor,1,0.0008,,WT
WC43NE5,EPA,WC43NE52,N33.77233 W2.48429,33.77233,2.48429,1110,12/21/2015,December,Other,,0.00632,,WT
WC43NE5,EPA,WC43NE52,N33.77233 W2.48429,33.77233,2.48429,1110,12/21/2015,December,Tenebrionidae Diet,0,0,,WT
WC43NE5,EPA,WC43NE52,N33.77233 W2.48429,33.77233,2.48429,1110,12/21/2015,December,Tenebrionidae Other,0,0,,WT
WC43NE5,EPA,WC43NE53,N33.77191 W2.48434,33.77191,2.48434,1109,12/21/2015,December,Messor,0,0,,WT
WC43NE5,EPA,WC43NE53,N33.77191 W2.48434,33.77191,2.48434,1109,12/21/2015,December,Other,,0.00319,,WT
WC43NE5,EPA,WC43NE53,N33.77191 W2.48434,33.77191,2.48434,1109,12/21/2015,December,Tenebrionidae Diet,0,0,,WT
WC43NE5,EPA,WC43NE53,N33.77191 W2.48434,33.77191,2.48434,1109,12/21/2015,December,Tenebrionidae Other,0,0,,WT
WC43NE5,EPA,WC43NE54,N33.77197 W2.48498,33.77197,2.48498,1112,12/21/2015,December,Messor,2,0.00136,,WT
WC43NE5,EPA,WC43NE54,N33.77197 W2.48498,33.77197,2.48498,1112,12/21/2015,December,Other,,0.00024,,WT
WC43NE5,EPA,WC43NE54,N33.77197 W2.48498,33.77197,2.48498,1112,12/21/2015,December,Tenebrionidae Diet,0,0,,WT
WC43NE5,EPA,WC43NE54,N33.77197 W2.48498,33.77197,2.48498,1112,12/21/2015,December,Tenebrionidae Other,0,0,,WT
VB14SW1,REG,VB14SW11,N32.92837 W3.94942,32.92837,3.94942,1034,12/22/2015,December,Messor,0,0,,WT
VB14SW1,REG,VB14SW11,N32.92837 W3.94942,32.92837,3.94942,1034,12/22/2015,December,Other,,0.00545,,WT
VB14SW1,REG,VB14SW11,N32.92837 W3.94942,32.92837,3.94942,1034,12/22/2015,December,Tenebrionidae Diet,0,0,,WT
VB14SW1,REG,VB14SW11,N32.92837 W3.94942,32.92837,3.94942,1034,12/22/2015,December,Tenebrionidae Other,0,0,,WT
VB14SW1,REG,VB14SW12,N32.92810 W3.94900,32.9281,3.949,1034,12/22/2015,December,Messor,0,0,,WT
VB14SW1,REG,VB14SW12,N32.92810 W3.94900,32.9281,3.949,1034,12/22/2015,December,Other,,0,,WT
VB14SW1,REG,VB14SW12,N32.92810 W3.94900,32.9281,3.949,1034,12/22/2015,December,Tenebrionidae Diet,0,0,,WT
VB14SW1,REG,VB14SW12,N32.92810 W3.94900,32.9281,3.949,1034,12/22/2015,December,Tenebrionidae Other,0,0,,WT
VB14SW1,REG,VB14SW13,N32.92775 W3.94929,32.92775,3.94929,1035,12/22/2015,December,Messor,0,0,,WT
VB14SW1,REG,VB14SW13,N32.92775 W3.94929,32.92775,3.94929,1035,12/22/2015,December,Other,,0.01,,WT
VB14SW1,REG,VB14SW13,N32.92775 W3.94929,32.92775,3.94929,1035,12/22/2015,December,Tenebrionidae Diet,0,0,,WT
VB14SW1,REG,VB14SW13,N32.92775 W3.94929,32.92775,3.94929,1035,12/22/2015,December,Tenebrionidae Other,0,0,,WT
VB14SW1,REG,VB14SW14,N32.92798 W3.94972,32.92798,3.94972,1037,12/22/2015,December,Messor,0,0,,WT
VB14SW1,REG,VB14SW14,N32.92798 W3.94972,32.92798,3.94972,1037,12/22/2015,December,Other,,0.02127,,WT
VB14SW1,REG,VB14SW14,N32.92798 W3.94972,32.92798,3.94972,1037,12/22/2015,December,Tenebrionidae Diet,0,0,,WT
VB14SW1,REG,VB14SW14,N32.92798 W3.94972,32.92798,3.94972,1037,12/22/2015,December,Tenebrionidae Other,0,0,,WT
VB14SW2,REG,VB14SW21,N32.92820 W3.92241,32.9282,3.92241,1040,12/22/2015,December,Messor,0,0,,WT
VB14SW2,REG,VB14SW21,N32.92820 W3.92241,32.9282,3.92241,1040,12/22/2015,December,Other,,0.01567,,WT
VB14SW2,REG,VB14SW21,N32.92820 W3.92241,32.9282,3.92241,1040,12/22/2015,December,Tenebrionidae Diet,0,0,,WT
VB14SW2,REG,VB14SW21,N32.92820 W3.92241,32.9282,3.92241,1040,12/22/2015,December,Tenebrionidae Other,0,0,,WT
VB14SW2,REG,VB14SW22,N32.92849 W3.92217,32.92849,3.92217,1038,12/22/2015,December,Messor,0,0,,WT
VB14SW2,REG,VB14SW22,N32.92849 W3.92217,32.92849,3.92217,1038,12/22/2015,December,Other,,0.00794,,WT
VB14SW2,REG,VB14SW22,N32.92849 W3.92217,32.92849,3.92217,1038,12/22/2015,December,Tenebrionidae Diet,0,0,,WT
VB14SW2,REG,VB14SW22,N32.92849 W3.92217,32.92849,3.92217,1038,12/22/2015,December,Tenebrionidae Other,0,0,,WT
VB14SW2,REG,VB14SW23,N32.92812 W3.92213,32.92812,3.92213,1036,12/22/2015,December,Messor,0,0,,WT
VB14SW2,REG,VB14SW23,N32.92812 W3.92213,32.92812,3.92213,1036,12/22/2015,December,Other,,0,,WT
VB14SW2,REG,VB14SW23,N32.92812 W3.92213,32.92812,3.92213,1036,12/22/2015,December,Tenebrionidae Diet,0,0,,WT
VB14SW2,REG,VB14SW23,N32.92812 W3.92213,32.92812,3.92213,1036,12/22/2015,December,Tenebrionidae Other,0,0,,WT
VB14SW2,REG,VB14SW24,N32.92821 W3.92267,32.92821,3.92267,1038,12/22/2015,December,Messor,0,0,,WT
VB14SW2,REG,VB14SW24,N32.92821 W3.92267,32.92821,3.92267,1038,12/22/2015,December,Other,,0.00566,,WT
VB14SW2,REG,VB14SW24,N32.92821 W3.92267,32.92821,3.92267,1038,12/22/2015,December,Tenebrionidae Diet,0,0,,WT
VB14SW2,REG,VB14SW24,N32.92821 W3.92267,32.92821,3.92267,1038,12/22/2015,December,Tenebrionidae Other,0,0,,WT
VB14SW3,REG,VB14SW31,N32.90604 W3.92205,32.90604,3.92205,1062,12/22/2015,December,Messor,0,0,,WT
VB14SW3,REG,VB14SW31,N32.90604 W3.92205,32.90604,3.92205,1062,12/22/2015,December,Other,,0.00727,,WT
VB14SW3,REG,VB14SW31,N32.90604 W3.92205,32.90604,3.92205,1062,12/22/2015,December,Tenebrionidae Diet,0,0,,WT
VB14SW3,REG,VB14SW31,N32.90604 W3.92205,32.90604,3.92205,1062,12/22/2015,December,Tenebrionidae Other,0,0,,WT
VB14SW3,REG,VB14SW32,N32.90614 W3.92153,32.90614,3.92153,1062,12/22/2015,December,Messor,0,0,,WT
VB14SW3,REG,VB14SW32,N32.90614 W3.92153,32.90614,3.92153,1062,12/22/2015,December,Other,,0.00606,,WT
VB14SW3,REG,VB14SW32,N32.90614 W3.92153,32.90614,3.92153,1062,12/22/2015,December,Tenebrionidae Diet,1,0.0578,,WT
VB14SW3,REG,VB14SW32,N32.90614 W3.92153,32.90614,3.92153,1062,12/22/2015,December,Tenebrionidae Other,0,0,,WT
VB14SW3,REG,VB14SW33,N32.90567 W3.92146,32.90567,3.92146,1062,12/22/2015,December,Messor,0,0,,WT
VB14SW3,REG,VB14SW33,N32.90567 W3.92146,32.90567,3.92146,1062,12/22/2015,December,Other,,0.00202,,WT
VB14SW3,REG,VB14SW33,N32.90567 W3.92146,32.90567,3.92146,1062,12/22/2015,December,Tenebrionidae Diet,0,0,,WT
VB14SW3,REG,VB14SW33,N32.90567 W3.92146,32.90567,3.92146,1062,12/22/2015,December,Tenebrionidae Other,0,0,,WT
VB14SW3,REG,VB14SW34,N32.90561 W3.92193,32.90561,3.92193,1063,12/22/2015,December,Messor,0,0,,WT
VB14SW3,REG,VB14SW34,N32.90561 W3.92193,32.90561,3.92193,1063,12/22/2015,December,Other,,0.02477,,WT
VB14SW3,REG,VB14SW34,N32.90561 W3.92193,32.90561,3.92193,1063,12/22/2015,December,Tenebrionidae Diet,1,0.01765,,WT
VB14SW3,REG,VB14SW34,N32.90561 W3.92193,32.90561,3.92193,1063,12/22/2015,December,Tenebrionidae Other,0,0,,WT
VB14SW4,EPA,VB14SW41,N32.90579 W3.94901,32.90579,3.94901,1048,12/22/2015,December,Messor,0,0,,WT
VB14SW4,EPA,VB14SW41,N32.90579 W3.94901,32.90579,3.94901,1048,12/22/2015,December,Other,,0.02136,,WT
VB14SW4,EPA,VB14SW41,N32.90579 W3.94901,32.90579,3.94901,1048,12/22/2015,December,Tenebrionidae Diet,0,0,,WT
VB14SW4,EPA,VB14SW41,N32.90579 W3.94901,32.90579,3.94901,1048,12/22/2015,December,Tenebrionidae Other,0,0,,WT
VB14SW4,EPA,VB14SW42,N32.90572 W3.94846,32.90572,3.94846,1049,12/22/2015,December,Messor,0,0,,WT
VB14SW4,EPA,VB14SW42,N32.90572 W3.94846,32.90572,3.94846,1049,12/22/2015,December,Other,,0.03891,,WT
VB14SW4,EPA,VB14SW42,N32.90572 W3.94846,32.90572,3.94846,1049,12/22/2015,December,Tenebrionidae Diet,1,0.02839,,WT
VB14SW4,EPA,VB14SW42,N32.90572 W3.94846,32.90572,3.94846,1049,12/22/2015,December,Tenebrionidae Other,0,0,,WT
VB14SW4,EPA,VB14SW43,N32.90532 W3.94851,32.90532,3.94851,1049,12/22/2015,December,Messor,0,0,,WT
VB14SW4,EPA,VB14SW43,N32.90532 W3.94851,32.90532,3.94851,1049,12/22/2015,December,Other,,0.01479,,WT
VB14SW4,EPA,VB14SW43,N32.90532 W3.94851,32.90532,3.94851,1049,12/22/2015,December,Tenebrionidae Diet,0,0,,WT
VB14SW4,EPA,VB14SW43,N32.90532 W3.94851,32.90532,3.94851,1049,12/22/2015,December,Tenebrionidae Other,0,0,,WT
VB14SW4,EPA,VB14SW44,N32.90539 W3.94907,32.90539,3.94907,1049,12/22/2015,December,Messor,0,0,,WT
VB14SW4,EPA,VB14SW44,N32.90539 W3.94907,32.90539,3.94907,1049,12/22/2015,December,Other,,0.00501,,WT
VB14SW4,EPA,VB14SW44,N32.90539 W3.94907,32.90539,3.94907,1049,12/22/2015,December,Tenebrionidae Diet,0,0,,WT
VB14SW4,EPA,VB14SW44,N32.90539 W3.94907,32.90539,3.94907,1049,12/22/2015,December,Tenebrionidae Other,0,0,,WT
VB14SW5,REG,VB14SW51,N32.91728 W3.93573,32.91728,3.93573,1040,12/22/2015,December,Messor,0,0,,WT
VB14SW5,REG,VB14SW51,N32.91728 W3.93573,32.91728,3.93573,1040,12/22/2015,December,Other,,0.03317,,WT
VB14SW5,REG,VB14SW51,N32.91728 W3.93573,32.91728,3.93573,1040,12/22/2015,December,Tenebrionidae Diet,0,0,,WT
VB14SW5,REG,VB14SW51,N32.91728 W3.93573,32.91728,3.93573,1040,12/22/2015,December,Tenebrionidae Other,0,0,,WT
VB14SW5,REG,VB14SW52,N32.91685 W3.93563,32.91685,3.93563,1049,12/22/2015,December,Messor,0,0,,WT
VB14SW5,REG,VB14SW52,N32.91685 W3.93563,32.91685,3.93563,1049,12/22/2015,December,Other,,0.01089,,WT
VB14SW5,REG,VB14SW52,N32.91685 W3.93563,32.91685,3.93563,1049,12/22/2015,December,Tenebrionidae Diet,0,0,,WT
VB14SW5,REG,VB14SW52,N32.91685 W3.93563,32.91685,3.93563,1049,12/22/2015,December,Tenebrionidae Other,0,0,,WT
VB14SW5,REG,VB14SW53,N32.91700 W3.93513,32.917,3.93513,1048,12/22/2015,December,Messor,0,0,,WT
VB14SW5,REG,VB14SW53,N32.91700 W3.93513,32.917,3.93513,1048,12/22/2015,December,Other,,0.00081,,WT
VB14SW5,REG,VB14SW53,N32.91700 W3.93513,32.917,3.93513,1048,12/22/2015,December,Tenebrionidae Diet,0,0,,WT
VB14SW5,REG,VB14SW53,N32.91700 W3.93513,32.917,3.93513,1048,12/22/2015,December,Tenebrionidae Other,0,0,,WT
VB14SW5,REG,VB14SW54,N32.91739 W3.93528,32.91739,3.93528,1048,12/22/2015,December,Messor,0,0,,WT
VB14SW5,REG,VB14SW54,N32.91739 W3.93528,32.91739,3.93528,1048,12/22/2015,December,Other,,0.05331,,WT
VB14SW5,REG,VB14SW54,N32.91739 W3.93528,32.91739,3.93528,1048,12/22/2015,December,Tenebrionidae Diet,0,0,,WT
VB14SW5,REG,VB14SW54,N32.91739 W3.93528,32.91739,3.93528,1048,12/22/2015,December,Tenebrionidae Other,0,0,,WT
WC24NE1,ALF,WC24NE11,N33.87870 W2.71618,33.8787,2.71618,1317,12/22/2015,December,Messor,0,0,,WT
WC24NE1,ALF,WC24NE11,N33.87870 W2.71618,33.8787,2.71618,1317,12/22/2015,December,Other,,0.00447,,WT
WC24NE1,ALF,WC24NE11,N33.87870 W2.71618,33.8787,2.71618,1317,12/22/2015,December,Tenebrionidae Diet,1,0.0258,,WT
WC24NE1,ALF,WC24NE11,N33.87870 W2.71618,33.8787,2.71618,1317,12/22/2015,December,Tenebrionidae Other,0,0,,WT
WC24NE1,ALF,WC24NE12,N33.87862 W2.71562,33.87862,2.71562,1319,12/22/2015,December,Messor,0,0,,WT
WC24NE1,ALF,WC24NE12,N33.87862 W2.71562,33.87862,2.71562,1319,12/22/2015,December,Other,,0.20966,,WT
WC24NE1,ALF,WC24NE12,N33.87862 W2.71562,33.87862,2.71562,1319,12/22/2015,December,Tenebrionidae Diet,9,0.61014,,WT
WC24NE1,ALF,WC24NE12,N33.87862 W2.71562,33.87862,2.71562,1319,12/22/2015,December,Tenebrionidae Other,0,0,,WT
WC24NE1,ALF,WC24NE13,N33.87807 W2.71579,33.87807,2.71579,1316,12/22/2015,December,Messor,0,0,,WT
WC24NE1,ALF,WC24NE13,N33.87807 W2.71579,33.87807,2.71579,1316,12/22/2015,December,Other,,0.00297,,WT
WC24NE1,ALF,WC24NE13,N33.87807 W2.71579,33.87807,2.71579,1316,12/22/2015,December,Tenebrionidae Diet,2,0.23473,,WT
WC24NE1,ALF,WC24NE13,N33.87807 W2.71579,33.87807,2.71579,1316,12/22/2015,December,Tenebrionidae Other,0,0,,WT
WC24NE1,ALF,WC24NE14,N33.87811 W2.71631,33.87811,2.71631,1317,12/22/2015,December,Messor,0,0,,WT
WC24NE1,ALF,WC24NE14,N33.87811 W2.71631,33.87811,2.71631,1317,12/22/2015,December,Other,,0.00336,,WT
WC24NE1,ALF,WC24NE14,N33.87811 W2.71631,33.87811,2.71631,1317,12/22/2015,December,Tenebrionidae Diet,1,0.0781,,WT
WC24NE1,ALF,WC24NE14,N33.87811 W2.71631,33.87811,2.71631,1317,12/22/2015,December,Tenebrionidae Other,0,0,,WT
WC24NE2,ALF,WC24NE21,N33.87875 W2.68926,33.87875,2.68926,1328,12/22/2015,December,Messor,0,0,,WT
WC24NE2,ALF,WC24NE21,N33.87875 W2.68926,33.87875,2.68926,1328,12/22/2015,December,Other,,0.01335,,WT
WC24NE2,ALF,WC24NE21,N33.87875 W2.68926,33.87875,2.68926,1328,12/22/2015,December,Tenebrionidae Diet,1,0.011,,WT
WC24NE2,ALF,WC24NE21,N33.87875 W2.68926,33.87875,2.68926,1328,12/22/2015,December,Tenebrionidae Other,0,0,,WT
WC24NE2,ALF,WC24NE22,N33.87870 W2.68871,33.8787,2.68871,1327,12/22/2015,December,Messor,0,0,,WT
WC24NE2,ALF,WC24NE22,N33.87870 W2.68871,33.8787,2.68871,1327,12/22/2015,December,Other,,0.02912,,WT
WC24NE2,ALF,WC24NE22,N33.87870 W2.68871,33.8787,2.68871,1327,12/22/2015,December,Tenebrionidae Diet,0,0,,WT
WC24NE2,ALF,WC24NE22,N33.87870 W2.68871,33.8787,2.68871,1327,12/22/2015,December,Tenebrionidae Other,0,0,,WT
WC24NE2,ALF,WC24NE23,N33.87825 W2.68873,33.87825,2.68873,1327,12/22/2015,December,Messor,0,0,,WT
WC24NE2,ALF,WC24NE23,N33.87825 W2.68873,33.87825,2.68873,1327,12/22/2015,December,Other,,0.00764,,WT
WC24NE2,ALF,WC24NE23,N33.87825 W2.68873,33.87825,2.68873,1327,12/22/2015,December,Tenebrionidae Diet,0,0,,WT
WC24NE2,ALF,WC24NE23,N33.87825 W2.68873,33.87825,2.68873,1327,12/22/2015,December,Tenebrionidae Other,0,0,,WT
WC24NE2,ALF,WC24NE24,N33.87827 W2.68924,33.87827,2.68924,1327,12/22/2015,December,Messor,0,0,,WT
WC24NE2,ALF,WC24NE24,N33.87827 W2.68924,33.87827,2.68924,1327,12/22/2015,December,Other,,0.00575,,WT
WC24NE2,ALF,WC24NE24,N33.87827 W2.68924,33.87827,2.68924,1327,12/22/2015,December,Tenebrionidae Diet,2,0.07485,,WT
WC24NE2,ALF,WC24NE24,N33.87827 W2.68924,33.87827,2.68924,1327,12/22/2015,December,Tenebrionidae Other,0,0,,WT
WC24NE3,ALF,WC24NE31,N33.85604 W2.68924,33.85604,2.68924,1306,12/22/2015,December,Messor,0,0,,WT
WC24NE3,ALF,WC24NE31,N33.85604 W2.68924,33.85604,2.68924,1306,12/22/2015,December,Other,,0.00592,,WT
WC24NE3,ALF,WC24NE31,N33.85604 W2.68924,33.85604,2.68924,1306,12/22/2015,December,Tenebrionidae Diet,0,0,,WT
WC24NE3,ALF,WC24NE31,N33.85604 W2.68924,33.85604,2.68924,1306,12/22/2015,December,Tenebrionidae Other,0,0,,WT
WC24NE3,ALF,WC24NE32,N33.85591 W2.68882,33.85591,2.68882,1300,12/22/2015,December,Messor,0,0,,WT
WC24NE3,ALF,WC24NE32,N33.85591 W2.68882,33.85591,2.68882,1300,12/22/2015,December,Other,,0.34663,,WT
WC24NE3,ALF,WC24NE32,N33.85591 W2.68882,33.85591,2.68882,1300,12/22/2015,December,Tenebrionidae Diet,2,0.04836,,WT
WC24NE3,ALF,WC24NE32,N33.85591 W2.68882,33.85591,2.68882,1300,12/22/2015,December,Tenebrionidae Other,0,0,,WT
WC24NE3,ALF,WC24NE33,N33.85549 W2.68895,33.85549,2.68895,1296,12/22/2015,December,Messor,0,0,,WT
WC24NE3,ALF,WC24NE33,N33.85549 W2.68895,33.85549,2.68895,1296,12/22/2015,December,Other,,0.00069,,WT
WC24NE3,ALF,WC24NE33,N33.85549 W2.68895,33.85549,2.68895,1296,12/22/2015,December,Tenebrionidae Diet,0,0,,WT
WC24NE3,ALF,WC24NE33,N33.85549 W2.68895,33.85549,2.68895,1296,12/22/2015,December,Tenebrionidae Other,0,0,,WT
WC24NE3,ALF,WC24NE34,N33.85555 W2.68944,33.85555,2.68944,1298,12/22/2015,December,Messor,0,0,,WT
WC24NE3,ALF,WC24NE34,N33.85555 W2.68944,33.85555,2.68944,1298,12/22/2015,December,Other,,0.00222,,WT
WC24NE3,ALF,WC24NE34,N33.85555 W2.68944,33.85555,2.68944,1298,12/22/2015,December,Tenebrionidae Diet,0,0,,WT
WC24NE3,ALF,WC24NE34,N33.85555 W2.68944,33.85555,2.68944,1298,12/22/2015,December,Tenebrionidae Other,0,0,,WT
WC24NE4,ALF,WC24NE41,N33.85622 W2.71620,33.85622,2.7162,1323,12/22/2015,December,Messor,0,0,,WT
WC24NE4,ALF,WC24NE41,N33.85622 W2.71620,33.85622,2.7162,1323,12/22/2015,December,Other,,0.02165,,WT
WC24NE4,ALF,WC24NE41,N33.85622 W2.71620,33.85622,2.7162,1323,12/22/2015,December,Tenebrionidae Diet,0,0,,WT
WC24NE4,ALF,WC24NE41,N33.85622 W2.71620,33.85622,2.7162,1323,12/22/2015,December,Tenebrionidae Other,0,0,,WT
WC24NE4,ALF,WC24NE42,N33.85611 W2.71567,33.85611,2.71567,1332,12/22/2015,December,Messor,0,0,,WT
WC24NE4,ALF,WC24NE42,N33.85611 W2.71567,33.85611,2.71567,1332,12/22/2015,December,Other,,0.00121,,WT
WC24NE4,ALF,WC24NE42,N33.85611 W2.71567,33.85611,2.71567,1332,12/22/2015,December,Tenebrionidae Diet,0,0,,WT
WC24NE4,ALF,WC24NE42,N33.85611 W2.71567,33.85611,2.71567,1332,12/22/2015,December,Tenebrionidae Other,0,0,,WT
WC24NE4,ALF,WC24NE43,N33.85566 W2.71581,33.85566,2.71581,1331,12/22/2015,December,Messor,0,0,,WT
WC24NE4,ALF,WC24NE43,N33.85566 W2.71581,33.85566,2.71581,1331,12/22/2015,December,Other,,0,,WT
WC24NE4,ALF,WC24NE43,N33.85566 W2.71581,33.85566,2.71581,1331,12/22/2015,December,Tenebrionidae Diet,0,0,,WT
WC24NE4,ALF,WC24NE43,N33.85566 W2.71581,33.85566,2.71581,1331,12/22/2015,December,Tenebrionidae Other,0,0,,WT
WC24NE4,ALF,WC24NE44,N33.85576 W2.71628,33.85576,2.71628,1327,12/22/2015,December,Messor,0,0,,WT
WC24NE4,ALF,WC24NE44,N33.85576 W2.71628,33.85576,2.71628,1327,12/22/2015,December,Other,,0.01931,,WT
WC24NE4,ALF,WC24NE44,N33.85576 W2.71628,33.85576,2.71628,1327,12/22/2015,December,Tenebrionidae Diet,10,0.67953,,WT
WC24NE4,ALF,WC24NE44,N33.85576 W2.71628,33.85576,2.71628,1327,12/22/2015,December,Tenebrionidae Other,0,0,,WT
WC24NE5,ALF,WC24NE51,N33.86736 W2.70264,33.86736,2.70264,1332,12/22/2015,December,Messor,0,0,,WT
WC24NE5,ALF,WC24NE51,N33.86736 W2.70264,33.86736,2.70264,1332,12/22/2015,December,Other,,0.0023,,WT
WC24NE5,ALF,WC24NE51,N33.86736 W2.70264,33.86736,2.70264,1332,12/22/2015,December,Tenebrionidae Diet,0,0,,WT
WC24NE5,ALF,WC24NE51,N33.86736 W2.70264,33.86736,2.70264,1332,12/22/2015,December,Tenebrionidae Other,0,0,,WT
WC24NE5,ALF,WC24NE52,N33.86744 W2.70212,33.86744,2.70212,1336,12/22/2015,December,Messor,0,0,,WT
WC24NE5,ALF,WC24NE52,N33.86744 W2.70212,33.86744,2.70212,1336,12/22/2015,December,Other,,0.00984,,WT
WC24NE5,ALF,WC24NE52,N33.86744 W2.70212,33.86744,2.70212,1336,12/22/2015,December,Tenebrionidae Diet,8,0.78223,,WT
WC24NE5,ALF,WC24NE52,N33.86744 W2.70212,33.86744,2.70212,1336,12/22/2015,December,Tenebrionidae Other,0,0,,WT
WC24NE5,ALF,WC24NE53,N33.86705 W2.70191,33.86705,2.70191,1334,12/22/2015,December,Messor,0,0,,WT
WC24NE5,ALF,WC24NE53,N33.86705 W2.70191,33.86705,2.70191,1334,12/22/2015,December,Other,,0.02646,,WT
WC24NE5,ALF,WC24NE53,N33.86705 W2.70191,33.86705,2.70191,1334,12/22/2015,December,Tenebrionidae Diet,7,0.60959,,WT
WC24NE5,ALF,WC24NE53,N33.86705 W2.70191,33.86705,2.70191,1334,12/22/2015,December,Tenebrionidae Other,0,0,,WT
WC24NE5,ALF,WC24NE54,N33.86694 W2.70239,33.86694,2.70239,1332,12/22/2015,December,Messor,0,0,,WT
WC24NE5,ALF,WC24NE54,N33.86694 W2.70239,33.86694,2.70239,1332,12/22/2015,December,Other,,0.01186,,WT
WC24NE5,ALF,WC24NE54,N33.86694 W2.70239,33.86694,2.70239,1332,12/22/2015,December,Tenebrionidae Diet,4,0.24378,,WT
WC24NE5,ALF,WC24NE54,N33.86694 W2.70239,33.86694,2.70239,1332,12/22/2015,December,Tenebrionidae Other,0,0,,WT
VB02SE1,REG,VB02SE11,N32.74766 W4.00092,32.74766,4.00092,1243,12/23/2015,December,Messor,0,0,,WT
VB02SE1,REG,VB02SE11,N32.74766 W4.00092,32.74766,4.00092,1243,12/23/2015,December,Other,,0.01059,,WT
VB02SE1,REG,VB02SE11,N32.74766 W4.00092,32.74766,4.00092,1243,12/23/2015,December,Tenebrionidae Diet,2,0.11588,,WT
VB02SE1,REG,VB02SE11,N32.74766 W4.00092,32.74766,4.00092,1243,12/23/2015,December,Tenebrionidae Other,0,0,,WT
VB02SE1,REG,VB02SE12,N32.74736 W4.00046,32.74736,4.00046,1239,12/23/2015,December,Messor,0,0,,WT
VB02SE1,REG,VB02SE12,N32.74736 W4.00046,32.74736,4.00046,1239,12/23/2015,December,Other,,0.00957,,WT
VB02SE1,REG,VB02SE12,N32.74736 W4.00046,32.74736,4.00046,1239,12/23/2015,December,Tenebrionidae Diet,1,0.00689,,WT
VB02SE1,REG,VB02SE12,N32.74736 W4.00046,32.74736,4.00046,1239,12/23/2015,December,Tenebrionidae Other,0,0,,WT
VB02SE1,REG,VB02SE13,N32.74702 W4.00076,32.74702,4.00076,1242,12/23/2015,December,Messor,0,0,,WT
VB02SE1,REG,VB02SE13,N32.74702 W4.00076,32.74702,4.00076,1242,12/23/2015,December,Other,,0.00286,,WT
VB02SE1,REG,VB02SE13,N32.74702 W4.00076,32.74702,4.00076,1242,12/23/2015,December,Tenebrionidae Diet,1,0.02624,,WT
VB02SE1,REG,VB02SE13,N32.74702 W4.00076,32.74702,4.00076,1242,12/23/2015,December,Tenebrionidae Other,0,0,,WT
VB02SE1,REG,VB02SE14,N32.74727 W4.00115,32.74727,4.00115,1244,12/23/2015,December,Messor,0,0,,WT
VB02SE1,REG,VB02SE14,N32.74727 W4.00115,32.74727,4.00115,1244,12/23/2015,December,Other,,0.00672,,WT
VB02SE1,REG,VB02SE14,N32.74727 W4.00115,32.74727,4.00115,1244,12/23/2015,December,Tenebrionidae Diet,0,0,,WT
VB02SE1,REG,VB02SE14,N32.74727 W4.00115,32.74727,4.00115,1244,12/23/2015,December,Tenebrionidae Other,0,0,,WT
VB02SE2,REG,VB02SE21,N32.74785 W3.97404,32.74785,3.97404,1248,12/23/2015,December,Messor,0,0,,WT
VB02SE2,REG,VB02SE21,N32.74785 W3.97404,32.74785,3.97404,1248,12/23/2015,December,Other,,0.02333,,WT
VB02SE2,REG,VB02SE21,N32.74785 W3.97404,32.74785,3.97404,1248,12/23/2015,December,Tenebrionidae Diet,1,0.14648,,WT
VB02SE2,REG,VB02SE21,N32.74785 W3.97404,32.74785,3.97404,1248,12/23/2015,December,Tenebrionidae Other,0,0,,WT
VB02SE2,REG,VB02SE22,N32.74783 W3.97352,32.74783,3.97352,1249,12/23/2015,December,Messor,0,0,,WT
VB02SE2,REG,VB02SE22,N32.74783 W3.97352,32.74783,3.97352,1249,12/23/2015,December,Other,,0.01597,,WT
VB02SE2,REG,VB02SE22,N32.74783 W3.97352,32.74783,3.97352,1249,12/23/2015,December,Tenebrionidae Diet,1,0.00673,,WT
VB02SE2,REG,VB02SE22,N32.74783 W3.97352,32.74783,3.97352,1249,12/23/2015,December,Tenebrionidae Other,0,0,,WT
VB02SE2,REG,VB02SE23,N32.74735 W3.97371,32.74735,3.97371,1251,12/23/2015,December,Messor,0,0,,WT
VB02SE2,REG,VB02SE23,N32.74735 W3.97371,32.74735,3.97371,1251,12/23/2015,December,Other,,0.02546,,WT
VB02SE2,REG,VB02SE23,N32.74735 W3.97371,32.74735,3.97371,1251,12/23/2015,December,Tenebrionidae Diet,0,0,,WT
VB02SE2,REG,VB02SE23,N32.74735 W3.97371,32.74735,3.97371,1251,12/23/2015,December,Tenebrionidae Other,0,0,,WT
VB02SE2,REG,VB02SE24,N32.74743 W3.97413,32.74743,3.97413,1251,12/23/2015,December,Messor,0,0,,WT
VB02SE2,REG,VB02SE24,N32.74743 W3.97413,32.74743,3.97413,1251,12/23/2015,December,Other,,0.0242,,WT
VB02SE2,REG,VB02SE24,N32.74743 W3.97413,32.74743,3.97413,1251,12/23/2015,December,Tenebrionidae Diet,0,0,,WT
VB02SE2,REG,VB02SE24,N32.74743 W3.97413,32.74743,3.97413,1251,12/23/2015,December,Tenebrionidae Other,0,0,,WT
VB02SE3,REG,VB02SE31,N32.72507 W3.97363,32.72507,3.97363,1310,12/23/2015,December,Messor,0,0,,WT
VB02SE3,REG,VB02SE31,N32.72507 W3.97363,32.72507,3.97363,1310,12/23/2015,December,Other,,0.00611,,WT
VB02SE3,REG,VB02SE31,N32.72507 W3.97363,32.72507,3.97363,1310,12/23/2015,December,Tenebrionidae Diet,1,0.01306,,WT
VB02SE3,REG,VB02SE31,N32.72507 W3.97363,32.72507,3.97363,1310,12/23/2015,December,Tenebrionidae Other,0,0,,WT
VB02SE3,REG,VB02SE32,N32.72493 W3.97316,32.72493,3.97316,1310,12/23/2015,December,Messor,0,0,,WT
VB02SE3,REG,VB02SE32,N32.72493 W3.97316,32.72493,3.97316,1310,12/23/2015,December,Other,,0.00212,,WT
VB02SE3,REG,VB02SE32,N32.72493 W3.97316,32.72493,3.97316,1310,12/23/2015,December,Tenebrionidae Diet,1,0.00754,,WT
VB02SE3,REG,VB02SE32,N32.72493 W3.97316,32.72493,3.97316,1310,12/23/2015,December,Tenebrionidae Other,0,0,,WT
VB02SE3,REG,VB02SE33,N32.72454 W3.97339,32.72454,3.97339,1310,12/23/2015,December,Messor,0,0,,WT
VB02SE3,REG,VB02SE33,N32.72454 W3.97339,32.72454,3.97339,1310,12/23/2015,December,Other,,0.00603,,WT
VB02SE3,REG,VB02SE33,N32.72454 W3.97339,32.72454,3.97339,1310,12/23/2015,December,Tenebrionidae Diet,0,0,,WT
VB02SE3,REG,VB02SE33,N32.72454 W3.97339,32.72454,3.97339,1310,12/23/2015,December,Tenebrionidae Other,0,0,,WT
VB02SE3,REG,VB02SE34,N32.72474 W3.97383,32.72474,3.97383,1311,12/23/2015,December,Messor,0,0,,WT
VB02SE3,REG,VB02SE34,N32.72474 W3.97383,32.72474,3.97383,1311,12/23/2015,December,Other,,0.01277,,WT
VB02SE3,REG,VB02SE34,N32.72474 W3.97383,32.72474,3.97383,1311,12/23/2015,December,Tenebrionidae Diet,0,0,,WT
VB02SE3,REG,VB02SE34,N32.72474 W3.97383,32.72474,3.97383,1311,12/23/2015,December,Tenebrionidae Other,0,0,,WT
VB02SE4,ALF,VB02SE41,N32.72484 W4.00028,32.72484,4.00028,1308,12/23/2015,December,Messor,0,0,,WT
VB02SE4,ALF,VB02SE41,N32.72484 W4.00028,32.72484,4.00028,1308,12/23/2015,December,Other,,0.0043,,WT
VB02SE4,ALF,VB02SE41,N32.72484 W4.00028,32.72484,4.00028,1308,12/23/2015,December,Tenebrionidae Diet,0,0,,WT
VB02SE4,ALF,VB02SE41,N32.72484 W4.00028,32.72484,4.00028,1308,12/23/2015,December,Tenebrionidae Other,0,0,,WT
VB02SE4,ALF,VB02SE42,N32.72478 W3.99975,32.72478,3.99975,1309,12/23/2015,December,Messor,0,0,,WT
VB02SE4,ALF,VB02SE42,N32.72478 W3.99975,32.72478,3.99975,1309,12/23/2015,December,Other,,0.0061,,WT
VB02SE4,ALF,VB02SE42,N32.72478 W3.99975,32.72478,3.99975,1309,12/23/2015,December,Tenebrionidae Diet,0,0,,WT
VB02SE4,ALF,VB02SE42,N32.72478 W3.99975,32.72478,3.99975,1309,12/23/2015,December,Tenebrionidae Other,0,0,,WT
VB02SE4,ALF,VB02SE43,N32.72429 W3.99980,32.72429,3.9998,1307,12/23/2015,December,Messor,0,0,,WT
VB02SE4,ALF,VB02SE43,N32.72429 W3.99980,32.72429,3.9998,1307,12/23/2015,December,Other,,0.00186,,WT
VB02SE4,ALF,VB02SE43,N32.72429 W3.99980,32.72429,3.9998,1307,12/23/2015,December,Tenebrionidae Diet,0,0,,WT
VB02SE4,ALF,VB02SE43,N32.72429 W3.99980,32.72429,3.9998,1307,12/23/2015,December,Tenebrionidae Other,0,0,,WT
VB02SE4,ALF,VB02SE44,N32.72434 W4.00026,32.72434,4.00026,1305,12/23/2015,December,Messor,0,0,,WT
VB02SE4,ALF,VB02SE44,N32.72434 W4.00026,32.72434,4.00026,1305,12/23/2015,December,Other,,0.0504,,WT
VB02SE4,ALF,VB02SE44,N32.72434 W4.00026,32.72434,4.00026,1305,12/23/2015,December,Tenebrionidae Diet,1,0.01995,,WT
VB02SE4,ALF,VB02SE44,N32.72434 W4.00026,32.72434,4.00026,1305,12/23/2015,December,Tenebrionidae Other,0,0,,WT
VB02SE5,EPA,VB02SE51,N32.73640 W3.98738,32.7364,3.98738,1271,12/23/2015,December,Messor,0,0,,WT
VB02SE5,EPA,VB02SE51,N32.73640 W3.98738,32.7364,3.98738,1271,12/23/2015,December,Other,,0.00481,,WT
VB02SE5,EPA,VB02SE51,N32.73640 W3.98738,32.7364,3.98738,1271,12/23/2015,December,Tenebrionidae Diet,0,0,,WT
VB02SE5,EPA,VB02SE51,N32.73640 W3.98738,32.7364,3.98738,1271,12/23/2015,December,Tenebrionidae Other,0,0,,WT
VB02SE5,EPA,VB02SE52,N32.73637 W3.98682,32.73637,3.98682,1271,12/23/2015,December,Messor,0,0,,WT
VB02SE5,EPA,VB02SE52,N32.73637 W3.98682,32.73637,3.98682,1271,12/23/2015,December,Other,,0.1596,,WT
VB02SE5,EPA,VB02SE52,N32.73637 W3.98682,32.73637,3.98682,1271,12/23/2015,December,Tenebrionidae Diet,0,0,,WT
VB02SE5,EPA,VB02SE52,N32.73637 W3.98682,32.73637,3.98682,1271,12/23/2015,December,Tenebrionidae Other,0,0,,WT
VB02SE5,EPA,VB02SE53,N32.73590 W3.98689,32.7359,3.98689,1271,12/23/2015,December,Messor,1,0.00206,,WT
VB02SE5,EPA,VB02SE53,N32.73590 W3.98689,32.7359,3.98689,1271,12/23/2015,December,Other,,0.00201,,WT
VB02SE5,EPA,VB02SE53,N32.73590 W3.98689,32.7359,3.98689,1271,12/23/2015,December,Tenebrionidae Diet,3,0.43748,,WT
VB02SE5,EPA,VB02SE53,N32.73590 W3.98689,32.7359,3.98689,1271,12/23/2015,December,Tenebrionidae Other,0,0,,WT
VB02SE5,EPA,VB02SE54,N32.73597 W3.98743,32.73597,3.98743,1269,12/23/2015,December,Messor,0,0,,WT
VB02SE5,EPA,VB02SE54,N32.73597 W3.98743,32.73597,3.98743,1269,12/23/2015,December,Other,,0.03783,,WT
VB02SE5,EPA,VB02SE54,N32.73597 W3.98743,32.73597,3.98743,1269,12/23/2015,December,Tenebrionidae Diet,1,0.07488,,WT
VB02SE5,EPA,VB02SE54,N32.73597 W3.98743,32.73597,3.98743,1269,12/23/2015,December,Tenebrionidae Other,0,0,,WT
VB85SE1,REG,VB85SE11,N33.02225 W3.14701,33.02225,3.14701,1608,12/23/2015,December,Messor,0,0,,WT
VB85SE1,REG,VB85SE11,N33.02225 W3.14701,33.02225,3.14701,1608,12/23/2015,December,Other,,0.02795,,WT
VB85SE1,REG,VB85SE11,N33.02225 W3.14701,33.02225,3.14701,1608,12/23/2015,December,Tenebrionidae Diet,1,0.01819,,WT
VB85SE1,REG,VB85SE11,N33.02225 W3.14701,33.02225,3.14701,1608,12/23/2015,December,Tenebrionidae Other,0,0,,WT
VB85SE1,REG,VB85SE12,N33.02240 W3.14654,33.0224,3.14654,1611,12/23/2015,December,Messor,0,0,,WT
VB85SE1,REG,VB85SE12,N33.02240 W3.14654,33.0224,3.14654,1611,12/23/2015,December,Other,,0.00652,,WT
VB85SE1,REG,VB85SE12,N33.02240 W3.14654,33.0224,3.14654,1611,12/23/2015,December,Tenebrionidae Diet,1,0.01949,,WT
VB85SE1,REG,VB85SE12,N33.02240 W3.14654,33.0224,3.14654,1611,12/23/2015,December,Tenebrionidae Other,0,0,,WT
VB85SE1,REG,VB85SE13,N33.02195 W3.14638,33.02195,3.14638,1611,12/23/2015,December,Messor,0,0,,WT
VB85SE1,REG,VB85SE13,N33.02195 W3.14638,33.02195,3.14638,1611,12/23/2015,December,Other,,0.01463,,WT
VB85SE1,REG,VB85SE13,N33.02195 W3.14638,33.02195,3.14638,1611,12/23/2015,December,Tenebrionidae Diet,2,0.03441,,WT
VB85SE1,REG,VB85SE13,N33.02195 W3.14638,33.02195,3.14638,1611,12/23/2015,December,Tenebrionidae Other,0,0,,WT
VB85SE1,REG,VB85SE14,N33.02184 W3.14681,33.02184,3.14681,1614,12/23/2015,December,Messor,0,0,,WT
VB85SE1,REG,VB85SE14,N33.02184 W3.14681,33.02184,3.14681,1614,12/23/2015,December,Other,,0.00316,,WT
VB85SE1,REG,VB85SE14,N33.02184 W3.14681,33.02184,3.14681,1614,12/23/2015,December,Tenebrionidae Diet,3,0.206,,WT
VB85SE1,REG,VB85SE14,N33.02184 W3.14681,33.02184,3.14681,1614,12/23/2015,December,Tenebrionidae Other,0,0,,WT
VB85SE2,REG,VB85SE21,N33.02230 W3.12067,33.0223,3.12067,1620,12/23/2015,December,Messor,3,0.00348,,WT
VB85SE2,REG,VB85SE21,N33.02230 W3.12067,33.0223,3.12067,1620,12/23/2015,December,Other,,0.02238,,WT
VB85SE2,REG,VB85SE21,N33.02230 W3.12067,33.0223,3.12067,1620,12/23/2015,December,Tenebrionidae Diet,3,0.06896,,WT
VB85SE2,REG,VB85SE21,N33.02230 W3.12067,33.0223,3.12067,1620,12/23/2015,December,Tenebrionidae Other,0,0,,WT
VB85SE2,REG,VB85SE22,N33.02235 W3.12014,33.02235,3.12014,1622,12/23/2015,December,Messor,0,0,,WT
VB85SE2,REG,VB85SE22,N33.02235 W3.12014,33.02235,3.12014,1622,12/23/2015,December,Other,,0.00808,,WT
VB85SE2,REG,VB85SE22,N33.02235 W3.12014,33.02235,3.12014,1622,12/23/2015,December,Tenebrionidae Diet,7,0.02531,,WT
VB85SE2,REG,VB85SE22,N33.02235 W3.12014,33.02235,3.12014,1622,12/23/2015,December,Tenebrionidae Other,0,0,,WT
VB85SE2,REG,VB85SE23,N33.02197 W3.12003,33.02197,3.12003,1622,12/23/2015,December,Messor,0,0,,WT
VB85SE2,REG,VB85SE23,N33.02197 W3.12003,33.02197,3.12003,1622,12/23/2015,December,Other,,0.00698,,WT
VB85SE2,REG,VB85SE23,N33.02197 W3.12003,33.02197,3.12003,1622,12/23/2015,December,Tenebrionidae Diet,2,0.04211,,WT
VB85SE2,REG,VB85SE23,N33.02197 W3.12003,33.02197,3.12003,1622,12/23/2015,December,Tenebrionidae Other,0,0,,WT
VB85SE2,REG,VB85SE24,N33.02182 W3.12052,33.02182,3.12052,1620,12/23/2015,December,Messor,0,0,,WT
VB85SE2,REG,VB85SE24,N33.02182 W3.12052,33.02182,3.12052,1620,12/23/2015,December,Other,,0.02994,,WT
VB85SE2,REG,VB85SE24,N33.02182 W3.12052,33.02182,3.12052,1620,12/23/2015,December,Tenebrionidae Diet,7,0.01513,,WT
VB85SE2,REG,VB85SE24,N33.02182 W3.12052,33.02182,3.12052,1620,12/23/2015,December,Tenebrionidae Other,0,0,,WT
VB85SE3,REG,VB85SE31,N32.99997 W3.12066,32.99997,3.12066,1627,12/23/2015,December,Messor,0,0,,WT
VB85SE3,REG,VB85SE31,N32.99997 W3.12066,32.99997,3.12066,1627,12/23/2015,December,Other,,0.00972,,WT
VB85SE3,REG,VB85SE31,N32.99997 W3.12066,32.99997,3.12066,1627,12/23/2015,December,Tenebrionidae Diet,7,0.66011,,WT
VB85SE3,REG,VB85SE31,N32.99997 W3.12066,32.99997,3.12066,1627,12/23/2015,December,Tenebrionidae Other,0,0,,WT
VB85SE3,REG,VB85SE32,N32.99995 W3.12010,32.99995,3.1201,1632,12/23/2015,December,Messor,1,0.00075,,WT
VB85SE3,REG,VB85SE32,N32.99995 W3.12010,32.99995,3.1201,1632,12/23/2015,December,Other,,0.0135,,WT
VB85SE3,REG,VB85SE32,N32.99995 W3.12010,32.99995,3.1201,1632,12/23/2015,December,Tenebrionidae Diet,12,0.97347,,WT
VB85SE3,REG,VB85SE32,N32.99995 W3.12010,32.99995,3.1201,1632,12/23/2015,December,Tenebrionidae Other,0,0,,WT
VB85SE3,REG,VB85SE33,N32.99948 W3.12014,32.99948,3.12014,1630,12/23/2015,December,Messor,0,0,,WT
VB85SE3,REG,VB85SE33,N32.99948 W3.12014,32.99948,3.12014,1630,12/23/2015,December,Other,,0.00328,,WT
VB85SE3,REG,VB85SE33,N32.99948 W3.12014,32.99948,3.12014,1630,12/23/2015,December,Tenebrionidae Diet,7,0.25377,,WT
VB85SE3,REG,VB85SE33,N32.99948 W3.12014,32.99948,3.12014,1630,12/23/2015,December,Tenebrionidae Other,0,0,,WT
VB85SE3,REG,VB85SE34,N32.99953 W3.12060,32.99953,3.1206,1626,12/23/2015,December,Messor,0,0,,WT
VB85SE3,REG,VB85SE34,N32.99953 W3.12060,32.99953,3.1206,1626,12/23/2015,December,Other,,0.01936,,WT
VB85SE3,REG,VB85SE34,N32.99953 W3.12060,32.99953,3.1206,1626,12/23/2015,December,Tenebrionidae Diet,8,0.58014,,WT
VB85SE3,REG,VB85SE34,N32.99953 W3.12060,32.99953,3.1206,1626,12/23/2015,December,Tenebrionidae Other,0,0,,WT
VB85SE4,REG,VB85SE41,N32.99953 W3.14716,32.99953,3.14716,1640,12/23/2015,December,Messor,0,0,,WT
VB85SE4,REG,VB85SE41,N32.99953 W3.14716,32.99953,3.14716,1640,12/23/2015,December,Other,,0.01344,,WT
VB85SE4,REG,VB85SE41,N32.99953 W3.14716,32.99953,3.14716,1640,12/23/2015,December,Tenebrionidae Diet,0,0,,WT
VB85SE4,REG,VB85SE41,N32.99953 W3.14716,32.99953,3.14716,1640,12/23/2015,December,Tenebrionidae Other,0,0,,WT
VB85SE4,REG,VB85SE42,N32.99926 W3.14677,32.99926,3.14677,1642,12/23/2015,December,Messor,2,0.00186,,WT
VB85SE4,REG,VB85SE42,N32.99926 W3.14677,32.99926,3.14677,1642,12/23/2015,December,Other,,0.01232,,WT
VB85SE4,REG,VB85SE42,N32.99926 W3.14677,32.99926,3.14677,1642,12/23/2015,December,Tenebrionidae Diet,14,0.64486,,WT
VB85SE4,REG,VB85SE42,N32.99926 W3.14677,32.99926,3.14677,1642,12/23/2015,December,Tenebrionidae Other,0,0,,WT
VB85SE4,REG,VB85SE43,N32.99884 W3.14708,32.99884,3.14708,1643,12/23/2015,December,Messor,1,0.00092,,WT
VB85SE4,REG,VB85SE43,N32.99884 W3.14708,32.99884,3.14708,1643,12/23/2015,December,Other,,0.13751,,WT
VB85SE4,REG,VB85SE43,N32.99884 W3.14708,32.99884,3.14708,1643,12/23/2015,December,Tenebrionidae Diet,2,0.11861,,WT
VB85SE4,REG,VB85SE43,N32.99884 W3.14708,32.99884,3.14708,1643,12/23/2015,December,Tenebrionidae Other,0,0,,WT
VB85SE4,REG,VB85SE44,N32.99907 W3.14739,32.99907,3.14739,1637,12/23/2015,December,Messor,0,0,,WT
VB85SE4,REG,VB85SE44,N32.99907 W3.14739,32.99907,3.14739,1637,12/23/2015,December,Other,,0.05511,,WT
VB85SE4,REG,VB85SE44,N32.99907 W3.14739,32.99907,3.14739,1637,12/23/2015,December,Tenebrionidae Diet,6,0.50764,,WT
VB85SE4,REG,VB85SE44,N32.99907 W3.14739,32.99907,3.14739,1637,12/23/2015,December,Tenebrionidae Other,0,0,,WT
VB85SE5,REG,VB85SE51,N33.01084 W3.13399,33.01084,3.13399,1624,12/23/2015,December,Messor,0,0,,WT
VB85SE5,REG,VB85SE51,N33.01084 W3.13399,33.01084,3.13399,1624,12/23/2015,December,Other,,0.0101,,WT
VB85SE5,REG,VB85SE51,N33.01084 W3.13399,33.01084,3.13399,1624,12/23/2015,December,Tenebrionidae Diet,1,0.02953,,WT
VB85SE5,REG,VB85SE51,N33.01084 W3.13399,33.01084,3.13399,1624,12/23/2015,December,Tenebrionidae Other,0,0,,WT
VB85SE5,REG,VB85SE52,N33.01053 W3.13369,33.01053,3.13369,1623,12/23/2015,December,Messor,0,0,,WT
VB85SE5,REG,VB85SE52,N33.01053 W3.13369,33.01053,3.13369,1623,12/23/2015,December,Other,,0.00119,,WT
VB85SE5,REG,VB85SE52,N33.01053 W3.13369,33.01053,3.13369,1623,12/23/2015,December,Tenebrionidae Diet,4,0.20877,,WT
VB85SE5,REG,VB85SE52,N33.01053 W3.13369,33.01053,3.13369,1623,12/23/2015,December,Tenebrionidae Other,0,0,,WT
VB85SE5,REG,VB85SE53,N33.01022 W3.13411,33.01022,3.13411,1625,12/23/2015,December,Messor,0,0,,WT
VB85SE5,REG,VB85SE53,N33.01022 W3.13411,33.01022,3.13411,1625,12/23/2015,December,Other,,0.00662,,WT
VB85SE5,REG,VB85SE53,N33.01022 W3.13411,33.01022,3.13411,1625,12/23/2015,December,Tenebrionidae Diet,1,0.07085,,WT
VB85SE5,REG,VB85SE53,N33.01022 W3.13411,33.01022,3.13411,1625,12/23/2015,December,Tenebrionidae Other,0,0,,WT
VB85SE5,REG,VB85SE54,N33.01048 W3.13434,33.01048,3.13434,1627,12/23/2015,December,Messor,0,0,,WT
VB85SE5,REG,VB85SE54,N33.01048 W3.13434,33.01048,3.13434,1627,12/23/2015,December,Other,,0.05024,,WT
VB85SE5,REG,VB85SE54,N33.01048 W3.13434,33.01048,3.13434,1627,12/23/2015,December,Tenebrionidae Diet,5,0.33232,,WT
VB85SE5,REG,VB85SE54,N33.01048 W3.13434,33.01048,3.13434,1627,12/23/2015,December,Tenebrionidae Other,0,0,,WT
UB24SW1,REG,UB24SW11,N32.91747 W4.91167,32.91747,4.91167,1509,12/24/2015,December,Messor,0,0,,WT
UB24SW1,REG,UB24SW11,N32.91747 W4.91167,32.91747,4.91167,1509,12/24/2015,December,Other,,0,,WT
UB24SW1,REG,UB24SW11,N32.91747 W4.91167,32.91747,4.91167,1509,12/24/2015,December,Tenebrionidae Diet,0,0,,WT
UB24SW1,REG,UB24SW11,N32.91747 W4.91167,32.91747,4.91167,1509,12/24/2015,December,Tenebrionidae Other,0,0,,WT
UB24SW1,REG,UB24SW12,N32.91754 W4.91112,32.91754,4.91112,1524,12/24/2015,December,Messor,0,0,,WT
UB24SW1,REG,UB24SW12,N32.91754 W4.91112,32.91754,4.91112,1524,12/24/2015,December,Other,,0.00538,,WT
UB24SW1,REG,UB24SW12,N32.91754 W4.91112,32.91754,4.91112,1524,12/24/2015,December,Tenebrionidae Diet,1,0.06109,,WT
UB24SW1,REG,UB24SW12,N32.91754 W4.91112,32.91754,4.91112,1524,12/24/2015,December,Tenebrionidae Other,0,0,,WT
UB24SW1,REG,UB24SW13,N32.91713 W4.91102,32.91713,4.91102,1525,12/24/2015,December,Messor,0,0,,WT
UB24SW1,REG,UB24SW13,N32.91713 W4.91102,32.91713,4.91102,1525,12/24/2015,December,Other,,0.00264,,WT
UB24SW1,REG,UB24SW13,N32.91713 W4.91102,32.91713,4.91102,1525,12/24/2015,December,Tenebrionidae Diet,3,0.21743,,WT
UB24SW1,REG,UB24SW13,N32.91713 W4.91102,32.91713,4.91102,1525,12/24/2015,December,Tenebrionidae Other,0,0,,WT
UB24SW1,REG,UB24SW14,N32.91705 W4.91159,32.91705,4.91159,1525,12/24/2015,December,Messor,0,0,,NWT
UB24SW1,REG,UB24SW14,N32.91705 W4.91159,32.91705,4.91159,1525,12/24/2015,December,Other,,0.00191,,NWT
UB24SW1,REG,UB24SW14,N32.91705 W4.91159,32.91705,4.91159,1525,12/24/2015,December,Tenebrionidae Diet,0,0,,NWT
UB24SW1,REG,UB24SW14,N32.91705 W4.91159,32.91705,4.91159,1525,12/24/2015,December,Tenebrionidae Other,0,0,,NWT
UB24SW2,REG,UB24SW21,N32.91781 W4.88501,32.91781,4.88501,1517,12/24/2015,December,Messor,0,0,,WT
UB24SW2,REG,UB24SW21,N32.91781 W4.88501,32.91781,4.88501,1517,12/24/2015,December,Other,,0.00187,,WT
UB24SW2,REG,UB24SW21,N32.91781 W4.88501,32.91781,4.88501,1517,12/24/2015,December,Tenebrionidae Diet,0,0,,WT
UB24SW2,REG,UB24SW21,N32.91781 W4.88501,32.91781,4.88501,1517,12/24/2015,December,Tenebrionidae Other,0,0,,WT
UB24SW2,REG,UB24SW22,N32.91751 W4.88460,32.91751,4.8846,1520,12/24/2015,December,Messor,0,0,,WT
UB24SW2,REG,UB24SW22,N32.91751 W4.88460,32.91751,4.8846,1520,12/24/2015,December,Other,,0.00023,,WT
UB24SW2,REG,UB24SW22,N32.91751 W4.88460,32.91751,4.8846,1520,12/24/2015,December,Tenebrionidae Diet,1,0.01817,,WT
UB24SW2,REG,UB24SW22,N32.91751 W4.88460,32.91751,4.8846,1520,12/24/2015,December,Tenebrionidae Other,0,0,,WT
UB24SW2,REG,UB24SW23,N32.91723 W4.88494,32.91723,4.88494,1515,12/24/2015,December,Messor,0,0,,WT
UB24SW2,REG,UB24SW23,N32.91723 W4.88494,32.91723,4.88494,1515,12/24/2015,December,Other,,0.00571,,WT
UB24SW2,REG,UB24SW23,N32.91723 W4.88494,32.91723,4.88494,1515,12/24/2015,December,Tenebrionidae Diet,0,0,,WT
UB24SW2,REG,UB24SW23,N32.91723 W4.88494,32.91723,4.88494,1515,12/24/2015,December,Tenebrionidae Other,0,0,,WT
UB24SW2,REG,UB24SW24,N32.91750 W4.88533,32.9175,4.88533,1511,12/24/2015,December,Messor,0,0,,WT
UB24SW2,REG,UB24SW24,N32.91750 W4.88533,32.9175,4.88533,1511,12/24/2015,December,Other,,0.00151,,WT
UB24SW2,REG,UB24SW24,N32.91750 W4.88533,32.9175,4.88533,1511,12/24/2015,December,Tenebrionidae Diet,0,0,,WT
UB24SW2,REG,UB24SW24,N32.91750 W4.88533,32.9175,4.88533,1511,12/24/2015,December,Tenebrionidae Other,0,0,,WT
UB24SW3,EPA,UB24SW31,N32.89505 W4.88427,32.89505,4.88427,1446,12/24/2015,December,Messor,0,0,,WT
UB24SW3,EPA,UB24SW31,N32.89505 W4.88427,32.89505,4.88427,1446,12/24/2015,December,Other,,0.00022,,WT
UB24SW3,EPA,UB24SW31,N32.89505 W4.88427,32.89505,4.88427,1446,12/24/2015,December,Tenebrionidae Diet,6,0.27303,,WT
UB24SW3,EPA,UB24SW31,N32.89505 W4.88427,32.89505,4.88427,1446,12/24/2015,December,Tenebrionidae Other,0,0,,WT
UB24SW3,EPA,UB24SW32,N32.89506 W4.88386,32.89506,4.88386,1450,12/24/2015,December,Messor,3,0.00261,,WT
UB24SW3,EPA,UB24SW32,N32.89506 W4.88386,32.89506,4.88386,1450,12/24/2015,December,Other,,0.0031,,WT
UB24SW3,EPA,UB24SW32,N32.89506 W4.88386,32.89506,4.88386,1450,12/24/2015,December,Tenebrionidae Diet,2,0.16345,,WT
UB24SW3,EPA,UB24SW32,N32.89506 W4.88386,32.89506,4.88386,1450,12/24/2015,December,Tenebrionidae Other,0,0,,WT
UB24SW3,EPA,UB24SW33,N32.89465 W4.88406,32.89465,4.88406,1438,12/24/2015,December,Messor,0,0,,WT
UB24SW3,EPA,UB24SW33,N32.89465 W4.88406,32.89465,4.88406,1438,12/24/2015,December,Other,,0.071,,WT
UB24SW3,EPA,UB24SW33,N32.89465 W4.88406,32.89465,4.88406,1438,12/24/2015,December,Tenebrionidae Diet,4,0.12488,,WT
UB24SW3,EPA,UB24SW33,N32.89465 W4.88406,32.89465,4.88406,1438,12/24/2015,December,Tenebrionidae Other,0,0,,WT
UB24SW3,EPA,UB24SW34,N32.89477 W4.88454,32.89477,4.88454,1444,12/24/2015,December,Messor,0,0,,WT
UB24SW3,EPA,UB24SW34,N32.89477 W4.88454,32.89477,4.88454,1444,12/24/2015,December,Other,,0.00108,,WT
UB24SW3,EPA,UB24SW34,N32.89477 W4.88454,32.89477,4.88454,1444,12/24/2015,December,Tenebrionidae Diet,2,0.19316,,WT
UB24SW3,EPA,UB24SW34,N32.89477 W4.88454,32.89477,4.88454,1444,12/24/2015,December,Tenebrionidae Other,0,0,,WT
UB24SW4,EPA,UB24SW41,N32.89479 W4.91111,32.89479,4.91111,1463,12/24/2015,December,Messor,1,0.00098,,WT
UB24SW4,EPA,UB24SW41,N32.89479 W4.91111,32.89479,4.91111,1463,12/24/2015,December,Other,,0.00227,,WT
UB24SW4,EPA,UB24SW41,N32.89479 W4.91111,32.89479,4.91111,1463,12/24/2015,December,Tenebrionidae Diet,3,0.21061,,WT
UB24SW4,EPA,UB24SW41,N32.89479 W4.91111,32.89479,4.91111,1463,12/24/2015,December,Tenebrionidae Other,0,0,,WT
UB24SW4,EPA,UB24SW42,N32.89471 W4.91060,32.89471,4.9106,1458,12/24/2015,December,Messor,0,0,,WT
UB24SW4,EPA,UB24SW42,N32.89471 W4.91060,32.89471,4.9106,1458,12/24/2015,December,Other,,0.00098,,WT
UB24SW4,EPA,UB24SW42,N32.89471 W4.91060,32.89471,4.9106,1458,12/24/2015,December,Tenebrionidae Diet,3,0.3614,,WT
UB24SW4,EPA,UB24SW42,N32.89471 W4.91060,32.89471,4.9106,1458,12/24/2015,December,Tenebrionidae Other,0,0,,WT
UB24SW4,EPA,UB24SW43,N32.89430 W4.91073,32.8943,4.91073,1458,12/24/2015,December,Messor,0,0,,WT
UB24SW4,EPA,UB24SW43,N32.89430 W4.91073,32.8943,4.91073,1458,12/24/2015,December,Other,,0.00321,,WT
UB24SW4,EPA,UB24SW43,N32.89430 W4.91073,32.8943,4.91073,1458,12/24/2015,December,Tenebrionidae Diet,0,0,,WT
UB24SW4,EPA,UB24SW43,N32.89430 W4.91073,32.8943,4.91073,1458,12/24/2015,December,Tenebrionidae Other,0,0,,WT
UB24SW4,EPA,UB24SW44,N32.89437 W4.91123,32.89437,4.91123,1457,12/24/2015,December,Messor,0,0,,WT
UB24SW4,EPA,UB24SW44,N32.89437 W4.91123,32.89437,4.91123,1457,12/24/2015,December,Other,,0.00147,,WT
UB24SW4,EPA,UB24SW44,N32.89437 W4.91123,32.89437,4.91123,1457,12/24/2015,December,Tenebrionidae Diet,5,0.17469,,WT
UB24SW4,EPA,UB24SW44,N32.89437 W4.91123,32.89437,4.91123,1457,12/24/2015,December,Tenebrionidae Other,0,0,,WT
UB24SW5,REG,UB24SW51,N32.90639 W4.89868,32.90639,4.89868,1480,12/24/2015,December,Messor,0,0,,WT
UB24SW5,REG,UB24SW51,N32.90639 W4.89868,32.90639,4.89868,1480,12/24/2015,December,Other,,0.00603,,WT
UB24SW5,REG,UB24SW51,N32.90639 W4.89868,32.90639,4.89868,1480,12/24/2015,December,Tenebrionidae Diet,1,0.07129,,WT
UB24SW5,REG,UB24SW51,N32.90639 W4.89868,32.90639,4.89868,1480,12/24/2015,December,Tenebrionidae Other,0,0,,WT
UB24SW5,REG,UB24SW52,N32.90639 W4.89818,32.90639,4.89818,1479,12/24/2015,December,Messor,0,0,,WT
UB24SW5,REG,UB24SW52,N32.90639 W4.89818,32.90639,4.89818,1479,12/24/2015,December,Other,,0.01252,,WT
UB24SW5,REG,UB24SW52,N32.90639 W4.89818,32.90639,4.89818,1479,12/24/2015,December,Tenebrionidae Diet,0,0,,WT
UB24SW5,REG,UB24SW52,N32.90639 W4.89818,32.90639,4.89818,1479,12/24/2015,December,Tenebrionidae Other,0,0,,WT
UB24SW5,REG,UB24SW53,N32.90596 W4.89816,32.90596,4.89816,1479,12/24/2015,December,Messor,0,0,,NWT
UB24SW5,REG,UB24SW53,N32.90596 W4.89816,32.90596,4.89816,1479,12/24/2015,December,Other,,0,,NWT
UB24SW5,REG,UB24SW53,N32.90596 W4.89816,32.90596,4.89816,1479,12/24/2015,December,Tenebrionidae Diet,0,0,,NWT
UB24SW5,REG,UB24SW53,N32.90596 W4.89816,32.90596,4.89816,1479,12/24/2015,December,Tenebrionidae Other,0,0,,NWT
UB24SW5,REG,UB24SW54,N32.90598 W4.89869,32.90598,4.89869,1479,12/24/2015,December,Messor,0,0,,BP
UB24SW5,REG,UB24SW54,N32.90598 W4.89869,32.90598,4.89869,1479,12/24/2015,December,Other,,0.00094,,BP
UB24SW5,REG,UB24SW54,N32.90598 W4.89869,32.90598,4.89869,1479,12/24/2015,December,Tenebrionidae Diet,1,0.03692,,BP
UB24SW5,REG,UB24SW54,N32.90598 W4.89869,32.90598,4.89869,1479,12/24/2015,December,Tenebrionidae Other,0,0,,BP
VB84NW1,REG,VB84NW11,N32.97675 W3.20088,32.97675,3.20088,1678,12/24/2015,December,Messor,0,0,,WT
VB84NW1,REG,VB84NW11,N32.97675 W3.20088,32.97675,3.20088,1678,12/24/2015,December,Other,,0.03616,,WT
VB84NW1,REG,VB84NW11,N32.97675 W3.20088,32.97675,3.20088,1678,12/24/2015,December,Tenebrionidae Diet,5,0.2815,,WT
VB84NW1,REG,VB84NW11,N32.97675 W3.20088,32.97675,3.20088,1678,12/24/2015,December,Tenebrionidae Other,0,0,,WT
VB84NW1,REG,VB84NW12,N32.97648 W3.20057,32.97648,3.20057,1679,12/24/2015,December,Messor,1,0.00111,,WT
VB84NW1,REG,VB84NW12,N32.97648 W3.20057,32.97648,3.20057,1679,12/24/2015,December,Other,,0.06038,,WT
VB84NW1,REG,VB84NW12,N32.97648 W3.20057,32.97648,3.20057,1679,12/24/2015,December,Tenebrionidae Diet,10,0.46505,,WT
VB84NW1,REG,VB84NW12,N32.97648 W3.20057,32.97648,3.20057,1679,12/24/2015,December,Tenebrionidae Other,0,0,,WT
VB84NW1,REG,VB84NW13,N32.97615 W3.20109,32.97615,3.20109,1680,12/24/2015,December,Messor,15,0.01947,,WT
VB84NW1,REG,VB84NW13,N32.97615 W3.20109,32.97615,3.20109,1680,12/24/2015,December,Other,,0.03439,,WT
VB84NW1,REG,VB84NW13,N32.97615 W3.20109,32.97615,3.20109,1680,12/24/2015,December,Tenebrionidae Diet,1,0.01794,,WT
VB84NW1,REG,VB84NW13,N32.97615 W3.20109,32.97615,3.20109,1680,12/24/2015,December,Tenebrionidae Other,0,0,,WT
VB84NW1,REG,VB84NW14,N32.97652 W3.20148,32.97652,3.20148,1678,12/24/2015,December,Messor,2,0.00201,,WT
VB84NW1,REG,VB84NW14,N32.97652 W3.20148,32.97652,3.20148,1678,12/24/2015,December,Other,,0.00893,,WT
VB84NW1,REG,VB84NW14,N32.97652 W3.20148,32.97652,3.20148,1678,12/24/2015,December,Tenebrionidae Diet,10,0.5506,,WT
VB84NW1,REG,VB84NW14,N32.97652 W3.20148,32.97652,3.20148,1678,12/24/2015,December,Tenebrionidae Other,0,0,,WT
VB84NW2,REG,VB84NW21,N32.97704 W3.17403,32.97704,3.17403,1660,12/24/2015,December,Messor,0,0,,WT
VB84NW2,REG,VB84NW21,N32.97704 W3.17403,32.97704,3.17403,1660,12/24/2015,December,Other,,0.05567,,WT
VB84NW2,REG,VB84NW21,N32.97704 W3.17403,32.97704,3.17403,1660,12/24/2015,December,Tenebrionidae Diet,5,0.20978,,WT
VB84NW2,REG,VB84NW21,N32.97704 W3.17403,32.97704,3.17403,1660,12/24/2015,December,Tenebrionidae Other,0,0,,WT
VB84NW2,REG,VB84NW22,N32.97704 W3.17352,32.97704,3.17352,1659,12/24/2015,December,Messor,0,0,,WT
VB84NW2,REG,VB84NW22,N32.97704 W3.17352,32.97704,3.17352,1659,12/24/2015,December,Other,,0.03202,,WT
VB84NW2,REG,VB84NW22,N32.97704 W3.17352,32.97704,3.17352,1659,12/24/2015,December,Tenebrionidae Diet,14,1.05347,,WT
VB84NW2,REG,VB84NW22,N32.97704 W3.17352,32.97704,3.17352,1659,12/24/2015,December,Tenebrionidae Other,0,0,,WT
VB84NW2,REG,VB84NW23,N32.97657 W3.17357,32.97657,3.17357,1657,12/24/2015,December,Messor,1,0.00198,,WT
VB84NW2,REG,VB84NW23,N32.97657 W3.17357,32.97657,3.17357,1657,12/24/2015,December,Other,,0.03637,,WT
VB84NW2,REG,VB84NW23,N32.97657 W3.17357,32.97657,3.17357,1657,12/24/2015,December,Tenebrionidae Diet,13,0.52806,,WT
VB84NW2,REG,VB84NW23,N32.97657 W3.17357,32.97657,3.17357,1657,12/24/2015,December,Tenebrionidae Other,0,0,,WT
VB84NW2,REG,VB84NW24,N32.97652 W3.17399,32.97652,3.17399,1659,12/24/2015,December,Messor,2,0.00154,,WT
VB84NW2,REG,VB84NW24,N32.97652 W3.17399,32.97652,3.17399,1659,12/24/2015,December,Other,,0.01106,,WT
VB84NW2,REG,VB84NW24,N32.97652 W3.17399,32.97652,3.17399,1659,12/24/2015,December,Tenebrionidae Diet,8,0.61029,,WT
VB84NW2,REG,VB84NW24,N32.97652 W3.17399,32.97652,3.17399,1659,12/24/2015,December,Tenebrionidae Other,0,0,,WT
VB84NW3,REG,VB84NW31,N32.95861 W3.17567,32.95861,3.17567,1732,12/24/2015,December,Messor,0,0,,WT
VB84NW3,REG,VB84NW31,N32.95861 W3.17567,32.95861,3.17567,1732,12/24/2015,December,Other,,0.00307,,WT
VB84NW3,REG,VB84NW31,N32.95861 W3.17567,32.95861,3.17567,1732,12/24/2015,December,Tenebrionidae Diet,3,0.16723,,WT
VB84NW3,REG,VB84NW31,N32.95861 W3.17567,32.95861,3.17567,1732,12/24/2015,December,Tenebrionidae Other,0,0,,WT
VB84NW3,REG,VB84NW32,N32.95833 W3.17531,32.95833,3.17531,1730,12/24/2015,December,Messor,0,0,,WT
VB84NW3,REG,VB84NW32,N32.95833 W3.17531,32.95833,3.17531,1730,12/24/2015,December,Other,,0.00237,,WT
VB84NW3,REG,VB84NW32,N32.95833 W3.17531,32.95833,3.17531,1730,12/24/2015,December,Tenebrionidae Diet,5,0.47154,,WT
VB84NW3,REG,VB84NW32,N32.95833 W3.17531,32.95833,3.17531,1730,12/24/2015,December,Tenebrionidae Other,0,0,,WT
VB84NW3,REG,VB84NW33,N32.95803 W3.17569,32.95803,3.17569,1729,12/24/2015,December,Messor,1,0.00096,,WT
VB84NW3,REG,VB84NW33,N32.95803 W3.17569,32.95803,3.17569,1729,12/24/2015,December,Other,,0.02503,,WT
VB84NW3,REG,VB84NW33,N32.95803 W3.17569,32.95803,3.17569,1729,12/24/2015,December,Tenebrionidae Diet,9,0.58066,,WT
VB84NW3,REG,VB84NW33,N32.95803 W3.17569,32.95803,3.17569,1729,12/24/2015,December,Tenebrionidae Other,0,0,,WT
VB84NW3,REG,VB84NW34,N32.95832 W3.17605,32.95832,3.17605,1727,12/24/2015,December,Messor,0,0,,WT
VB84NW3,REG,VB84NW34,N32.95832 W3.17605,32.95832,3.17605,1727,12/24/2015,December,Other,,0.03818,,WT
VB84NW3,REG,VB84NW34,N32.95832 W3.17605,32.95832,3.17605,1727,12/24/2015,December,Tenebrionidae Diet,9,0.49064,,WT
VB84NW3,REG,VB84NW34,N32.95832 W3.17605,32.95832,3.17605,1727,12/24/2015,December,Tenebrionidae Other,0,0,,WT
VB84NW4,REG,VB84NW41,N32.95232 W3.19749,32.95232,3.19749,1658,12/24/2015,December,Messor,,,Jar disappeared,NWT
VB84NW4,REG,VB84NW41,N32.95232 W3.19749,32.95232,3.19749,1658,12/24/2015,December,Other,,,Jar disappeared,NWT
VB84NW4,REG,VB84NW41,N32.95232 W3.19749,32.95232,3.19749,1658,12/24/2015,December,Tenebrionidae Diet,,,Jar disappeared,NWT
VB84NW4,REG,VB84NW41,N32.95232 W3.19749,32.95232,3.19749,1658,12/24/2015,December,Tenebrionidae Other,,,Jar disappeared,NWT
VB84NW4,REG,VB84NW42,N32.95201 W3.19714,32.95201,3.19714,1658,12/24/2015,December,Messor,,,Jar disappeared,NWT
VB84NW4,REG,VB84NW42,N32.95201 W3.19714,32.95201,3.19714,1658,12/24/2015,December,Other,,,Jar disappeared,NWT
VB84NW4,REG,VB84NW42,N32.95201 W3.19714,32.95201,3.19714,1658,12/24/2015,December,Tenebrionidae Diet,,,Jar disappeared,NWT
VB84NW4,REG,VB84NW42,N32.95201 W3.19714,32.95201,3.19714,1658,12/24/2015,December,Tenebrionidae Other,,,Jar disappeared,NWT
VB84NW4,REG,VB84NW43,N32.95170 W3.19753,32.9517,3.19753,1656,12/24/2015,December,Messor,8,0.01029,,WT
VB84NW4,REG,VB84NW43,N32.95170 W3.19753,32.9517,3.19753,1656,12/24/2015,December,Other,,0.00343,,WT
VB84NW4,REG,VB84NW43,N32.95170 W3.19753,32.9517,3.19753,1656,12/24/2015,December,Tenebrionidae Diet,1,0.01533,,WT
VB84NW4,REG,VB84NW43,N32.95170 W3.19753,32.9517,3.19753,1656,12/24/2015,December,Tenebrionidae Other,0,0,,WT
VB84NW4,REG,VB84NW44,N32.95196 W3.19782,32.95196,3.19782,1656,12/24/2015,December,Messor,2,0.00151,,WT
VB84NW4,REG,VB84NW44,N32.95196 W3.19782,32.95196,3.19782,1656,12/24/2015,December,Other,,0.01282,,WT
VB84NW4,REG,VB84NW44,N32.95196 W3.19782,32.95196,3.19782,1656,12/24/2015,December,Tenebrionidae Diet,4,0.2751,,WT
VB84NW4,REG,VB84NW44,N32.95196 W3.19782,32.95196,3.19782,1656,12/24/2015,December,Tenebrionidae Other,0,0,,WT
VB84NW5,ALF,VB84NW51,N32.96347 W3.19312,32.96347,3.19312,1682,12/24/2015,December,Messor,0,0,,WT
VB84NW5,ALF,VB84NW51,N32.96347 W3.19312,32.96347,3.19312,1682,12/24/2015,December,Other,,0.00641,,WT
VB84NW5,ALF,VB84NW51,N32.96347 W3.19312,32.96347,3.19312,1682,12/24/2015,December,Tenebrionidae Diet,1,0.12847,,WT
VB84NW5,ALF,VB84NW51,N32.96347 W3.19312,32.96347,3.19312,1682,12/24/2015,December,Tenebrionidae Other,0,0,,WT
VB84NW5,ALF,VB84NW52,N32.96342 W3.19273,32.96342,3.19273,1681,12/24/2015,December,Messor,0,0,,WT
VB84NW5,ALF,VB84NW52,N32.96342 W3.19273,32.96342,3.19273,1681,12/24/2015,December,Other,,0.01431,,WT
VB84NW5,ALF,VB84NW52,N32.96342 W3.19273,32.96342,3.19273,1681,12/24/2015,December,Tenebrionidae Diet,1,0.01381,,WT
VB84NW5,ALF,VB84NW52,N32.96342 W3.19273,32.96342,3.19273,1681,12/24/2015,December,Tenebrionidae Other,0,0,,WT
VB84NW5,ALF,VB84NW53,N32.96297 W3.19284,32.96297,3.19284,1686,12/24/2015,December,Messor,0,0,,WT
VB84NW5,ALF,VB84NW53,N32.96297 W3.19284,32.96297,3.19284,1686,12/24/2015,December,Other,,0.00234,,WT
VB84NW5,ALF,VB84NW53,N32.96297 W3.19284,32.96297,3.19284,1686,12/24/2015,December,Tenebrionidae Diet,0,0,,WT
VB84NW5,ALF,VB84NW53,N32.96297 W3.19284,32.96297,3.19284,1686,12/24/2015,December,Tenebrionidae Other,0,0,,WT
VB84NW5,ALF,VB84NW54,N32.96301 W3.19324,32.96301,3.19324,1686,12/24/2015,December,Messor,0,0,,WT
VB84NW5,ALF,VB84NW54,N32.96301 W3.19324,32.96301,3.19324,1686,12/24/2015,December,Other,,0.05111,,WT
VB84NW5,ALF,VB84NW54,N32.96301 W3.19324,32.96301,3.19324,1686,12/24/2015,December,Tenebrionidae Diet,1,0.12399,,WT
VB84NW5,ALF,VB84NW54,N32.96301 W3.19324,32.96301,3.19324,1686,12/24/2015,December,Tenebrionidae Other,0,0,,WT
VC52SE1,REG,VC52SE11,N33.65271 W3.47184,33.65271,3.47184,882,12/25/2015,December,Messor,0,0,,WT
VC52SE1,REG,VC52SE11,N33.65271 W3.47184,33.65271,3.47184,882,12/25/2015,December,Other,,0.00176,,WT
VC52SE1,REG,VC52SE11,N33.65271 W3.47184,33.65271,3.47184,882,12/25/2015,December,Tenebrionidae Diet,0,0,,WT
VC52SE1,REG,VC52SE11,N33.65271 W3.47184,33.65271,3.47184,882,12/25/2015,December,Tenebrionidae Other,0,0,,WT
VC52SE1,REG,VC52SE12,N33.65269 W3.47128,33.65269,3.47128,883,12/25/2015,December,Messor,0,0,,WT
VC52SE1,REG,VC52SE12,N33.65269 W3.47128,33.65269,3.47128,883,12/25/2015,December,Other,,0.01031,,WT
VC52SE1,REG,VC52SE12,N33.65269 W3.47128,33.65269,3.47128,883,12/25/2015,December,Tenebrionidae Diet,0,0,,WT
VC52SE1,REG,VC52SE12,N33.65269 W3.47128,33.65269,3.47128,883,12/25/2015,December,Tenebrionidae Other,0,0,,WT
VC52SE1,REG,VC52SE13,N33.65225 W3.47128,33.65225,3.47128,881,12/25/2015,December,Messor,0,0,,WT
VC52SE1,REG,VC52SE13,N33.65225 W3.47128,33.65225,3.47128,881,12/25/2015,December,Other,,0.00218,,WT
VC52SE1,REG,VC52SE13,N33.65225 W3.47128,33.65225,3.47128,881,12/25/2015,December,Tenebrionidae Diet,0,0,,WT
VC52SE1,REG,VC52SE13,N33.65225 W3.47128,33.65225,3.47128,881,12/25/2015,December,Tenebrionidae Other,0,0,,WT
VC52SE1,REG,VC52SE14,N33.65227 W3.47178,33.65227,3.47178,879,12/25/2015,December,Messor,0,0,,WT
VC52SE1,REG,VC52SE14,N33.65227 W3.47178,33.65227,3.47178,879,12/25/2015,December,Other,,0.0003,,WT
VC52SE1,REG,VC52SE14,N33.65227 W3.47178,33.65227,3.47178,879,12/25/2015,December,Tenebrionidae Diet,0,0,,WT
VC52SE1,REG,VC52SE14,N33.65227 W3.47178,33.65227,3.47178,879,12/25/2015,December,Tenebrionidae Other,0,0,,WT
VC52SE2,REG,VC52SE21,N33.65283 W3.44492,33.65283,3.44492,808,12/25/2015,December,Messor,0,0,,WT
VC52SE2,REG,VC52SE21,N33.65283 W3.44492,33.65283,3.44492,808,12/25/2015,December,Other,,0.00567,,WT
VC52SE2,REG,VC52SE21,N33.65283 W3.44492,33.65283,3.44492,808,12/25/2015,December,Tenebrionidae Diet,0,0,,WT
VC52SE2,REG,VC52SE21,N33.65283 W3.44492,33.65283,3.44492,808,12/25/2015,December,Tenebrionidae Other,0,0,,WT
VC52SE2,REG,VC52SE22,N33.65254 W3.44450,33.65254,3.4445,805,12/25/2015,December,Messor,0,0,,WT
VC52SE2,REG,VC52SE22,N33.65254 W3.44450,33.65254,3.4445,805,12/25/2015,December,Other,,0.00717,,WT
VC52SE2,REG,VC52SE22,N33.65254 W3.44450,33.65254,3.4445,805,12/25/2015,December,Tenebrionidae Diet,0,0,,WT
VC52SE2,REG,VC52SE22,N33.65254 W3.44450,33.65254,3.4445,805,12/25/2015,December,Tenebrionidae Other,0,0,,WT
VC52SE2,REG,VC52SE23,N33.65221 W3.44480,33.65221,3.4448,809,12/25/2015,December,Messor,0,0,,WT
VC52SE2,REG,VC52SE23,N33.65221 W3.44480,33.65221,3.4448,809,12/25/2015,December,Other,,0.00468,,WT
VC52SE2,REG,VC52SE23,N33.65221 W3.44480,33.65221,3.4448,809,12/25/2015,December,Tenebrionidae Diet,2,0.05313,,WT
VC52SE2,REG,VC52SE23,N33.65221 W3.44480,33.65221,3.4448,809,12/25/2015,December,Tenebrionidae Other,0,0,,WT
VC52SE2,REG,VC52SE24,N33.65246 W3.44524,33.65246,3.44524,807,12/25/2015,December,Messor,0,0,,WT
VC52SE2,REG,VC52SE24,N33.65246 W3.44524,33.65246,3.44524,807,12/25/2015,December,Other,,0.00656,,WT
VC52SE2,REG,VC52SE24,N33.65246 W3.44524,33.65246,3.44524,807,12/25/2015,December,Tenebrionidae Diet,3,0.16163,,WT
VC52SE2,REG,VC52SE24,N33.65246 W3.44524,33.65246,3.44524,807,12/25/2015,December,Tenebrionidae Other,0,0,,WT
VC52SE3,REG,VC52SE31,N33.63023 W3.44488,33.63023,3.44488,866,12/25/2015,December,Messor,0,0,,WT
VC52SE3,REG,VC52SE31,N33.63023 W3.44488,33.63023,3.44488,866,12/25/2015,December,Other,,0.01888,,WT
VC52SE3,REG,VC52SE31,N33.63023 W3.44488,33.63023,3.44488,866,12/25/2015,December,Tenebrionidae Diet,0,0,,WT
VC52SE3,REG,VC52SE31,N33.63023 W3.44488,33.63023,3.44488,866,12/25/2015,December,Tenebrionidae Other,0,0,,WT
VC52SE3,REG,VC52SE32,N33.62979 W3.44484,33.62979,3.44484,866,12/25/2015,December,Messor,0,0,,WT
VC52SE3,REG,VC52SE32,N33.62979 W3.44484,33.62979,3.44484,866,12/25/2015,December,Other,,0.0041,,WT
VC52SE3,REG,VC52SE32,N33.62979 W3.44484,33.62979,3.44484,866,12/25/2015,December,Tenebrionidae Diet,0,0,,WT
VC52SE3,REG,VC52SE32,N33.62979 W3.44484,33.62979,3.44484,866,12/25/2015,December,Tenebrionidae Other,0,0,,WT
VC52SE3,REG,VC52SE33,N33.62976 W3.44534,33.62976,3.44534,862,12/25/2015,December,Messor,0,0,,WT
VC52SE3,REG,VC52SE33,N33.62976 W3.44534,33.62976,3.44534,862,12/25/2015,December,Other,,0.00488,,WT
VC52SE3,REG,VC52SE33,N33.62976 W3.44534,33.62976,3.44534,862,12/25/2015,December,Tenebrionidae Diet,0,0,,WT
VC52SE3,REG,VC52SE33,N33.62976 W3.44534,33.62976,3.44534,862,12/25/2015,December,Tenebrionidae Other,0,0,,WT
VC52SE3,REG,VC52SE34,N33.63011 W3.44535,33.63011,3.44535,861,12/25/2015,December,Messor,0,0,,WT
VC52SE3,REG,VC52SE34,N33.63011 W3.44535,33.63011,3.44535,861,12/25/2015,December,Other,,0.00088,,WT
VC52SE3,REG,VC52SE34,N33.63011 W3.44535,33.63011,3.44535,861,12/25/2015,December,Tenebrionidae Diet,0,0,,WT
VC52SE3,REG,VC52SE34,N33.63011 W3.44535,33.63011,3.44535,861,12/25/2015,December,Tenebrionidae Other,0,0,,WT
VC52SE4,REG,VC52SE41,N33.63016 W3.47177,33.63016,3.47177,838,12/25/2015,December,Messor,0,0,,WT
VC52SE4,REG,VC52SE41,N33.63016 W3.47177,33.63016,3.47177,838,12/25/2015,December,Other,,0.0061,,WT
VC52SE4,REG,VC52SE41,N33.63016 W3.47177,33.63016,3.47177,838,12/25/2015,December,Tenebrionidae Diet,0,0,,WT
VC52SE4,REG,VC52SE41,N33.63016 W3.47177,33.63016,3.47177,838,12/25/2015,December,Tenebrionidae Other,0,0,,WT
VC52SE4,REG,VC52SE42,N33.62994 W3.47131,33.62994,3.47131,838,12/25/2015,December,Messor,0,0,,WT
VC52SE4,REG,VC52SE42,N33.62994 W3.47131,33.62994,3.47131,838,12/25/2015,December,Other,,0.00095,,WT
VC52SE4,REG,VC52SE42,N33.62994 W3.47131,33.62994,3.47131,838,12/25/2015,December,Tenebrionidae Diet,0,0,,WT
VC52SE4,REG,VC52SE42,N33.62994 W3.47131,33.62994,3.47131,838,12/25/2015,December,Tenebrionidae Other,0,0,,WT
VC52SE4,REG,VC52SE43,N33.62957 W3.47155,33.62957,3.47155,835,12/25/2015,December,Messor,0,0,,WT
VC52SE4,REG,VC52SE43,N33.62957 W3.47155,33.62957,3.47155,835,12/25/2015,December,Other,,0.00078,,WT
VC52SE4,REG,VC52SE43,N33.62957 W3.47155,33.62957,3.47155,835,12/25/2015,December,Tenebrionidae Diet,0,0,,WT
VC52SE4,REG,VC52SE43,N33.62957 W3.47155,33.62957,3.47155,835,12/25/2015,December,Tenebrionidae Other,0,0,,WT
VC52SE4,REG,VC52SE44,N33.62980 W3.47203,33.6298,3.47203,835,12/25/2015,December,Messor,0,0,,WT
VC52SE4,REG,VC52SE44,N33.62980 W3.47203,33.6298,3.47203,835,12/25/2015,December,Other,,0.00559,,WT
VC52SE4,REG,VC52SE44,N33.62980 W3.47203,33.6298,3.47203,835,12/25/2015,December,Tenebrionidae Diet,0,0,,WT
VC52SE4,REG,VC52SE44,N33.62980 W3.47203,33.6298,3.47203,835,12/25/2015,December,Tenebrionidae Other,0,0,,WT
VC52SE5,REG,VC52SE51,N33.64152 W3.45841,33.64152,3.45841,843,12/25/2015,December,Messor,0,0,,WT
VC52SE5,REG,VC52SE51,N33.64152 W3.45841,33.64152,3.45841,843,12/25/2015,December,Other,,0.00513,,WT
VC52SE5,REG,VC52SE51,N33.64152 W3.45841,33.64152,3.45841,843,12/25/2015,December,Tenebrionidae Diet,0,0,,WT
VC52SE5,REG,VC52SE51,N33.64152 W3.45841,33.64152,3.45841,843,12/25/2015,December,Tenebrionidae Other,0,0,,WT
VC52SE5,REG,VC52SE52,N33.64138 W3.45794,33.64138,3.45794,840,12/25/2015,December,Messor,,,Jar disappeared,NWT
VC52SE5,REG,VC52SE52,N33.64138 W3.45794,33.64138,3.45794,840,12/25/2015,December,Other,,,Jar disappeared,NWT
VC52SE5,REG,VC52SE52,N33.64138 W3.45794,33.64138,3.45794,840,12/25/2015,December,Tenebrionidae Diet,,,Jar disappeared,NWT
VC52SE5,REG,VC52SE52,N33.64138 W3.45794,33.64138,3.45794,840,12/25/2015,December,Tenebrionidae Other,,,Jar disappeared,NWT
VC52SE5,REG,VC52SE53,N33.64042 W3.45809,33.64042,3.45809,840,12/25/2015,December,Messor,0,0,,WT
VC52SE5,REG,VC52SE53,N33.64042 W3.45809,33.64042,3.45809,840,12/25/2015,December,Other,,0.00379,,WT
VC52SE5,REG,VC52SE53,N33.64042 W3.45809,33.64042,3.45809,840,12/25/2015,December,Tenebrionidae Diet,0,0,,WT
VC52SE5,REG,VC52SE53,N33.64042 W3.45809,33.64042,3.45809,840,12/25/2015,December,Tenebrionidae Other,0,0,,WT
VC52SE5,REG,VC52SE54,N33.64053 W3.45853,33.64053,3.45853,840,12/25/2015,December,Messor,0,0,,WT
VC52SE5,REG,VC52SE54,N33.64053 W3.45853,33.64053,3.45853,840,12/25/2015,December,Other,,0.00218,,WT
VC52SE5,REG,VC52SE54,N33.64053 W3.45853,33.64053,3.45853,840,12/25/2015,December,Tenebrionidae Diet,0,0,,WT
VC52SE5,REG,VC52SE54,N33.64053 W3.45853,33.64053,3.45853,840,12/25/2015,December,Tenebrionidae Other,0,0,,WT
VB17NW1,REG,VB17NW11,N33.24393 W3.95261,33.24393,3.95261,988,12/28/2015,December,Messor,0,0,,WT
VB17NW1,REG,VB17NW11,N33.24393 W3.95261,33.24393,3.95261,988,12/28/2015,December,Other,,0,,WT
VB17NW1,REG,VB17NW11,N33.24393 W3.95261,33.24393,3.95261,988,12/28/2015,December,Tenebrionidae Diet,1,0.02393,,WT
VB17NW1,REG,VB17NW11,N33.24393 W3.95261,33.24393,3.95261,988,12/28/2015,December,Tenebrionidae Other,0,0,,WT
VB17NW1,REG,VB17NW12,N33.24378 W3.95208,33.24378,3.95208,986,12/28/2015,December,Messor,0,0,,WT
VB17NW1,REG,VB17NW12,N33.24378 W3.95208,33.24378,3.95208,986,12/28/2015,December,Other,,0.0005,,WT
VB17NW1,REG,VB17NW12,N33.24378 W3.95208,33.24378,3.95208,986,12/28/2015,December,Tenebrionidae Diet,0,0,,WT
VB17NW1,REG,VB17NW12,N33.24378 W3.95208,33.24378,3.95208,986,12/28/2015,December,Tenebrionidae Other,0,0,,WT
VB17NW1,REG,VB17NW13,N33.24335 W3.95221,33.24335,3.95221,986,12/28/2015,December,Messor,0,0,,WT
VB17NW1,REG,VB17NW13,N33.24335 W3.95221,33.24335,3.95221,986,12/28/2015,December,Other,,0.00053,,WT
VB17NW1,REG,VB17NW13,N33.24335 W3.95221,33.24335,3.95221,986,12/28/2015,December,Tenebrionidae Diet,1,0.04811,,WT
VB17NW1,REG,VB17NW13,N33.24335 W3.95221,33.24335,3.95221,986,12/28/2015,December,Tenebrionidae Other,0,0,,WT
VB17NW1,REG,VB17NW14,N33.24348 W3.95279,33.24348,3.95279,987,12/28/2015,December,Messor,0,0,,WT
VB17NW1,REG,VB17NW14,N33.24348 W3.95279,33.24348,3.95279,987,12/28/2015,December,Other,,0,,WT
VB17NW1,REG,VB17NW14,N33.24348 W3.95279,33.24348,3.95279,987,12/28/2015,December,Tenebrionidae Diet,0,0,,WT
VB17NW1,REG,VB17NW14,N33.24348 W3.95279,33.24348,3.95279,987,12/28/2015,December,Tenebrionidae Other,0,0,,WT
VB17NW2,REG,VB17NW21,N33.24432 W3.92586,33.24432,3.92586,938,12/28/2015,December,Messor,0,0,,WT
VB17NW2,REG,VB17NW21,N33.24432 W3.92586,33.24432,3.92586,938,12/28/2015,December,Other,,0.0025,,WT
VB17NW2,REG,VB17NW21,N33.24432 W3.92586,33.24432,3.92586,938,12/28/2015,December,Tenebrionidae Diet,1,0.09177,,WT
VB17NW2,REG,VB17NW21,N33.24432 W3.92586,33.24432,3.92586,938,12/28/2015,December,Tenebrionidae Other,0,0,,WT
VB17NW2,REG,VB17NW22,N33.24417 W3.92532,33.24417,3.92532,940,12/28/2015,December,Messor,0,0,,WT
VB17NW2,REG,VB17NW22,N33.24417 W3.92532,33.24417,3.92532,940,12/28/2015,December,Other,,0.00252,,WT
VB17NW2,REG,VB17NW22,N33.24417 W3.92532,33.24417,3.92532,940,12/28/2015,December,Tenebrionidae Diet,1,0.03608,,WT
VB17NW2,REG,VB17NW22,N33.24417 W3.92532,33.24417,3.92532,940,12/28/2015,December,Tenebrionidae Other,0,0,,WT
VB17NW2,REG,VB17NW23,N33.24373 W3.92547,33.24373,3.92547,940,12/28/2015,December,Messor,0,0,,WT
VB17NW2,REG,VB17NW23,N33.24373 W3.92547,33.24373,3.92547,940,12/28/2015,December,Other,,0.00027,,WT
VB17NW2,REG,VB17NW23,N33.24373 W3.92547,33.24373,3.92547,940,12/28/2015,December,Tenebrionidae Diet,0,0,,WT
VB17NW2,REG,VB17NW23,N33.24373 W3.92547,33.24373,3.92547,940,12/28/2015,December,Tenebrionidae Other,0,0,,WT
VB17NW2,REG,VB17NW24,N33.24386 W3.92599,33.24386,3.92599,942,12/28/2015,December,Messor,0,0,,WT
VB17NW2,REG,VB17NW24,N33.24386 W3.92599,33.24386,3.92599,942,12/28/2015,December,Other,,0.00236,,WT
VB17NW2,REG,VB17NW24,N33.24386 W3.92599,33.24386,3.92599,942,12/28/2015,December,Tenebrionidae Diet,2,0.07442,,WT
VB17NW2,REG,VB17NW24,N33.24386 W3.92599,33.24386,3.92599,942,12/28/2015,December,Tenebrionidae Other,0,0,,WT
VB17NW3,REG,VB17NW31,N33.22191 W3.92567,33.22191,3.92567,945,12/28/2015,December,Messor,0,0,,WT
VB17NW3,REG,VB17NW31,N33.22191 W3.92567,33.22191,3.92567,945,12/28/2015,December,Other,,0.00184,,WT
VB17NW3,REG,VB17NW31,N33.22191 W3.92567,33.22191,3.92567,945,12/28/2015,December,Tenebrionidae Diet,0,0,,WT
VB17NW3,REG,VB17NW31,N33.22191 W3.92567,33.22191,3.92567,945,12/28/2015,December,Tenebrionidae Other,0,0,,WT
VB17NW3,REG,VB17NW32,N33.22178 W3.92519,33.22178,3.92519,942,12/28/2015,December,Messor,0,0,,WT
VB17NW3,REG,VB17NW32,N33.22178 W3.92519,33.22178,3.92519,942,12/28/2015,December,Other,,0.00252,,WT
VB17NW3,REG,VB17NW32,N33.22178 W3.92519,33.22178,3.92519,942,12/28/2015,December,Tenebrionidae Diet,0,0,,WT
VB17NW3,REG,VB17NW32,N33.22178 W3.92519,33.22178,3.92519,942,12/28/2015,December,Tenebrionidae Other,0,0,,WT
VB17NW3,REG,VB17NW33,N33.22134 W3.92538,33.22134,3.92538,942,12/28/2015,December,Messor,0,0,,WT
VB17NW3,REG,VB17NW33,N33.22134 W3.92538,33.22134,3.92538,942,12/28/2015,December,Other,,0.00409,,WT
VB17NW3,REG,VB17NW33,N33.22134 W3.92538,33.22134,3.92538,942,12/28/2015,December,Tenebrionidae Diet,0,0,,WT
VB17NW3,REG,VB17NW33,N33.22134 W3.92538,33.22134,3.92538,942,12/28/2015,December,Tenebrionidae Other,0,0,,WT
VB17NW3,REG,VB17NW34,N33.22149 W3.92586,33.22149,3.92586,942,12/28/2015,December,Messor,0,0,,WT
VB17NW3,REG,VB17NW34,N33.22149 W3.92586,33.22149,3.92586,942,12/28/2015,December,Other,,0,,WT
VB17NW3,REG,VB17NW34,N33.22149 W3.92586,33.22149,3.92586,942,12/28/2015,December,Tenebrionidae Diet,0,0,,WT
VB17NW3,REG,VB17NW34,N33.22149 W3.92586,33.22149,3.92586,942,12/28/2015,December,Tenebrionidae Other,0,0,,WT
VB17NW4,REG,VB17NW41,N33.22150 W3.95235,33.2215,3.95235,955,12/28/2015,December,Messor,0,0,,WT
VB17NW4,REG,VB17NW41,N33.22150 W3.95235,33.2215,3.95235,955,12/28/2015,December,Other,,0.00009,,WT
VB17NW4,REG,VB17NW41,N33.22150 W3.95235,33.2215,3.95235,955,12/28/2015,December,Tenebrionidae Diet,0,0,,WT
VB17NW4,REG,VB17NW41,N33.22150 W3.95235,33.2215,3.95235,955,12/28/2015,December,Tenebrionidae Other,0,0,,WT
VB17NW4,REG,VB17NW42,N33.22109 W3.95217,33.22109,3.95217,955,12/28/2015,December,Messor,0,0,,WT
VB17NW4,REG,VB17NW42,N33.22109 W3.95217,33.22109,3.95217,955,12/28/2015,December,Other,,0.00187,,WT
VB17NW4,REG,VB17NW42,N33.22109 W3.95217,33.22109,3.95217,955,12/28/2015,December,Tenebrionidae Diet,0,0,,WT
VB17NW4,REG,VB17NW42,N33.22109 W3.95217,33.22109,3.95217,955,12/28/2015,December,Tenebrionidae Other,0,0,,WT
VB17NW4,REG,VB17NW43,N33.22093 W3.95263,33.22093,3.95263,954,12/28/2015,December,Messor,0,0,,WT
VB17NW4,REG,VB17NW43,N33.22093 W3.95263,33.22093,3.95263,954,12/28/2015,December,Other,,0.00231,,WT
VB17NW4,REG,VB17NW43,N33.22093 W3.95263,33.22093,3.95263,954,12/28/2015,December,Tenebrionidae Diet,0,0,,WT
VB17NW4,REG,VB17NW43,N33.22093 W3.95263,33.22093,3.95263,954,12/28/2015,December,Tenebrionidae Other,0,0,,WT
VB17NW4,REG,VB17NW44,N33.22134 W3.95281,33.22134,3.95281,956,12/28/2015,December,Messor,0,0,,WT
VB17NW4,REG,VB17NW44,N33.22134 W3.95281,33.22134,3.95281,956,12/28/2015,December,Other,,0.00146,,WT
VB17NW4,REG,VB17NW44,N33.22134 W3.95281,33.22134,3.95281,956,12/28/2015,December,Tenebrionidae Diet,0,0,,WT
VB17NW4,REG,VB17NW44,N33.22134 W3.95281,33.22134,3.95281,956,12/28/2015,December,Tenebrionidae Other,0,0,,WT
VB17NW5,REG,VB17NW51,N33.23296 W3.93897,33.23296,3.93897,951,12/28/2015,December,Messor,0,0,,WT
VB17NW5,REG,VB17NW51,N33.23296 W3.93897,33.23296,3.93897,951,12/28/2015,December,Other,,0.00531,,WT
VB17NW5,REG,VB17NW51,N33.23296 W3.93897,33.23296,3.93897,951,12/28/2015,December,Tenebrionidae Diet,0,0,,WT
VB17NW5,REG,VB17NW51,N33.23296 W3.93897,33.23296,3.93897,951,12/28/2015,December,Tenebrionidae Other,0,0,,WT
VB17NW5,REG,VB17NW52,N33.23271 W3.93853,33.23271,3.93853,951,12/28/2015,December,Messor,0,0,,WT
VB17NW5,REG,VB17NW52,N33.23271 W3.93853,33.23271,3.93853,951,12/28/2015,December,Other,,0.00981,,WT
VB17NW5,REG,VB17NW52,N33.23271 W3.93853,33.23271,3.93853,951,12/28/2015,December,Tenebrionidae Diet,0,0,,WT
VB17NW5,REG,VB17NW52,N33.23271 W3.93853,33.23271,3.93853,951,12/28/2015,December,Tenebrionidae Other,0,0,,WT
VB17NW5,REG,VB17NW53,N33.23234 W3.93882,33.23234,3.93882,952,12/28/2015,December,Messor,0,0,,WT
VB17NW5,REG,VB17NW53,N33.23234 W3.93882,33.23234,3.93882,952,12/28/2015,December,Other,,0.01039,,WT
VB17NW5,REG,VB17NW53,N33.23234 W3.93882,33.23234,3.93882,952,12/28/2015,December,Tenebrionidae Diet,0,0,,WT
VB17NW5,REG,VB17NW53,N33.23234 W3.93882,33.23234,3.93882,952,12/28/2015,December,Tenebrionidae Other,0,0,,WT
VB17NW5,REG,VB17NW54,N33.23261 W3.93907,33.23261,3.93907,952,12/28/2015,December,Messor,0,0,,WT
VB17NW5,REG,VB17NW54,N33.23261 W3.93907,33.23261,3.93907,952,12/28/2015,December,Other,,0.00436,,WT
VB17NW5,REG,VB17NW54,N33.23261 W3.93907,33.23261,3.93907,952,12/28/2015,December,Tenebrionidae Diet,0,0,,WT
VB17NW5,REG,VB17NW54,N33.23261 W3.93907,33.23261,3.93907,952,12/28/2015,December,Tenebrionidae Other,0,0,,WT
WB61NE1,ALF,WB61NE11,N32.70452 W2.29322,32.70452,2.29322,1438,12/28/2015,December,Messor,0,0,,WT
WB61NE1,ALF,WB61NE11,N32.70452 W2.29322,32.70452,2.29322,1438,12/28/2015,December,Other,,0.01112,,WT
WB61NE1,ALF,WB61NE11,N32.70452 W2.29322,32.70452,2.29322,1438,12/28/2015,December,Tenebrionidae Diet,1,0.04203,,WT
WB61NE1,ALF,WB61NE11,N32.70452 W2.29322,32.70452,2.29322,1438,12/28/2015,December,Tenebrionidae Other,0,0,,WT
WB61NE1,ALF,WB61NE12,N32.70439 W2.29259,32.70439,2.29259,1438,12/28/2015,December,Messor,,,Jar disappeared,NWT
WB61NE1,ALF,WB61NE12,N32.70439 W2.29259,32.70439,2.29259,1438,12/28/2015,December,Other,,,Jar disappeared,NWT
WB61NE1,ALF,WB61NE12,N32.70439 W2.29259,32.70439,2.29259,1438,12/28/2015,December,Tenebrionidae Diet,,,Jar disappeared,NWT
WB61NE1,ALF,WB61NE12,N32.70439 W2.29259,32.70439,2.29259,1438,12/28/2015,December,Tenebrionidae Other,,,Jar disappeared,NWT
WB61NE1,ALF,WB61NE13,N32.70403 W2.29272,32.70403,2.29272,1439,12/28/2015,December,Messor,0,0,,WT
WB61NE1,ALF,WB61NE13,N32.70403 W2.29272,32.70403,2.29272,1439,12/28/2015,December,Other,,0.01117,,WT
WB61NE1,ALF,WB61NE13,N32.70403 W2.29272,32.70403,2.29272,1439,12/28/2015,December,Tenebrionidae Diet,0,0,,WT
WB61NE1,ALF,WB61NE13,N32.70403 W2.29272,32.70403,2.29272,1439,12/28/2015,December,Tenebrionidae Other,1,0.0305,,WT
WB61NE1,ALF,WB61NE14,N32.70405 W2.29323,32.70405,2.29323,1440,12/28/2015,December,Messor,0,0,,WT
WB61NE1,ALF,WB61NE14,N32.70405 W2.29323,32.70405,2.29323,1440,12/28/2015,December,Other,,0.0046,,WT
WB61NE1,ALF,WB61NE14,N32.70405 W2.29323,32.70405,2.29323,1440,12/28/2015,December,Tenebrionidae Diet,0,0,,WT
WB61NE1,ALF,WB61NE14,N32.70405 W2.29323,32.70405,2.29323,1440,12/28/2015,December,Tenebrionidae Other,0,0,,WT
WB61NE2,ALF,WB61NE21,N32.70424 W2.26634,32.70424,2.26634,1466,12/28/2015,December,Messor,3,0.00819,,WT
WB61NE2,ALF,WB61NE21,N32.70424 W2.26634,32.70424,2.26634,1466,12/28/2015,December,Other,,0.0118,,WT
WB61NE2,ALF,WB61NE21,N32.70424 W2.26634,32.70424,2.26634,1466,12/28/2015,December,Tenebrionidae Diet,2,0.04185,,WT
WB61NE2,ALF,WB61NE21,N32.70424 W2.26634,32.70424,2.26634,1466,12/28/2015,December,Tenebrionidae Other,0,0,,WT
WB61NE2,ALF,WB61NE22,N32.70404 W2.26575,32.70404,2.26575,1465,12/28/2015,December,Messor,1,0.00047,,WT
WB61NE2,ALF,WB61NE22,N32.70404 W2.26575,32.70404,2.26575,1465,12/28/2015,December,Other,,0.05936,,WT
WB61NE2,ALF,WB61NE22,N32.70404 W2.26575,32.70404,2.26575,1465,12/28/2015,December,Tenebrionidae Diet,3,0.19067,,WT
WB61NE2,ALF,WB61NE22,N32.70404 W2.26575,32.70404,2.26575,1465,12/28/2015,December,Tenebrionidae Other,0,0,,WT
WB61NE2,ALF,WB61NE23,N32.70367 W2.26598,32.70367,2.26598,1463,12/28/2015,December,Messor,7,0.008,,NWT
WB61NE2,ALF,WB61NE23,N32.70367 W2.26598,32.70367,2.26598,1463,12/28/2015,December,Other,,0.03586,,NWT
WB61NE2,ALF,WB61NE23,N32.70367 W2.26598,32.70367,2.26598,1463,12/28/2015,December,Tenebrionidae Diet,0,0,,NWT
WB61NE2,ALF,WB61NE23,N32.70367 W2.26598,32.70367,2.26598,1463,12/28/2015,December,Tenebrionidae Other,0,0,,NWT
WB61NE2,ALF,WB61NE24,N32.70392 W2.26623,32.70392,2.26623,1463,12/28/2015,December,Messor,2,0.0021,,WT
WB61NE2,ALF,WB61NE24,N32.70392 W2.26623,32.70392,2.26623,1463,12/28/2015,December,Other,,0.05825,,WT
WB61NE2,ALF,WB61NE24,N32.70392 W2.26623,32.70392,2.26623,1463,12/28/2015,December,Tenebrionidae Diet,3,0.26557,,WT
WB61NE2,ALF,WB61NE24,N32.70392 W2.26623,32.70392,2.26623,1463,12/28/2015,December,Tenebrionidae Other,0,0,,WT
WB61NE3,ALF,WB61NE31,N32.68708 W2.25530,32.68708,2.2553,1525,12/28/2015,December,Messor,0,0,,WT
WB61NE3,ALF,WB61NE31,N32.68708 W2.25530,32.68708,2.2553,1525,12/28/2015,December,Other,,0.0505,,WT
WB61NE3,ALF,WB61NE31,N32.68708 W2.25530,32.68708,2.2553,1525,12/28/2015,December,Tenebrionidae Diet,0,0,,WT
WB61NE3,ALF,WB61NE31,N32.68708 W2.25530,32.68708,2.2553,1525,12/28/2015,December,Tenebrionidae Other,0,0,,WT
WB61NE3,ALF,WB61NE32,N32.68685 W2.25488,32.68685,2.25488,1528,12/28/2015,December,Messor,0,0,,WT
WB61NE3,ALF,WB61NE32,N32.68685 W2.25488,32.68685,2.25488,1528,12/28/2015,December,Other,,0.07215,,WT
WB61NE3,ALF,WB61NE32,N32.68685 W2.25488,32.68685,2.25488,1528,12/28/2015,December,Tenebrionidae Diet,0,0,,WT
WB61NE3,ALF,WB61NE32,N32.68685 W2.25488,32.68685,2.25488,1528,12/28/2015,December,Tenebrionidae Other,0,0,,WT
WB61NE3,ALF,WB61NE33,N32.68646 W2.25523,32.68646,2.25523,1527,12/28/2015,December,Messor,0,0,,WT
WB61NE3,ALF,WB61NE33,N32.68646 W2.25523,32.68646,2.25523,1527,12/28/2015,December,Other,,0.00864,,WT
WB61NE3,ALF,WB61NE33,N32.68646 W2.25523,32.68646,2.25523,1527,12/28/2015,December,Tenebrionidae Diet,2,0.10508,,WT
WB61NE3,ALF,WB61NE33,N32.68646 W2.25523,32.68646,2.25523,1527,12/28/2015,December,Tenebrionidae Other,0,0,,WT
WB61NE3,ALF,WB61NE34,N32.68683 W2.25578,32.68683,2.25578,1525,12/28/2015,December,Messor,1,0.00128,,WT
WB61NE3,ALF,WB61NE34,N32.68683 W2.25578,32.68683,2.25578,1525,12/28/2015,December,Other,,0.02037,,WT
WB61NE3,ALF,WB61NE34,N32.68683 W2.25578,32.68683,2.25578,1525,12/28/2015,December,Tenebrionidae Diet,0,0,,WT
WB61NE3,ALF,WB61NE34,N32.68683 W2.25578,32.68683,2.25578,1525,12/28/2015,December,Tenebrionidae Other,0,0,,WT
WB61NE4,ALF,WB61NE41,N32.68205 W2.29343,32.68205,2.29343,1463,12/28/2015,December,Messor,0,0,,WT
WB61NE4,ALF,WB61NE41,N32.68205 W2.29343,32.68205,2.29343,1463,12/28/2015,December,Other,,0.06348,,WT
WB61NE4,ALF,WB61NE41,N32.68205 W2.29343,32.68205,2.29343,1463,12/28/2015,December,Tenebrionidae Diet,1,0.01845,,WT
WB61NE4,ALF,WB61NE41,N32.68205 W2.29343,32.68205,2.29343,1463,12/28/2015,December,Tenebrionidae Other,0,0,,WT
WB61NE4,ALF,WB61NE42,N32.68208 W2.29310,32.68208,2.2931,1463,12/28/2015,December,Messor,0,0,,WT
WB61NE4,ALF,WB61NE42,N32.68208 W2.29310,32.68208,2.2931,1463,12/28/2015,December,Other,,0.01716,,WT
WB61NE4,ALF,WB61NE42,N32.68208 W2.29310,32.68208,2.2931,1463,12/28/2015,December,Tenebrionidae Diet,0,0,,WT
WB61NE4,ALF,WB61NE42,N32.68208 W2.29310,32.68208,2.2931,1463,12/28/2015,December,Tenebrionidae Other,0,0,,WT
WB61NE4,ALF,WB61NE43,N32.68156 W2.29300,32.68156,2.293,1463,12/28/2015,December,Messor,0,0,,WT
WB61NE4,ALF,WB61NE43,N32.68156 W2.29300,32.68156,2.293,1463,12/28/2015,December,Other,,0.00807,,WT
WB61NE4,ALF,WB61NE43,N32.68156 W2.29300,32.68156,2.293,1463,12/28/2015,December,Tenebrionidae Diet,2,0.07705,,WT
WB61NE4,ALF,WB61NE43,N32.68156 W2.29300,32.68156,2.293,1463,12/28/2015,December,Tenebrionidae Other,0,0,,WT
WB61NE4,ALF,WB61NE44,N32.68159 W2.29362,32.68159,2.29362,1457,12/28/2015,December,Messor,0,0,,WT
WB61NE4,ALF,WB61NE44,N32.68159 W2.29362,32.68159,2.29362,1457,12/28/2015,December,Other,,0.01106,,WT
WB61NE4,ALF,WB61NE44,N32.68159 W2.29362,32.68159,2.29362,1457,12/28/2015,December,Tenebrionidae Diet,0,0,,WT
WB61NE4,ALF,WB61NE44,N32.68159 W2.29362,32.68159,2.29362,1457,12/28/2015,December,Tenebrionidae Other,0,0,,WT
WB61NE5,ALF,WB61NE51,N32.69328 W2.27979,32.69328,2.27979,1462,12/28/2015,December,Messor,2,0.00441,,WT
WB61NE5,ALF,WB61NE51,N32.69328 W2.27979,32.69328,2.27979,1462,12/28/2015,December,Other,,0.03412,,WT
WB61NE5,ALF,WB61NE51,N32.69328 W2.27979,32.69328,2.27979,1462,12/28/2015,December,Tenebrionidae Diet,1,0.07429,,WT
WB61NE5,ALF,WB61NE51,N32.69328 W2.27979,32.69328,2.27979,1462,12/28/2015,December,Tenebrionidae Other,0,0,,WT
WB61NE5,ALF,WB61NE52,N32.69320 W2.27930,32.6932,2.2793,1464,12/28/2015,December,Messor,1,0.00138,,WT
WB61NE5,ALF,WB61NE52,N32.69320 W2.27930,32.6932,2.2793,1464,12/28/2015,December,Other,,0.00815,,WT
WB61NE5,ALF,WB61NE52,N32.69320 W2.27930,32.6932,2.2793,1464,12/28/2015,December,Tenebrionidae Diet,0,0,,WT
WB61NE5,ALF,WB61NE52,N32.69320 W2.27930,32.6932,2.2793,1464,12/28/2015,December,Tenebrionidae Other,0,0,,WT
WB61NE5,ALF,WB61NE53,N32.69281 W2.27926,32.69281,2.27926,1463,12/28/2015,December,Messor,4,0.00506,,WT
WB61NE5,ALF,WB61NE53,N32.69281 W2.27926,32.69281,2.27926,1463,12/28/2015,December,Other,,0.00403,,WT
WB61NE5,ALF,WB61NE53,N32.69281 W2.27926,32.69281,2.27926,1463,12/28/2015,December,Tenebrionidae Diet,1,0.04358,,WT
WB61NE5,ALF,WB61NE53,N32.69281 W2.27926,32.69281,2.27926,1463,12/28/2015,December,Tenebrionidae Other,0,0,,WT
WB61NE5,ALF,WB61NE54,N32.69286 W2.27998,32.69286,2.27998,1463,12/28/2015,December,Messor,8,0.01413,,WT
WB61NE5,ALF,WB61NE54,N32.69286 W2.27998,32.69286,2.27998,1463,12/28/2015,December,Other,,0.01042,,WT
WB61NE5,ALF,WB61NE54,N32.69286 W2.27998,32.69286,2.27998,1463,12/28/2015,December,Tenebrionidae Diet,1,0.04384,,WT
WB61NE5,ALF,WB61NE54,N32.69286 W2.27998,32.69286,2.27998,1463,12/28/2015,December,Tenebrionidae Other,0,0,,WT
WC43NE1,EPA,WC43NE11,N33.78798 W2.50083,33.78798,2.50083,1103,12/28/2015,December,Messor,0,0,,WT
WC43NE1,EPA,WC43NE11,N33.78798 W2.50083,33.78798,2.50083,1103,12/28/2015,December,Other,,0,,WT
WC43NE1,EPA,WC43NE11,N33.78798 W2.50083,33.78798,2.50083,1103,12/28/2015,December,Tenebrionidae Diet,0,0,,WT
WC43NE1,EPA,WC43NE11,N33.78798 W2.50083,33.78798,2.50083,1103,12/28/2015,December,Tenebrionidae Other,0,0,,WT
WC43NE1,EPA,WC43NE12,N33.78839 W2.50066,33.78839,2.50066,1111,12/28/2015,December,Messor,0,0,,WT
WC43NE1,EPA,WC43NE12,N33.78839 W2.50066,33.78839,2.50066,1111,12/28/2015,December,Other,,0.06173,,WT
WC43NE1,EPA,WC43NE12,N33.78839 W2.50066,33.78839,2.50066,1111,12/28/2015,December,Tenebrionidae Diet,0,0,,WT
WC43NE1,EPA,WC43NE12,N33.78839 W2.50066,33.78839,2.50066,1111,12/28/2015,December,Tenebrionidae Other,0,0,,WT
WC43NE1,EPA,WC43NE13,N33.78823 W2.50020,33.78823,2.5002,1111,12/28/2015,December,Messor,0,0,,WT
WC43NE1,EPA,WC43NE13,N33.78823 W2.50020,33.78823,2.5002,1111,12/28/2015,December,Other,,0.00738,,WT
WC43NE1,EPA,WC43NE13,N33.78823 W2.50020,33.78823,2.5002,1111,12/28/2015,December,Tenebrionidae Diet,0,0,,WT
WC43NE1,EPA,WC43NE13,N33.78823 W2.50020,33.78823,2.5002,1111,12/28/2015,December,Tenebrionidae Other,0,0,,WT
WC43NE1,EPA,WC43NE14,N33.78777 W2.50032,33.78777,2.50032,1109,12/28/2015,December,Messor,2,0.00122,,WT
WC43NE1,EPA,WC43NE14,N33.78777 W2.50032,33.78777,2.50032,1109,12/28/2015,December,Other,,0.00314,,WT
WC43NE1,EPA,WC43NE14,N33.78777 W2.50032,33.78777,2.50032,1109,12/28/2015,December,Tenebrionidae Diet,0,0,,WT
WC43NE1,EPA,WC43NE14,N33.78777 W2.50032,33.78777,2.50032,1109,12/28/2015,December,Tenebrionidae Other,0,0,,WT
WC43NE2,EPA,WC43NE21,N33.78770 W2.47344,33.7877,2.47344,1109,12/28/2015,December,Messor,2,0.00425,,WT
WC43NE2,EPA,WC43NE21,N33.78770 W2.47344,33.7877,2.47344,1109,12/28/2015,December,Other,,0.00084,,WT
WC43NE2,EPA,WC43NE21,N33.78770 W2.47344,33.7877,2.47344,1109,12/28/2015,December,Tenebrionidae Diet,0,0,,WT
WC43NE2,EPA,WC43NE21,N33.78770 W2.47344,33.7877,2.47344,1109,12/28/2015,December,Tenebrionidae Other,0,0,,WT
WC43NE2,EPA,WC43NE22,N33.78794 W2.47300,33.78794,2.473,1111,12/28/2015,December,Messor,0,0,,WT
WC43NE2,EPA,WC43NE22,N33.78794 W2.47300,33.78794,2.473,1111,12/28/2015,December,Other,,0.00534,,WT
WC43NE2,EPA,WC43NE22,N33.78794 W2.47300,33.78794,2.473,1111,12/28/2015,December,Tenebrionidae Diet,0,0,,WT
WC43NE2,EPA,WC43NE22,N33.78794 W2.47300,33.78794,2.473,1111,12/28/2015,December,Tenebrionidae Other,0,0,,WT
WC43NE2,EPA,WC43NE23,N33.78760 W2.47270,33.7876,2.4727,1108,12/28/2015,December,Messor,2,0.00234,,WT
WC43NE2,EPA,WC43NE23,N33.78760 W2.47270,33.7876,2.4727,1108,12/28/2015,December,Other,,0.02767,,WT
WC43NE2,EPA,WC43NE23,N33.78760 W2.47270,33.7876,2.4727,1108,12/28/2015,December,Tenebrionidae Diet,0,0,,WT
WC43NE2,EPA,WC43NE23,N33.78760 W2.47270,33.7876,2.4727,1108,12/28/2015,December,Tenebrionidae Other,0,0,,WT
WC43NE2,EPA,WC43NE24,N33.78729 W2.47314,33.78729,2.47314,1107,12/28/2015,December,Messor,1,0.00051,,WT
WC43NE2,EPA,WC43NE24,N33.78729 W2.47314,33.78729,2.47314,1107,12/28/2015,December,Other,,0.00154,,WT
WC43NE2,EPA,WC43NE24,N33.78729 W2.47314,33.78729,2.47314,1107,12/28/2015,December,Tenebrionidae Diet,0,0,,WT
WC43NE2,EPA,WC43NE24,N33.78729 W2.47314,33.78729,2.47314,1107,12/28/2015,December,Tenebrionidae Other,0,0,,WT
WC43NE3,EPA,WC43NE31,N33.76496 W2.47338,33.76496,2.47338,1102,12/28/2015,December,Messor,1,0.00061,,WT
WC43NE3,EPA,WC43NE31,N33.76496 W2.47338,33.76496,2.47338,1102,12/28/2015,December,Other,,0.00608,,WT
WC43NE3,EPA,WC43NE31,N33.76496 W2.47338,33.76496,2.47338,1102,12/28/2015,December,Tenebrionidae Diet,1,0.0646,,WT
WC43NE3,EPA,WC43NE31,N33.76496 W2.47338,33.76496,2.47338,1102,12/28/2015,December,Tenebrionidae Other,0,0,,WT
WC43NE3,EPA,WC43NE32,N33.76515 W2.47290,33.76515,2.4729,1098,12/28/2015,December,Messor,0,0,,WT
WC43NE3,EPA,WC43NE32,N33.76515 W2.47290,33.76515,2.4729,1098,12/28/2015,December,Other,,0.01611,,WT
WC43NE3,EPA,WC43NE32,N33.76515 W2.47290,33.76515,2.4729,1098,12/28/2015,December,Tenebrionidae Diet,0,0,,WT
WC43NE3,EPA,WC43NE32,N33.76515 W2.47290,33.76515,2.4729,1098,12/28/2015,December,Tenebrionidae Other,0,0,,WT
WC43NE3,EPA,WC43NE33,N33.76476 W2.47265,33.76476,2.47265,1097,12/28/2015,December,Messor,0,0,,WT
WC43NE3,EPA,WC43NE33,N33.76476 W2.47265,33.76476,2.47265,1097,12/28/2015,December,Other,,0.0199,,WT
WC43NE3,EPA,WC43NE33,N33.76476 W2.47265,33.76476,2.47265,1097,12/28/2015,December,Tenebrionidae Diet,0,0,,WT
WC43NE3,EPA,WC43NE33,N33.76476 W2.47265,33.76476,2.47265,1097,12/28/2015,December,Tenebrionidae Other,0,0,,WT
WC43NE3,EPA,WC43NE34,N33.76471 W2.47290,33.76471,2.4729,1097,12/28/2015,December,Messor,0,0,,WT
WC43NE3,EPA,WC43NE34,N33.76471 W2.47290,33.76471,2.4729,1097,12/28/2015,December,Other,,0.00143,,WT
WC43NE3,EPA,WC43NE34,N33.76471 W2.47290,33.76471,2.4729,1097,12/28/2015,December,Tenebrionidae Diet,0,0,,WT
WC43NE3,EPA,WC43NE34,N33.76471 W2.47290,33.76471,2.4729,1097,12/28/2015,December,Tenebrionidae Other,0,0,,WT
WC43NE4,EPA,WC43NE41,N33.76519 W2.50103,33.76519,2.50103,1112,12/28/2015,December,Messor,0,0,,WT
WC43NE4,EPA,WC43NE41,N33.76519 W2.50103,33.76519,2.50103,1112,12/28/2015,December,Other,,0.0028,,WT
WC43NE4,EPA,WC43NE41,N33.76519 W2.50103,33.76519,2.50103,1112,12/28/2015,December,Tenebrionidae Diet,0,0,,WT
WC43NE4,EPA,WC43NE41,N33.76519 W2.50103,33.76519,2.50103,1112,12/28/2015,December,Tenebrionidae Other,0,0,,WT
WC43NE4,EPA,WC43NE42,N33.76501 W2.50045,33.76501,2.50045,1111,12/28/2015,December,Messor,0,0,,WT
WC43NE4,EPA,WC43NE42,N33.76501 W2.50045,33.76501,2.50045,1111,12/28/2015,December,Other,,0.00331,,WT
WC43NE4,EPA,WC43NE42,N33.76501 W2.50045,33.76501,2.50045,1111,12/28/2015,December,Tenebrionidae Diet,1,0.11115,,WT
WC43NE4,EPA,WC43NE42,N33.76501 W2.50045,33.76501,2.50045,1111,12/28/2015,December,Tenebrionidae Other,0,0,,WT
WC43NE4,EPA,WC43NE43,N33.76452 W2.50048,33.76452,2.50048,1109,12/28/2015,December,Messor,0,0,,WT
WC43NE4,EPA,WC43NE43,N33.76452 W2.50048,33.76452,2.50048,1109,12/28/2015,December,Other,,0.0187,,WT
WC43NE4,EPA,WC43NE43,N33.76452 W2.50048,33.76452,2.50048,1109,12/28/2015,December,Tenebrionidae Diet,0,0,,WT
WC43NE4,EPA,WC43NE43,N33.76452 W2.50048,33.76452,2.50048,1109,12/28/2015,December,Tenebrionidae Other,0,0,,WT
WC43NE4,EPA,WC43NE44,N33.76458 W2.50103,33.76458,2.50103,1107,12/28/2015,December,Messor,0,0,,WT
WC43NE4,EPA,WC43NE44,N33.76458 W2.50103,33.76458,2.50103,1107,12/28/2015,December,Other,,0.00332,,WT
WC43NE4,EPA,WC43NE44,N33.76458 W2.50103,33.76458,2.50103,1107,12/28/2015,December,Tenebrionidae Diet,0,0,,WT
WC43NE4,EPA,WC43NE44,N33.76458 W2.50103,33.76458,2.50103,1107,12/28/2015,December,Tenebrionidae Other,0,0,,WT
WC43NE5,EPA,WC43NE51,N33.77239 W2.48479,33.77239,2.48479,1111,12/28/2015,December,Messor,1,0.00405,,WT
WC43NE5,EPA,WC43NE51,N33.77239 W2.48479,33.77239,2.48479,1111,12/28/2015,December,Other,,0,,WT
WC43NE5,EPA,WC43NE51,N33.77239 W2.48479,33.77239,2.48479,1111,12/28/2015,December,Tenebrionidae Diet,0,0,,WT
WC43NE5,EPA,WC43NE51,N33.77239 W2.48479,33.77239,2.48479,1111,12/28/2015,December,Tenebrionidae Other,0,0,,WT
WC43NE5,EPA,WC43NE52,N33.77233 W2.48429,33.77233,2.48429,1110,12/28/2015,December,Messor,0,0,,WT
WC43NE5,EPA,WC43NE52,N33.77233 W2.48429,33.77233,2.48429,1110,12/28/2015,December,Other,,0.00025,,WT
WC43NE5,EPA,WC43NE52,N33.77233 W2.48429,33.77233,2.48429,1110,12/28/2015,December,Tenebrionidae Diet,0,0,,WT
WC43NE5,EPA,WC43NE52,N33.77233 W2.48429,33.77233,2.48429,1110,12/28/2015,December,Tenebrionidae Other,0,0,,WT
WC43NE5,EPA,WC43NE53,N33.77191 W2.48434,33.77191,2.48434,1109,12/28/2015,December,Messor,1,0.00094,,WT
WC43NE5,EPA,WC43NE53,N33.77191 W2.48434,33.77191,2.48434,1109,12/28/2015,December,Other,,0.07939,,WT
WC43NE5,EPA,WC43NE53,N33.77191 W2.48434,33.77191,2.48434,1109,12/28/2015,December,Tenebrionidae Diet,0,0,,WT
WC43NE5,EPA,WC43NE53,N33.77191 W2.48434,33.77191,2.48434,1109,12/28/2015,December,Tenebrionidae Other,0,0,,WT
WC43NE5,EPA,WC43NE54,N33.77197 W2.48498,33.77197,2.48498,1112,12/28/2015,December,Messor,0,0,,WT
WC43NE5,EPA,WC43NE54,N33.77197 W2.48498,33.77197,2.48498,1112,12/28/2015,December,Other,,0.04029,,WT
WC43NE5,EPA,WC43NE54,N33.77197 W2.48498,33.77197,2.48498,1112,12/28/2015,December,Tenebrionidae Diet,0,0,,WT
WC43NE5,EPA,WC43NE54,N33.77197 W2.48498,33.77197,2.48498,1112,12/28/2015,December,Tenebrionidae Other,0,0,,WT
VB14SW1,REG,VB14SW11,N32.92837 W3.94942,32.92837,3.94942,1034,12/29/2015,December,Messor,0,0,,WT
VB14SW1,REG,VB14SW11,N32.92837 W3.94942,32.92837,3.94942,1034,12/29/2015,December,Other,,0.00485,,WT
VB14SW1,REG,VB14SW11,N32.92837 W3.94942,32.92837,3.94942,1034,12/29/2015,December,Tenebrionidae Diet,0,0,,WT
VB14SW1,REG,VB14SW11,N32.92837 W3.94942,32.92837,3.94942,1034,12/29/2015,December,Tenebrionidae Other,0,0,,WT
VB14SW1,REG,VB14SW12,N32.92810 W3.94900,32.9281,3.949,1034,12/29/2015,December,Messor,0,0,,WT
VB14SW1,REG,VB14SW12,N32.92810 W3.94900,32.9281,3.949,1034,12/29/2015,December,Other,,0.00591,,WT
VB14SW1,REG,VB14SW12,N32.92810 W3.94900,32.9281,3.949,1034,12/29/2015,December,Tenebrionidae Diet,0,0,,WT
VB14SW1,REG,VB14SW12,N32.92810 W3.94900,32.9281,3.949,1034,12/29/2015,December,Tenebrionidae Other,0,0,,WT
VB14SW1,REG,VB14SW13,N32.92775 W3.94929,32.92775,3.94929,1035,12/29/2015,December,Messor,0,0,,WT
VB14SW1,REG,VB14SW13,N32.92775 W3.94929,32.92775,3.94929,1035,12/29/2015,December,Other,,0.01853,,WT
VB14SW1,REG,VB14SW13,N32.92775 W3.94929,32.92775,3.94929,1035,12/29/2015,December,Tenebrionidae Diet,0,0,,WT
VB14SW1,REG,VB14SW13,N32.92775 W3.94929,32.92775,3.94929,1035,12/29/2015,December,Tenebrionidae Other,0,0,,WT
VB14SW1,REG,VB14SW14,N32.92798 W3.94972,32.92798,3.94972,1037,12/29/2015,December,Messor,0,0,,WT
VB14SW1,REG,VB14SW14,N32.92798 W3.94972,32.92798,3.94972,1037,12/29/2015,December,Other,,0,,WT
VB14SW1,REG,VB14SW14,N32.92798 W3.94972,32.92798,3.94972,1037,12/29/2015,December,Tenebrionidae Diet,0,0,,WT
VB14SW1,REG,VB14SW14,N32.92798 W3.94972,32.92798,3.94972,1037,12/29/2015,December,Tenebrionidae Other,0,0,,WT
VB14SW2,REG,VB14SW21,N32.92820 W3.92241,32.9282,3.92241,1040,12/29/2015,December,Messor,0,0,,WT
VB14SW2,REG,VB14SW21,N32.92820 W3.92241,32.9282,3.92241,1040,12/29/2015,December,Other,,0.02692,,WT
VB14SW2,REG,VB14SW21,N32.92820 W3.92241,32.9282,3.92241,1040,12/29/2015,December,Tenebrionidae Diet,0,0,,WT
VB14SW2,REG,VB14SW21,N32.92820 W3.92241,32.9282,3.92241,1040,12/29/2015,December,Tenebrionidae Other,0,0,,WT
VB14SW2,REG,VB14SW22,N32.92849 W3.92217,32.92849,3.92217,1038,12/29/2015,December,Messor,0,0,,WT
VB14SW2,REG,VB14SW22,N32.92849 W3.92217,32.92849,3.92217,1038,12/29/2015,December,Other,,0.01729,,WT
VB14SW2,REG,VB14SW22,N32.92849 W3.92217,32.92849,3.92217,1038,12/29/2015,December,Tenebrionidae Diet,0,0,,WT
VB14SW2,REG,VB14SW22,N32.92849 W3.92217,32.92849,3.92217,1038,12/29/2015,December,Tenebrionidae Other,0,0,,WT
VB14SW2,REG,VB14SW23,N32.92812 W3.92213,32.92812,3.92213,1036,12/29/2015,December,Messor,0,0,,WT
VB14SW2,REG,VB14SW23,N32.92812 W3.92213,32.92812,3.92213,1036,12/29/2015,December,Other,,0.00175,,WT
VB14SW2,REG,VB14SW23,N32.92812 W3.92213,32.92812,3.92213,1036,12/29/2015,December,Tenebrionidae Diet,0,0,,WT
VB14SW2,REG,VB14SW23,N32.92812 W3.92213,32.92812,3.92213,1036,12/29/2015,December,Tenebrionidae Other,0,0,,WT
VB14SW2,REG,VB14SW24,N32.92821 W3.92267,32.92821,3.92267,1038,12/29/2015,December,Messor,0,0,,WT
VB14SW2,REG,VB14SW24,N32.92821 W3.92267,32.92821,3.92267,1038,12/29/2015,December,Other,,0.01594,,WT
VB14SW2,REG,VB14SW24,N32.92821 W3.92267,32.92821,3.92267,1038,12/29/2015,December,Tenebrionidae Diet,0,0,,WT
VB14SW2,REG,VB14SW24,N32.92821 W3.92267,32.92821,3.92267,1038,12/29/2015,December,Tenebrionidae Other,0,0,,WT
VB14SW3,REG,VB14SW31,N32.90604 W3.92205,32.90604,3.92205,1062,12/29/2015,December,Messor,0,0,,WT
VB14SW3,REG,VB14SW31,N32.90604 W3.92205,32.90604,3.92205,1062,12/29/2015,December,Other,,0.0142,,WT
VB14SW3,REG,VB14SW31,N32.90604 W3.92205,32.90604,3.92205,1062,12/29/2015,December,Tenebrionidae Diet,0,0,,WT
VB14SW3,REG,VB14SW31,N32.90604 W3.92205,32.90604,3.92205,1062,12/29/2015,December,Tenebrionidae Other,0,0,,WT
VB14SW3,REG,VB14SW32,N32.90614 W3.92153,32.90614,3.92153,1062,12/29/2015,December,Messor,0,0,,WT
VB14SW3,REG,VB14SW32,N32.90614 W3.92153,32.90614,3.92153,1062,12/29/2015,December,Other,,0.00765,,WT
VB14SW3,REG,VB14SW32,N32.90614 W3.92153,32.90614,3.92153,1062,12/29/2015,December,Tenebrionidae Diet,0,0,,WT
VB14SW3,REG,VB14SW32,N32.90614 W3.92153,32.90614,3.92153,1062,12/29/2015,December,Tenebrionidae Other,0,0,,WT
VB14SW3,REG,VB14SW33,N32.90567 W3.92146,32.90567,3.92146,1062,12/29/2015,December,Messor,0,0,,WT
VB14SW3,REG,VB14SW33,N32.90567 W3.92146,32.90567,3.92146,1062,12/29/2015,December,Other,,0.0138,,WT
VB14SW3,REG,VB14SW33,N32.90567 W3.92146,32.90567,3.92146,1062,12/29/2015,December,Tenebrionidae Diet,0,0,,WT
VB14SW3,REG,VB14SW33,N32.90567 W3.92146,32.90567,3.92146,1062,12/29/2015,December,Tenebrionidae Other,0,0,,WT
VB14SW3,REG,VB14SW34,N32.90561 W3.92193,32.90561,3.92193,1063,12/29/2015,December,Messor,0,0,,WT
VB14SW3,REG,VB14SW34,N32.90561 W3.92193,32.90561,3.92193,1063,12/29/2015,December,Other,,0.01836,,WT
VB14SW3,REG,VB14SW34,N32.90561 W3.92193,32.90561,3.92193,1063,12/29/2015,December,Tenebrionidae Diet,0,0,,WT
VB14SW3,REG,VB14SW34,N32.90561 W3.92193,32.90561,3.92193,1063,12/29/2015,December,Tenebrionidae Other,0,0,,WT
VB14SW4,EPA,VB14SW41,N32.90579 W3.94901,32.90579,3.94901,1048,12/29/2015,December,Messor,0,0,,WT
VB14SW4,EPA,VB14SW41,N32.90579 W3.94901,32.90579,3.94901,1048,12/29/2015,December,Other,,0.00655,,WT
VB14SW4,EPA,VB14SW41,N32.90579 W3.94901,32.90579,3.94901,1048,12/29/2015,December,Tenebrionidae Diet,0,0,,WT
VB14SW4,EPA,VB14SW41,N32.90579 W3.94901,32.90579,3.94901,1048,12/29/2015,December,Tenebrionidae Other,0,0,,WT
VB14SW4,EPA,VB14SW42,N32.90572 W3.94846,32.90572,3.94846,1049,12/29/2015,December,Messor,0,0,,WT
VB14SW4,EPA,VB14SW42,N32.90572 W3.94846,32.90572,3.94846,1049,12/29/2015,December,Other,,0.0127,,WT
VB14SW4,EPA,VB14SW42,N32.90572 W3.94846,32.90572,3.94846,1049,12/29/2015,December,Tenebrionidae Diet,0,0,,WT
VB14SW4,EPA,VB14SW42,N32.90572 W3.94846,32.90572,3.94846,1049,12/29/2015,December,Tenebrionidae Other,0,0,,WT
VB14SW4,EPA,VB14SW43,N32.90532 W3.94851,32.90532,3.94851,1049,12/29/2015,December,Messor,0,0,,WT
VB14SW4,EPA,VB14SW43,N32.90532 W3.94851,32.90532,3.94851,1049,12/29/2015,December,Other,,0.00337,,WT
VB14SW4,EPA,VB14SW43,N32.90532 W3.94851,32.90532,3.94851,1049,12/29/2015,December,Tenebrionidae Diet,0,0,,WT
VB14SW4,EPA,VB14SW43,N32.90532 W3.94851,32.90532,3.94851,1049,12/29/2015,December,Tenebrionidae Other,0,0,,WT
VB14SW4,EPA,VB14SW44,N32.90539 W3.94907,32.90539,3.94907,1049,12/29/2015,December,Messor,0,0,,WT
VB14SW4,EPA,VB14SW44,N32.90539 W3.94907,32.90539,3.94907,1049,12/29/2015,December,Other,,0.00256,,WT
VB14SW4,EPA,VB14SW44,N32.90539 W3.94907,32.90539,3.94907,1049,12/29/2015,December,Tenebrionidae Diet,0,0,,WT
VB14SW4,EPA,VB14SW44,N32.90539 W3.94907,32.90539,3.94907,1049,12/29/2015,December,Tenebrionidae Other,0,0,,WT
VB14SW5,REG,VB14SW51,N32.91728 W3.93573,32.91728,3.93573,1040,12/29/2015,December,Messor,0,0,,BP
VB14SW5,REG,VB14SW51,N32.91728 W3.93573,32.91728,3.93573,1040,12/29/2015,December,Other,,0.02339,,BP
VB14SW5,REG,VB14SW51,N32.91728 W3.93573,32.91728,3.93573,1040,12/29/2015,December,Tenebrionidae Diet,0,0,,BP
VB14SW5,REG,VB14SW51,N32.91728 W3.93573,32.91728,3.93573,1040,12/29/2015,December,Tenebrionidae Other,0,0,,BP
VB14SW5,REG,VB14SW52,N32.91685 W3.93563,32.91685,3.93563,1049,12/29/2015,December,Messor,0,0,,WT
VB14SW5,REG,VB14SW52,N32.91685 W3.93563,32.91685,3.93563,1049,12/29/2015,December,Other,,0.0012,,WT
VB14SW5,REG,VB14SW52,N32.91685 W3.93563,32.91685,3.93563,1049,12/29/2015,December,Tenebrionidae Diet,0,0,,WT
VB14SW5,REG,VB14SW52,N32.91685 W3.93563,32.91685,3.93563,1049,12/29/2015,December,Tenebrionidae Other,0,0,,WT
VB14SW5,REG,VB14SW53,N32.91700 W3.93513,32.917,3.93513,1048,12/29/2015,December,Messor,0,0,,WT
VB14SW5,REG,VB14SW53,N32.91700 W3.93513,32.917,3.93513,1048,12/29/2015,December,Other,,0.00313,,WT
VB14SW5,REG,VB14SW53,N32.91700 W3.93513,32.917,3.93513,1048,12/29/2015,December,Tenebrionidae Diet,0,0,,WT
VB14SW5,REG,VB14SW53,N32.91700 W3.93513,32.917,3.93513,1048,12/29/2015,December,Tenebrionidae Other,0,0,,WT
VB14SW5,REG,VB14SW54,N32.91739 W3.93528,32.91739,3.93528,1048,12/29/2015,December,Messor,0,0,,WT
VB14SW5,REG,VB14SW54,N32.91739 W3.93528,32.91739,3.93528,1048,12/29/2015,December,Other,,0.00633,,WT
VB14SW5,REG,VB14SW54,N32.91739 W3.93528,32.91739,3.93528,1048,12/29/2015,December,Tenebrionidae Diet,0,0,,WT
VB14SW5,REG,VB14SW54,N32.91739 W3.93528,32.91739,3.93528,1048,12/29/2015,December,Tenebrionidae Other,0,0,,WT
WC24NE1,ALF,WC24NE11,N33.87870 W2.71618,33.8787,2.71618,1317,12/29/2015,December,Messor,0,0,,WT
WC24NE1,ALF,WC24NE11,N33.87870 W2.71618,33.8787,2.71618,1317,12/29/2015,December,Other,,0.00456,,WT
WC24NE1,ALF,WC24NE11,N33.87870 W2.71618,33.8787,2.71618,1317,12/29/2015,December,Tenebrionidae Diet,0,0,,WT
WC24NE1,ALF,WC24NE11,N33.87870 W2.71618,33.8787,2.71618,1317,12/29/2015,December,Tenebrionidae Other,0,0,,WT
WC24NE1,ALF,WC24NE12,N33.87862 W2.71562,33.87862,2.71562,1319,12/29/2015,December,Messor,0,0,,WT
WC24NE1,ALF,WC24NE12,N33.87862 W2.71562,33.87862,2.71562,1319,12/29/2015,December,Other,,0.01107,,WT
WC24NE1,ALF,WC24NE12,N33.87862 W2.71562,33.87862,2.71562,1319,12/29/2015,December,Tenebrionidae Diet,0,0,,WT
WC24NE1,ALF,WC24NE12,N33.87862 W2.71562,33.87862,2.71562,1319,12/29/2015,December,Tenebrionidae Other,0,0,,WT
WC24NE1,ALF,WC24NE13,N33.87807 W2.71579,33.87807,2.71579,1316,12/29/2015,December,Messor,0,0,,WT
WC24NE1,ALF,WC24NE13,N33.87807 W2.71579,33.87807,2.71579,1316,12/29/2015,December,Other,,0.01323,,WT
WC24NE1,ALF,WC24NE13,N33.87807 W2.71579,33.87807,2.71579,1316,12/29/2015,December,Tenebrionidae Diet,2,0.11927,,WT
WC24NE1,ALF,WC24NE13,N33.87807 W2.71579,33.87807,2.71579,1316,12/29/2015,December,Tenebrionidae Other,0,0,,WT
WC24NE1,ALF,WC24NE14,N33.87811 W2.71631,33.87811,2.71631,1317,12/29/2015,December,Messor,0,0,,WT
WC24NE1,ALF,WC24NE14,N33.87811 W2.71631,33.87811,2.71631,1317,12/29/2015,December,Other,,0.01128,,WT
WC24NE1,ALF,WC24NE14,N33.87811 W2.71631,33.87811,2.71631,1317,12/29/2015,December,Tenebrionidae Diet,0,0,,WT
WC24NE1,ALF,WC24NE14,N33.87811 W2.71631,33.87811,2.71631,1317,12/29/2015,December,Tenebrionidae Other,0,0,,WT
WC24NE2,ALF,WC24NE21,N33.87875 W2.68926,33.87875,2.68926,1328,12/29/2015,December,Messor,0,0,,WT
WC24NE2,ALF,WC24NE21,N33.87875 W2.68926,33.87875,2.68926,1328,12/29/2015,December,Other,,0,,WT
WC24NE2,ALF,WC24NE21,N33.87875 W2.68926,33.87875,2.68926,1328,12/29/2015,December,Tenebrionidae Diet,1,0.02682,,WT
WC24NE2,ALF,WC24NE21,N33.87875 W2.68926,33.87875,2.68926,1328,12/29/2015,December,Tenebrionidae Other,0,0,,WT
WC24NE2,ALF,WC24NE22,N33.87870 W2.68871,33.8787,2.68871,1327,12/29/2015,December,Messor,0,0,,WT
WC24NE2,ALF,WC24NE22,N33.87870 W2.68871,33.8787,2.68871,1327,12/29/2015,December,Other,,0.00252,,WT
WC24NE2,ALF,WC24NE22,N33.87870 W2.68871,33.8787,2.68871,1327,12/29/2015,December,Tenebrionidae Diet,0,0,,WT
WC24NE2,ALF,WC24NE22,N33.87870 W2.68871,33.8787,2.68871,1327,12/29/2015,December,Tenebrionidae Other,0,0,,WT
WC24NE2,ALF,WC24NE23,N33.87825 W2.68873,33.87825,2.68873,1327,12/29/2015,December,Messor,0,0,,WT
WC24NE2,ALF,WC24NE23,N33.87825 W2.68873,33.87825,2.68873,1327,12/29/2015,December,Other,,0.02163,,WT
WC24NE2,ALF,WC24NE23,N33.87825 W2.68873,33.87825,2.68873,1327,12/29/2015,December,Tenebrionidae Diet,0,0,,WT
WC24NE2,ALF,WC24NE23,N33.87825 W2.68873,33.87825,2.68873,1327,12/29/2015,December,Tenebrionidae Other,0,0,,WT
WC24NE2,ALF,WC24NE24,N33.87827 W2.68924,33.87827,2.68924,1327,12/29/2015,December,Messor,0,0,,WT
WC24NE2,ALF,WC24NE24,N33.87827 W2.68924,33.87827,2.68924,1327,12/29/2015,December,Other,,0.06764,,WT
WC24NE2,ALF,WC24NE24,N33.87827 W2.68924,33.87827,2.68924,1327,12/29/2015,December,Tenebrionidae Diet,0,0,,WT
WC24NE2,ALF,WC24NE24,N33.87827 W2.68924,33.87827,2.68924,1327,12/29/2015,December,Tenebrionidae Other,0,0,,WT
WC24NE3,ALF,WC24NE31,N33.85604 W2.68924,33.85604,2.68924,1306,12/29/2015,December,Messor,0,0,,WT
WC24NE3,ALF,WC24NE31,N33.85604 W2.68924,33.85604,2.68924,1306,12/29/2015,December,Other,,0.00278,,WT
WC24NE3,ALF,WC24NE31,N33.85604 W2.68924,33.85604,2.68924,1306,12/29/2015,December,Tenebrionidae Diet,0,0,,WT
WC24NE3,ALF,WC24NE31,N33.85604 W2.68924,33.85604,2.68924,1306,12/29/2015,December,Tenebrionidae Other,0,0,,WT
WC24NE3,ALF,WC24NE32,N33.85591 W2.68882,33.85591,2.68882,1300,12/29/2015,December,Messor,0,0,,WT
WC24NE3,ALF,WC24NE32,N33.85591 W2.68882,33.85591,2.68882,1300,12/29/2015,December,Other,,0.67868,,WT
WC24NE3,ALF,WC24NE32,N33.85591 W2.68882,33.85591,2.68882,1300,12/29/2015,December,Tenebrionidae Diet,0,0,,WT
WC24NE3,ALF,WC24NE32,N33.85591 W2.68882,33.85591,2.68882,1300,12/29/2015,December,Tenebrionidae Other,0,0,,WT
WC24NE3,ALF,WC24NE33,N33.85549 W2.68895,33.85549,2.68895,1296,12/29/2015,December,Messor,0,0,,WT
WC24NE3,ALF,WC24NE33,N33.85549 W2.68895,33.85549,2.68895,1296,12/29/2015,December,Other,,0.02327,,WT
WC24NE3,ALF,WC24NE33,N33.85549 W2.68895,33.85549,2.68895,1296,12/29/2015,December,Tenebrionidae Diet,0,0,,WT
WC24NE3,ALF,WC24NE33,N33.85549 W2.68895,33.85549,2.68895,1296,12/29/2015,December,Tenebrionidae Other,0,0,,WT
WC24NE3,ALF,WC24NE34,N33.85555 W2.68944,33.85555,2.68944,1298,12/29/2015,December,Messor,0,0,,WT
WC24NE3,ALF,WC24NE34,N33.85555 W2.68944,33.85555,2.68944,1298,12/29/2015,December,Other,,0,,WT
WC24NE3,ALF,WC24NE34,N33.85555 W2.68944,33.85555,2.68944,1298,12/29/2015,December,Tenebrionidae Diet,0,0,,WT
WC24NE3,ALF,WC24NE34,N33.85555 W2.68944,33.85555,2.68944,1298,12/29/2015,December,Tenebrionidae Other,0,0,,WT
WC24NE4,ALF,WC24NE41,N33.85622 W2.71620,33.85622,2.7162,1323,12/29/2015,December,Messor,0,0,,WT
WC24NE4,ALF,WC24NE41,N33.85622 W2.71620,33.85622,2.7162,1323,12/29/2015,December,Other,,0.00258,,WT
WC24NE4,ALF,WC24NE41,N33.85622 W2.71620,33.85622,2.7162,1323,12/29/2015,December,Tenebrionidae Diet,0,0,,WT
WC24NE4,ALF,WC24NE41,N33.85622 W2.71620,33.85622,2.7162,1323,12/29/2015,December,Tenebrionidae Other,0,0,,WT
WC24NE4,ALF,WC24NE42,N33.85611 W2.71567,33.85611,2.71567,1332,12/29/2015,December,Messor,0,0,,WT
WC24NE4,ALF,WC24NE42,N33.85611 W2.71567,33.85611,2.71567,1332,12/29/2015,December,Other,,0.00851,,WT
WC24NE4,ALF,WC24NE42,N33.85611 W2.71567,33.85611,2.71567,1332,12/29/2015,December,Tenebrionidae Diet,0,0,,WT
WC24NE4,ALF,WC24NE42,N33.85611 W2.71567,33.85611,2.71567,1332,12/29/2015,December,Tenebrionidae Other,0,0,,WT
WC24NE4,ALF,WC24NE43,N33.85566 W2.71581,33.85566,2.71581,1331,12/29/2015,December,Messor,0,0,,WT
WC24NE4,ALF,WC24NE43,N33.85566 W2.71581,33.85566,2.71581,1331,12/29/2015,December,Other,,0.00059,,WT
WC24NE4,ALF,WC24NE43,N33.85566 W2.71581,33.85566,2.71581,1331,12/29/2015,December,Tenebrionidae Diet,0,0,,WT
WC24NE4,ALF,WC24NE43,N33.85566 W2.71581,33.85566,2.71581,1331,12/29/2015,December,Tenebrionidae Other,0,0,,WT
WC24NE4,ALF,WC24NE44,N33.85576 W2.71628,33.85576,2.71628,1327,12/29/2015,December,Messor,0,0,,WT
WC24NE4,ALF,WC24NE44,N33.85576 W2.71628,33.85576,2.71628,1327,12/29/2015,December,Other,,0.13116,,WT
WC24NE4,ALF,WC24NE44,N33.85576 W2.71628,33.85576,2.71628,1327,12/29/2015,December,Tenebrionidae Diet,0,0,,WT
WC24NE4,ALF,WC24NE44,N33.85576 W2.71628,33.85576,2.71628,1327,12/29/2015,December,Tenebrionidae Other,0,0,,WT
WC24NE5,ALF,WC24NE51,N33.86736 W2.70264,33.86736,2.70264,1332,12/29/2015,December,Messor,0,0,,WT
WC24NE5,ALF,WC24NE51,N33.86736 W2.70264,33.86736,2.70264,1332,12/29/2015,December,Other,,0.00708,,WT
WC24NE5,ALF,WC24NE51,N33.86736 W2.70264,33.86736,2.70264,1332,12/29/2015,December,Tenebrionidae Diet,8,0.56697,,WT
WC24NE5,ALF,WC24NE51,N33.86736 W2.70264,33.86736,2.70264,1332,12/29/2015,December,Tenebrionidae Other,0,0,,WT
WC24NE5,ALF,WC24NE52,N33.86744 W2.70212,33.86744,2.70212,1336,12/29/2015,December,Messor,0,0,,WT
WC24NE5,ALF,WC24NE52,N33.86744 W2.70212,33.86744,2.70212,1336,12/29/2015,December,Other,,0.00559,,WT
WC24NE5,ALF,WC24NE52,N33.86744 W2.70212,33.86744,2.70212,1336,12/29/2015,December,Tenebrionidae Diet,5,0.50819,,WT
WC24NE5,ALF,WC24NE52,N33.86744 W2.70212,33.86744,2.70212,1336,12/29/2015,December,Tenebrionidae Other,0,0,,WT
WC24NE5,ALF,WC24NE53,N33.86705 W2.70191,33.86705,2.70191,1334,12/29/2015,December,Messor,0,0,,WT
WC24NE5,ALF,WC24NE53,N33.86705 W2.70191,33.86705,2.70191,1334,12/29/2015,December,Other,,0.01061,,WT
WC24NE5,ALF,WC24NE53,N33.86705 W2.70191,33.86705,2.70191,1334,12/29/2015,December,Tenebrionidae Diet,4,0.30361,,WT
WC24NE5,ALF,WC24NE53,N33.86705 W2.70191,33.86705,2.70191,1334,12/29/2015,December,Tenebrionidae Other,0,0,,WT
WC24NE5,ALF,WC24NE54,N33.86694 W2.70239,33.86694,2.70239,1332,12/29/2015,December,Messor,0,0,,WT
WC24NE5,ALF,WC24NE54,N33.86694 W2.70239,33.86694,2.70239,1332,12/29/2015,December,Other,,0.00455,,WT
WC24NE5,ALF,WC24NE54,N33.86694 W2.70239,33.86694,2.70239,1332,12/29/2015,December,Tenebrionidae Diet,2,0.04149,,WT
WC24NE5,ALF,WC24NE54,N33.86694 W2.70239,33.86694,2.70239,1332,12/29/2015,December,Tenebrionidae Other,0,0,,WT
VB02SE1,REG,VB02SE11,N32.74766 W4.00092,32.74766,4.00092,1243,12/30/2015,December,Messor,0,0,,WT
VB02SE1,REG,VB02SE11,N32.74766 W4.00092,32.74766,4.00092,1243,12/30/2015,December,Other,,0.01035,,WT
VB02SE1,REG,VB02SE11,N32.74766 W4.00092,32.74766,4.00092,1243,12/30/2015,December,Tenebrionidae Diet,4,0.03532,,WT
VB02SE1,REG,VB02SE11,N32.74766 W4.00092,32.74766,4.00092,1243,12/30/2015,December,Tenebrionidae Other,0,0,,WT
VB02SE1,REG,VB02SE12,N32.74736 W4.00046,32.74736,4.00046,1239,12/30/2015,December,Messor,0,0,,WT
VB02SE1,REG,VB02SE12,N32.74736 W4.00046,32.74736,4.00046,1239,12/30/2015,December,Other,,0.0268,,WT
VB02SE1,REG,VB02SE12,N32.74736 W4.00046,32.74736,4.00046,1239,12/30/2015,December,Tenebrionidae Diet,0,0,,WT
VB02SE1,REG,VB02SE12,N32.74736 W4.00046,32.74736,4.00046,1239,12/30/2015,December,Tenebrionidae Other,0,0,,WT
VB02SE1,REG,VB02SE13,N32.74702 W4.00076,32.74702,4.00076,1242,12/30/2015,December,Messor,0,0,,WT
VB02SE1,REG,VB02SE13,N32.74702 W4.00076,32.74702,4.00076,1242,12/30/2015,December,Other,,0.00121,,WT
VB02SE1,REG,VB02SE13,N32.74702 W4.00076,32.74702,4.00076,1242,12/30/2015,December,Tenebrionidae Diet,0,0,,WT
VB02SE1,REG,VB02SE13,N32.74702 W4.00076,32.74702,4.00076,1242,12/30/2015,December,Tenebrionidae Other,0,0,,WT
VB02SE1,REG,VB02SE14,N32.74727 W4.00115,32.74727,4.00115,1244,12/30/2015,December,Messor,0,0,,WT
VB02SE1,REG,VB02SE14,N32.74727 W4.00115,32.74727,4.00115,1244,12/30/2015,December,Other,,0.00927,,WT
VB02SE1,REG,VB02SE14,N32.74727 W4.00115,32.74727,4.00115,1244,12/30/2015,December,Tenebrionidae Diet,0,0,,WT
VB02SE1,REG,VB02SE14,N32.74727 W4.00115,32.74727,4.00115,1244,12/30/2015,December,Tenebrionidae Other,0,0,,WT
VB02SE2,REG,VB02SE21,N32.74785 W3.97404,32.74785,3.97404,1248,12/30/2015,December,Messor,0,0,,WT
VB02SE2,REG,VB02SE21,N32.74785 W3.97404,32.74785,3.97404,1248,12/30/2015,December,Other,,0.02367,,WT
VB02SE2,REG,VB02SE21,N32.74785 W3.97404,32.74785,3.97404,1248,12/30/2015,December,Tenebrionidae Diet,1,0.00638,,WT
VB02SE2,REG,VB02SE21,N32.74785 W3.97404,32.74785,3.97404,1248,12/30/2015,December,Tenebrionidae Other,0,0,,WT
VB02SE2,REG,VB02SE22,N32.74783 W3.97352,32.74783,3.97352,1249,12/30/2015,December,Messor,0,0,,WT
VB02SE2,REG,VB02SE22,N32.74783 W3.97352,32.74783,3.97352,1249,12/30/2015,December,Other,,0.00732,,WT
VB02SE2,REG,VB02SE22,N32.74783 W3.97352,32.74783,3.97352,1249,12/30/2015,December,Tenebrionidae Diet,1,0.00802,,WT
VB02SE2,REG,VB02SE22,N32.74783 W3.97352,32.74783,3.97352,1249,12/30/2015,December,Tenebrionidae Other,0,0,,WT
VB02SE2,REG,VB02SE23,N32.74735 W3.97371,32.74735,3.97371,1251,12/30/2015,December,Messor,0,0,,WT
VB02SE2,REG,VB02SE23,N32.74735 W3.97371,32.74735,3.97371,1251,12/30/2015,December,Other,,0.01917,,WT
VB02SE2,REG,VB02SE23,N32.74735 W3.97371,32.74735,3.97371,1251,12/30/2015,December,Tenebrionidae Diet,1,0.00562,,WT
VB02SE2,REG,VB02SE23,N32.74735 W3.97371,32.74735,3.97371,1251,12/30/2015,December,Tenebrionidae Other,0,0,,WT
VB02SE2,REG,VB02SE24,N32.74743 W3.97413,32.74743,3.97413,1251,12/30/2015,December,Messor,0,0,,WT
VB02SE2,REG,VB02SE24,N32.74743 W3.97413,32.74743,3.97413,1251,12/30/2015,December,Other,,0.0177,,WT
VB02SE2,REG,VB02SE24,N32.74743 W3.97413,32.74743,3.97413,1251,12/30/2015,December,Tenebrionidae Diet,0,0,,WT
VB02SE2,REG,VB02SE24,N32.74743 W3.97413,32.74743,3.97413,1251,12/30/2015,December,Tenebrionidae Other,0,0,,WT
VB02SE3,REG,VB02SE31,N32.72507 W3.97363,32.72507,3.97363,1310,12/30/2015,December,Messor,0,0,,WT
VB02SE3,REG,VB02SE31,N32.72507 W3.97363,32.72507,3.97363,1310,12/30/2015,December,Other,,0.06417,,WT
VB02SE3,REG,VB02SE31,N32.72507 W3.97363,32.72507,3.97363,1310,12/30/2015,December,Tenebrionidae Diet,0,0,,WT
VB02SE3,REG,VB02SE31,N32.72507 W3.97363,32.72507,3.97363,1310,12/30/2015,December,Tenebrionidae Other,0,0,,WT
VB02SE3,REG,VB02SE32,N32.72493 W3.97316,32.72493,3.97316,1310,12/30/2015,December,Messor,0,0,,WT
VB02SE3,REG,VB02SE32,N32.72493 W3.97316,32.72493,3.97316,1310,12/30/2015,December,Other,,0.04577,,WT
VB02SE3,REG,VB02SE32,N32.72493 W3.97316,32.72493,3.97316,1310,12/30/2015,December,Tenebrionidae Diet,0,0,,WT
VB02SE3,REG,VB02SE32,N32.72493 W3.97316,32.72493,3.97316,1310,12/30/2015,December,Tenebrionidae Other,0,0,,WT
VB02SE3,REG,VB02SE33,N32.72454 W3.97339,32.72454,3.97339,1310,12/30/2015,December,Messor,0,0,,WT
VB02SE3,REG,VB02SE33,N32.72454 W3.97339,32.72454,3.97339,1310,12/30/2015,December,Other,,0.01253,,WT
VB02SE3,REG,VB02SE33,N32.72454 W3.97339,32.72454,3.97339,1310,12/30/2015,December,Tenebrionidae Diet,0,0,,WT
VB02SE3,REG,VB02SE33,N32.72454 W3.97339,32.72454,3.97339,1310,12/30/2015,December,Tenebrionidae Other,0,0,,WT
VB02SE3,REG,VB02SE34,N32.72474 W3.97383,32.72474,3.97383,1311,12/30/2015,December,Messor,0,0,,WT
VB02SE3,REG,VB02SE34,N32.72474 W3.97383,32.72474,3.97383,1311,12/30/2015,December,Other,,0.00873,,WT
VB02SE3,REG,VB02SE34,N32.72474 W3.97383,32.72474,3.97383,1311,12/30/2015,December,Tenebrionidae Diet,0,0,,WT
VB02SE3,REG,VB02SE34,N32.72474 W3.97383,32.72474,3.97383,1311,12/30/2015,December,Tenebrionidae Other,0,0,,WT
VB02SE4,ALF,VB02SE41,N32.72484 W4.00028,32.72484,4.00028,1308,12/30/2015,December,Messor,0,0,,WT
VB02SE4,ALF,VB02SE41,N32.72484 W4.00028,32.72484,4.00028,1308,12/30/2015,December,Other,,0.03129,,WT
VB02SE4,ALF,VB02SE41,N32.72484 W4.00028,32.72484,4.00028,1308,12/30/2015,December,Tenebrionidae Diet,0,0,,WT
VB02SE4,ALF,VB02SE41,N32.72484 W4.00028,32.72484,4.00028,1308,12/30/2015,December,Tenebrionidae Other,0,0,,WT
VB02SE4,ALF,VB02SE42,N32.72478 W3.99975,32.72478,3.99975,1309,12/30/2015,December,Messor,0,0,,WT
VB02SE4,ALF,VB02SE42,N32.72478 W3.99975,32.72478,3.99975,1309,12/30/2015,December,Other,,0.00017,,WT
VB02SE4,ALF,VB02SE42,N32.72478 W3.99975,32.72478,3.99975,1309,12/30/2015,December,Tenebrionidae Diet,0,0,,WT
VB02SE4,ALF,VB02SE42,N32.72478 W3.99975,32.72478,3.99975,1309,12/30/2015,December,Tenebrionidae Other,0,0,,WT
VB02SE4,ALF,VB02SE43,N32.72429 W3.99980,32.72429,3.9998,1307,12/30/2015,December,Messor,0,0,,WT
VB02SE4,ALF,VB02SE43,N32.72429 W3.99980,32.72429,3.9998,1307,12/30/2015,December,Other,,0.14301,,WT
VB02SE4,ALF,VB02SE43,N32.72429 W3.99980,32.72429,3.9998,1307,12/30/2015,December,Tenebrionidae Diet,0,0,,WT
VB02SE4,ALF,VB02SE43,N32.72429 W3.99980,32.72429,3.9998,1307,12/30/2015,December,Tenebrionidae Other,0,0,,WT
VB02SE4,ALF,VB02SE44,N32.72434 W4.00026,32.72434,4.00026,1305,12/30/2015,December,Messor,0,0,,WT
VB02SE4,ALF,VB02SE44,N32.72434 W4.00026,32.72434,4.00026,1305,12/30/2015,December,Other,,0.01988,,WT
VB02SE4,ALF,VB02SE44,N32.72434 W4.00026,32.72434,4.00026,1305,12/30/2015,December,Tenebrionidae Diet,0,0,,WT
VB02SE4,ALF,VB02SE44,N32.72434 W4.00026,32.72434,4.00026,1305,12/30/2015,December,Tenebrionidae Other,0,0,,WT
VB02SE5,EPA,VB02SE51,N32.73640 W3.98738,32.7364,3.98738,1271,12/30/2015,December,Messor,0,0,,WT
VB02SE5,EPA,VB02SE51,N32.73640 W3.98738,32.7364,3.98738,1271,12/30/2015,December,Other,,0.0581,,WT
VB02SE5,EPA,VB02SE51,N32.73640 W3.98738,32.7364,3.98738,1271,12/30/2015,December,Tenebrionidae Diet,0,0,,WT
VB02SE5,EPA,VB02SE51,N32.73640 W3.98738,32.7364,3.98738,1271,12/30/2015,December,Tenebrionidae Other,0,0,,WT
VB02SE5,EPA,VB02SE52,N32.73637 W3.98682,32.73637,3.98682,1271,12/30/2015,December,Messor,0,0,,WT
VB02SE5,EPA,VB02SE52,N32.73637 W3.98682,32.73637,3.98682,1271,12/30/2015,December,Other,,0.05922,,WT
VB02SE5,EPA,VB02SE52,N32.73637 W3.98682,32.73637,3.98682,1271,12/30/2015,December,Tenebrionidae Diet,0,0,,WT
VB02SE5,EPA,VB02SE52,N32.73637 W3.98682,32.73637,3.98682,1271,12/30/2015,December,Tenebrionidae Other,0,0,,WT
VB02SE5,EPA,VB02SE53,N32.73590 W3.98689,32.7359,3.98689,1271,12/30/2015,December,Messor,0,0,,WT
VB02SE5,EPA,VB02SE53,N32.73590 W3.98689,32.7359,3.98689,1271,12/30/2015,December,Other,,0.0037,,WT
VB02SE5,EPA,VB02SE53,N32.73590 W3.98689,32.7359,3.98689,1271,12/30/2015,December,Tenebrionidae Diet,1,0.01995,,WT
VB02SE5,EPA,VB02SE53,N32.73590 W3.98689,32.7359,3.98689,1271,12/30/2015,December,Tenebrionidae Other,0,0,,WT
VB02SE5,EPA,VB02SE54,N32.73597 W3.98743,32.73597,3.98743,1269,12/30/2015,December,Messor,0,0,,WT
VB02SE5,EPA,VB02SE54,N32.73597 W3.98743,32.73597,3.98743,1269,12/30/2015,December,Other,,0.0068,,WT
VB02SE5,EPA,VB02SE54,N32.73597 W3.98743,32.73597,3.98743,1269,12/30/2015,December,Tenebrionidae Diet,1,0.11553,,WT
VB02SE5,EPA,VB02SE54,N32.73597 W3.98743,32.73597,3.98743,1269,12/30/2015,December,Tenebrionidae Other,0,0,,WT
VB85SE1,REG,VB85SE11,N33.02225 W3.14701,33.02225,3.14701,1608,12/30/2015,December,Messor,0,0,,WT
VB85SE1,REG,VB85SE11,N33.02225 W3.14701,33.02225,3.14701,1608,12/30/2015,December,Other,,0.01306,,WT
VB85SE1,REG,VB85SE11,N33.02225 W3.14701,33.02225,3.14701,1608,12/30/2015,December,Tenebrionidae Diet,1,0.02748,,WT
VB85SE1,REG,VB85SE11,N33.02225 W3.14701,33.02225,3.14701,1608,12/30/2015,December,Tenebrionidae Other,0,0,,WT
VB85SE1,REG,VB85SE12,N33.02240 W3.14654,33.0224,3.14654,1611,12/30/2015,December,Messor,0,0,,WT
VB85SE1,REG,VB85SE12,N33.02240 W3.14654,33.0224,3.14654,1611,12/30/2015,December,Other,,0.00876,,WT
VB85SE1,REG,VB85SE12,N33.02240 W3.14654,33.0224,3.14654,1611,12/30/2015,December,Tenebrionidae Diet,1,0.01763,,WT
VB85SE1,REG,VB85SE12,N33.02240 W3.14654,33.0224,3.14654,1611,12/30/2015,December,Tenebrionidae Other,0,0,,WT
VB85SE1,REG,VB85SE13,N33.02195 W3.14638,33.02195,3.14638,1611,12/30/2015,December,Messor,0,0,,WT
VB85SE1,REG,VB85SE13,N33.02195 W3.14638,33.02195,3.14638,1611,12/30/2015,December,Other,,0.01572,,WT
VB85SE1,REG,VB85SE13,N33.02195 W3.14638,33.02195,3.14638,1611,12/30/2015,December,Tenebrionidae Diet,0,0,,WT
VB85SE1,REG,VB85SE13,N33.02195 W3.14638,33.02195,3.14638,1611,12/30/2015,December,Tenebrionidae Other,0,0,,WT
VB85SE1,REG,VB85SE14,N33.02184 W3.14681,33.02184,3.14681,1614,12/30/2015,December,Messor,0,0,,WT
VB85SE1,REG,VB85SE14,N33.02184 W3.14681,33.02184,3.14681,1614,12/30/2015,December,Other,,0.00571,,WT
VB85SE1,REG,VB85SE14,N33.02184 W3.14681,33.02184,3.14681,1614,12/30/2015,December,Tenebrionidae Diet,2,0.23048,,WT
VB85SE1,REG,VB85SE14,N33.02184 W3.14681,33.02184,3.14681,1614,12/30/2015,December,Tenebrionidae Other,0,0,,WT
VB85SE2,REG,VB85SE21,N33.02230 W3.12067,33.0223,3.12067,1620,12/30/2015,December,Messor,0,0,,WT
VB85SE2,REG,VB85SE21,N33.02230 W3.12067,33.0223,3.12067,1620,12/30/2015,December,Other,,0.00601,,WT
VB85SE2,REG,VB85SE21,N33.02230 W3.12067,33.0223,3.12067,1620,12/30/2015,December,Tenebrionidae Diet,1,0.01512,,WT
VB85SE2,REG,VB85SE21,N33.02230 W3.12067,33.0223,3.12067,1620,12/30/2015,December,Tenebrionidae Other,0,0,,WT
VB85SE2,REG,VB85SE22,N33.02235 W3.12014,33.02235,3.12014,1622,12/30/2015,December,Messor,0,0,,WT
VB85SE2,REG,VB85SE22,N33.02235 W3.12014,33.02235,3.12014,1622,12/30/2015,December,Other,,0.00279,,WT
VB85SE2,REG,VB85SE22,N33.02235 W3.12014,33.02235,3.12014,1622,12/30/2015,December,Tenebrionidae Diet,3,0.15845,,WT
VB85SE2,REG,VB85SE22,N33.02235 W3.12014,33.02235,3.12014,1622,12/30/2015,December,Tenebrionidae Other,0,0,,WT
VB85SE2,REG,VB85SE23,N33.02197 W3.12003,33.02197,3.12003,1622,12/30/2015,December,Messor,0,0,,WT
VB85SE2,REG,VB85SE23,N33.02197 W3.12003,33.02197,3.12003,1622,12/30/2015,December,Other,,0.01215,,WT
VB85SE2,REG,VB85SE23,N33.02197 W3.12003,33.02197,3.12003,1622,12/30/2015,December,Tenebrionidae Diet,0,0,,WT
VB85SE2,REG,VB85SE23,N33.02197 W3.12003,33.02197,3.12003,1622,12/30/2015,December,Tenebrionidae Other,0,0,,WT
VB85SE2,REG,VB85SE24,N33.02182 W3.12052,33.02182,3.12052,1620,12/30/2015,December,Messor,1,0.00111,,WT
VB85SE2,REG,VB85SE24,N33.02182 W3.12052,33.02182,3.12052,1620,12/30/2015,December,Other,,0.0102,,WT
VB85SE2,REG,VB85SE24,N33.02182 W3.12052,33.02182,3.12052,1620,12/30/2015,December,Tenebrionidae Diet,2,0.05218,,WT
VB85SE2,REG,VB85SE24,N33.02182 W3.12052,33.02182,3.12052,1620,12/30/2015,December,Tenebrionidae Other,0,0,,WT
VB85SE3,REG,VB85SE31,N32.99997 W3.12066,32.99997,3.12066,1627,12/30/2015,December,Messor,0,0,,WT
VB85SE3,REG,VB85SE31,N32.99997 W3.12066,32.99997,3.12066,1627,12/30/2015,December,Other,,0.0312,,WT
VB85SE3,REG,VB85SE31,N32.99997 W3.12066,32.99997,3.12066,1627,12/30/2015,December,Tenebrionidae Diet,2,0.21172,,WT
VB85SE3,REG,VB85SE31,N32.99997 W3.12066,32.99997,3.12066,1627,12/30/2015,December,Tenebrionidae Other,0,0,,WT
VB85SE3,REG,VB85SE32,N32.99995 W3.12010,32.99995,3.1201,1632,12/30/2015,December,Messor,0,0,,WT
VB85SE3,REG,VB85SE32,N32.99995 W3.12010,32.99995,3.1201,1632,12/30/2015,December,Other,,0.00453,,WT
VB85SE3,REG,VB85SE32,N32.99995 W3.12010,32.99995,3.1201,1632,12/30/2015,December,Tenebrionidae Diet,3,0.2161,,WT
VB85SE3,REG,VB85SE32,N32.99995 W3.12010,32.99995,3.1201,1632,12/30/2015,December,Tenebrionidae Other,0,0,,WT
VB85SE3,REG,VB85SE33,N32.99948 W3.12014,32.99948,3.12014,1630,12/30/2015,December,Messor,0,0,,WT
VB85SE3,REG,VB85SE33,N32.99948 W3.12014,32.99948,3.12014,1630,12/30/2015,December,Other,,0.00888,,WT
VB85SE3,REG,VB85SE33,N32.99948 W3.12014,32.99948,3.12014,1630,12/30/2015,December,Tenebrionidae Diet,1,0.0343,,WT
VB85SE3,REG,VB85SE33,N32.99948 W3.12014,32.99948,3.12014,1630,12/30/2015,December,Tenebrionidae Other,0,0,,WT
VB85SE3,REG,VB85SE34,N32.99953 W3.12060,32.99953,3.1206,1626,12/30/2015,December,Messor,0,0,,WT
VB85SE3,REG,VB85SE34,N32.99953 W3.12060,32.99953,3.1206,1626,12/30/2015,December,Other,,0.01376,,WT
VB85SE3,REG,VB85SE34,N32.99953 W3.12060,32.99953,3.1206,1626,12/30/2015,December,Tenebrionidae Diet,2,0.10394,,WT
VB85SE3,REG,VB85SE34,N32.99953 W3.12060,32.99953,3.1206,1626,12/30/2015,December,Tenebrionidae Other,0,0,,WT
VB85SE4,REG,VB85SE41,N32.99953 W3.14716,32.99953,3.14716,1640,12/30/2015,December,Messor,0,0,,WT
VB85SE4,REG,VB85SE41,N32.99953 W3.14716,32.99953,3.14716,1640,12/30/2015,December,Other,,0.00992,,WT
VB85SE4,REG,VB85SE41,N32.99953 W3.14716,32.99953,3.14716,1640,12/30/2015,December,Tenebrionidae Diet,1,0.07738,,WT
VB85SE4,REG,VB85SE41,N32.99953 W3.14716,32.99953,3.14716,1640,12/30/2015,December,Tenebrionidae Other,0,0,,WT
VB85SE4,REG,VB85SE42,N32.99926 W3.14677,32.99926,3.14677,1642,12/30/2015,December,Messor,0,0,,WT
VB85SE4,REG,VB85SE42,N32.99926 W3.14677,32.99926,3.14677,1642,12/30/2015,December,Other,,0.01443,,WT
VB85SE4,REG,VB85SE42,N32.99926 W3.14677,32.99926,3.14677,1642,12/30/2015,December,Tenebrionidae Diet,9,0.794,,WT
VB85SE4,REG,VB85SE42,N32.99926 W3.14677,32.99926,3.14677,1642,12/30/2015,December,Tenebrionidae Other,0,0,,WT
VB85SE4,REG,VB85SE43,N32.99884 W3.14708,32.99884,3.14708,1643,12/30/2015,December,Messor,0,0,,WT
VB85SE4,REG,VB85SE43,N32.99884 W3.14708,32.99884,3.14708,1643,12/30/2015,December,Other,,0.05254,,WT
VB85SE4,REG,VB85SE43,N32.99884 W3.14708,32.99884,3.14708,1643,12/30/2015,December,Tenebrionidae Diet,2,0.23652,,WT
VB85SE4,REG,VB85SE43,N32.99884 W3.14708,32.99884,3.14708,1643,12/30/2015,December,Tenebrionidae Other,0,0,,WT
VB85SE4,REG,VB85SE44,N32.99907 W3.14739,32.99907,3.14739,1637,12/30/2015,December,Messor,0,0,,WT
VB85SE4,REG,VB85SE44,N32.99907 W3.14739,32.99907,3.14739,1637,12/30/2015,December,Other,,0.0132,,WT
VB85SE4,REG,VB85SE44,N32.99907 W3.14739,32.99907,3.14739,1637,12/30/2015,December,Tenebrionidae Diet,6,0.29935,,WT
VB85SE4,REG,VB85SE44,N32.99907 W3.14739,32.99907,3.14739,1637,12/30/2015,December,Tenebrionidae Other,0,0,,WT
VB85SE5,REG,VB85SE51,N33.01084 W3.13399,33.01084,3.13399,1624,12/30/2015,December,Messor,1,0.00143,,WT
VB85SE5,REG,VB85SE51,N33.01084 W3.13399,33.01084,3.13399,1624,12/30/2015,December,Other,,0.00681,,WT
VB85SE5,REG,VB85SE51,N33.01084 W3.13399,33.01084,3.13399,1624,12/30/2015,December,Tenebrionidae Diet,0,0,,WT
VB85SE5,REG,VB85SE51,N33.01084 W3.13399,33.01084,3.13399,1624,12/30/2015,December,Tenebrionidae Other,0,0,,WT
VB85SE5,REG,VB85SE52,N33.01053 W3.13369,33.01053,3.13369,1623,12/30/2015,December,Messor,0,0,,WT
VB85SE5,REG,VB85SE52,N33.01053 W3.13369,33.01053,3.13369,1623,12/30/2015,December,Other,,0.00358,,WT
VB85SE5,REG,VB85SE52,N33.01053 W3.13369,33.01053,3.13369,1623,12/30/2015,December,Tenebrionidae Diet,2,0.22897,,WT
VB85SE5,REG,VB85SE52,N33.01053 W3.13369,33.01053,3.13369,1623,12/30/2015,December,Tenebrionidae Other,0,0,,WT
VB85SE5,REG,VB85SE53,N33.01022 W3.13411,33.01022,3.13411,1625,12/30/2015,December,Messor,0,0,,WT
VB85SE5,REG,VB85SE53,N33.01022 W3.13411,33.01022,3.13411,1625,12/30/2015,December,Other,,0.01643,,WT
VB85SE5,REG,VB85SE53,N33.01022 W3.13411,33.01022,3.13411,1625,12/30/2015,December,Tenebrionidae Diet,4,0.42908,,WT
VB85SE5,REG,VB85SE53,N33.01022 W3.13411,33.01022,3.13411,1625,12/30/2015,December,Tenebrionidae Other,0,0,,WT
VB85SE5,REG,VB85SE54,N33.01048 W3.13434,33.01048,3.13434,1627,12/30/2015,December,Messor,0,0,,WT
VB85SE5,REG,VB85SE54,N33.01048 W3.13434,33.01048,3.13434,1627,12/30/2015,December,Other,,0,,WT
VB85SE5,REG,VB85SE54,N33.01048 W3.13434,33.01048,3.13434,1627,12/30/2015,December,Tenebrionidae Diet,2,0.22055,,WT
VB85SE5,REG,VB85SE54,N33.01048 W3.13434,33.01048,3.13434,1627,12/30/2015,December,Tenebrionidae Other,0,0,,WT
UB24SW1,REG,UB24SW11,N32.91747 W4.91167,32.91747,4.91167,1509,12/31/2015,December,Messor,0,0,,WT
UB24SW1,REG,UB24SW11,N32.91747 W4.91167,32.91747,4.91167,1509,12/31/2015,December,Other,,0.00262,,WT
UB24SW1,REG,UB24SW11,N32.91747 W4.91167,32.91747,4.91167,1509,12/31/2015,December,Tenebrionidae Diet,2,0.2375,,WT
UB24SW1,REG,UB24SW11,N32.91747 W4.91167,32.91747,4.91167,1509,12/31/2015,December,Tenebrionidae Other,0,0,,WT
UB24SW1,REG,UB24SW12,N32.91754 W4.91112,32.91754,4.91112,1524,12/31/2015,December,Messor,0,0,,WT
UB24SW1,REG,UB24SW12,N32.91754 W4.91112,32.91754,4.91112,1524,12/31/2015,December,Other,,0.11065,,WT
UB24SW1,REG,UB24SW12,N32.91754 W4.91112,32.91754,4.91112,1524,12/31/2015,December,Tenebrionidae Diet,0,0,,WT
UB24SW1,REG,UB24SW12,N32.91754 W4.91112,32.91754,4.91112,1524,12/31/2015,December,Tenebrionidae Other,0,0,,WT
UB24SW1,REG,UB24SW13,N32.91713 W4.91102,32.91713,4.91102,1525,12/31/2015,December,Messor,0,0,,WT
UB24SW1,REG,UB24SW13,N32.91713 W4.91102,32.91713,4.91102,1525,12/31/2015,December,Other,,0,,WT
UB24SW1,REG,UB24SW13,N32.91713 W4.91102,32.91713,4.91102,1525,12/31/2015,December,Tenebrionidae Diet,2,0.19032,,WT
UB24SW1,REG,UB24SW13,N32.91713 W4.91102,32.91713,4.91102,1525,12/31/2015,December,Tenebrionidae Other,0,0,,WT
UB24SW1,REG,UB24SW14,N32.91705 W4.91159,32.91705,4.91159,1525,12/31/2015,December,Messor,0,0,,NWT
UB24SW1,REG,UB24SW14,N32.91705 W4.91159,32.91705,4.91159,1525,12/31/2015,December,Other,,0,,NWT
UB24SW1,REG,UB24SW14,N32.91705 W4.91159,32.91705,4.91159,1525,12/31/2015,December,Tenebrionidae Diet,1,0.05468,,NWT
UB24SW1,REG,UB24SW14,N32.91705 W4.91159,32.91705,4.91159,1525,12/31/2015,December,Tenebrionidae Other,0,0,,NWT
UB24SW2,REG,UB24SW21,N32.91781 W4.88501,32.91781,4.88501,1517,12/31/2015,December,Messor,0,0,,WT
UB24SW2,REG,UB24SW21,N32.91781 W4.88501,32.91781,4.88501,1517,12/31/2015,December,Other,,0.01057,,WT
UB24SW2,REG,UB24SW21,N32.91781 W4.88501,32.91781,4.88501,1517,12/31/2015,December,Tenebrionidae Diet,0,0,,WT
UB24SW2,REG,UB24SW21,N32.91781 W4.88501,32.91781,4.88501,1517,12/31/2015,December,Tenebrionidae Other,0,0,,WT
UB24SW2,REG,UB24SW22,N32.91751 W4.88460,32.91751,4.8846,1520,12/31/2015,December,Messor,0,0,,WT
UB24SW2,REG,UB24SW22,N32.91751 W4.88460,32.91751,4.8846,1520,12/31/2015,December,Other,,0.004,,WT
UB24SW2,REG,UB24SW22,N32.91751 W4.88460,32.91751,4.8846,1520,12/31/2015,December,Tenebrionidae Diet,0,0,,WT
UB24SW2,REG,UB24SW22,N32.91751 W4.88460,32.91751,4.8846,1520,12/31/2015,December,Tenebrionidae Other,0,0,,WT
UB24SW2,REG,UB24SW23,N32.91723 W4.88494,32.91723,4.88494,1515,12/31/2015,December,Messor,0,0,,WT
UB24SW2,REG,UB24SW23,N32.91723 W4.88494,32.91723,4.88494,1515,12/31/2015,December,Other,,0,,WT
UB24SW2,REG,UB24SW23,N32.91723 W4.88494,32.91723,4.88494,1515,12/31/2015,December,Tenebrionidae Diet,0,0,,WT
UB24SW2,REG,UB24SW23,N32.91723 W4.88494,32.91723,4.88494,1515,12/31/2015,December,Tenebrionidae Other,0,0,,WT
UB24SW2,REG,UB24SW24,N32.91750 W4.88533,32.9175,4.88533,1511,12/31/2015,December,Messor,0,0,,WT
UB24SW2,REG,UB24SW24,N32.91750 W4.88533,32.9175,4.88533,1511,12/31/2015,December,Other,,0,,WT
UB24SW2,REG,UB24SW24,N32.91750 W4.88533,32.9175,4.88533,1511,12/31/2015,December,Tenebrionidae Diet,1,0.12746,,WT
UB24SW2,REG,UB24SW24,N32.91750 W4.88533,32.9175,4.88533,1511,12/31/2015,December,Tenebrionidae Other,0,0,,WT
UB24SW3,EPA,UB24SW31,N32.89505 W4.88427,32.89505,4.88427,1446,12/31/2015,December,Messor,0,0,,WT
UB24SW3,EPA,UB24SW31,N32.89505 W4.88427,32.89505,4.88427,1446,12/31/2015,December,Other,,0.00112,,WT
UB24SW3,EPA,UB24SW31,N32.89505 W4.88427,32.89505,4.88427,1446,12/31/2015,December,Tenebrionidae Diet,1,0.14433,,WT
UB24SW3,EPA,UB24SW31,N32.89505 W4.88427,32.89505,4.88427,1446,12/31/2015,December,Tenebrionidae Other,0,0,,WT
UB24SW3,EPA,UB24SW32,N32.89506 W4.88386,32.89506,4.88386,1450,12/31/2015,December,Messor,5,0.00291,,WT
UB24SW3,EPA,UB24SW32,N32.89506 W4.88386,32.89506,4.88386,1450,12/31/2015,December,Other,,0.0009,,WT
UB24SW3,EPA,UB24SW32,N32.89506 W4.88386,32.89506,4.88386,1450,12/31/2015,December,Tenebrionidae Diet,2,0.11978,,WT
UB24SW3,EPA,UB24SW32,N32.89506 W4.88386,32.89506,4.88386,1450,12/31/2015,December,Tenebrionidae Other,0,0,,WT
UB24SW3,EPA,UB24SW33,N32.89465 W4.88406,32.89465,4.88406,1438,12/31/2015,December,Messor,0,0,,WT
UB24SW3,EPA,UB24SW33,N32.89465 W4.88406,32.89465,4.88406,1438,12/31/2015,December,Other,,0.00464,,WT
UB24SW3,EPA,UB24SW33,N32.89465 W4.88406,32.89465,4.88406,1438,12/31/2015,December,Tenebrionidae Diet,4,0.27298,,WT
UB24SW3,EPA,UB24SW33,N32.89465 W4.88406,32.89465,4.88406,1438,12/31/2015,December,Tenebrionidae Other,0,0,,WT
UB24SW3,EPA,UB24SW34,N32.89477 W4.88454,32.89477,4.88454,1444,12/31/2015,December,Messor,1,0.00182,,WT
UB24SW3,EPA,UB24SW34,N32.89477 W4.88454,32.89477,4.88454,1444,12/31/2015,December,Other,,0.00049,,WT
UB24SW3,EPA,UB24SW34,N32.89477 W4.88454,32.89477,4.88454,1444,12/31/2015,December,Tenebrionidae Diet,0,0,,WT
UB24SW3,EPA,UB24SW34,N32.89477 W4.88454,32.89477,4.88454,1444,12/31/2015,December,Tenebrionidae Other,0,0,,WT
UB24SW4,EPA,UB24SW41,N32.89479 W4.91111,32.89479,4.91111,1463,12/31/2015,December,Messor,0,0,,WT
UB24SW4,EPA,UB24SW41,N32.89479 W4.91111,32.89479,4.91111,1463,12/31/2015,December,Other,,0.00102,,WT
UB24SW4,EPA,UB24SW41,N32.89479 W4.91111,32.89479,4.91111,1463,12/31/2015,December,Tenebrionidae Diet,1,0.04361,,WT
UB24SW4,EPA,UB24SW41,N32.89479 W4.91111,32.89479,4.91111,1463,12/31/2015,December,Tenebrionidae Other,0,0,,WT
UB24SW4,EPA,UB24SW42,N32.89471 W4.91060,32.89471,4.9106,1458,12/31/2015,December,Messor,0,0,,WT
UB24SW4,EPA,UB24SW42,N32.89471 W4.91060,32.89471,4.9106,1458,12/31/2015,December,Other,,0.00278,,WT
UB24SW4,EPA,UB24SW42,N32.89471 W4.91060,32.89471,4.9106,1458,12/31/2015,December,Tenebrionidae Diet,2,0.13131,,WT
UB24SW4,EPA,UB24SW42,N32.89471 W4.91060,32.89471,4.9106,1458,12/31/2015,December,Tenebrionidae Other,0,0,,WT
UB24SW4,EPA,UB24SW43,N32.89430 W4.91073,32.8943,4.91073,1458,12/31/2015,December,Messor,0,0,,WT
UB24SW4,EPA,UB24SW43,N32.89430 W4.91073,32.8943,4.91073,1458,12/31/2015,December,Other,,0.00786,,WT
UB24SW4,EPA,UB24SW43,N32.89430 W4.91073,32.8943,4.91073,1458,12/31/2015,December,Tenebrionidae Diet,0,0,,WT
UB24SW4,EPA,UB24SW43,N32.89430 W4.91073,32.8943,4.91073,1458,12/31/2015,December,Tenebrionidae Other,0,0,,WT
UB24SW4,EPA,UB24SW44,N32.89437 W4.91123,32.89437,4.91123,1457,12/31/2015,December,Messor,0,0,,WT
UB24SW4,EPA,UB24SW44,N32.89437 W4.91123,32.89437,4.91123,1457,12/31/2015,December,Other,,0.00446,,WT
UB24SW4,EPA,UB24SW44,N32.89437 W4.91123,32.89437,4.91123,1457,12/31/2015,December,Tenebrionidae Diet,0,0,,WT
UB24SW4,EPA,UB24SW44,N32.89437 W4.91123,32.89437,4.91123,1457,12/31/2015,December,Tenebrionidae Other,0,0,,WT
UB24SW5,REG,UB24SW51,N32.90639 W4.89868,32.90639,4.89868,1480,12/31/2015,December,Messor,0,0,,WT
UB24SW5,REG,UB24SW51,N32.90639 W4.89868,32.90639,4.89868,1480,12/31/2015,December,Other,,0.00084,,WT
UB24SW5,REG,UB24SW51,N32.90639 W4.89868,32.90639,4.89868,1480,12/31/2015,December,Tenebrionidae Diet,0,0,,WT
UB24SW5,REG,UB24SW51,N32.90639 W4.89868,32.90639,4.89868,1480,12/31/2015,December,Tenebrionidae Other,0,0,,WT
UB24SW5,REG,UB24SW52,N32.90639 W4.89818,32.90639,4.89818,1479,12/31/2015,December,Messor,0,0,,WT
UB24SW5,REG,UB24SW52,N32.90639 W4.89818,32.90639,4.89818,1479,12/31/2015,December,Other,,0.00331,,WT
UB24SW5,REG,UB24SW52,N32.90639 W4.89818,32.90639,4.89818,1479,12/31/2015,December,Tenebrionidae Diet,0,0,,WT
UB24SW5,REG,UB24SW52,N32.90639 W4.89818,32.90639,4.89818,1479,12/31/2015,December,Tenebrionidae Other,0,0,,WT
UB24SW5,REG,UB24SW53,N32.90596 W4.89816,32.90596,4.89816,1479,12/31/2015,December,Messor,0,0,,WT
UB24SW5,REG,UB24SW53,N32.90596 W4.89816,32.90596,4.89816,1479,12/31/2015,December,Other,,0.00618,,WT
UB24SW5,REG,UB24SW53,N32.90596 W4.89816,32.90596,4.89816,1479,12/31/2015,December,Tenebrionidae Diet,0,0,,WT
UB24SW5,REG,UB24SW53,N32.90596 W4.89816,32.90596,4.89816,1479,12/31/2015,December,Tenebrionidae Other,0,0,,WT
UB24SW5,REG,UB24SW54,N32.90598 W4.89869,32.90598,4.89869,1479,12/31/2015,December,Messor,0,0,,BP
UB24SW5,REG,UB24SW54,N32.90598 W4.89869,32.90598,4.89869,1479,12/31/2015,December,Other,,0.01068,,BP
UB24SW5,REG,UB24SW54,N32.90598 W4.89869,32.90598,4.89869,1479,12/31/2015,December,Tenebrionidae Diet,2,0.09272,,BP
UB24SW5,REG,UB24SW54,N32.90598 W4.89869,32.90598,4.89869,1479,12/31/2015,December,Tenebrionidae Other,0,0,,BP
VB84NW1,REG,VB84NW11,N32.97675 W3.20088,32.97675,3.20088,1678,12/31/2015,December,Messor,3,0.00271,,WT
VB84NW1,REG,VB84NW11,N32.97675 W3.20088,32.97675,3.20088,1678,12/31/2015,December,Other,,0.00214,,WT
VB84NW1,REG,VB84NW11,N32.97675 W3.20088,32.97675,3.20088,1678,12/31/2015,December,Tenebrionidae Diet,2,0.24063,,WT
VB84NW1,REG,VB84NW11,N32.97675 W3.20088,32.97675,3.20088,1678,12/31/2015,December,Tenebrionidae Other,0,0,,WT
VB84NW1,REG,VB84NW12,N32.97648 W3.20057,32.97648,3.20057,1679,12/31/2015,December,Messor,1,0.00102,,WT
VB84NW1,REG,VB84NW12,N32.97648 W3.20057,32.97648,3.20057,1679,12/31/2015,December,Other,,0.00807,,WT
VB84NW1,REG,VB84NW12,N32.97648 W3.20057,32.97648,3.20057,1679,12/31/2015,December,Tenebrionidae Diet,4,0.25027,,WT
VB84NW1,REG,VB84NW12,N32.97648 W3.20057,32.97648,3.20057,1679,12/31/2015,December,Tenebrionidae Other,0,0,,WT
VB84NW1,REG,VB84NW13,N32.97615 W3.20109,32.97615,3.20109,1680,12/31/2015,December,Messor,14,0.02017,,WT
VB84NW1,REG,VB84NW13,N32.97615 W3.20109,32.97615,3.20109,1680,12/31/2015,December,Other,,0.00553,,WT
VB84NW1,REG,VB84NW13,N32.97615 W3.20109,32.97615,3.20109,1680,12/31/2015,December,Tenebrionidae Diet,1,0.12524,,WT
VB84NW1,REG,VB84NW13,N32.97615 W3.20109,32.97615,3.20109,1680,12/31/2015,December,Tenebrionidae Other,0,0,,WT
VB84NW1,REG,VB84NW14,N32.97652 W3.20148,32.97652,3.20148,1678,12/31/2015,December,Messor,0,0,,WT
VB84NW1,REG,VB84NW14,N32.97652 W3.20148,32.97652,3.20148,1678,12/31/2015,December,Other,,0.00351,,WT
VB84NW1,REG,VB84NW14,N32.97652 W3.20148,32.97652,3.20148,1678,12/31/2015,December,Tenebrionidae Diet,1,0.03175,,WT
VB84NW1,REG,VB84NW14,N32.97652 W3.20148,32.97652,3.20148,1678,12/31/2015,December,Tenebrionidae Other,0,0,,WT
VB84NW2,REG,VB84NW21,N32.97704 W3.17403,32.97704,3.17403,1660,12/31/2015,December,Messor,0,0,,WT
VB84NW2,REG,VB84NW21,N32.97704 W3.17403,32.97704,3.17403,1660,12/31/2015,December,Other,,0.01182,,WT
VB84NW2,REG,VB84NW21,N32.97704 W3.17403,32.97704,3.17403,1660,12/31/2015,December,Tenebrionidae Diet,1,0.0788,,WT
VB84NW2,REG,VB84NW21,N32.97704 W3.17403,32.97704,3.17403,1660,12/31/2015,December,Tenebrionidae Other,0,0,,WT
VB84NW2,REG,VB84NW22,N32.97704 W3.17352,32.97704,3.17352,1659,12/31/2015,December,Messor,3,0.002,,WT
VB84NW2,REG,VB84NW22,N32.97704 W3.17352,32.97704,3.17352,1659,12/31/2015,December,Other,,0.01367,,WT
VB84NW2,REG,VB84NW22,N32.97704 W3.17352,32.97704,3.17352,1659,12/31/2015,December,Tenebrionidae Diet,9,0.55446,,WT
VB84NW2,REG,VB84NW22,N32.97704 W3.17352,32.97704,3.17352,1659,12/31/2015,December,Tenebrionidae Other,0,0,,WT
VB84NW2,REG,VB84NW23,N32.97657 W3.17357,32.97657,3.17357,1657,12/31/2015,December,Messor,0,0,,WT
VB84NW2,REG,VB84NW23,N32.97657 W3.17357,32.97657,3.17357,1657,12/31/2015,December,Other,,0.02091,,WT
VB84NW2,REG,VB84NW23,N32.97657 W3.17357,32.97657,3.17357,1657,12/31/2015,December,Tenebrionidae Diet,3,0.29618,,WT
VB84NW2,REG,VB84NW23,N32.97657 W3.17357,32.97657,3.17357,1657,12/31/2015,December,Tenebrionidae Other,0,0,,WT
VB84NW2,REG,VB84NW24,N32.97652 W3.17399,32.97652,3.17399,1659,12/31/2015,December,Messor,0,0,,WT
VB84NW2,REG,VB84NW24,N32.97652 W3.17399,32.97652,3.17399,1659,12/31/2015,December,Other,,0.00503,,WT
VB84NW2,REG,VB84NW24,N32.97652 W3.17399,32.97652,3.17399,1659,12/31/2015,December,Tenebrionidae Diet,4,0.3788,,WT
VB84NW2,REG,VB84NW24,N32.97652 W3.17399,32.97652,3.17399,1659,12/31/2015,December,Tenebrionidae Other,0,0,,WT
VB84NW3,REG,VB84NW31,N32.95861 W3.17567,32.95861,3.17567,1732,12/31/2015,December,Messor,0,0,,WT
VB84NW3,REG,VB84NW31,N32.95861 W3.17567,32.95861,3.17567,1732,12/31/2015,December,Other,,0.01707,,WT
VB84NW3,REG,VB84NW31,N32.95861 W3.17567,32.95861,3.17567,1732,12/31/2015,December,Tenebrionidae Diet,1,0.06838,,WT
VB84NW3,REG,VB84NW31,N32.95861 W3.17567,32.95861,3.17567,1732,12/31/2015,December,Tenebrionidae Other,0,0,,WT
VB84NW3,REG,VB84NW32,N32.95833 W3.17531,32.95833,3.17531,1730,12/31/2015,December,Messor,0,0,,WT
VB84NW3,REG,VB84NW32,N32.95833 W3.17531,32.95833,3.17531,1730,12/31/2015,December,Other,,0.00123,,WT
VB84NW3,REG,VB84NW32,N32.95833 W3.17531,32.95833,3.17531,1730,12/31/2015,December,Tenebrionidae Diet,4,0.33565,,WT
VB84NW3,REG,VB84NW32,N32.95833 W3.17531,32.95833,3.17531,1730,12/31/2015,December,Tenebrionidae Other,0,0,,WT
VB84NW3,REG,VB84NW33,N32.95803 W3.17569,32.95803,3.17569,1729,12/31/2015,December,Messor,1,0.0006,,WT
VB84NW3,REG,VB84NW33,N32.95803 W3.17569,32.95803,3.17569,1729,12/31/2015,December,Other,,0.01706,,WT
VB84NW3,REG,VB84NW33,N32.95803 W3.17569,32.95803,3.17569,1729,12/31/2015,December,Tenebrionidae Diet,3,0.23008,,WT
VB84NW3,REG,VB84NW33,N32.95803 W3.17569,32.95803,3.17569,1729,12/31/2015,December,Tenebrionidae Other,0,0,,WT
VB84NW3,REG,VB84NW34,N32.95832 W3.17605,32.95832,3.17605,1727,12/31/2015,December,Messor,0,0,,WT
VB84NW3,REG,VB84NW34,N32.95832 W3.17605,32.95832,3.17605,1727,12/31/2015,December,Other,,0.00685,,WT
VB84NW3,REG,VB84NW34,N32.95832 W3.17605,32.95832,3.17605,1727,12/31/2015,December,Tenebrionidae Diet,4,0.39806,,WT
VB84NW3,REG,VB84NW34,N32.95832 W3.17605,32.95832,3.17605,1727,12/31/2015,December,Tenebrionidae Other,0,0,,WT
VB84NW4,REG,VB84NW41,N32.95232 W3.19749,32.95232,3.19749,1658,12/31/2015,December,Messor,0,0,,WT
VB84NW4,REG,VB84NW41,N32.95232 W3.19749,32.95232,3.19749,1658,12/31/2015,December,Other,,0.01093,,WT
VB84NW4,REG,VB84NW41,N32.95232 W3.19749,32.95232,3.19749,1658,12/31/2015,December,Tenebrionidae Diet,3,0.32361,,WT
VB84NW4,REG,VB84NW41,N32.95232 W3.19749,32.95232,3.19749,1658,12/31/2015,December,Tenebrionidae Other,0,0,,WT
VB84NW4,REG,VB84NW42,N32.95201 W3.19714,32.95201,3.19714,1658,12/31/2015,December,Messor,,,Jar disappeared,NWT
VB84NW4,REG,VB84NW42,N32.95201 W3.19714,32.95201,3.19714,1658,12/31/2015,December,Other,,,Jar disappeared,NWT
VB84NW4,REG,VB84NW42,N32.95201 W3.19714,32.95201,3.19714,1658,12/31/2015,December,Tenebrionidae Diet,,,Jar disappeared,NWT
VB84NW4,REG,VB84NW42,N32.95201 W3.19714,32.95201,3.19714,1658,12/31/2015,December,Tenebrionidae Other,,,Jar disappeared,NWT
VB84NW4,REG,VB84NW43,N32.95170 W3.19753,32.9517,3.19753,1656,12/31/2015,December,Messor,2,0.00304,,WT
VB84NW4,REG,VB84NW43,N32.95170 W3.19753,32.9517,3.19753,1656,12/31/2015,December,Other,,0.01068,,WT
VB84NW4,REG,VB84NW43,N32.95170 W3.19753,32.9517,3.19753,1656,12/31/2015,December,Tenebrionidae Diet,0,0,,WT
VB84NW4,REG,VB84NW43,N32.95170 W3.19753,32.9517,3.19753,1656,12/31/2015,December,Tenebrionidae Other,0,0,,WT
VB84NW4,REG,VB84NW44,N32.95196 W3.19782,32.95196,3.19782,1656,12/31/2015,December,Messor,3,0.00339,,WT
VB84NW4,REG,VB84NW44,N32.95196 W3.19782,32.95196,3.19782,1656,12/31/2015,December,Other,,0.01591,,WT
VB84NW4,REG,VB84NW44,N32.95196 W3.19782,32.95196,3.19782,1656,12/31/2015,December,Tenebrionidae Diet,8,0.74659,,WT
VB84NW4,REG,VB84NW44,N32.95196 W3.19782,32.95196,3.19782,1656,12/31/2015,December,Tenebrionidae Other,0,0,,WT
VB84NW5,ALF,VB84NW51,N32.96347 W3.19312,32.96347,3.19312,1682,12/31/2015,December,Messor,0,0,,WT
VB84NW5,ALF,VB84NW51,N32.96347 W3.19312,32.96347,3.19312,1682,12/31/2015,December,Other,,0,,WT
VB84NW5,ALF,VB84NW51,N32.96347 W3.19312,32.96347,3.19312,1682,12/31/2015,December,Tenebrionidae Diet,1,0.02577,,WT
VB84NW5,ALF,VB84NW51,N32.96347 W3.19312,32.96347,3.19312,1682,12/31/2015,December,Tenebrionidae Other,0,0,,WT
VB84NW5,ALF,VB84NW52,N32.96342 W3.19273,32.96342,3.19273,1681,12/31/2015,December,Messor,0,0,,WT
VB84NW5,ALF,VB84NW52,N32.96342 W3.19273,32.96342,3.19273,1681,12/31/2015,December,Other,,0.00195,,WT
VB84NW5,ALF,VB84NW52,N32.96342 W3.19273,32.96342,3.19273,1681,12/31/2015,December,Tenebrionidae Diet,0,0,,WT
VB84NW5,ALF,VB84NW52,N32.96342 W3.19273,32.96342,3.19273,1681,12/31/2015,December,Tenebrionidae Other,0,0,,WT
VB84NW5,ALF,VB84NW53,N32.96297 W3.19284,32.96297,3.19284,1686,12/31/2015,December,Messor,0,0,,WT
VB84NW5,ALF,VB84NW53,N32.96297 W3.19284,32.96297,3.19284,1686,12/31/2015,December,Other,,0.00603,,WT
VB84NW5,ALF,VB84NW53,N32.96297 W3.19284,32.96297,3.19284,1686,12/31/2015,December,Tenebrionidae Diet,0,0,,WT
VB84NW5,ALF,VB84NW53,N32.96297 W3.19284,32.96297,3.19284,1686,12/31/2015,December,Tenebrionidae Other,0,0,,WT
VB84NW5,ALF,VB84NW54,N32.96301 W3.19324,32.96301,3.19324,1686,12/31/2015,December,Messor,0,0,,WT
VB84NW5,ALF,VB84NW54,N32.96301 W3.19324,32.96301,3.19324,1686,12/31/2015,December,Other,,0.00103,,WT
VB84NW5,ALF,VB84NW54,N32.96301 W3.19324,32.96301,3.19324,1686,12/31/2015,December,Tenebrionidae Diet,0,0,,WT
VB84NW5,ALF,VB84NW54,N32.96301 W3.19324,32.96301,3.19324,1686,12/31/2015,December,Tenebrionidae Other,0,0,,WT
VC52SE1,REG,VC52SE11,N33.65271 W3.47184,33.65271,3.47184,882,1/1/2016,December,Messor,,,Jar disappeared,NWT
VC52SE1,REG,VC52SE11,N33.65271 W3.47184,33.65271,3.47184,882,1/1/2016,December,Other,,,Jar disappeared,NWT
VC52SE1,REG,VC52SE11,N33.65271 W3.47184,33.65271,3.47184,882,1/1/2016,December,Tenebrionidae Diet,,,Jar disappeared,NWT
VC52SE1,REG,VC52SE11,N33.65271 W3.47184,33.65271,3.47184,882,1/1/2016,December,Tenebrionidae Other,,,Jar disappeared,NWT
VC52SE1,REG,VC52SE12,N33.65269 W3.47128,33.65269,3.47128,883,1/1/2016,December,Messor,0,0,,WT
VC52SE1,REG,VC52SE12,N33.65269 W3.47128,33.65269,3.47128,883,1/1/2016,December,Other,,0.01075,,WT
VC52SE1,REG,VC52SE12,N33.65269 W3.47128,33.65269,3.47128,883,1/1/2016,December,Tenebrionidae Diet,0,0,,WT
VC52SE1,REG,VC52SE12,N33.65269 W3.47128,33.65269,3.47128,883,1/1/2016,December,Tenebrionidae Other,0,0,,WT
VC52SE1,REG,VC52SE13,N33.65225 W3.47128,33.65225,3.47128,881,1/1/2016,December,Messor,,,Jar disappeared,NWT
VC52SE1,REG,VC52SE13,N33.65225 W3.47128,33.65225,3.47128,881,1/1/2016,December,Other,,,Jar disappeared,NWT
VC52SE1,REG,VC52SE13,N33.65225 W3.47128,33.65225,3.47128,881,1/1/2016,December,Tenebrionidae Diet,,,Jar disappeared,NWT
VC52SE1,REG,VC52SE13,N33.65225 W3.47128,33.65225,3.47128,881,1/1/2016,December,Tenebrionidae Other,,,Jar disappeared,NWT
VC52SE1,REG,VC52SE14,N33.65227 W3.47178,33.65227,3.47178,879,1/1/2016,December,Messor,0,0,,WT
VC52SE1,REG,VC52SE14,N33.65227 W3.47178,33.65227,3.47178,879,1/1/2016,December,Other,,0.00176,,WT
VC52SE1,REG,VC52SE14,N33.65227 W3.47178,33.65227,3.47178,879,1/1/2016,December,Tenebrionidae Diet,0,0,,WT
VC52SE1,REG,VC52SE14,N33.65227 W3.47178,33.65227,3.47178,879,1/1/2016,December,Tenebrionidae Other,0,0,,WT
VC52SE2,REG,VC52SE21,N33.65283 W3.44492,33.65283,3.44492,808,1/1/2016,December,Messor,0,0,,WT
VC52SE2,REG,VC52SE21,N33.65283 W3.44492,33.65283,3.44492,808,1/1/2016,December,Other,,0.002,,WT
VC52SE2,REG,VC52SE21,N33.65283 W3.44492,33.65283,3.44492,808,1/1/2016,December,Tenebrionidae Diet,0,0,,WT
VC52SE2,REG,VC52SE21,N33.65283 W3.44492,33.65283,3.44492,808,1/1/2016,December,Tenebrionidae Other,0,0,,WT
VC52SE2,REG,VC52SE22,N33.65254 W3.44450,33.65254,3.4445,805,1/1/2016,December,Messor,0,0,,WT
VC52SE2,REG,VC52SE22,N33.65254 W3.44450,33.65254,3.4445,805,1/1/2016,December,Other,,0.00325,,WT
VC52SE2,REG,VC52SE22,N33.65254 W3.44450,33.65254,3.4445,805,1/1/2016,December,Tenebrionidae Diet,1,0.03641,,WT
VC52SE2,REG,VC52SE22,N33.65254 W3.44450,33.65254,3.4445,805,1/1/2016,December,Tenebrionidae Other,0,0,,WT
VC52SE2,REG,VC52SE23,N33.65221 W3.44480,33.65221,3.4448,809,1/1/2016,December,Messor,3,0.0158,,WT
VC52SE2,REG,VC52SE23,N33.65221 W3.44480,33.65221,3.4448,809,1/1/2016,December,Other,,0,,WT
VC52SE2,REG,VC52SE23,N33.65221 W3.44480,33.65221,3.4448,809,1/1/2016,December,Tenebrionidae Diet,1,0.02569,,WT
VC52SE2,REG,VC52SE23,N33.65221 W3.44480,33.65221,3.4448,809,1/1/2016,December,Tenebrionidae Other,0,0,,WT
VC52SE2,REG,VC52SE24,N33.65246 W3.44524,33.65246,3.44524,807,1/1/2016,December,Messor,0,0,,BP
VC52SE2,REG,VC52SE24,N33.65246 W3.44524,33.65246,3.44524,807,1/1/2016,December,Other,,0.00874,,BP
VC52SE2,REG,VC52SE24,N33.65246 W3.44524,33.65246,3.44524,807,1/1/2016,December,Tenebrionidae Diet,2,0.06868,,BP
VC52SE2,REG,VC52SE24,N33.65246 W3.44524,33.65246,3.44524,807,1/1/2016,December,Tenebrionidae Other,0,0,,BP
VC52SE3,REG,VC52SE31,N33.63023 W3.44488,33.63023,3.44488,866,1/1/2016,December,Messor,0,0,,WT
VC52SE3,REG,VC52SE31,N33.63023 W3.44488,33.63023,3.44488,866,1/1/2016,December,Other,,0.00255,,WT
VC52SE3,REG,VC52SE31,N33.63023 W3.44488,33.63023,3.44488,866,1/1/2016,December,Tenebrionidae Diet,0,0,,WT
VC52SE3,REG,VC52SE31,N33.63023 W3.44488,33.63023,3.44488,866,1/1/2016,December,Tenebrionidae Other,0,0,,WT
VC52SE3,REG,VC52SE32,N33.62979 W3.44484,33.62979,3.44484,866,1/1/2016,December,Messor,0,0,,WT
VC52SE3,REG,VC52SE32,N33.62979 W3.44484,33.62979,3.44484,866,1/1/2016,December,Other,,0.00515,,WT
VC52SE3,REG,VC52SE32,N33.62979 W3.44484,33.62979,3.44484,866,1/1/2016,December,Tenebrionidae Diet,0,0,,WT
VC52SE3,REG,VC52SE32,N33.62979 W3.44484,33.62979,3.44484,866,1/1/2016,December,Tenebrionidae Other,0,0,,WT
VC52SE3,REG,VC52SE33,N33.62976 W3.44534,33.62976,3.44534,862,1/1/2016,December,Messor,0,0,,WT
VC52SE3,REG,VC52SE33,N33.62976 W3.44534,33.62976,3.44534,862,1/1/2016,December,Other,,0.00153,,WT
VC52SE3,REG,VC52SE33,N33.62976 W3.44534,33.62976,3.44534,862,1/1/2016,December,Tenebrionidae Diet,0,0,,WT
VC52SE3,REG,VC52SE33,N33.62976 W3.44534,33.62976,3.44534,862,1/1/2016,December,Tenebrionidae Other,0,0,,WT
VC52SE3,REG,VC52SE34,N33.63011 W3.44535,33.63011,3.44535,861,1/1/2016,December,Messor,0,0,,WT
VC52SE3,REG,VC52SE34,N33.63011 W3.44535,33.63011,3.44535,861,1/1/2016,December,Other,,0.00171,,WT
VC52SE3,REG,VC52SE34,N33.63011 W3.44535,33.63011,3.44535,861,1/1/2016,December,Tenebrionidae Diet,0,0,,WT
VC52SE3,REG,VC52SE34,N33.63011 W3.44535,33.63011,3.44535,861,1/1/2016,December,Tenebrionidae Other,0,0,,WT
VC52SE4,REG,VC52SE41,N33.63016 W3.47177,33.63016,3.47177,838,1/1/2016,December,Messor,0,0,,WT
VC52SE4,REG,VC52SE41,N33.63016 W3.47177,33.63016,3.47177,838,1/1/2016,December,Other,,0.00267,,WT
VC52SE4,REG,VC52SE41,N33.63016 W3.47177,33.63016,3.47177,838,1/1/2016,December,Tenebrionidae Diet,1,0.03192,,WT
VC52SE4,REG,VC52SE41,N33.63016 W3.47177,33.63016,3.47177,838,1/1/2016,December,Tenebrionidae Other,0,0,,WT
VC52SE4,REG,VC52SE42,N33.62994 W3.47131,33.62994,3.47131,838,1/1/2016,December,Messor,0,0,,WT
VC52SE4,REG,VC52SE42,N33.62994 W3.47131,33.62994,3.47131,838,1/1/2016,December,Other,,0.00257,,WT
VC52SE4,REG,VC52SE42,N33.62994 W3.47131,33.62994,3.47131,838,1/1/2016,December,Tenebrionidae Diet,0,0,,WT
VC52SE4,REG,VC52SE42,N33.62994 W3.47131,33.62994,3.47131,838,1/1/2016,December,Tenebrionidae Other,0,0,,WT
VC52SE4,REG,VC52SE43,N33.62957 W3.47155,33.62957,3.47155,835,1/1/2016,December,Messor,0,0,,WT
VC52SE4,REG,VC52SE43,N33.62957 W3.47155,33.62957,3.47155,835,1/1/2016,December,Other,,0.00636,,WT
VC52SE4,REG,VC52SE43,N33.62957 W3.47155,33.62957,3.47155,835,1/1/2016,December,Tenebrionidae Diet,0,0,,WT
VC52SE4,REG,VC52SE43,N33.62957 W3.47155,33.62957,3.47155,835,1/1/2016,December,Tenebrionidae Other,0,0,,WT
VC52SE4,REG,VC52SE44,N33.62980 W3.47203,33.6298,3.47203,835,1/1/2016,December,Messor,0,0,,WT
VC52SE4,REG,VC52SE44,N33.62980 W3.47203,33.6298,3.47203,835,1/1/2016,December,Other,,0.00183,,WT
VC52SE4,REG,VC52SE44,N33.62980 W3.47203,33.6298,3.47203,835,1/1/2016,December,Tenebrionidae Diet,0,0,,WT
VC52SE4,REG,VC52SE44,N33.62980 W3.47203,33.6298,3.47203,835,1/1/2016,December,Tenebrionidae Other,0,0,,WT
VC52SE5,REG,VC52SE51,N33.64152 W3.45841,33.64152,3.45841,843,1/1/2016,December,Messor,0,0,,WT
VC52SE5,REG,VC52SE51,N33.64152 W3.45841,33.64152,3.45841,843,1/1/2016,December,Other,,0.00395,,WT
VC52SE5,REG,VC52SE51,N33.64152 W3.45841,33.64152,3.45841,843,1/1/2016,December,Tenebrionidae Diet,0,0,,WT
VC52SE5,REG,VC52SE51,N33.64152 W3.45841,33.64152,3.45841,843,1/1/2016,December,Tenebrionidae Other,0,0,,WT
VC52SE5,REG,VC52SE52,N33.64138 W3.45794,33.64138,3.45794,840,1/1/2016,December,Messor,0,0,,WT
VC52SE5,REG,VC52SE52,N33.64138 W3.45794,33.64138,3.45794,840,1/1/2016,December,Other,,0.00154,,WT
VC52SE5,REG,VC52SE52,N33.64138 W3.45794,33.64138,3.45794,840,1/1/2016,December,Tenebrionidae Diet,0,0,,WT
VC52SE5,REG,VC52SE52,N33.64138 W3.45794,33.64138,3.45794,840,1/1/2016,December,Tenebrionidae Other,0,0,,WT
VC52SE5,REG,VC52SE53,N33.64042 W3.45809,33.64042,3.45809,840,1/1/2016,December,Messor,0,0,,WT
VC52SE5,REG,VC52SE53,N33.64042 W3.45809,33.64042,3.45809,840,1/1/2016,December,Other,,0.01826,,WT
VC52SE5,REG,VC52SE53,N33.64042 W3.45809,33.64042,3.45809,840,1/1/2016,December,Tenebrionidae Diet,0,0,,WT
VC52SE5,REG,VC52SE53,N33.64042 W3.45809,33.64042,3.45809,840,1/1/2016,December,Tenebrionidae Other,0,0,,WT
VC52SE5,REG,VC52SE54,N33.64053 W3.45853,33.64053,3.45853,840,1/1/2016,December,Messor,0,0,,WT
VC52SE5,REG,VC52SE54,N33.64053 W3.45853,33.64053,3.45853,840,1/1/2016,December,Other,,0.0012,,WT
VC52SE5,REG,VC52SE54,N33.64053 W3.45853,33.64053,3.45853,840,1/1/2016,December,Tenebrionidae Diet,0,0,,WT
VC52SE5,REG,VC52SE54,N33.64053 W3.45853,33.64053,3.45853,840,1/1/2016,December,Tenebrionidae Other,0,0,,WT
WC43NE1,EPA,WC43NE11,N33.78798 W2.50083,33.78798,2.50083,1103,10/26/2015,December,Messor,,,inaccessible station,NWT
WC43NE1,EPA,WC43NE11,N33.78798 W2.50083,33.78798,2.50083,1103,10/26/2015,December,Other,,,inaccessible station,NWT
WC43NE1,EPA,WC43NE11,N33.78798 W2.50083,33.78798,2.50083,1103,10/26/2015,December,Tenebrionidae Diet,,,inaccessible station,NWT
WC43NE1,EPA,WC43NE11,N33.78798 W2.50083,33.78798,2.50083,1103,10/26/2015,December,Tenebrionidae Other,,,inaccessible station,NWT
WC43NE1,EPA,WC43NE12,N33.78839 W2.50066,33.78839,2.50066,1111,10/26/2015,December,Messor,,,inaccessible station,NWT
WC43NE1,EPA,WC43NE12,N33.78839 W2.50066,33.78839,2.50066,1111,10/26/2015,December,Other,,,inaccessible station,NWT
WC43NE1,EPA,WC43NE12,N33.78839 W2.50066,33.78839,2.50066,1111,10/26/2015,December,Tenebrionidae Diet,,,inaccessible station,NWT
WC43NE1,EPA,WC43NE12,N33.78839 W2.50066,33.78839,2.50066,1111,10/26/2015,December,Tenebrionidae Other,,,inaccessible station,NWT
WC43NE1,EPA,WC43NE13,N33.78823 W2.50020,33.78823,2.5002,1111,10/26/2015,December,Messor,,,inaccessible station,NWT
WC43NE1,EPA,WC43NE13,N33.78823 W2.50020,33.78823,2.5002,1111,10/26/2015,December,Other,,,inaccessible station,NWT
WC43NE1,EPA,WC43NE13,N33.78823 W2.50020,33.78823,2.5002,1111,10/26/2015,December,Tenebrionidae Diet,,,inaccessible station,NWT
WC43NE1,EPA,WC43NE13,N33.78823 W2.50020,33.78823,2.5002,1111,10/26/2015,December,Tenebrionidae Other,,,inaccessible station,NWT
WC43NE1,EPA,WC43NE14,N33.78777 W2.50032,33.78777,2.50032,1109,10/26/2015,December,Messor,,,inaccessible station,NWT
WC43NE1,EPA,WC43NE14,N33.78777 W2.50032,33.78777,2.50032,1109,10/26/2015,December,Other,,,inaccessible station,NWT
WC43NE1,EPA,WC43NE14,N33.78777 W2.50032,33.78777,2.50032,1109,10/26/2015,December,Tenebrionidae Diet,,,inaccessible station,NWT
WC43NE1,EPA,WC43NE14,N33.78777 W2.50032,33.78777,2.50032,1109,10/26/2015,December,Tenebrionidae Other,,,inaccessible station,NWT
WC43NE2,EPA,WC43NE21,N33.78770 W2.47344,33.7877,2.47344,1109,10/26/2015,December,Messor,,,inaccessible station,NWT
WC43NE2,EPA,WC43NE21,N33.78770 W2.47344,33.7877,2.47344,1109,10/26/2015,December,Other,,,inaccessible station,NWT
WC43NE2,EPA,WC43NE21,N33.78770 W2.47344,33.7877,2.47344,1109,10/26/2015,December,Tenebrionidae Diet,,,inaccessible station,NWT
WC43NE2,EPA,WC43NE21,N33.78770 W2.47344,33.7877,2.47344,1109,10/26/2015,December,Tenebrionidae Other,,,inaccessible station,NWT
WC43NE2,EPA,WC43NE22,N33.78794 W2.47300,33.78794,2.473,1111,10/26/2015,December,Messor,,,inaccessible station,NWT
WC43NE2,EPA,WC43NE22,N33.78794 W2.47300,33.78794,2.473,1111,10/26/2015,December,Other,,,inaccessible station,NWT
WC43NE2,EPA,WC43NE22,N33.78794 W2.47300,33.78794,2.473,1111,10/26/2015,December,Tenebrionidae Diet,,,inaccessible station,NWT
WC43NE2,EPA,WC43NE22,N33.78794 W2.47300,33.78794,2.473,1111,10/26/2015,December,Tenebrionidae Other,,,inaccessible station,NWT
WC43NE2,EPA,WC43NE23,N33.78760 W2.47270,33.7876,2.4727,1108,10/26/2015,December,Messor,,,inaccessible station,NWT
WC43NE2,EPA,WC43NE23,N33.78760 W2.47270,33.7876,2.4727,1108,10/26/2015,December,Other,,,inaccessible station,NWT
WC43NE2,EPA,WC43NE23,N33.78760 W2.47270,33.7876,2.4727,1108,10/26/2015,December,Tenebrionidae Diet,,,inaccessible station,NWT
WC43NE2,EPA,WC43NE23,N33.78760 W2.47270,33.7876,2.4727,1108,10/26/2015,December,Tenebrionidae Other,,,inaccessible station,NWT
WC43NE2,EPA,WC43NE24,N33.78729 W2.47314,33.78729,2.47314,1107,10/26/2015,December,Messor,,,inaccessible station,NWT
WC43NE2,EPA,WC43NE24,N33.78729 W2.47314,33.78729,2.47314,1107,10/26/2015,December,Other,,,inaccessible station,NWT
WC43NE2,EPA,WC43NE24,N33.78729 W2.47314,33.78729,2.47314,1107,10/26/2015,December,Tenebrionidae Diet,,,inaccessible station,NWT
WC43NE2,EPA,WC43NE24,N33.78729 W2.47314,33.78729,2.47314,1107,10/26/2015,December,Tenebrionidae Other,,,inaccessible station,NWT
WC43NE3,EPA,WC43NE31,N33.76496 W2.47338,33.76496,2.47338,1102,10/26/2015,December,Messor,,,inaccessible station,NWT
WC43NE3,EPA,WC43NE31,N33.76496 W2.47338,33.76496,2.47338,1102,10/26/2015,December,Other,,,inaccessible station,NWT
WC43NE3,EPA,WC43NE31,N33.76496 W2.47338,33.76496,2.47338,1102,10/26/2015,December,Tenebrionidae Diet,,,inaccessible station,NWT
WC43NE3,EPA,WC43NE31,N33.76496 W2.47338,33.76496,2.47338,1102,10/26/2015,December,Tenebrionidae Other,,,inaccessible station,NWT
WC43NE3,EPA,WC43NE32,N33.76515 W2.47290,33.76515,2.4729,1098,10/26/2015,December,Messor,,,inaccessible station,NWT
WC43NE3,EPA,WC43NE32,N33.76515 W2.47290,33.76515,2.4729,1098,10/26/2015,December,Other,,,inaccessible station,NWT
WC43NE3,EPA,WC43NE32,N33.76515 W2.47290,33.76515,2.4729,1098,10/26/2015,December,Tenebrionidae Diet,,,inaccessible station,NWT
WC43NE3,EPA,WC43NE32,N33.76515 W2.47290,33.76515,2.4729,1098,10/26/2015,December,Tenebrionidae Other,,,inaccessible station,NWT
WC43NE3,EPA,WC43NE33,N33.76476 W2.47265,33.76476,2.47265,1097,10/26/2015,December,Messor,,,inaccessible station,NWT
WC43NE3,EPA,WC43NE33,N33.76476 W2.47265,33.76476,2.47265,1097,10/26/2015,December,Other,,,inaccessible station,NWT
WC43NE3,EPA,WC43NE33,N33.76476 W2.47265,33.76476,2.47265,1097,10/26/2015,December,Tenebrionidae Diet,,,inaccessible station,NWT
WC43NE3,EPA,WC43NE33,N33.76476 W2.47265,33.76476,2.47265,1097,10/26/2015,December,Tenebrionidae Other,,,inaccessible station,NWT
WC43NE3,EPA,WC43NE34,N33.76471 W2.47290,33.76471,2.4729,1097,10/26/2015,December,Messor,,,inaccessible station,NWT
WC43NE3,EPA,WC43NE34,N33.76471 W2.47290,33.76471,2.4729,1097,10/26/2015,December,Other,,,inaccessible station,NWT
WC43NE3,EPA,WC43NE34,N33.76471 W2.47290,33.76471,2.4729,1097,10/26/2015,December,Tenebrionidae Diet,,,inaccessible station,NWT
WC43NE3,EPA,WC43NE34,N33.76471 W2.47290,33.76471,2.4729,1097,10/26/2015,December,Tenebrionidae Other,,,inaccessible station,NWT
WC43NE4,EPA,WC43NE41,N33.76519 W2.50103,33.76519,2.50103,1112,10/26/2015,December,Messor,,,inaccessible station,NWT
WC43NE4,EPA,WC43NE41,N33.76519 W2.50103,33.76519,2.50103,1112,10/26/2015,December,Other,,,inaccessible station,NWT
WC43NE4,EPA,WC43NE41,N33.76519 W2.50103,33.76519,2.50103,1112,10/26/2015,December,Tenebrionidae Diet,,,inaccessible station,NWT
WC43NE4,EPA,WC43NE41,N33.76519 W2.50103,33.76519,2.50103,1112,10/26/2015,December,Tenebrionidae Other,,,inaccessible station,NWT
WC43NE4,EPA,WC43NE42,N33.76501 W2.50045,33.76501,2.50045,1111,10/26/2015,December,Messor,,,inaccessible station,NWT
WC43NE4,EPA,WC43NE42,N33.76501 W2.50045,33.76501,2.50045,1111,10/26/2015,December,Other,,,inaccessible station,NWT
WC43NE4,EPA,WC43NE42,N33.76501 W2.50045,33.76501,2.50045,1111,10/26/2015,December,Tenebrionidae Diet,,,inaccessible station,NWT
WC43NE4,EPA,WC43NE42,N33.76501 W2.50045,33.76501,2.50045,1111,10/26/2015,December,Tenebrionidae Other,,,inaccessible station,NWT
WC43NE4,EPA,WC43NE43,N33.76452 W2.50048,33.76452,2.50048,1109,10/26/2015,December,Messor,,,inaccessible station,NWT
WC43NE4,EPA,WC43NE43,N33.76452 W2.50048,33.76452,2.50048,1109,10/26/2015,December,Other,,,inaccessible station,NWT
WC43NE4,EPA,WC43NE43,N33.76452 W2.50048,33.76452,2.50048,1109,10/26/2015,December,Tenebrionidae Diet,,,inaccessible station,NWT
WC43NE4,EPA,WC43NE43,N33.76452 W2.50048,33.76452,2.50048,1109,10/26/2015,December,Tenebrionidae Other,,,inaccessible station,NWT
WC43NE4,EPA,WC43NE44,N33.76458 W2.50103,33.76458,2.50103,1107,10/26/2015,December,Messor,,,inaccessible station,NWT
WC43NE4,EPA,WC43NE44,N33.76458 W2.50103,33.76458,2.50103,1107,10/26/2015,December,Other,,,inaccessible station,NWT
WC43NE4,EPA,WC43NE44,N33.76458 W2.50103,33.76458,2.50103,1107,10/26/2015,December,Tenebrionidae Diet,,,inaccessible station,NWT
WC43NE4,EPA,WC43NE44,N33.76458 W2.50103,33.76458,2.50103,1107,10/26/2015,December,Tenebrionidae Other,,,inaccessible station,NWT
WC43NE5,EPA,WC43NE51,N33.77239 W2.48479,33.77239,2.48479,1111,10/26/2015,December,Messor,,,inaccessible station,NWT
WC43NE5,EPA,WC43NE51,N33.77239 W2.48479,33.77239,2.48479,1111,10/26/2015,December,Other,,,inaccessible station,NWT
WC43NE5,EPA,WC43NE51,N33.77239 W2.48479,33.77239,2.48479,1111,10/26/2015,December,Tenebrionidae Diet,,,inaccessible station,NWT
WC43NE5,EPA,WC43NE51,N33.77239 W2.48479,33.77239,2.48479,1111,10/26/2015,December,Tenebrionidae Other,,,inaccessible station,NWT
WC43NE5,EPA,WC43NE52,N33.77233 W2.48429,33.77233,2.48429,1110,10/26/2015,December,Messor,,,inaccessible station,NWT
WC43NE5,EPA,WC43NE52,N33.77233 W2.48429,33.77233,2.48429,1110,10/26/2015,December,Other,,,inaccessible station,NWT
WC43NE5,EPA,WC43NE52,N33.77233 W2.48429,33.77233,2.48429,1110,10/26/2015,December,Tenebrionidae Diet,,,inaccessible station,NWT
WC43NE5,EPA,WC43NE52,N33.77233 W2.48429,33.77233,2.48429,1110,10/26/2015,December,Tenebrionidae Other,,,inaccessible station,NWT
WC43NE5,EPA,WC43NE53,N33.77191 W2.48434,33.77191,2.48434,1109,10/26/2015,December,Messor,,,inaccessible station,NWT
WC43NE5,EPA,WC43NE53,N33.77191 W2.48434,33.77191,2.48434,1109,10/26/2015,December,Other,,,inaccessible station,NWT
WC43NE5,EPA,WC43NE53,N33.77191 W2.48434,33.77191,2.48434,1109,10/26/2015,December,Tenebrionidae Diet,,,inaccessible station,NWT
WC43NE5,EPA,WC43NE53,N33.77191 W2.48434,33.77191,2.48434,1109,10/26/2015,December,Tenebrionidae Other,,,inaccessible station,NWT
WC43NE5,EPA,WC43NE54,N33.77197 W2.48498,33.77197,2.48498,1112,10/26/2015,December,Messor,,,inaccessible station,NWT
WC43NE5,EPA,WC43NE54,N33.77197 W2.48498,33.77197,2.48498,1112,10/26/2015,December,Other,,,inaccessible station,NWT
WC43NE5,EPA,WC43NE54,N33.77197 W2.48498,33.77197,2.48498,1112,10/26/2015,December,Tenebrionidae Diet,,,inaccessible station,NWT
WC43NE5,EPA,WC43NE54,N33.77197 W2.48498,33.77197,2.48498,1112,10/26/2015,December,Tenebrionidae Other,,,inaccessible station,NWT
WC43NE1,EPA,WC43NE11,N33.78798 W2.50083,33.78798,2.50083,1103,11/2/2015,December,Messor,,,inaccessible station,NWT
WC43NE1,EPA,WC43NE11,N33.78798 W2.50083,33.78798,2.50083,1103,11/2/2015,December,Other,,,inaccessible station,NWT
WC43NE1,EPA,WC43NE11,N33.78798 W2.50083,33.78798,2.50083,1103,11/2/2015,December,Tenebrionidae Diet,,,inaccessible station,NWT
WC43NE1,EPA,WC43NE11,N33.78798 W2.50083,33.78798,2.50083,1103,11/2/2015,December,Tenebrionidae Other,,,inaccessible station,NWT
WC43NE1,EPA,WC43NE12,N33.78839 W2.50066,33.78839,2.50066,1111,11/2/2015,December,Messor,,,inaccessible station,NWT
WC43NE1,EPA,WC43NE12,N33.78839 W2.50066,33.78839,2.50066,1111,11/2/2015,December,Other,,,inaccessible station,NWT
WC43NE1,EPA,WC43NE12,N33.78839 W2.50066,33.78839,2.50066,1111,11/2/2015,December,Tenebrionidae Diet,,,inaccessible station,NWT
WC43NE1,EPA,WC43NE12,N33.78839 W2.50066,33.78839,2.50066,1111,11/2/2015,December,Tenebrionidae Other,,,inaccessible station,NWT
WC43NE1,EPA,WC43NE13,N33.78823 W2.50020,33.78823,2.5002,1111,11/2/2015,December,Messor,,,inaccessible station,NWT
WC43NE1,EPA,WC43NE13,N33.78823 W2.50020,33.78823,2.5002,1111,11/2/2015,December,Other,,,inaccessible station,NWT
WC43NE1,EPA,WC43NE13,N33.78823 W2.50020,33.78823,2.5002,1111,11/2/2015,December,Tenebrionidae Diet,,,inaccessible station,NWT
WC43NE1,EPA,WC43NE13,N33.78823 W2.50020,33.78823,2.5002,1111,11/2/2015,December,Tenebrionidae Other,,,inaccessible station,NWT
WC43NE1,EPA,WC43NE14,N33.78777 W2.50032,33.78777,2.50032,1109,11/2/2015,December,Messor,,,inaccessible station,NWT
WC43NE1,EPA,WC43NE14,N33.78777 W2.50032,33.78777,2.50032,1109,11/2/2015,December,Other,,,inaccessible station,NWT
WC43NE1,EPA,WC43NE14,N33.78777 W2.50032,33.78777,2.50032,1109,11/2/2015,December,Tenebrionidae Diet,,,inaccessible station,NWT
WC43NE1,EPA,WC43NE14,N33.78777 W2.50032,33.78777,2.50032,1109,11/2/2015,December,Tenebrionidae Other,,,inaccessible station,NWT
WC43NE2,EPA,WC43NE21,N33.78770 W2.47344,33.7877,2.47344,1109,11/2/2015,December,Messor,,,inaccessible station,NWT
WC43NE2,EPA,WC43NE21,N33.78770 W2.47344,33.7877,2.47344,1109,11/2/2015,December,Other,,,inaccessible station,NWT
WC43NE2,EPA,WC43NE21,N33.78770 W2.47344,33.7877,2.47344,1109,11/2/2015,December,Tenebrionidae Diet,,,inaccessible station,NWT
WC43NE2,EPA,WC43NE21,N33.78770 W2.47344,33.7877,2.47344,1109,11/2/2015,December,Tenebrionidae Other,,,inaccessible station,NWT
WC43NE2,EPA,WC43NE22,N33.78794 W2.47300,33.78794,2.473,1111,11/2/2015,December,Messor,,,inaccessible station,NWT
WC43NE2,EPA,WC43NE22,N33.78794 W2.47300,33.78794,2.473,1111,11/2/2015,December,Other,,,inaccessible station,NWT
WC43NE2,EPA,WC43NE22,N33.78794 W2.47300,33.78794,2.473,1111,11/2/2015,December,Tenebrionidae Diet,,,inaccessible station,NWT
WC43NE2,EPA,WC43NE22,N33.78794 W2.47300,33.78794,2.473,1111,11/2/2015,December,Tenebrionidae Other,,,inaccessible station,NWT
WC43NE2,EPA,WC43NE23,N33.78760 W2.47270,33.7876,2.4727,1108,11/2/2015,December,Messor,,,inaccessible station,NWT
WC43NE2,EPA,WC43NE23,N33.78760 W2.47270,33.7876,2.4727,1108,11/2/2015,December,Other,,,inaccessible station,NWT
WC43NE2,EPA,WC43NE23,N33.78760 W2.47270,33.7876,2.4727,1108,11/2/2015,December,Tenebrionidae Diet,,,inaccessible station,NWT
WC43NE2,EPA,WC43NE23,N33.78760 W2.47270,33.7876,2.4727,1108,11/2/2015,December,Tenebrionidae Other,,,inaccessible station,NWT
WC43NE2,EPA,WC43NE24,N33.78729 W2.47314,33.78729,2.47314,1107,11/2/2015,December,Messor,,,inaccessible station,NWT
WC43NE2,EPA,WC43NE24,N33.78729 W2.47314,33.78729,2.47314,1107,11/2/2015,December,Other,,,inaccessible station,NWT
WC43NE2,EPA,WC43NE24,N33.78729 W2.47314,33.78729,2.47314,1107,11/2/2015,December,Tenebrionidae Diet,,,inaccessible station,NWT
WC43NE2,EPA,WC43NE24,N33.78729 W2.47314,33.78729,2.47314,1107,11/2/2015,December,Tenebrionidae Other,,,inaccessible station,NWT
WC43NE3,EPA,WC43NE31,N33.76496 W2.47338,33.76496,2.47338,1102,11/2/2015,December,Messor,,,inaccessible station,NWT
WC43NE3,EPA,WC43NE31,N33.76496 W2.47338,33.76496,2.47338,1102,11/2/2015,December,Other,,,inaccessible station,NWT
WC43NE3,EPA,WC43NE31,N33.76496 W2.47338,33.76496,2.47338,1102,11/2/2015,December,Tenebrionidae Diet,,,inaccessible station,NWT
WC43NE3,EPA,WC43NE31,N33.76496 W2.47338,33.76496,2.47338,1102,11/2/2015,December,Tenebrionidae Other,,,inaccessible station,NWT
WC43NE3,EPA,WC43NE32,N33.76515 W2.47290,33.76515,2.4729,1098,11/2/2015,December,Messor,,,inaccessible station,NWT
WC43NE3,EPA,WC43NE32,N33.76515 W2.47290,33.76515,2.4729,1098,11/2/2015,December,Other,,,inaccessible station,NWT
WC43NE3,EPA,WC43NE32,N33.76515 W2.47290,33.76515,2.4729,1098,11/2/2015,December,Tenebrionidae Diet,,,inaccessible station,NWT
WC43NE3,EPA,WC43NE32,N33.76515 W2.47290,33.76515,2.4729,1098,11/2/2015,December,Tenebrionidae Other,,,inaccessible station,NWT
WC43NE3,EPA,WC43NE33,N33.76476 W2.47265,33.76476,2.47265,1097,11/2/2015,December,Messor,,,inaccessible station,NWT
WC43NE3,EPA,WC43NE33,N33.76476 W2.47265,33.76476,2.47265,1097,11/2/2015,December,Other,,,inaccessible station,NWT
WC43NE3,EPA,WC43NE33,N33.76476 W2.47265,33.76476,2.47265,1097,11/2/2015,December,Tenebrionidae Diet,,,inaccessible station,NWT
WC43NE3,EPA,WC43NE33,N33.76476 W2.47265,33.76476,2.47265,1097,11/2/2015,December,Tenebrionidae Other,,,inaccessible station,NWT
WC43NE3,EPA,WC43NE34,N33.76471 W2.47290,33.76471,2.4729,1097,11/2/2015,December,Messor,,,inaccessible station,NWT
WC43NE3,EPA,WC43NE34,N33.76471 W2.47290,33.76471,2.4729,1097,11/2/2015,December,Other,,,inaccessible station,NWT
WC43NE3,EPA,WC43NE34,N33.76471 W2.47290,33.76471,2.4729,1097,11/2/2015,December,Tenebrionidae Diet,,,inaccessible station,NWT
WC43NE3,EPA,WC43NE34,N33.76471 W2.47290,33.76471,2.4729,1097,11/2/2015,December,Tenebrionidae Other,,,inaccessible station,NWT
WC43NE4,EPA,WC43NE41,N33.76519 W2.50103,33.76519,2.50103,1112,11/2/2015,December,Messor,,,inaccessible station,NWT
WC43NE4,EPA,WC43NE41,N33.76519 W2.50103,33.76519,2.50103,1112,11/2/2015,December,Other,,,inaccessible station,NWT
WC43NE4,EPA,WC43NE41,N33.76519 W2.50103,33.76519,2.50103,1112,11/2/2015,December,Tenebrionidae Diet,,,inaccessible station,NWT
WC43NE4,EPA,WC43NE41,N33.76519 W2.50103,33.76519,2.50103,1112,11/2/2015,December,Tenebrionidae Other,,,inaccessible station,NWT
WC43NE4,EPA,WC43NE42,N33.76501 W2.50045,33.76501,2.50045,1111,11/2/2015,December,Messor,,,inaccessible station,NWT
WC43NE4,EPA,WC43NE42,N33.76501 W2.50045,33.76501,2.50045,1111,11/2/2015,December,Other,,,inaccessible station,NWT
WC43NE4,EPA,WC43NE42,N33.76501 W2.50045,33.76501,2.50045,1111,11/2/2015,December,Tenebrionidae Diet,,,inaccessible station,NWT
WC43NE4,EPA,WC43NE42,N33.76501 W2.50045,33.76501,2.50045,1111,11/2/2015,December,Tenebrionidae Other,,,inaccessible station,NWT
WC43NE4,EPA,WC43NE43,N33.76452 W2.50048,33.76452,2.50048,1109,11/2/2015,December,Messor,,,inaccessible station,NWT
WC43NE4,EPA,WC43NE43,N33.76452 W2.50048,33.76452,2.50048,1109,11/2/2015,December,Other,,,inaccessible station,NWT
WC43NE4,EPA,WC43NE43,N33.76452 W2.50048,33.76452,2.50048,1109,11/2/2015,December,Tenebrionidae Diet,,,inaccessible station,NWT
WC43NE4,EPA,WC43NE43,N33.76452 W2.50048,33.76452,2.50048,1109,11/2/2015,December,Tenebrionidae Other,,,inaccessible station,NWT
WC43NE4,EPA,WC43NE44,N33.76458 W2.50103,33.76458,2.50103,1107,11/2/2015,December,Messor,,,inaccessible station,NWT
WC43NE4,EPA,WC43NE44,N33.76458 W2.50103,33.76458,2.50103,1107,11/2/2015,December,Other,,,inaccessible station,NWT
WC43NE4,EPA,WC43NE44,N33.76458 W2.50103,33.76458,2.50103,1107,11/2/2015,December,Tenebrionidae Diet,,,inaccessible station,NWT
WC43NE4,EPA,WC43NE44,N33.76458 W2.50103,33.76458,2.50103,1107,11/2/2015,December,Tenebrionidae Other,,,inaccessible station,NWT
WC43NE5,EPA,WC43NE51,N33.77239 W2.48479,33.77239,2.48479,1111,11/2/2015,December,Messor,,,inaccessible station,NWT
WC43NE5,EPA,WC43NE51,N33.77239 W2.48479,33.77239,2.48479,1111,11/2/2015,December,Other,,,inaccessible station,NWT
WC43NE5,EPA,WC43NE51,N33.77239 W2.48479,33.77239,2.48479,1111,11/2/2015,December,Tenebrionidae Diet,,,inaccessible station,NWT
WC43NE5,EPA,WC43NE51,N33.77239 W2.48479,33.77239,2.48479,1111,11/2/2015,December,Tenebrionidae Other,,,inaccessible station,NWT
WC43NE5,EPA,WC43NE52,N33.77233 W2.48429,33.77233,2.48429,1110,11/2/2015,December,Messor,,,inaccessible station,NWT
WC43NE5,EPA,WC43NE52,N33.77233 W2.48429,33.77233,2.48429,1110,11/2/2015,December,Other,,,inaccessible station,NWT
WC43NE5,EPA,WC43NE52,N33.77233 W2.48429,33.77233,2.48429,1110,11/2/2015,December,Tenebrionidae Diet,,,inaccessible station,NWT
WC43NE5,EPA,WC43NE52,N33.77233 W2.48429,33.77233,2.48429,1110,11/2/2015,December,Tenebrionidae Other,,,inaccessible station,NWT
WC43NE5,EPA,WC43NE53,N33.77191 W2.48434,33.77191,2.48434,1109,11/2/2015,December,Messor,,,inaccessible station,NWT
WC43NE5,EPA,WC43NE53,N33.77191 W2.48434,33.77191,2.48434,1109,11/2/2015,December,Other,,,inaccessible station,NWT
WC43NE5,EPA,WC43NE53,N33.77191 W2.48434,33.77191,2.48434,1109,11/2/2015,December,Tenebrionidae Diet,,,inaccessible station,NWT
WC43NE5,EPA,WC43NE53,N33.77191 W2.48434,33.77191,2.48434,1109,11/2/2015,December,Tenebrionidae Other,,,inaccessible station,NWT
WC43NE5,EPA,WC43NE54,N33.77197 W2.48498,33.77197,2.48498,1112,11/2/2015,December,Messor,,,inaccessible station,NWT
WC43NE5,EPA,WC43NE54,N33.77197 W2.48498,33.77197,2.48498,1112,11/2/2015,December,Other,,,inaccessible station,NWT
WC43NE5,EPA,WC43NE54,N33.77197 W2.48498,33.77197,2.48498,1112,11/2/2015,December,Tenebrionidae Diet,,,inaccessible station,NWT
WC43NE5,EPA,WC43NE54,N33.77197 W2.48498,33.77197,2.48498,1112,11/2/2015,December,Tenebrionidae Other,,,inaccessible station,NWT
