Display_Station_Name,Display_Station_Date,Display_Station_Latitude,Display_Station_Longitude,Displaying_Male_Number
X0333,19/02/2000 10:10:00,33.272,-3.932,1
X0333,19/02/2000 10:10:00,33.272,-3.932,1
01P01Y,26/01/2001 06:30:00,33.177,-3.915,1
01P14Y,8/2/2001 7:15,33.205,-3.891,1
01P11L,21/02/2001 17:22:00,33.186,-3.928,1
H32a,29/04/1997 09:41:00,33.261,-3.975,1
X0155,4/4/1998 17:20,33.201,-3.906,1
X0155,4/4/1998 17:20,33.201,-3.906,1
01P45Y,30/03/2001 07:15:00,33.209,-4.053,1
01P58Y,16/04/2001 17:10:00,33.217,-4.047,1
01P66Y,26/04/2001 17:30:00,33.309,-3.864,1
01P67Y,26/04/2001 17:54:00,33.315,-3.869,1
X0777,30/04/2001 06:15:00,33.233,-4.002,1
01P45Y,1/5/2001 18:16,33.209,-4.053,1
X0328,18/02/2000 07:00:00,33.137,-3.995,1
X0407,28/03/2000 06:50:00,33.251,-3.881,1
01P01Y,24/01/2001 07:15:00,33.177,-3.915,1
01P24Y,16/02/2001 09:35:00,33.211,-4.058,1
X0012,13/03/1997 07:00:00,33.209,-3.964,1
X0115,14/03/1998 07:15:00,33.141,-3.995,1
01P57Y,16/04/2001 07:15:00,33.204,-3.9,1
Y100,27/04/2001 07:55:00,33.259,-3.92,1
01P14Y,9/5/2001 5:47,33.205,-3.891,1
X0315,15/02/2000 00:00:00,33.271,-3.922,1
X0332,19/02/2000 08:20:00,33.255,-3.942,1
01P23Y,14/02/2001 07:25:00,33.251,-3.903,1
01P18L,20/03/2001 07:03:00,33.203,-3.909,1
01P03N,31/03/2001 00:00:00,33.234,-4.003,1
X0703,31/03/2001 10:20:00,33.235,-4.012,1
01P09N,6/4/2001 18:08,33.215,-4.053,1
X0118,17/03/1998 07:30:00,33.269,-3.919,1
X0123,17/03/1998 09:30:00,33.259,-3.917,1
01P63Y,25/04/2001 06:48:00,33.305,-3.847,1
01P70Y,1/5/2001 7:35,33.146,-4,1
01P12N,4/5/2001 8:22,33.193,-4.027,1
X0412,29/03/2000 06:43:00,33.245,-3.891,1
01P04Y,20/01/2001 16:00:00,33.189,-3.903,1
01P05Y,25/01/2001 07:25:00,33.185,-3.925,1
01P02Y,26/01/2001 07:00:00,33.182,-3.932,1
01P21Y,13/02/2001 09:45:00,33.287,-3.891,1
01P29Y,1/3/2001 7:00,33.204,-4.052,1
01P30Y,2/3/2001 7:20,33.25,-3.859,1
X0327,18/02/2000 07:00:00,33.137,-3.995,1
X0344,28/02/2000 07:25:00,33.328,-3.788,1
X0109,12/3/1998 7:15,33.21,-3.975,1
H33,1/5/1997 7:15,33.233,-3.947,1
H36,6/5/1997 6:00,33.261,-3.929,1
H11,5/2/1997 10:50,33.209,-3.964,1
H15,1/4/1997 9:00,33.21,-3.972,1
H37,6/5/1997 6:00,33.259,-3.922,1
X0119,17/03/1998 08:00:00,33.269,-3.924,1
X0141,27/03/1998 07:02:00,33.165,-3.988,1
X0149,2/4/1998 11:35,33.258,-3.95,1
H24,25/03/1997 06:40:00,33.137,-3.995,1
X0027,3/4/1997 6:45,33.232,-3.948,1
X0117,17/03/1998 07:30:00,33.268,-3.918,1
X0132,26/03/1998 06:40:00,33.207,-3.893,1
H38,6/5/1997 6:00,33.26,-3.919,1
H11,28/05/1997 06:00:00,33.209,-3.964,1
X0105,18/02/1998 10:40:00,33.235,-4.007,1
X0153,4/4/1998 7:40,33.273,-3.917,1
X0025,1/4/1997 6:40,33.136,-3.988,1
X0032,6/5/1997 6:00,33.277,-3.937,1
X0124,20/03/1998 08:15:00,33.205,-3.89,1
X0143,28/03/1998 06:30:00,33.137,-3.995,1
X0026,3/4/1997 6:30,33.204,-3.892,1
X0009,11/3/1997 8:00,33.208,-3.959,1
X0112,13/03/1998 10:40:00,33.205,-3.939,1
X0127,25/03/1998 07:00:00,33.201,-3.943,1
01P33Y,6/3/2001 7:30,33.201,-3.908,1
01P47Y,2/4/2001 9:14,33.199,-3.894,1
X0368,8/3/2000 7:20,33.229,-3.939,1
X0373,9/3/2000 7:20,33.184,-3.944,1
01P07Y,24/01/2001 16:50:00,33.262,-3.906,1
01P13Y,6/2/2001 7:30,33.177,-3.91,1
01P24Y,13/03/2001 07:30:00,33.211,-4.058,1
01P06N,3/4/2001 7:01,33.229,-3.997,1
X0331,19/02/2000 07:30:00,33.237,-3.927,1
X0382,15/03/2000 07:10:00,33.241,-3.942,1
X0415,30/03/2000 06:40:00,33.262,-3.917,1
01P18Y,13/02/2001 07:35:00,33.273,-3.854,1
01P22Y,14/02/2001 07:25:00,33.253,-3.896,1
01P06L,14/02/2001 10:05:00,33.244,-3.932,1
730,16/03/2001 16:00:00,33.25,-3.88,1
01P02N,31/03/2001 09:40:00,33.229,-3.993,1
01P03N,3/4/2001 6:45,33.233,-4.001,1
01P44Y,28/03/2001 06:35:00,33.135,-3.993,1
01P14Y,28/03/2001 07:45:00,33.205,-3.891,1
01P54Y,12/4/2001 0:00,33.136,-3.996,1
01P17L,10/3/2001 8:18,33.25,-3.862,1
01P46Y,2/5/2001 4:21,33.213,-4.052,1
01P73Y,25/04/2001 06:20:00,33.188,-3.914,1
01P68Y,27/04/2001 08:40:00,33.263,-3.928,1
X0394,23/03/2000 09:10:00,33.246,-3.927,1
01P10Y,31/01/2001 08:15:00,33.177,-3.915,1
01P15Y,8/2/2001 7:30,33.22,-3.906,1
01P01L,8/2/2001 7:59,33.15,-3.975,1
01P27Y,25/02/2001 09:50:00,33.253,-3.896,1
X0351,1/3/2000 7:20,33.233,-4.001,1
X0595,22/01/2001 17:00:00,33.279,-3.834,1
X0611,25/01/2001 07:30:00,33.181,-3.932,1
01P08Y,15/02/2001 09:25:00,33.266,-3.908,1
01P03N,29/03/2001 18:50:00,33.234,-4.004,1
01P24Y,6/4/2001 7:29,33.211,-4.058,1
X0733,17/04/2001 05:40:00,33.26,-3.858,1
01P24Y,24/05/2001 07:35:00,33.211,-4.058,1
X0363,7/3/2000 9:40,33.266,-3.927,1
X0421,31/03/2000 07:40:00,33.203,-3.945,1
01P45Y,23/04/2001 17:20:00,33.209,-4.053,1
01P08Y,24/01/2001 17:00:00,33.266,-3.908,1
01P03L,10/2/2001 7:40,33.191,-3.905,1
01P10L,20/02/2001 17:37:00,33.178,-3.989,1
02P01Y,10/1/2002 8:51,33.203,-3.909,1
14,15/02/2002 10:53:00,33.207,-4.053,1
D484,26/02/2002 16:21:00,33.189,-3.907,1
X0325,17/02/2000 17:10:00,33.271,-3.922,1
X0326,17/02/2000 17:50:00,33.251,-3.886,1
02P14Y,6/3/2002 8:08,33.144,-3.944,1
01P04Y,22/01/2001 07:00:00,33.189,-3.903,1
01P02Y,24/01/2001 07:30:00,33.181,-3.932,1
01P08L,7/3/2001 7:00,33.145,-3.968,1
01P15L,7/3/2001 16:25,33.271,-3.845,1
01P36Y,10/3/2001 16:50,33.261,-3.856,1
X0334,19/02/2000 10:26:00,33.269,-3.925,1
X0409,28/03/2000 07:38:00,33.26,-3.909,1
X0411,29/03/2000 06:40:00,33.249,-3.883,1
BA30B,14/05/2002 06:06:00,33.204,-3.891,1
01P08N,5/4/2001 8:04,33.25,-3.88,1
01P52Y,9/4/2001 18:20,33.216,-3.987,1
X0329,18/02/2000 16:55:00,33.249,-3.873,1
X0597,23/01/2001 16:15:00,33.177,-3.913,1
01P06Y,24/01/2001 16:15:00,33.257,-3.898,1
01P05L,14/02/2001 08:23:00,33.245,-3.937,1
01P08L,19/02/2001 00:00:00,33.145,-3.968,1
01P09L,22/02/2001 10:09:00,33.177,-3.913,1
01P26Y,1/3/2001 7:30,33.211,-4.051,1
01P26Y,1/3/2001 7:30,33.211,-4.051,1
01P14L,2/3/2001 9:18,33.221,-3.907,1
01P39Y,22/03/2001 07:18:00,33.175,-3.985,1
01P04N,31/03/2001 10:00:00,33.236,-4.008,1
01P49Y,2/4/2001 6:20,33.203,-3.906,1
s026,26/02/2003 08:10:00,33.267,-4,1
BA36A,13/11/2001 08:00:00,33.239,-3.966,1
X0341,26/02/2000 06:40:00,33.327,-3.785,1
X0402,25/03/2000 08:55:00,33.243,-3.888,1
X0402,25/03/2000 08:55:00,33.243,-3.888,1
01P06Y,27/01/2001 08:30:00,33.257,-3.898,1
01P07Y,27/01/2001 09:00:00,33.262,-3.906,1
01P07L,16/02/2001 09:44:00,33.229,-3.816,1
108e,6/5/2003 19:04,33.207,-3.898,1
X0617,26/01/2001 10:20:00,33.143,-3.943,1
01P09Y,27/01/2001 07:15:00,33.285,-3.889,1
01P08Y,27/01/2001 09:10:00,33.266,-3.89,1
X0628,1/2/2001 8:00,33.187,-3.919,1
01P13L,2/3/2001 7:21,33.218,-3.905,1
01P01N,28/03/2001 07:15:00,33.201,-3.9,1
03P17E,29/08/2003 18:46:00,33.265,-3.961,1
01P45Y,16/04/2001 17:10:00,33.209,-4.053,1
01P61Y,18/04/2001 00:00:00,33.249,-3.931,1
X0345,29/02/2000 06:56:00,33.204,-3.891,1
X0377,14/03/2000 07:10:00,33.285,-3.896,1
X0413,29/03/2000 07:20:00,33.262,-3.905,1
X0424,1/4/2000 7:00,33.211,-3.963,1
374,14/01/2002 08:00:00,33.205,-4.053,1
04P06E,12/2/2004 9:15,33.184,-3.921,1
BA72B,5/4/2004 6:53,33.332,-3.79,1
02P02C,30/01/2002 16:40:00,33.263,-3.917,1
01P06N,4/4/2001 19:00,33.229,-3.997,1
BA63A,12/2/2002 9:33,33.309,-3.862,1
01P12Y,1/2/2001 7:15,33.182,-3.926,1
01P12L,23/02/2001 09:01:00,33.268,-3.911,1
01P31Y,2/3/2001 9:08,33.267,-3.912,1
BA53C,11/2/2002 10:30,33.278,-3.927,1
BA44C,14/02/2002 09:35:00,33.269,-3.94,1
15,24/02/2002 08:38:00,33.193,-3.946,1
889,24/02/2002 15:44:00,33.263,-3.912,1
05P21S,10/3/2005 7:57,33.251,-3.862,1
BA38A,15/05/2002 07:13:00,33.246,-3.87,1
A455,23/05/2002 08:07:00,33.252,-3.882,1
X0335,21/02/2000 06:50:00,33.161,-3.99,1
X0336,21/02/2000 09:50:00,33.21,-3.954,1
X0349,29/02/2000 17:10:00,33.265,-3.926,1
X0354,1/3/2000 16:45,33.237,-3.927,1
X0357,7/3/2000 7:25,33.259,-3.897,1
X0361,7/3/2000 9:10,33.272,-3.932,1
X0367,8/3/2000 6:45,33.161,-3.99,1
X0393,23/03/2000 06:40:00,33.203,-3.908,1
X0430,5/4/2000 6:30,33.241,-3.942,1
X0433,5/4/2000 8:40,33.247,-3.937,1
05P19V,11/3/2005 7:57,33.284,-3.886,1
05P30S,16/03/2005 09:41:00,33.183,-3.927,1
05P33V,31/03/2005 17:59:00,33.283,-3.923,1
BA36B,13/11/2001 07:46:00,33.232,-3.943,1
01P04L,14/02/2001 08:35:00,33.228,-3.935,1
02P29Y,7/6/2002 9:01,33.276,-3.921,1
02P04P,18/04/2002 13:15:00,33.197,-3.945,1
01P46Y,30/03/2001 07:30:00,33.213,-4.052,1
01P05N,31/03/2001 10:10:00,33.238,-4.014,1
01P48Y,2/4/2001 7:00,33.202,-3.894,1
X0687,22/03/2001 08:00:00,33.173,-3.986,1
01P13W,4/5/2001 6:33,33.185,-3.92,1
BA47B,16/05/2002 07:06:00,33.261,-3.856,1
BA45B,16/05/2002 17:38:00,33.263,-3.916,1
85,23/05/2002 19:20:00,33.191,-3.934,1
06P06L,30/01/2006 16:54:10,33.279,-3.846,1
01P72Y,11/5/2001 7:15,33.261,-3.913,1
06P27S,17/02/2006 08:46:00,33.291,-3.925,1
06P04T,3/3/2006 17:44,33.309,-3.864,1
03P08E,19/03/2003 17:35:00,33.252,-3.933,1
06P06R,20/03/2006 09:36:00,33.21,-4.053,1
06P07R,20/03/2006 10:48:00,33.211,-4.051,1
06P09R,22/03/2006 07:33:00,33.231,-3.941,1
01P16Y,12/2/2001 7:30,33.221,-3.896,1
01P09L,20/02/2001 15:04:00,33.177,-3.913,1
01P16L,15/03/2001 07:25:00,33.261,-3.856,1
01P43Y,27/03/2001 06:30:00,33.215,-3.902,1
06P01T,29/03/2006 08:06:00,33.335,-3.79,1
06P45S,6/4/2006 18:23,33.136,-3.951,1
06P38V,7/4/2006 6:30,33.209,-4.052,1
06P04R,21/04/2006 05:22:29,33.211,-4.047,1
06P17R,22/04/2006 05:30:00,33.329,-3.789,1
02P03C,30/01/2002 17:01:00,33.272,-3.93,1
06P17R,16/05/2006 05:00:00,33.329,-3.789,1
06P27R,18/05/2006 05:00:00,33.212,-4.054,1
455,13/01/2002 16:50:00,33.25,-3.88,1
933,14/01/2002 09:20:00,33.209,-4.052,1
02P14C,29/01/2002 18:01:00,33.203,-3.889,1
X0339,23/02/2000 07:30:00,33.182,-3.951,1
X0399,25/03/2000 06:50:00,33.249,-3.883,1
X0560,23/12/2000 16:15:00,33.177,-3.913,1
01P05Y,24/01/2001 07:20:00,33.185,-3.925,1
01P03Y,24/01/2001 09:45:00,33.186,-3.94,1
01P17Y,13/02/2001 07:30:00,33.273,-3.833,1
01P26Y,1/3/2001 8:20,33.211,-4.051,1
01P17L,15/03/2001 06:20:00,33.25,-3.862,1
01P10N,11/4/2001 16:55,33.232,-4.001,1
01P55Y,13/04/2001 05:45:00,33.175,-3.991,1
01P06N,18/04/2001 06:15:00,33.229,-3.997,1
1,26/02/2002 07:41:00,33.2,-3.904,1
BA30D,7/11/2001 8:14,33.197,-3.891,1
02P03P,14/03/2002 13:43:00,33.202,-4.062,1
13,19/12/2001 16:40:00,33.232,-4.001,1
07P03B,26/02/2007 07:30:20,33.209,-4.052,1
H035,1/3/2007 13:40,33.255,-3.93,1
07P18L,5/3/2007 8:32,33.214,-4.057,1
07P03B,12/3/2007 17:00,33.209,-4.052,1
07P22B,19/03/2007 07:02:01,33.212,-4.059,1
07P01V,23/03/2007 06:15:22,33.331,-3.783,1
07P13X,30/03/2007 06:07:48,33.205,-3.892,1
07P41D,6/4/2007 9:37,33.252,-3.885,1
07P15S,13/04/2007 06:40:41,33.24,-3.948,1
07P03B,17/04/2007 05:44:57,33.209,-4.052,1
L032,19/04/2007 05:42:51,33.247,-3.94,1
07P32V,25/04/2007 06:41:54,33.141,-3.949,1
B031,5/5/2007 7:04,33.268,-3.913,1
H023,11/5/2007 5:46,33.131,-4.015,1
01P27Y,27/02/2001 08:15:00,33.253,-3.896,1
01P16L,10/3/2001 8:18,33.261,-3.856,1
01P35Y,12/3/2001 8:00,33.316,-3.864,1
01P46Y,23/04/2001 17:20:00,33.213,-4.052,1
01P12N,3/5/2001 9:58,33.197,-4.029,1
01P28Y,29/03/2001 09:00:00,33.247,-3.946,1
01P08N,1/5/2001 5:45,33.25,-3.88,1
01P49Y,9/5/2001 5:49,33.202,-3.906,1
01P24Y,14/05/2001 17:33:00,33.211,-4.058,1
933,15/04/2002 07:20:00,33.209,-4.053,1
01P14N,24/05/2001 06:30:00,33.175,-3.997,1
01P14N,24/05/2001 06:30:00,33.175,-3.997,1
BA55C,8/2/2002 17:28,33.275,-3.854,1
N5,11/2/2002 7:24,33.277,-3.857,1
BA07A,6/11/2001 8:14,33.138,-3.998,1
02P05Y,21/01/2002 07:30:00,33.2,-3.912,1
BA25B,7/2/2002 17:50,33.21,-4.057,1
Z455,7/3/2002 8:55,33.25,-3.88,1
A1484,16/03/2002 07:32:00,33.188,-3.905,1
02P23Y,30/03/2002 08:09:00,33.184,-3.927,1
BA30A,7/2/2002 8:01,33.205,-3.89,1
253,4/2/2004 17:23,33.183,-3.945,1
P265E,4/2/2004 17:49,33.205,-3.944,1
X0400,25/03/2000 07:30:00,33.263,-3.908,1
04P15E,4/3/2004 14:40,33.226,-3.941,1
04P11N,17/03/2004 17:01:00,33.288,-3.926,1
04P12N,17/03/2004 18:16:00,33.261,-3.905,1
04P05P,18/03/2004 06:40:00,33.207,-4.056,1
01P10Y,10/2/2001 7:15,33.14,-3.997,1
01P14Y,28/02/2001 07:00:00,33.205,-3.891,1
01P24Y,1/3/2001 6:30,33.211,-4.058,1
04P14N,1/4/2004 8:14,33.239,-3.906,1
533,2/3/2002 17:20,33.253,-3.896,1
BA12A,9/4/2004 8:13,33.153,-3.998,1
484,30/03/2002 07:48:00,33.189,-3.904,1
01P41Y,24/03/2001 08:00:00,33.264,-3.916,1
01P02N,28/03/2001 10:47:00,33.232,-3.996,1
145,26/04/2002 19:11:00,33.263,-3.851,1
BA27A,14/05/2002 08:55:00,33.21,-3.972,1
BA36A,20/05/2002 06:05:00,33.23,-3.942,1
BA47C,16/05/2002 07:10:00,33.261,-3.861,1
BA63B,18/05/2002 07:36:00,33.305,-3.859,1
484,21/01/2002 08:48:00,33.188,-3.903,1
02P10C,1/2/2002 17:16,33.246,-3.941,1
02P16Y,21/03/2002 17:34:00,33.233,-4.002,1
02P06C,31/01/2002 17:47:00,33.288,-3.903,1
BA21D,5/2/2002 9:24,33.2,-3.909,1
02P01P,7/3/2002 8:23,33.255,-3.871,1
02P03Y,15/01/2002 07:46:00,33.262,-3.86,1
02P04Y,21/01/2002 07:27:00,33.206,-3.893,1
02P07C,30/01/2002 16:24:00,33.262,-3.906,1
006e,11/2/2004 9:23,33.174,-3.914,1
04P05N,12/2/2004 8:54,33.267,-3.924,1
04P06N,20/02/2004 08:10:00,33.205,-3.89,1
02P16Y,11/3/2002 13:31,33.263,-3.934,1
9265,2/4/2004 6:15,33.2,-3.944,1
03P02E,25/02/2003 18:11:00,33.317,-3.79,1
BA35A,9/4/2004 6:56,33.246,-3.977,1
04P24E,21/04/2004 19:09:00,33.262,-3.906,1
9265,9/5/2003 17:09,33.203,-3.936,1
X0330,19/02/2000 07:25:00,33.23,-3.941,1
X0356,7/3/2000 7:20,33.253,-3.908,1
X0369,8/3/2000 7:25,33.236,-3.929,1
X0372,8/3/2000 17:20,33.31,-3.848,1
X0417,30/03/2000 07:00:00,33.274,-3.927,1
02P01A,9/5/2002 19:01,33.149,-3.978,1
03P06E,12/3/2003 18:00,33.242,-3.951,1
04P04S,12/2/2004 9:14,33.258,-3.856,1
04P07S,25/02/2004 09:20:00,33.25,-3.861,1
A501,7/6/2002 9:35,33.275,-3.918,1
04P06P,18/03/2004 07:00:00,33.211,-4.059,1
01P02L,10/2/2001 7:35,33.2,-3.904,1
01P37Y,19/03/2001 09:10:00,33.136,-3.982,1
02P12C,1/2/2002 17:49,33.254,-3.936,1
BA21A,5/2/2002 8:30,33.188,-3.919,1
BA53A,11/2/2002 9:40,33.291,-3.903,1
02P10Y,24/02/2002 16:10:00,33.261,-3.926,1
02P13Y,2/3/2002 18:00,33.268,-3.924,1
374,15/02/2002 08:59:00,33.207,-4.054,1
04P03E,4/2/2004 9:48,33.208,-4.054,1
04P16E,4/3/2004 18:34,33.214,-3.982,1
9265,18/03/2004 06:41:00,33.2,-3.945,1
BA56A,5/4/2004 7:24,33.287,-3.827,1
02P11Y,24/02/2002 18:02:00,33.28,-3.87,1
04P18S,27/04/2004 08:45:00,33.177,-3.911,1
03P04E,6/3/2003 11:31,33.289,-3.9,1
05P01O,18/01/2005 08:39:00,33.294,-3.858,1
22,8/5/2002 18:30,33.275,-3.963,1
22,8/5/2002 18:30,33.275,-3.963,1
93,16/05/2002 19:02:00,33.212,-4.053,1
BA19B,24/12/2003 09:53:00,33.178,-3.987,1
01P53Y,12/4/2001 17:05,33.138,-4.013,1
01P62Y,19/04/2001 00:00:00,33.23,-3.94,1
01P52Y,19/04/2001 06:00:00,33.212,-3.985,1
BA63B,13/01/2004 10:06:00,33.307,-3.859,1
01P45Y,2/5/2001 6:19,33.209,-4.053,1
05P10V,2/3/2005 8:20,33.199,-3.942,1
05P25V,18/03/2005 08:14:00,33.318,-3.797,1
37,22/03/2002 18:01:00,33.199,-3.942,1
A7789,27/03/2002 13:58:00,33.197,-3.947,1
BA65C,20/04/2005 07:08:00,33.335,-3.781,1
05P51S,5/5/2005 7:00,33.209,-4.044,1
01P52Y,26/04/2001 07:28:00,33.212,-3.985,1
108,17/05/2002 08:24:00,33.274,-3.912,1
108,17/05/2002 08:24:00,33.274,-3.912,1
04P29E,20/05/2004 09:22:00,33.204,-3.891,1
04P32E,28/05/2004 18:46:00,33.238,-3.926,1
064e,10/6/2004 19:57,33.202,-3.88,1
BA63A,6/4/2004 8:18,33.312,-3.871,1
BA37B,6/4/2004 8:50,33.236,-3.908,1
05P04O,19/01/2005 07:58:00,33.329,-3.781,1
05P02E,17/02/2005 10:37:00,33.145,-3.969,1
05P16S,8/3/2005 8:31,33.178,-3.914,1
01P71Y,10/5/2001 7:22,33.24,-3.928,1
04P26E,6/5/2004 17:55,33.238,-3.906,1
04P31E,28/05/2004 17:44:00,33.232,-3.943,1
04P33E,3/6/2004 19:17,33.291,-3.925,1
04P03N,12/2/2004 8:04,33.268,-3.911,1
04P04N,12/2/2004 8:21,33.274,-3.924,1
04P09E,20/02/2004 09:46:00,33.211,-4.058,1
05P20S,10/3/2005 7:52,33.252,-3.858,1
05P18V,11/3/2005 7:10,33.277,-3.857,1
BA07A,8/4/2004 7:22,33.133,-3.989,1
05P08O,24/02/2005 09:05:00,33.239,-3.951,1
05P19S,9/3/2005 8:03,33.183,-3.926,1
04P25E,22/04/2004 07:30:00,33.222,-3.908,1
02-608,1/4/2005 7:20,33.221,-3.907,1
05P42N,7/4/2005 7:28,33.276,-3.857,1
05P29N,22/03/2005 08:37:00,33.276,-3.929,1
BA71A,19/04/2005 07:20:00,33.34,-3.8,1
7140,5/5/2005 8:26,33.21,-4.053,1
BA56B,10/7/2004 6:00,33.28,-3.819,1
05P06Y,13/04/2005 08:06:00,33.188,-3.903,1
BA72B,19/04/2005 06:26:00,33.335,-3.789,1
BA46B,20/04/2005 07:58:00,33.265,-3.874,1
05P37V,4/5/2005 6:02,33.236,-4.008,1
05P39V,4/5/2005 6:13,33.236,-4.008,1
05P04V,16/02/2005 09:19:00,33.316,-3.871,1
d012,24/01/2006 08:32:00,33.259,-3.861,1
06P04D,25/01/2006 10:25:20,33.134,-3.997,1
03P03E,28/02/2003 10:39:00,33.282,-3.922,1
BA63B,2/1/2006 10:10,33.31,-3.858,1
06P03L,25/01/2006 07:27:07,33.288,-3.89,1
06P40L,2/3/2006 8:05,33.291,-3.925,1
06P02R,6/3/2006 18:20,33.203,-3.909,1
9425A,9/3/2006 10:05,33.093,-3.976,1
06P41S,16/03/2006 08:48:58,33.281,-3.922,1
04P07N,20/02/2004 09:14:00,33.178,-3.911,1
102e,24/02/2004 09:55:00,33.186,-3.936,1
04P07P,18/03/2004 08:31:00,33.205,-4.063,1
06P11Q,27/03/2006 17:15:23,33.151,-3.978,1
06P30L,28/03/2006 07:20:00,33.177,-3.913,1
06P09D,2/2/2006 15:49,33.211,-3.907,1
06P06D,29/03/2006 06:00:49,33.153,-3.994,1
06P19D,29/03/2006 06:10:49,33.137,-3.995,1
06P09N,8/4/2006 7:29,33.34,-3.799,1
075e,26/03/2004 18:34:00,33.212,-3.896,1
099e,28/03/2004 16:39:00,33.202,-3.942,1
BA72C,5/4/2004 7:01,33.341,-3.8,1
BA39A,6/4/2004 6:49,33.262,-3.859,1
BA18A,8/4/2004 9:37,33.174,-3.998,1
06P23L,21/02/2006 08:11:19,33.3,-3.855,1
06P30V,1/3/2006 17:00,33.23,-3.941,1
06P16R,17/04/2006 07:07:00,33.341,-3.803,1
085e,28/05/2004 16:37:00,33.236,-3.925,1
06P16D,26/04/2006 06:01:53,33.208,-4.051,1
06P36V,2/3/2006 17:31,33.177,-3.913,1
06P38V,3/3/2006 8:09,33.209,-4.052,1
06P04E,28/03/2006 06:34:01,33.178,-3.917,1
06P08R,1/4/2006 5:45,33.215,-4.056,1
M1,4/4/2006 7:10,33.332,-3.785,1
06P36D,5/4/2006 9:10,33.262,-3.906,1
06P05R,6/4/2006 8:00,33.197,-4.059,1
06P33D,7/4/2006 7:30,33.272,-3.918,1
06P02V,17/04/2006 06:30:42,33.165,-3.974,1
06P37S,28/04/2006 05:25:00,33.214,-4.052,1
06P17R,29/04/2006 07:00:00,33.329,-3.789,1
06P54D,4/5/2006 10:15,33.281,-3.852,1
06P06R,5/5/2006 4:57,33.21,-4.053,1
06P06R,21/04/2006 05:31:29,33.21,-4.053,1
06P50D,22/04/2006 05:58:04,33.177,-3.992,1
06P04Y,26/04/2006 06:04:55,33.209,-4.057,1
06P04R,5/5/2006 5:06,33.211,-4.047,1
01P56Y,16/04/2001 07:15:00,33.206,-3.899,1
06P06R,9/5/2006 5:15,33.21,-4.053,1
06P30R,29/05/2006 05:15:00,33.209,-4.046,1
05P04N,21/01/2005 08:46:00,33.283,-3.922,1
06P04Y,2/6/2006 5:00,33.209,-4.057,1
BA015A,7/6/2006 6:44,33.32,-3.811,1
BA080A,14/06/2006 06:03:04,33.24,-3.902,1
01P64Y,26/04/2001 06:10:00,33.284,-3.88,1
BA07B,5/2/2002 9:00,33.133,-4.016,1
484-,7/2/2002 17:26,33.189,-3.903,1
BA55E,8/2/2002 17:08,33.298,-3.855,1
05P07S,23/02/2005 08:46:00,33.309,-3.846,1
05P09V,2/3/2005 7:56,33.201,-3.917,1
05P24V,18/03/2005 06:22:00,33.329,-3.79,1
05P26V,19/03/2005 07:16:00,33.32,-3.793,1
05P05V,16/02/2005 07:52:00,33.301,-3.805,1
v023,4/3/2005 9:56,33.274,-3.913,1
05P31S,17/03/2005 08:38:00,33.18,-3.923,1
05P38N,2/4/2005 6:50,33.277,-3.941,1
05P05O,24/02/2005 07:42:00,33.221,-3.896,1
9928,19/04/2005 06:49:00,33.203,-3.909,1
BA70A,19/04/2005 08:10:00,33.314,-3.853,1
BA21A,26/01/2004 08:31:00,33.184,-3.93,1
A1677,30/03/2002 08:59:00,33.26,-3.857,1
04P10E,24/02/2004 09:15:00,33.178,-3.916,1
BA72A,5/4/2004 6:46,33.331,-3.783,1
BA21A,8/4/2004 6:49,33.2,-3.909,1
04P23E,13/04/2004 16:42:00,33.221,-3.895,1
01P46Y,1/5/2001 18:25,33.213,-4.052,1
BA19B,31/12/2003 10:20:00,33.181,-3.992,1
BA25A,6/1/2004 17:01,33.205,-4.042,1
BA29A,14/05/2002 06:54:00,33.2,-3.905,1
62,22/05/2002 19:39:00,33.2,-4.036,1
BA72B,14/01/2004 08:37:00,33.339,-3.795,1
04P02N,11/2/2004 8:59,33.263,-3.908,1
04P02S,11/2/2004 10:07,33.247,-3.859,1
04P12S,24/03/2004 16:08:00,33.251,-3.864,1
05P03O,19/01/2005 09:40:00,33.305,-3.847,1
05P01N,18/01/2005 08:11:00,33.335,-3.786,1
05P01V,15/02/2005 08:32:00,33.331,-3.783,1
05P21V,12/3/2005 7:02,33.277,-3.857,1
05P22V,12/3/2005 7:30,33.284,-3.886,1
BA12A,21/04/2005 07:29:00,33.15,-3.977,1
BA62A,22/04/2005 17:47:00,33.314,-3.875,1
4,30/05/2002 09:43:00,33.275,-3.924,1
05P16V,10/3/2005 8:15,33.305,-3.811,1
BA13B,5/1/2006 8:54,33.146,-3.967,1
06P18S,10/2/2006 10:28,33.276,-3.856,1
06P30L,27/02/2006 16:45:10,33.177,-3.913,1
R007,25/03/2006 07:53:00,33.14,-3.998,1
06P47L,27/03/2006 07:02:49,33.175,-3.997,1
06P26L,27/03/2006 07:06:23,33.305,-3.847,1
06P05E,28/03/2006 08:51:12,33.186,-3.928,1
06P27D,31/03/2006 08:05:00,33.328,-3.789,1
A455,30/01/2002 15:20:00,33.25,-3.88,1
02P04C,30/01/2002 17:45:00,33.267,-3.909,1
BA72B,3/4/2006 7:00,33.328,-3.789,1
06P05E,10/4/2006 6:45,33.186,-3.928,1
06P09L,12/4/2006 5:39,33.181,-3.949,1
06P06A,14/03/2006 17:45:00,33.206,-3.904,1
06P05R,21/04/2006 06:00:29,33.197,-4.059,1
06P05R,20/03/2006 09:18:00,33.197,-4.059,1
06P35S,21/03/2006 07:20:00,33.141,-3.947,1
06P08R,5/5/2006 5:03,33.215,-4.056,1
06P04Y,5/5/2006 5:07,33.209,-4.057,1
06P06R,11/5/2006 5:30,33.21,-4.053,1
05P07Y,15/04/2005 08:56:00,33.147,-3.97,1
A6397,5/6/2007 6:57,33.248,-3.931,1
d020,27/03/2006 07:46:55,33.293,-3.855,1
06P04R,1/4/2006 5:55,33.211,-4.047,1
06P37S,3/4/2006 8:48,33.214,-4.052,1
06P09N,19/05/2006 05:30:00,33.34,-3.799,1
06P32L,18/04/2006 06:20:30,33.15,-3.975,1
L012,19/04/2006 07:52:39,33.242,-3.889,1
06P04R,20/04/2006 05:28:26,33.211,-4.047,1
06P08N,20/04/2006 17:48:39,33.179,-4.015,1
l021,21/04/2006 08:43:52,33.215,-4.054,1
t009,19/09/2006 09:44:00,33.306,-3.86,1
06P19S,4/5/2006 5:50,33.25,-3.88,1
06P50S,4/5/2006 8:45,33.25,-3.861,1
s007,5/5/2006 6:32,33.252,-3.882,1
06P21N,12/5/2006 5:20,33.238,-3.906,1
05P02V,15/02/2005 08:38:00,33.334,-3.788,1
05P28S,12/3/2005 10:27,33.177,-3.962,1
05P18N,14/03/2005 08:10:00,33.267,-3.924,1
06P17R,19/05/2006 05:00:00,33.329,-3.789,1
R015,20/05/2006 05:00:00,33.21,-4.053,1
06P31R,29/05/2006 05:15:00,33.215,-4.062,1
07P09L,27/02/2007 09:00:34,33.236,-3.937,1
06P17R,17/05/2006 05:00:00,33.329,-3.789,1
06P24V,24/05/2006 05:45:00,33.237,-3.931,1
06P06R,30/05/2006 04:50:00,33.21,-4.053,1
07P21L,6/3/2007 7:34,33.239,-3.931,1
07P26D,14/03/2007 06:40:02,33.272,-3.925,1
07P34D,14/03/2007 11:35:01,33.262,-3.919,1
P005,29/02/2008 18:00:00,33.161,-3.957,1
9,15/02/2002 09:08:00,33.215,-4.063,1
939,16/02/2002 07:15:00,33.177,-3.91,1
484,24/02/2002 11:27:00,33.185,-3.904,1
l024,20/02/2006 08:46:38,33.276,-3.867,1
08P01R,5/3/2008 17:05,33.161,-3.961,1
08P02B,10/3/2008 17:29,33.179,-4.014,1
B001,20/03/2008 06:27:25,33.14,-4,1
06P35V,2/3/2006 16:56,33.172,-3.938,1
06P45L,3/3/2006 8:35,33.267,-3.929,1
08P17L,26/03/2008 17:36:12,33.242,-3.871,1
07P10D,28/03/2007 06:16:18,33.267,-3.925,1
07P43D,18/04/2007 09:58:57,33.283,-3.922,1
H014,19/04/2007 09:08:00,33.287,-3.921,1
035e,26/04/2007 14:11:23,33.245,-3.958,1
07P28B,2/5/2007 5:33,33.203,-3.911,1
07P10D,5/5/2007 5:57,33.267,-3.925,1
07P49D,5/5/2007 9:19,33.26,-3.919,1
06P04R,20/03/2006 08:39:00,33.211,-4.047,1
06P08N,3/4/2006 18:44,33.179,-4.015,1
s019,4/4/2006 7:38,33.271,-3.926,1
08P99B,1/5/2008 7:14,33.134,-4.005,1
06P08R,27/04/2006 05:15:00,33.215,-4.056,1
06P25R,4/5/2006 5:15,33.24,-3.933,1
06P19S,5/5/2006 5:10,33.25,-3.88,1
08P12M,6/3/2008 8:20,33.181,-4.014,1
08P11R,10/3/2008 17:07,33.176,-3.992,1
07P01J,23/01/2007 10:01:00,33.253,-3.871,1
M010,30/01/2007 11:17:00,33.153,-3.979,1
03P12E,16/04/2003 17:57:00,33.249,-3.939,1
07P18D,28/02/2007 07:02:20,33.269,-3.94,1
07P17D,28/02/2007 07:02:23,33.268,-3.926,1
07P03B,13/03/2007 07:00:17,33.209,-4.052,1
07P31L,17/03/2007 07:25:17,33.34,-3.8,1
D264,26/02/2002 17:18:00,33.197,-3.94,1
06P26S,17/02/2006 08:20:00,33.291,-3.903,1
p020,9/4/2008 9:33,33.266,-3.964,1
02P11C,29/01/2002 08:16:00,33.167,-3.974,1
032e,12/2/2004 8:50,33.186,-3.905,1
04P08N,21/02/2004 09:03:00,33.209,-4.052,1
04P12E,24/02/2004 18:02:00,33.204,-3.891,1
BA48A,5/4/2004 6:42,33.275,-3.818,1
BA25A,6/4/2004 17:47,33.209,-4.044,1
BA30C,7/4/2004 6:50,33.213,-3.9,1
06P21D,27/02/2006 17:17:24,33.204,-3.891,1
06P32L,28/02/2006 07:39:51,33.15,-3.975,1
06P39L,2/3/2006 7:22,33.291,-3.903,1
06P03T,3/3/2006 8:49,33.305,-3.817,1
07P21D,28/02/2007 09:10:57,33.26,-3.925,1
BA07A,18/04/2005 06:58:00,33.145,-3.969,1
h001,8/5/2008 7:21,33.213,-4.058,1
A6343,15/05/2008 08:12:00,33.262,-3.905,1
BA53B,11/2/2002 10:22,33.277,-3.921,1
06P37D,10/3/2006 9:30,33.177,-3.91,1
07P33D,14/03/2007 11:02:36,33.261,-3.927,1
06P07A,14/03/2006 17:57:00,33.203,-3.91,1
06P08R,20/03/2006 10:54:00,33.215,-4.056,1
05P28N,22/03/2005 08:08:00,33.267,-3.924,1
07P14B,22/03/2007 10:33:09,33.272,-3.919,1
07P34D,22/03/2007 10:33:09,33.262,-3.919,1
07P23D,28/03/2007 06:15:48,33.262,-3.907,1
07P07V,28/03/2007 06:16:18,33.267,-3.92,1
06P22N,18/04/2006 07:30:00,33.267,-3.951,1
06P36L,26/04/2006 08:27:24,33.177,-3.914,1
06P06R,8/5/2006 5:30,33.21,-4.053,1
06P05S,16/05/2006 08:52:06,33.121,-3.955,1
06P04R,18/05/2006 05:00:00,33.211,-4.047,1
07P17V,27/02/2007 17:03:43,33.204,-3.902,1
06P14R,26/05/2006 05:00:00,33.329,-3.783,1
06P02H,26/05/2006 06:50:51,33.336,-3.791,1
06P06R,5/6/2006 5:00,33.21,-4.053,1
07P10D,7/3/2007 10:46,33.267,-3.925,1
07P23D,14/03/2007 06:40:44,33.262,-3.907,1
01P15C,1/3/2002 17:29,33.178,-3.989,1
048e,20/04/2004 17:50:00,33.245,-3.933,1
07P03L,27/03/2007 14:47:58,33.329,-3.789,1
07P03L,27/03/2007 14:47:58,33.329,-3.789,1
07P08L,29/03/2007 05:34:27,33.246,-3.938,1
07P17L,2/4/2007 6:05,33.214,-4.055,1
07P31B,4/4/2007 7:10,33.268,-3.922,1
07P46L,6/4/2007 7:00,33.325,-3.796,1
07P07V,13/04/2007 05:37:42,33.267,-3.92,1
07P03D,18/04/2007 06:14:12,33.26,-3.917,1
07P21B,20/04/2007 05:45:01,33.205,-3.903,1
07P16B,20/04/2007 06:19:01,33.207,-3.892,1
07P03L,26/04/2007 05:34:34,33.329,-3.789,1
07P34B,2/5/2007 6:03,33.201,-3.913,1
07P10D,4/5/2007 5:31,33.267,-3.925,1
07P14H,22/05/2007 08:30:00,33.13,-4.014,1
P08P20P,11/11/2008 8:17,33.267,-3.912,1
06P32R,7/6/2006 5:30,33.208,-4.044,1
BA041B,8/6/2006 7:16,33.281,-3.846,1
BA092A,15/06/2006 06:51:55,33.235,-3.933,1
d018,22/01/2009 09:30:50,33.164,-3.932,1
R063,29/01/2009 09:08:40,33.284,-3.924,1
A025,5/2/2009 9:12,33.138,-3.995,1
09P19C,20/02/2009 11:01:00,33.139,-3.976,1
p009,10/3/2009 10:13,33.151,-3.981,1
09P19LC,14/04/2009 07:44:00,33.131,-4.014,1
BA21C,13/05/2002 06:35:00,33.183,-3.921,1
LC3,20/04/2009 07:07:00,33.18,-3.954,1
M9218,28/04/2009 06:11:00,33.261,-3.836,1
A232,23/05/2002 06:35:00,33.207,-3.899,1
D057,15/02/2007 17:31:41,33.256,-3.918,1
05P03N,20/01/2005 09:02:00,33.248,-3.88,1
07P99H,6/3/2007 8:16,33.254,-3.842,1
07P15B,7/3/2007 8:12,33.273,-3.914,1
07P06X,9/3/2007 7:38,33.255,-3.942,1
07P23B,20/03/2007 07:30:01,33.24,-3.939,1
07P03L,31/03/2007 05:55:49,33.329,-3.789,1
07P10D,13/04/2007 05:37:42,33.267,-3.925,1
07P10L,13/04/2007 06:10:07,33.247,-3.951,1
B007,19/04/2007 07:18:47,33.244,-3.949,1
07P02S,19/04/2007 07:20:38,33.23,-3.945,1
07P02V,3/5/2007 5:26,33.335,-3.788,1
07P01T,4/5/2007 5:31,33.268,-3.912,1
07P14B,4/5/2007 5:31,33.272,-3.919,1
07P51D,8/5/2007 6:11,33.295,-3.856,1
07P08Q,8/5/2007 6:51,33.276,-3.856,1
07P13D,10/5/2007 6:02,33.25,-3.874,1
05P00V,9/3/2005 6:55,33.33,-3.782,1
07P13S,10/4/2007 6:30,33.199,-3.942,1
05P19N,14/03/2005 07:52:00,33.26,-3.926,1
07P10A,18/04/2007 07:11:00,33.302,-3.857,1
D001,18/04/2007 07:26:56,33.275,-3.92,1
07P13Q,20/04/2007 08:15:01,33.206,-3.901,1
BA29B,19/04/2005 07:27:00,33.206,-3.894,1
M02,15/06/2009 10:15:00,33.138,-3.999,1
06P32S,23/02/2006 08:01:00,33.271,-3.883,1
06P33S,23/02/2006 08:52:00,33.291,-3.903,1
06P34L,1/3/2006 6:59,33.146,-3.945,1
06P05L,30/01/2006 11:02:01,33.268,-3.919,1
l099,3/3/2006 18:12,33.121,-3.959,1
06P35D,8/3/2006 18:19,33.249,-3.939,1
BA37B,2/10/2009 7:11,33.237,-3.905,1
238,10/2/2010 7:46,33.113,-3.985,1
02P08C,1/2/2002 16:52,33.232,-3.948,1
BA19B,7/2/2002 8:12,33.178,-3.989,1
B614,8/2/2002 10:50,33.232,-4.005,1
484,9/2/2002 7:56,33.189,-3.903,1
06P44D,20/03/2006 17:33:48,33.15,-3.975,1
M1,23/03/2006 08:22:32,33.213,-3.976,1
06P11R,23/03/2006 09:14:00,33.23,-3.94,1
10P08J,9/3/2010 7:31,33.207,-4.05,1
BA54C,11/2/2002 8:29,33.273,-3.883,1
LC17,19/03/2010 09:55:00,33.207,-4.061,1
02P08Y,23/02/2002 09:05:00,33.273,-3.924,1
D455,26/02/2002 09:47:00,33.25,-3.88,1
02P10Y,2/3/2002 17:17,33.261,-3.926,1
02P15Y,6/3/2002 7:45,33.136,-3.995,1
06P07Q,28/03/2006 17:00:35,33.12,-3.958,1
d024,31/03/2006 07:26:26,33.283,-3.921,1
06P02S,6/4/2006 6:15,33.292,-3.856,1
06P16R,12/4/2006 8:42,33.341,-3.803,1
07P27L,30/04/2007 05:29:39,33.214,-4.054,1
07P03L,3/5/2007 5:26,33.329,-3.789,1
07P53L,15/05/2007 07:37:17,33.177,-4.059,1
BA19A,13/05/2002 07:59:00,33.172,-3.978,1
28,14/05/2002 19:15:00,33.184,-3.921,1
BA47A,16/05/2002 07:22:00,33.251,-3.862,1
04P09N,28/02/2004 08:43:00,33.208,-3.897,1
002e,28/02/2004 08:47:00,33.228,-3.945,1
07P07V,7/3/2007 7:36,33.267,-3.92,1
07P10V,7/3/2007 10:46,33.277,-3.942,1
07P05H,10/3/2007 7:21,33.335,-3.787,1
07P03B,12/3/2007 6:41,33.209,-4.052,1
07P28L,12/3/2007 7:08,33.213,-4.053,1
07P08L,13/03/2007 06:31:39,33.246,-3.938,1
07P06B,14/03/2007 06:40:02,33.273,-3.921,1
07P04L,17/03/2007 06:28:41,33.33,-3.782,1
07P05H,17/03/2007 06:55:47,33.335,-3.787,1
07P33L,19/03/2007 07:01:52,33.212,-4.057,1
06P32S,23/03/2006 06:20:20,33.271,-3.883,1
06P37S,27/03/2006 06:28:00,33.214,-4.052,1
07P20B,23/03/2007 06:10:00,33.273,-3.926,1
07P03B,26/03/2007 06:13:20,33.209,-4.052,1
07P24D,28/03/2007 06:15:48,33.259,-3.921,1
BA55A,3/4/2006 7:50,33.277,-3.856,1
BA25A,3/4/2006 18:11,33.208,-4.051,1
10P03A,12/4/2010 0:00,33.181,-3.95,1
BA21A,15/11/2007 07:24:22,33.185,-3.937,1
06P35D,8/4/2006 8:48,33.249,-3.939,1
06P36V,10/4/2006 6:25,33.177,-3.913,1
06P22N,20/04/2006 05:15:00,33.267,-3.951,1
l017,20/04/2006 08:21:51,33.207,-4.054,1
06P17R,26/04/2006 05:30:00,33.329,-3.789,1
06P02H,26/04/2006 07:30:00,33.336,-3.791,1
08P03C,29/02/2008 17:46:41,33.285,-3.881,1
05P48S,4/5/2005 5:10,33.212,-4.055,1
08P13R,19/03/2008 08:21:12,33.241,-3.938,1
R021,27/03/2008 16:48:48,33.247,-3.94,1
08P09C,2/4/2008 16:54,33.145,-3.965,1
06P05R,11/5/2006 5:30,33.197,-4.059,1
06P17R,26/05/2006 05:00:00,33.329,-3.789,1
M009,27/03/2007 11:05:00,33.244,-3.867,1
07P20B,29/03/2007 06:10:00,33.273,-3.926,1
07P19L,30/03/2007 07:07:00,33.24,-3.943,1
BA63A,2/1/2006 10:23,33.301,-3.846,1
07P04D,4/4/2007 6:30,33.266,-3.841,1
07P24D,4/4/2007 8:15,33.259,-3.921,1
B010,6/4/2007 8:31,33.329,-3.791,1
07P13S,6/4/2007 9:52,33.199,-3.942,1
07P09S,29/03/2007 07:35:47,33.23,-4.004,1
07P28L,2/4/2007 7:05,33.213,-4.053,1
07P01E,2/4/2007 18:20,33.267,-3.951,1
07P40D,5/4/2007 18:26,33.25,-3.88,1
07P04L,6/4/2007 6:00,33.33,-3.782,1
07P01E,13/04/2007 06:50:07,33.267,-3.951,1
07P04A,25/04/2007 08:38:33,33.207,-3.893,1
07P06V,5/5/2007 9:19,33.261,-3.917,1
07P53D,8/5/2007 6:51,33.308,-3.866,1
07P14S,12/4/2007 17:40,33.136,-3.996,1
07P41L,17/04/2007 05:44:57,33.198,-4.06,1
07P30V,18/04/2007 08:36:03,33.279,-3.868,1
07P01E,20/04/2007 09:06:56,33.267,-3.951,1
07P35L,1/5/2007 5:31,33.243,-3.943,1
B022,3/5/2007 6:35,33.326,-3.794,1
07P43D,8/5/2007 18:47,33.283,-3.922,1
07P41D,10/5/2007 6:45,33.252,-3.885,1
07P99D,11/5/2007 5:30,33.195,-3.905,1
07P53L,22/05/2007 07:01:55,33.177,-4.059,1
01P07N,4/4/2001 8:40,33.281,-3.859,1
01P46Y,16/04/2001 17:30:00,33.213,-4.052,1
10P01BA,19/04/2010 05:54:00,33.175,-3.95,1
U004,23/04/2010 06:19:36,33.133,-3.942,1
10P41AJ,7/5/2010 7:44,33.236,-3.995,1
U005,11/5/2010 6:53,33.256,-3.903,1
U006,11/5/2010 7:03,33.261,-3.913,1
07P09D,13/02/2007 16:59:40,33.274,-3.925,1
D058,15/02/2007 17:52:10,33.252,-3.916,1
d007,6/3/2007 9:50,33.274,-3.939,1
07P26L,10/3/2007 7:21,33.328,-3.799,1
07P19B,13/03/2007 06:30:20,33.24,-3.935,1
07P16V,20/03/2007 06:58:12,33.24,-3.933,1
07P25B,28/03/2007 06:16:18,33.27,-3.913,1
07P04T,28/03/2007 06:40:59,33.166,-3.917,1
07P30L,3/4/2007 6:03,33.247,-3.945,1
07P01T,4/4/2007 6:00,33.268,-3.912,1
07P03D,4/4/2007 6:00,33.26,-3.917,1
07P45L,6/4/2007 7:32,33.333,-3.787,1
07P42D,18/04/2007 09:39:39,33.276,-3.928,1
07P09B,19/04/2007 05:43:38,33.23,-3.941,1
07P41L,30/04/2007 05:29:39,33.198,-4.06,1
11P06M,14/02/2011 07:03:00,33.148,-3.943,1
11P01CC,14/02/2011 08:06:00,33.089,-3.981,1
11P04M,21/02/2011 08:01:00,33.165,-3.917,1
11P09CL,25/02/2011 10:18:00,33.197,-3.958,1
11P97M,2/3/2011 10:25,33.235,-4.007,1
11P11CL,15/03/2011 07:07:00,33.179,-3.922,1
11P18CC,15/03/2011 07:25:00,33.244,-3.86,1
11P06CG,16/03/2011 08:17:00,33.26,-3.841,1
11P02CL,16/03/2011 08:33:00,33.264,-3.839,1
11P27CL,20/03/2011 09:14:00,33.14,-4.017,1
11P30CL,20/03/2011 10:15:00,33.138,-4.006,1
11P42M,22/03/2011 07:25:00,33.246,-3.944,1
11P44M,29/03/2011 09:45:00,33.166,-3.977,1
03P05E,7/3/2003 8:48,33.207,-3.898,1
1,7/3/2002 7:39,33.172,-3.91,1
730,23/03/2002 06:45:00,33.25,-3.862,1
677,23/03/2002 07:30:00,33.261,-3.856,1
4,23/03/2002 07:51:00,33.261,-3.86,1
06P13L,31/01/2006 15:52:16,33.203,-3.963,1
11P06CC,27/04/2011 06:13:00,33.2,-4.065,1
BA56A,17/05/2002 06:05:00,33.275,-3.818,1
08P11H,19/03/2008 08:21:12,33.245,-3.937,1
08P29D,28/03/2008 17:38:41,33.263,-3.933,1
08P02Q,2/4/2008 6:54,33.264,-3.839,1
08P03Q,5/4/2008 7:01,33.261,-3.841,1
H057,28/01/2009 10:47:08,33.204,-3.902,1
d006,4/2/2009 8:10,33.239,-3.937,1
09P12C,17/02/2009 10:27:00,33.326,-3.79,1
09P05N,25/02/2009 07:33:03,33.26,-3.854,1
09P03R,26/02/2009 08:04:00,33.246,-3.869,1
09P99FM,11/3/2009 8:39,33.178,-3.919,1
lc004,11/3/2009 12:12,33.137,-3.984,1
M24,11/3/2009 16:54,33.252,-3.891,1
09P04P,20/03/2009 08:34:00,33.23,-3.941,1
09P26M,27/03/2009 07:39:00,33.206,-3.899,1
09P07U,27/03/2009 07:57:00,33.228,-3.939,1
06P24L,21/02/2006 08:20:05,33.307,-3.862,1
d062,21/02/2006 17:55:52,33.15,-3.969,1
06P31S,23/02/2006 07:31:00,33.255,-3.844,1
06P02A,13/03/2006 18:14:00,33.116,-4,1
06P39S,14/03/2006 08:19:27,33.24,-3.909,1
022e,17/03/2006 09:58:48,33.155,-3.975,1
06P02Y,30/03/2006 06:35:08,33.166,-3.962,1
06P05H,31/03/2006 08:05:00,33.332,-3.783,1
06P12L,22/04/2006 05:33:04,33.18,-4.02,1
BA18C,4/4/2006 6:49,33.179,-3.996,1
06P05L,4/4/2006 10:33,33.267,-3.919,1
BA19B,13/11/2008 17:26:21,33.187,-3.97,1
06P38D,12/4/2006 5:35,33.179,-3.923,1
u012,21/01/2009 08:52:00,33.26,-3.944,1
p029,6/2/2009 7:25,33.14,-3.989,1
09P01D,24/02/2009 07:20:36,33.25,-3.88,1
09P14R,24/02/2009 08:15:00,33.145,-3.965,1
C001,10/3/2009 16:01,33.212,-3.876,1
lc018,13/03/2009 09:59:13,33.135,-4.013,1
LC6378,7/4/2009 17:25,33.19,-3.906,1
09P17LC,10/4/2009 6:31,33.143,-3.996,1
6463M,14/04/2009 06:51:00,33.315,-3.866,1
09P15H,20/03/2009 07:02:59,33.136,-3.979,1
09P32R,26/03/2009 08:45:00,33.331,-3.79,1
06P22R,27/04/2006 05:15:00,33.209,-4.059,1
06P36D,29/04/2006 05:35:49,33.262,-3.906,1
09P32M,10/4/2009 7:01,33.201,-3.943,1
09P22LC,17/04/2009 07:36:00,33.178,-3.922,1
M19,23/04/2009 07:20:00,33.243,-3.98,1
LC18,20/04/2009 17:09:00,33.261,-3.905,1
LC38,22/04/2009 05:59:00,33.18,-4.015,1
A008,30/04/2009 06:08:51,33.241,-3.94,1
06P05R,5/5/2006 5:00,33.197,-4.059,1
06P05R,9/5/2006 5:15,33.197,-4.059,1
06P08R,9/5/2006 5:15,33.215,-4.056,1
LC3,27/04/2009 08:50:00,33.22,-3.898,1
09P29LC,4/5/2009 16:44,33.247,-3.941,1
06P17V,24/05/2006 05:30:00,33.232,-3.941,1
J004,19/05/2009 07:57:20,33.263,-3.95,1
p025,2/4/2008 16:13,33.122,-4.003,1
08P36R,2/4/2008 18:01,33.115,-3.99,1
09P09U,5/6/2009 7:08,33.259,-3.834,1
BA45A,16/10/2009 08:29:00,33.268,-3.923,1
BA28A,20/10/2009 16:14:37,33.199,-3.941,1
06P12D,15/04/2006 06:56:14,33.266,-3.958,1
06P04D,17/04/2006 06:30:42,33.134,-3.997,1
J02,19/02/2010 11:17:00,33.249,-3.882,1
004LC,22/02/2010 07:38:00,33.287,-3.833,1
Q024,2/11/2006 14:32,33.238,-3.935,1
6494YD,4/3/2010 9:20,33.287,-3.873,1
J01,10/3/2010 7:38,33.176,-3.991,1
LC21,10/3/2010 8:09,33.262,-3.902,1
LC08,11/3/2010 8:44,33.282,-3.89,1
10P09M,12/3/2010 8:29,33.213,-4.053,1
G002,15/03/2010 14:26:04,33.11,-3.995,1
A6882,9/1/2007 11:00,33.254,-3.922,1
10P96AJ,22/03/2010 18:02:00,33.238,-3.931,1
002H,24/03/2010 06:24:00,33.21,-3.887,1
22AJ,24/03/2010 07:03:00,33.239,-3.933,1
10P99M,25/03/2010 08:22:00,33.217,-3.879,1
07P02L,9/2/2007 9:53,33.15,-3.972,1
07P05L,16/02/2007 08:58:44,33.21,-4.052,1
07P09B,6/3/2007 6:44,33.23,-3.941,1
M008,13/03/2007 08:15:00,33.315,-3.877,1
07P21B,16/03/2007 06:32:13,33.205,-3.903,1
07P03D,21/03/2007 11:38:53,33.26,-3.917,1
07P28B,30/03/2007 06:21:32,33.203,-3.911,1
07P02V,31/03/2007 06:36:32,33.335,-3.788,1
07P43L,3/4/2007 6:03,33.247,-3.936,1
07P44D,18/04/2007 10:15:52,33.277,-3.941,1
07P30V,19/04/2007 05:50:03,33.279,-3.868,1
07P03B,30/04/2007 06:30:36,33.209,-4.052,1
07P09B,1/5/2007 5:32,33.23,-3.941,1
07P08Q,16/05/2007 06:18:00,33.276,-3.856,1
06P20R,27/04/2006 05:15:00,33.21,-4.049,1
l016,28/04/2006 06:48:32,33.33,-3.784,1
07P25Q,17/05/2007 05:53:00,33.317,-3.79,1
Q017,19/05/2007 06:40:00,33.26,-3.922,1
Q009,29/05/2007 06:08:00,33.276,-3.856,1
L02M09,24/02/2012 08:43:00,33.201,-3.902,1
BA11A,12/11/2008 16:15,33.141,-3.997,1
D13M09,11/3/2012 8:21,33.206,-3.9,1
D59M23,11/4/2012 8:21,33.256,-3.926,1
08P08L,5/3/2008 8:06,33.247,-3.871,1
002CF,5/2/2010 8:36,33.22,-3.894,1
A9965,9/2/2010 8:14,33.245,-3.941,1
019LC,23/02/2010 11:16:00,33.165,-3.904,1
10P05H,2/3/2010 10:14,33.228,-3.996,1
10P09YD,5/3/2010 8:30,33.185,-3.953,1
001H,15/03/2010 08:25:00,33.222,-3.937,1
10P02AJ,16/03/2010 06:28:00,33.162,-3.967,1
LC07,17/03/2010 08:51:00,33.132,-3.992,1
10P16LC,23/03/2010 15:48:00,33.2,-4.065,1
10P03U,24/03/2010 06:39:32,33.31,-3.863,1
01AJ,29/03/2010 06:26:00,33.17,-3.905,1
03AJ,29/03/2010 08:36:00,33.172,-3.941,1
10P16AJ,5/4/2010 9:48,33.241,-3.936,1
08P03B,20/03/2008 09:30:46,33.23,-4.004,1
10P07H,11/4/2010 0:00,33.234,-3.994,1
G014,3/12/2008 14:07,33.318,-3.788,1
08P37R,3/4/2008 8:29,33.132,-3.986,1
08P03Q,9/4/2008 6:36,33.261,-3.841,1
H023,5/1/2009 15:39,33.136,-3.994,1
p004,22/01/2009 09:16:27,33.202,-3.911,1
G006,20/04/2010 17:54:00,33.246,-3.876,1
10P07H,30/04/2010 06:52:00,33.234,-3.994,1
10P55LC,30/04/2010 07:09:00,33.129,-3.994,1
10P17LC,21/04/2010 06:37:00,33.12,-3.958,1
10P48LC,23/04/2010 08:48:00,33.246,-3.868,1
10P44LC,6/5/2010 8:11,33.232,-4.001,1
10P09U,6/5/2010 8:25,33.229,-4.002,1
06P03D,24/01/2006 15:40:23,33.277,-3.857,1
lc0027,28/02/2009 09:39:00,33.257,-3.902,1
09P16D,3/3/2009 8:22,33.254,-3.893,1
484,10/1/2002 9:37,33.19,-3.906,1
V04P01V,21/01/2004 12:34:00,33.254,-3.938,1
BA28C,26/01/2004 17:49:00,33.203,-3.954,1
13,29/01/2004 13:37:00,33.211,-3.9,1
142e,25/02/2004 07:50:00,33.203,-3.907,1
04P09S,27/02/2004 08:33:00,33.25,-3.859,1
04P13N,1/4/2004 7:07,33.204,-3.89,1
BA39B,6/4/2004 7:10,33.253,-3.851,1
BA47B,7/4/2004 6:44,33.259,-3.858,1
04P16S,16/04/2004 19:08:00,33.187,-3.903,1
l003,16/03/2006 09:33:50,33.207,-4.053,1
06P26S,17/03/2006 06:30:00,33.291,-3.903,1
06P10Q,22/03/2006 07:08:00,33.14,-3.955,1
06P04R,27/03/2006 06:28:00,33.211,-4.047,1
06P29L,27/03/2006 08:10:23,33.315,-3.876,1
04P23S,18/06/2004 09:33:00,33.204,-3.883,1
05P03E,22/02/2005 13:47:00,33.222,-3.907,1
05P08V,1/3/2005 8:38,33.335,-3.788,1
05P12V,4/3/2005 7:42,33.255,-3.844,1
05P14V,8/3/2005 7:36,33.329,-3.79,1
05P30N,23/03/2005 06:00:00,33.267,-3.924,1
05P33S,23/03/2005 08:44:00,33.34,-3.792,1
06P04A,28/03/2006 08:40:01,33.318,-3.862,1
06P07V,29/03/2006 17:30:17,33.293,-3.857,1
06P44D,1/4/2006 18:20,33.15,-3.975,1
05P29V,29/03/2005 18:31:00,33.186,-3.925,1
05P34V,1/4/2005 7:47,33.283,-3.923,1
06P05R,3/4/2006 8:48,33.197,-4.059,1
06P33D,4/4/2006 9:40,33.272,-3.918,1
06P05E,12/4/2006 6:15,33.186,-3.928,1
06P05E,12/4/2006 6:15,33.186,-3.928,1
06P18D,13/04/2006 05:57:00,33.22,-3.895,1
06P08A,14/04/2006 07:08:45,33.221,-3.907,1
06P05H,26/04/2006 05:30:00,33.332,-3.783,1
11P04M,10/2/2011 7:31,33.165,-3.917,1
11P02M,10/2/2011 8:11,33.222,-3.892,1
05P02N,19/01/2005 09:44:00,33.271,-3.882,1
11P10CL,25/02/2011 10:44:00,33.17,-3.94,1
11P24M,1/3/2011 7:55,33.221,-3.995,1
11P12CC,7/3/2011 11:05,33.21,-4.053,1
11P02G,23/03/2011 06:27:00,33.162,-3.966,1
11P02CL,26/03/2011 06:31:00,33.264,-3.84,1
05P03V,15/02/2005 09:51:00,33.323,-3.813,1
v022,4/3/2005 9:26,33.286,-3.92,1
05P24N,16/03/2005 18:15:00,33.26,-3.926,1
D71M23,18/04/2012 06:59:00,33.2,-3.942,1
08P18R,12/3/2008 17:52,33.203,-3.899,1
D42M09,25/04/2012 07:08:00,33.202,-4.066,1
D56M09,4/5/2012 17:34,33.265,-3.839,1
D75M09,13/05/2012 06:40:00,33.2,-4.064,1
08P03Q,3/4/2008 7:01,33.261,-3.841,1
02P02Y,14/01/2002 09:32:00,33.213,-4.053,1
B933,8/2/2002 8:12,33.209,-4.051,1
BA45A,9/2/2002 11:00,33.269,-3.913,1
BA53A,22/04/2005 06:08:00,33.266,-3.917,1
05P47N,22/04/2005 06:40:00,33.288,-3.823,1
05P50S,4/5/2005 5:20,33.209,-4.044,1
08P43R,6/5/2008 7:22,33.178,-4.006,1
11P22CC,27/03/2011 08:39:00,33.166,-3.921,1
11P99G,29/03/2011 09:53:00,33.163,-3.968,1
11P24CC,31/03/2011 10:30:00,33.171,-3.975,1
11P02G,7/4/2011 9:05,33.161,-3.965,1
08P06H,11/2/2008 15:42,33.16,-3.954,1
11P46CL,27/04/2011 07:09:00,33.199,-4.054,1
11P07N,3/5/2011 18:55,33.178,-3.913,1
11P53CL,4/5/2011 7:48,33.213,-4.053,1
11P53CL,5/5/2011 9:12,33.213,-4.054,1
08P18M,3/4/2008 7:43,33.163,-3.994,1
08P10B,15/04/2008 07:13:32,33.283,-3.921,1
p043,15/01/2009 10:34:34,33.204,-3.905,1
09P14P,10/2/2009 10:54,33.292,-3.905,1
02P26Y,10/4/2002 8:11,33.25,-3.862,1
09P19S,6/3/2009 9:16,33.158,-3.987,1
4,16/03/2009 17:22:00,33.332,-3.783,1
05P35V,5/4/2005 7:22,33.283,-3.885,1
05P03Y,7/4/2005 7:31,33.339,-3.795,1
7793,12/4/2005 7:08,33.29,-3.81,1
05P08Y,16/04/2005 06:45:00,33.148,-3.969,1
05P40S,18/04/2005 06:27:00,33.145,-3.969,1
06P05R,8/5/2006 5:30,33.197,-4.059,1
6,24/03/2009 07:07:44,33.177,-3.92,1
9,24/03/2009 08:39:00,33.146,-3.991,1
09P12LC,1/4/2009 7:26,33.242,-3.856,1
LC25,16/04/2009 06:23:00,33.241,-3.974,1
09P08A,27/04/2009 18:22:00,33.328,-3.79,1
BA21A,13/11/2008 09:47:00,33.172,-3.915,1
01P,30/04/2009 06:01:00,33.306,-3.841,1
G010,30/12/2008 15:51:00,33.322,-3.802,1
H025,15/01/2009 14:18:42,33.25,-3.925,1
D16M09,13/03/2012 08:20:00,33.206,-3.924,1
p017,20/02/2009 09:17:06,33.241,-3.855,1
09P05D,24/02/2009 06:45:32,33.25,-3.874,1
09P01P,25/02/2009 07:40:58,33.182,-3.951,1
09P05D,20/03/2009 07:13:00,33.25,-3.874,1
7,14/05/2009 18:34:00,33.139,-3.978,1
LC9013,14/05/2009 18:44:00,33.2,-3.902,1
LC7,7/4/2009 6:40,33.32,-3.769,1
09P14S,15/04/2009 18:17:00,33.203,-3.9,1
09P13S,15/04/2009 18:35:00,33.2,-3.898,1
L13M23,3/4/2012 8:56,33.156,-3.973,1
D58M23,11/4/2012 6:29,33.242,-3.859,1
CLA6679,24/02/2010 16:59:00,33.255,-3.923,1
LC01,10/3/2010 16:39,33.246,-3.936,1
10P16LC,16/03/2010 18:15:00,33.2,-4.065,1
10P19LC,19/03/2010 06:24:00,33.14,-3.97,1
10P07CLA,26/03/2010 07:59:00,33.203,-3.899,1
10P06G,26/03/2010 08:19:50,33.332,-3.784,1
D69M26,5/5/2012 6:20,33.257,-3.907,1
09P05J,30/04/2009 06:07:48,33.165,-3.974,1
06P05D,26/01/2006 17:24:34,33.254,-3.844,1
J009,7/5/2009 5:53,33.162,-3.966,1
LC27,15/05/2009 06:35:00,33.205,-3.902,1
BA30A,5/1/2006 8:39,33.207,-3.899,1
06P25S,17/02/2006 08:05:00,33.276,-3.854,1
06P15D,22/02/2006 10:38:52,33.214,-4.051,1
06P01R,6/3/2006 17:36,33.219,-3.892,1
10P07H,8/4/2010 0:00,33.234,-3.994,1
D07M09,4/2/2013 8:35,33.289,-3.809,1
D08M09,4/2/2013 8:55,33.28,-3.82,1
10P24BJ,9/4/2010 7:45,33.195,-3.941,1
D12M09,6/2/2013 8:29,33.2,-4.064,1
D39M09,21/02/2013 09:23:20,33.215,-3.896,1
11P25M,3/3/2011 9:43,33.228,-3.997,1
11P31M,14/03/2011 06:48:00,33.248,-3.876,1
11P23CL,14/03/2011 08:28:00,33.228,-3.937,1
11P42CL,14/04/2011 07:03:00,33.131,-4.003,1
M001,26/02/2010 07:33:00,33.287,-3.934,1
11P45CL,26/04/2011 08:14:00,33.213,-4.059,1
11P44CL,4/5/2011 7:40,33.206,-4.058,1
008D,5/2/2010 7:32,33.246,-3.876,1
003CF,5/2/2010 8:39,33.211,-3.895,1
11P17CL,4/5/2011 8:10,33.198,-4.062,1
10P09M,13/03/2010 00:00:00,33.213,-4.053,1
D53M09,2/3/2013 9:42,33.297,-3.838,1
D64M09,7/3/2013 8:46,33.318,-3.833,1
D06M26,16/03/2013 18:02:58,33.242,-3.943,1
D26M04,19/03/2013 06:58:07,33.226,-3.909,1
D39M03,20/03/2013 07:15:10,33.141,-3.99,1
D56M03,28/03/2013 07:27:26,33.229,-4.002,1
D62M03,2/4/2013 7:12,33.234,-4.006,1
10P04BJ,25/03/2010 18:25:00,33.276,-3.963,1
10P28AJ,5/4/2010 9:18,33.187,-3.915,1
10P05LC,9/4/2010 9:05,33.178,-3.99,1
10P01BA,22/04/2010 15:58:00,33.175,-3.95,1
10P02H,30/04/2010 05:50:00,33.215,-3.897,1
D11M09,10/3/2012 8:02,33.299,-3.804,1
01AJ,19/04/2010 07:25:00,33.242,-3.898,1
G009,21/04/2010 06:50:00,33.288,-3.909,1
LC15,21/04/2010 07:42:00,33.142,-3.978,1
10P46LC,22/04/2010 09:11:00,33.203,-3.946,1
10P16LC,27/04/2010 08:32:00,33.2,-4.064,1
10P99M,30/04/2010 06:12:00,33.217,-3.878,1
10P21LC,30/04/2010 06:55:00,33.137,-3.999,1
M006,5/5/2010 7:42,33.233,-4.002,1
06P04N,24/03/2006 07:04:38,33.237,-3.929,1
06P27D,29/03/2006 08:06:00,33.328,-3.789,1
06P37S,31/03/2006 17:55:28,33.214,-4.052,1
06P20S,14/02/2006 07:18:00,33.12,-3.958,1
10P03A,5/3/2010 7:59,33.182,-3.95,1
LC12,8/3/2010 17:00,33.263,-3.905,1
LC23,10/3/2010 9:44,33.289,-3.923,1
10P15LC,11/3/2010 18:21,33.141,-3.99,1
J02,12/3/2010 7:19,33.17,-3.917,1
06P04R,7/4/2006 6:30,33.211,-4.047,1
BA08A,7/4/2006 6:36,33.12,-3.953,1
D31M09,24/03/2012 08:45:00,33.209,-4.052,1
06P22D,27/02/2006 17:57:50,33.219,-3.905,1
10P07CLA,13/05/2010 06:59:00,33.203,-3.9,1
D64M23,13/04/2012 06:16:00,33.28,-3.82,1
06P50S,6/5/2006 5:46,33.25,-3.861,1
06P28R,17/05/2006 05:45:00,33.337,-3.791,1
06P05R,26/04/2006 16:16:33,33.197,-4.059,1
7637,28/04/2006 06:44:13,33.333,-3.791,1
R002,24/05/2006 06:15:00,33.236,-3.946,1
06P09N,26/05/2006 05:30:00,33.34,-3.799,1
BA007B,6/6/2006 6:33,33.319,-3.79,1
06P36S,2/5/2006 5:54,33.179,-4.019,1
R001,2/5/2006 6:10,33.233,-3.933,1
06P04R,8/5/2006 5:45,33.211,-4.047,1
06P16R,15/05/2006 05:15:00,33.341,-3.803,1
06P17R,15/05/2006 05:30:00,33.329,-3.789,1
73AJ,18/03/2010 18:12:00,33.176,-3.935,1
10P05U,20/05/2010 07:37:00,33.203,-3.908,1
10P05U,20/05/2010 07:37:00,33.203,-3.908,1
10P05U,20/05/2010 07:37:00,33.203,-3.908,1
BA30A,14/05/2002 06:15:00,33.207,-3.899,1
BA25B,15/05/2002 18:37:00,33.209,-4.051,1
AAAAAA,26/02/2002 07:33:00,33.198,-3.896,1
BA47D,16/05/2002 06:58:00,33.278,-3.861,1
3,17/05/2002 07:41:00,33.207,-4.051,1
06P01T,31/03/2006 08:05:00,33.335,-3.79,1
06P05R,1/4/2006 6:02,33.197,-4.059,1
BA26A,3/4/2006 17:09,33.224,-4.039,1
BA21A,6/4/2006 6:43,33.19,-3.906,1
06P05R,20/04/2006 05:28:26,33.197,-4.059,1
M016,8/2/2007 11:49,33.274,-3.918,1
07P07D,13/02/2007 16:01:53,33.257,-3.919,1
07P04B,27/02/2007 06:54:55,33.242,-3.932,1
07P10L,27/02/2007 06:55:22,33.247,-3.951,1
07P07L,27/02/2007 06:55:41,33.23,-3.942,1
07P20D,28/02/2007 07:02:31,33.277,-3.933,1
07P29L,13/03/2007 06:31:10,33.242,-3.947,1
07P01T,14/03/2007 06:40:02,33.268,-3.912,1
07P24L,20/03/2007 06:21:12,33.204,-3.904,1
07P15B,21/03/2007 06:23:08,33.273,-3.914,1
07P29L,29/03/2007 06:07:48,33.242,-3.947,1
07P14B,4/4/2007 6:00,33.272,-3.919,1
06P41S,29/04/2006 06:20:49,33.281,-3.922,1
06P09N,29/04/2006 06:30:00,33.34,-3.799,1
06P17R,12/5/2006 5:15,33.329,-3.789,1
06P16R,16/05/2006 05:00:00,33.341,-3.803,1
06P05R,18/05/2006 05:00:00,33.197,-4.059,1
s004,13/04/2007 06:44:39,33.241,-3.935,1
07P28L,17/04/2007 05:44:57,33.213,-4.053,1
07P10D,18/04/2007 06:53:12,33.267,-3.925,1
07P44D,26/04/2007 14:03:12,33.277,-3.941,1
35,8/4/2002 18:38,33.213,-4.053,1
02P25Y,8/4/2002 18:56,33.21,-4.058,1
D05M29,24/02/2014 08:43:00,33.229,-3.938,1
LC01,1/4/2010 6:25,33.265,-3.835,1
L04M29,19/03/2014 17:26:00,33.136,-4.012,1
D79M29,27/03/2014 17:19:00,33.275,-3.818,1
07P13L,28/02/2007 07:00:57,33.254,-3.922,1
07P16L,2/3/2007 6:45,33.331,-3.783,1
LC01,2/6/2010 18:17,33.168,-3.902,1
d006,6/3/2007 9:33,33.276,-3.933,1
07P05B,13/03/2007 07:45:41,33.255,-3.944,1
07P01B,16/03/2007 08:00:51,33.209,-3.904,1
D95M29,10/4/2014 7:59,33.174,-4.052,1
D13M09,7/2/2013 7:51,33.2,-4.064,1
07P35L,20/03/2007 06:21:12,33.243,-3.943,1
07P39L,23/03/2007 06:16:22,33.319,-3.79,1
B017,26/03/2007 06:47:18,33.215,-4.054,1
H012,28/03/2007 10:10:00,33.266,-3.949,1
07P28B,5/4/2007 6:06,33.203,-3.911,1
08P04B,28/02/2008 17:23:44,33.166,-3.921,1
08P05Q,6/3/2008 8:32,33.284,-3.879,1
L031,19/04/2007 07:20:38,33.237,-3.929,1
07P02E,26/04/2007 08:26:27,33.275,-3.957,1
D51M09,2/3/2013 9:14,33.318,-3.832,1
D45M03,21/03/2013 07:47:16,33.28,-3.82,1
07P04D,12/2/2007 17:35,33.266,-3.841,1
07P50L,4/5/2007 6:06,33.286,-3.918,1
10P03LC,5/4/2010 16:34,33.145,-3.94,1
10P04B,6/4/2010 17:32,33.246,-3.938,1
07P07B,2/3/2007 6:47,33.332,-3.792,1
07P05L,5/3/2007 6:44,33.21,-4.052,1
07P29V,12/3/2007 16:44,33.18,-4.015,1
07P29D,13/03/2007 08:37:39,33.186,-4.015,1
U003,26/04/2010 08:31:00,33.154,-4.002,1
10P11CLA,28/04/2010 06:58:00,33.177,-4.059,1
10P99U,28/04/2010 08:22:00,33.177,-4.006,1
10P14LC,30/04/2010 07:02:00,33.136,-3.994,1
D05M26,10/3/2015 6:54,33.22,-3.895,1
l02m23,17/03/2015 07:30:19,33.133,-4.002,1
D21M26,24/03/2015 06:33:00,33.275,-3.854,1
10P12CLA,5/5/2010 7:21,33.132,-4.005,1
07P06H,11/5/2007 6:11,33.309,-3.816,1
l06m23,24/03/2015 06:51:02,33.278,-3.815,1
L01M26,1/4/2015 6:27,33.21,-4.052,1
5145M25,8/4/2015 8:10,33.275,-3.818,1
d36m23,10/4/2015 9:21,33.137,-4.011,1
D01M18,14/04/2015 09:50:00,33.275,-3.818,1
D01M21,16/04/2015 07:26:00,33.22,-3.894,1
07P32L,19/03/2007 06:23:13,33.213,-4.054,1
L57M09,4/5/2012 19:04,33.259,-3.908,1
D74M09,11/5/2012 7:49,33.203,-4.066,1
D62M23,24/06/2015 09:31:00,33.262,-3.906,1
D40M04,28/03/2013 06:47:41,33.255,-3.876,1
D95M09,28/03/2013 07:01:05,33.176,-3.986,1
D43M04,29/03/2013 06:37:16,33.17,-3.907,1
11P08CL,25/02/2011 08:45:00,33.167,-3.922,1
11P07CC,1/3/2011 8:49,33.198,-4.06,1
11P20M,1/3/2011 9:31,33.235,-4.006,1
11P25M,2/3/2011 10:02,33.228,-3.996,1
11P13CC,7/3/2011 10:23,33.203,-4.052,1
11P16N,17/03/2011 07:21:00,33.324,-3.771,1
11P36CL,22/03/2011 09:36:00,33.186,-3.918,1
11P44M,23/03/2011 06:34:00,33.166,-3.977,1
11P39CL,28/03/2011 09:33:00,33.178,-4.017,1
11P40CL,30/03/2011 07:44:00,33.211,-4.055,1
11P04CC,26/02/2011 09:29:00,33.216,-3.877,1
11P01Q,3/3/2011 7:31,33.331,-3.783,1
N7699,7/3/2011 9:21,33.184,-4.029,1
11P12CC,8/3/2011 10:29,33.209,-4.052,1
11P06CC,12/4/2011 6:54,33.2,-4.064,1
11P44CL,26/04/2011 07:55:00,33.205,-4.058,1
11P07CC,27/04/2011 06:14:00,33.198,-4.06,1
11P06CC,14/03/2011 08:08:00,33.2,-4.064,1
11P17CC,15/03/2011 07:01:00,33.24,-3.85,1
11P41M,22/03/2011 07:10:00,33.242,-3.943,1
11P27N,31/03/2011 07:59:00,33.308,-3.818,1
11P02G,10/4/2011 7:43,33.162,-3.965,1
06P14R,19/05/2006 05:00:00,33.329,-3.783,1
06P27R,29/05/2006 05:00:00,33.212,-4.054,1
06P08R,7/6/2006 5:15,33.215,-4.056,1
d013,8/6/2006 16:41,33.253,-3.922,1
11P52CL,4/5/2011 6:47,33.208,-4.064,1
J018,29/11/2006 14:28:00,33.291,-3.905,1
J097,11/12/2006 13:51,33.332,-3.785,1
11P55M,5/5/2011 8:28,33.211,-4.058,1
T011,12/1/2007 15:47,33.224,-3.918,1
d005,19/03/2008 07:57:08,33.232,-3.942,1
012e,11/4/2008 15:36,33.286,-3.947,1
D14M26,20/02/2014 08:01:00,33.133,-4.004,1
D20M29,28/02/2014 07:51:00,33.174,-3.982,1
D34M29,8/3/2014 7:59,33.203,-3.931,1
D18M23,10/3/2014 8:43,33.141,-3.99,1
D51M29,19/03/2014 07:26:00,33.247,-3.939,1
D42M26,20/03/2014 06:32:00,33.194,-3.897,1
D58M29,20/03/2014 07:31:00,33.249,-3.949,1
D85M29,1/4/2014 8:04,33.295,-3.841,1
D10M09,2/4/2014 7:04,33.25,-3.923,1
D10M17,3/4/2014 7:10,33.184,-3.927,1
D94M29,10/4/2014 7:28,33.176,-4.06,1
D97M29,14/04/2014 06:27:00,33.288,-3.91,1
D26M23,16/04/2014 06:45:00,33.249,-3.859,1
D012M20,24/04/2014 06:30:00,33.179,-3.914,1
B005,6/5/2008 9:35,33.233,-3.941,1
BA29B,26/01/2004 16:59:00,33.203,-3.906,1
L056,15/02/2007 08:43:31,33.181,-4.017,1
07P03Q,20/02/2007 09:03:00,33.325,-3.807,1
04P02E,4/2/2004 9:41,33.211,-4.058,1
D05M09,1/3/2012 7:29,33.203,-3.91,1
D24M09,21/03/2012 08:46:00,33.215,-3.897,1
L11M23,28/03/2012 07:56:00,33.109,-3.986,1
D46M23,5/4/2012 6:37,33.276,-3.856,1
D44M09,26/04/2012 19:21:00,33.2,-4.064,1
D60M09,5/5/2012 6:55,33.172,-3.97,1
11P14M,23/02/2011 11:41:00,33.208,-3.89,1
11P08M,24/02/2011 07:02:00,33.207,-3.891,1
11P17CL,7/3/2011 9:16,33.198,-4.062,1
11P34M,15/03/2011 08:08:00,33.209,-4.044,1
11P21CC,21/03/2011 08:50:00,33.176,-3.929,1
11P35CL,22/03/2011 09:15:00,33.185,-3.925,1
11P11CL,24/03/2011 07:18:00,33.18,-3.924,1
11P46M,28/03/2011 07:51:00,33.168,-3.949,1
11P47M,29/03/2011 07:56:00,33.16,-3.978,1
D15M26,17/03/2015 06:55:00,33.237,-3.932,1
d13m23,17/03/2015 08:12:25,33.139,-4.002,1
D25M03,25/03/2015 07:06:00,33.249,-3.948,1
D05M09,1/2/2013 8:40,33.203,-4.086,1
L99M23,6/2/2013 7:24,33.275,-3.818,1
D48M09,1/3/2013 7:20,33.305,-3.818,1
D55M09,3/3/2013 8:46,33.318,-3.832,1
D56M09,4/3/2013 8:24,33.309,-3.827,1
D91M09,24/03/2013 07:17:05,33.229,-3.938,1
D19M26,2/4/2013 7:07,33.28,-3.871,1
D20M26,2/4/2013 7:20,33.292,-3.856,1
D106M09,10/4/2013 7:23,33.287,-3.91,1
11P07CC,11/4/2011 8:58,33.198,-4.06,1
BA07A,11/11/2008 7:09,33.135,-3.989,1
BA11A,11/11/2008 8:35,33.152,-3.998,1
07P21D,28/03/2007 06:15:48,33.26,-3.925,1
07P24V,29/03/2007 06:07:48,33.238,-3.933,1
07P38L,31/03/2007 06:05:32,33.327,-3.786,1
07P03B,2/4/2007 6:05,33.209,-4.052,1
07P12B,13/04/2007 05:50:07,33.247,-3.939,1
07P36L,13/04/2007 06:50:07,33.254,-3.942,1
11P48CL,28/04/2011 06:18:00,33.238,-3.906,1
07P31V,25/04/2007 05:55:13,33.145,-3.938,1
07P35B,26/04/2007 05:33:27,33.336,-3.787,1
07P26L,3/5/2007 6:02,33.328,-3.799,1
07P47D,4/5/2007 9:10,33.276,-3.926,1
A001,15/06/2011 05:32:00,33.208,-3.884,1
07P46D,9/5/2007 8:56,33.274,-3.955,1
07P10D,19/05/2007 06:22:00,33.267,-3.925,1
D112M09,15/04/2013 07:43:44,33.143,-4.078,1
D21M09,16/03/2012 08:56:00,33.291,-3.816,1
D25M09,22/03/2012 08:41:00,33.262,-3.907,1
D45M23,4/4/2012 7:08,33.209,-4.052,1
D49M23,6/4/2012 6:59,33.215,-3.896,1
L20M23,3/5/2012 6:13,33.165,-3.911,1
D68M26,5/5/2012 6:08,33.254,-3.893,1
05P09N,23/02/2005 08:09:00,33.137,-3.995,1
7658,16/04/2005 07:45:00,33.229,-3.939,1
BA28A,19/04/2005 07:46:00,33.209,-3.964,1
D10M09,5/2/2013 8:21,33.242,-3.944,1
07P18V,27/02/2007 17:41:13,33.205,-3.892,1
07P06B,28/02/2007 06:59:30,33.273,-3.921,1
07P28V,6/3/2007 8:52,33.225,-4.04,1
07P26D,7/3/2007 9:10,33.272,-3.925,1
07P04T,13/03/2007 17:30:46,33.166,-3.917,1
07P10D,14/03/2007 06:26:28,33.267,-3.925,1
07P19D,14/03/2007 06:26:28,33.263,-3.936,1
H026,15/01/2009 14:37:58,33.241,-3.932,1
07P03D,5/5/2007 9:19,33.26,-3.917,1
07P01S,8/5/2007 5:55,33.205,-3.893,1
088e,9/5/2007 17:01,33.145,-3.961,1
R018,13/02/2009 07:33:00,33.144,-3.938,1
R019,13/02/2009 07:37:00,33.138,-3.941,1
09P24C,17/02/2009 08:25:00,33.336,-3.786,1
B009,17/02/2009 09:59:19,33.134,-3.954,1
D12M26,20/02/2014 07:32:00,33.152,-4,1
D01M23,20/02/2014 07:39:00,33.264,-3.839,1
L01M29,21/02/2014 08:37:00,33.291,-3.903,1
D11M03,27/02/2014 06:37:00,33.275,-3.818,1
D27M26,6/3/2014 17:36,33.238,-3.931,1
D35M29,8/3/2014 8:34,33.198,-3.902,1
D21M04,13/03/2014 07:35:00,33.248,-3.875,1
D50M29,18/03/2014 08:03:00,33.268,-3.911,1
D41M26,19/03/2014 08:48:00,33.203,-3.91,1
07P11B,20/03/2007 06:20:01,33.241,-3.94,1
07P34L,20/03/2007 06:58:45,33.245,-3.937,1
D47M26,24/03/2014 06:44:00,33.229,-3.997,1
D74M29,26/03/2014 06:53:00,33.138,-4,1
07P56D,22/05/2007 05:59:53,33.211,-3.976,1
D38M03,11/4/2014 6:26,33.175,-3.983,1
07P36D,28/03/2007 09:56:05,33.263,-3.932,1
07P11B,29/03/2007 06:07:48,33.241,-3.94,1
07P44L,3/4/2007 6:33,33.254,-3.939,1
07P09V,4/4/2007 11:09,33.264,-3.936,1
07P33D,4/4/2007 11:09,33.261,-3.927,1
07P12S,6/4/2007 7:08,33.202,-3.955,1
07P04V,10/4/2007 18:10,33.112,-3.996,1
07P11V,13/04/2007 06:10:07,33.266,-3.963,1
07P01S,20/04/2007 05:45:01,33.205,-3.893,1
07P05H,26/04/2007 06:03:27,33.335,-3.787,1
M1,24/02/2009 08:23:27,33.237,-3.904,1
M03,24/02/2009 17:24:00,33.205,-3.889,1
d001,26/02/2009 07:37:42,33.129,-3.945,1
07P38D,3/5/2007 5:26,33.341,-3.8,1
B030,5/5/2007 5:57,33.286,-3.918,1
07P50D,7/5/2007 18:25,33.184,-3.928,1
09P18S,5/3/2009 11:31,33.129,-3.945,1
lc015,13/03/2009 09:22:58,33.134,-4.003,1
D07M09,5/3/2012 8:37,33.171,-3.971,1
LC24,1/4/2009 7:58,33.248,-3.871,1
07P43D,10/5/2007 7:07,33.282,-3.921,1
07P14H,10/5/2007 7:20,33.13,-4.014,1
LC19,7/4/2009 18:18,33.19,-3.903,1
09P31M,8/4/2009 7:30,33.267,-3.955,1
A9620,8/6/2007 6:09,33.276,-3.856,1
D48M23,6/4/2012 6:43,33.203,-3.905,1
D65M23,13/04/2012 07:00:00,33.316,-3.869,1
D47M09,29/04/2012 07:35:00,33.28,-3.82,1
D51M09,2/5/2012 7:21,33.221,-3.895,1
08P45R,28/05/2008 06:13:46,33.133,-4.007,1
08P30Q,30/04/2008 09:18:00,33.286,-3.945,1
08P47R,15/05/2008 07:18:49,33.328,-3.791,1
09P02P,14/01/2009 16:58:26,33.238,-3.906,1
D11M26,13/03/2015 07:29:00,33.285,-3.955,1
D15M14,25/03/2015 06:40:00,33.22,-3.895,1
R015,12/2/2009 11:31,33.134,-4,1
H015,12/2/2009 15:52,33.24,-3.933,1
09P20P,13/02/2009 07:45:24,33.134,-3.994,1
D008,19/02/2009 09:42:20,33.236,-3.946,1
B034,12/2/2009 11:32,33.318,-3.793,1
09P23D,13/02/2009 08:03:21,33.259,-3.856,1
R020,13/02/2009 09:06:00,33.157,-3.978,1
09P23D,25/02/2009 07:33:03,33.259,-3.856,1
09P22C,6/3/2009 7:30,33.276,-3.856,1
09P08R,25/03/2009 17:27:00,33.136,-3.994,1
22,26/03/2009 07:52:00,33.275,-3.928,1
09P01D,1/4/2009 8:15,33.25,-3.88,1
M21,2/4/2009 7:31,33.263,-3.905,1
01P69Y,1/5/2001 6:08,33.137,-4.009,1
03P04S,5/5/2003 16:41,33.204,-3.904,1
D009,19/02/2009 09:46:31,33.236,-3.942,1
M3,25/02/2009 09:39:29,33.263,-3.915,1
16,26/02/2009 10:19:00,33.332,-3.784,1
09P27R,9/3/2009 18:12,33.129,-4.011,1
09P02B,11/3/2009 7:10,33.177,-3.913,1
lc012,11/3/2009 18:23,33.264,-3.95,1
M39,14/03/2009 08:06:00,33.193,-3.918,1
BA07A,5/1/2004 8:11,33.131,-3.995,1
BA30A,7/1/2004 8:26,33.219,-3.891,1
BA35A,7/1/2004 16:42,33.245,-3.978,1
7,25/03/2009 07:13:00,33.27,-3.916,1
04P01S,11/2/2004 9:27,33.259,-3.852,1
04P08S,25/02/2004 09:58:00,33.259,-3.854,1
M17,9/4/2009 7:24,33.267,-3.847,1
6621,1/4/2004 7:22,33.149,-3.99,1
BA62B,6/4/2004 8:56,33.312,-3.872,1
9277P,20/04/2009 09:39:00,33.261,-3.849,1
09P28D,24/02/2009 07:17:21,33.174,-3.923,1
09P04L,24/02/2009 17:48:00,33.215,-3.897,1
09P22JM,3/3/2009 8:06,33.138,-4.005,1
09P28D,11/3/2009 8:55,33.174,-3.923,1
09P22JM,21/04/2009 18:01:00,33.137,-4.006,1
09P04LC,30/04/2009 06:32:17,33.151,-3.999,1
4535M25,9/5/2015 6:34,33.217,-3.891,1
7582H,5/5/2009 9:15,33.203,-3.958,1
6,17/03/2009 07:13:00,33.179,-4.009,1
09P21D,17/03/2009 08:37:00,33.133,-4.004,1
01P26Y,22/02/2001 14:30:00,33.211,-4.051,1
LC28,2/4/2009 6:13,33.142,-3.989,1
43,15/05/2002 14:16:00,33.232,-4.001,1
02P29Y,17/05/2002 07:30:00,33.209,-4.053,1
D09M09,4/2/2013 9:09,33.274,-3.817,1
D16M09,9/2/2013 9:07,33.29,-3.81,1
D19M09,12/2/2013 8:04,33.136,-3.994,1
D26M09,15/02/2013 09:02:03,33.247,-3.945,1
D34M09,19/02/2013 07:59:12,33.136,-3.987,1
D54M09,3/3/2013 8:16,33.309,-3.827,1
D66M09,9/3/2013 7:43,33.298,-3.803,1
D92M09,25/03/2013 06:57:47,33.23,-3.941,1
D11M09,5/2/2013 8:42,33.247,-3.946,1
LC17,22/05/2009 06:18:00,33.248,-3.936,1
D80M09,16/03/2013 18:17:57,33.165,-3.913,1
D48M03,22/03/2013 07:15:53,33.294,-3.841,1
D50M03,26/03/2013 06:49:47,33.336,-3.785,1
D60M03,2/4/2013 6:47,33.227,-3.997,1
BA12A,5/2/2002 17:45,33.151,-3.986,1
02P07Y,23/02/2002 08:19:00,33.28,-3.922,1
D16M26,28/03/2013 07:16:28,33.136,-3.986,1
D03M18,28/03/2013 17:00:00,33.129,-3.951,1
D109M09,12/4/2013 7:53,33.281,-3.873,1
D02M23,20/02/2014 08:17:00,33.275,-3.818,1
D06M29,25/02/2014 07:16:00,33.275,-3.818,1
D08M29,26/02/2014 07:46:00,33.267,-3.909,1
D37M29,9/3/2014 7:45,33.174,-3.982,1
D40M29,11/3/2014 8:14,33.136,-3.994,1
D48M29,17/03/2014 08:01:00,33.203,-3.931,1
D63M29,22/03/2014 06:29:00,33.247,-3.939,1
D68M29,24/03/2014 10:00:00,33.139,-4.002,1
L05M29,27/03/2014 18:27:00,33.319,-3.867,1
D87M29,2/4/2014 6:45,33.337,-3.789,1
D14M05,3/4/2014 6:39,33.265,-3.839,1
D11M20,24/04/2014 05:52:00,33.168,-3.906,1
10P08M,10/3/2010 7:42,33.203,-3.909,1
LC22,10/3/2010 8:40,33.288,-3.909,1
10P03Q,23/03/2010 18:31:00,33.168,-3.905,1
10P03A,26/03/2010 08:02:00,33.182,-3.95,1
D33M09,18/02/2013 09:06:47,33.139,-3.979,1
02AJ,29/03/2010 07:59:00,33.174,-3.934,1
10P01CH,31/03/2010 18:15:00,33.264,-3.913,1
10P08LC,1/4/2010 17:46,33.183,-4.057,1
06AJ,12/4/2010 17:49,33.248,-3.861,1
12AJ,20/04/2010 08:44:00,33.275,-3.853,1
10P10A,21/04/2010 07:13:00,33.319,-3.789,1
10P06J,23/04/2010 07:03:00,33.311,-3.814,1
10P41AJ,29/04/2010 05:57:00,33.236,-3.995,1
10P04Q,29/04/2010 16:46:00,33.166,-3.921,1
LC12,7/5/2010 6:58,33.136,-3.992,1
10P05U,13/05/2010 07:00:00,33.203,-3.908,1
10P34AJ,13/05/2010 07:02:00,33.325,-3.798,1
U001,17/05/2010 06:01:00,33.131,-3.992,1
10P07YD,17/05/2010 07:18:00,33.276,-3.856,1
D63M09,7/3/2013 7:53,33.309,-3.827,1
D83M09,19/03/2013 07:33:22,33.165,-3.915,1
D40M03,20/03/2013 07:24:56,33.152,-4,1
08P17D,21/02/2008 09:23:45,33.275,-3.958,1
D09M26,26/03/2013 07:43:32,33.174,-3.998,1
D52M03,27/03/2013 06:58:00,33.31,-3.863,1
L04M03,27/03/2013 07:06:34,33.319,-3.864,1
08P07L,11/3/2008 17:14,33.201,-3.943,1
B008,18/03/2008 18:29:04,33.126,-4.001,1
08P18M,2/4/2008 7:26,33.163,-3.994,1
BA21B,13/05/2002 06:27:00,33.177,-3.911,1
4543,15/10/2010 09:19:00,33.243,-3.93,1
9446,1/2/2011 9:13,33.231,-3.886,1
11P10M,24/02/2011 07:55:00,33.211,-3.905,1
11P06N,7/3/2011 17:58,33.152,-4,1
11P06N,10/3/2011 6:50,33.152,-4,1
11P38M,18/03/2011 08:26:00,33.146,-3.996,1
11P44M,31/03/2011 09:32:00,33.166,-3.977,1
11P19CL,20/04/2011 08:28:00,33.205,-4.064,1
d01m23,6/3/2015 7:27,33.34,-3.796,1
d12m23,17/03/2015 08:03:00,33.138,-3.999,1
D26M03,25/03/2015 07:41:00,33.266,-3.963,1
M16,22/04/2009 08:14:00,33.23,-3.935,1
03P01E,4/2/2003 8:48,33.26,-3.856,1
03P16E,5/6/2003 17:27,33.207,-4.056,1
014e,7/8/2003 18:06,33.135,-3.994,1
BA34A,6/1/2004 16:41,33.23,-3.998,1
22,29/01/2004 17:11:00,33.271,-3.874,1
M25,10/4/2009 5:58,33.199,-3.902,1
09P18LC,10/4/2009 7:04,33.138,-3.998,1
09P11A,15/04/2009 06:38:00,33.309,-3.862,1
M26,29/04/2009 06:27:00,33.203,-4.065,1
J01,27/02/2010 09:02:00,33.293,-3.797,1
LC16,9/3/2010 9:35,33.313,-3.793,1
10P16LC,19/03/2010 07:45:00,33.2,-4.065,1
G005,19/01/2009 15:05:00,33.315,-3.787,1
D09M23,26/02/2014 07:42:00,33.202,-3.95,1
D27M29,4/3/2014 7:07,33.203,-3.931,1
L02M26,6/3/2014 17:40,33.243,-3.931,1
7875,4/2/2009 16:39,33.246,-3.868,1
D33M29,7/3/2014 8:42,33.275,-3.818,1
D33M26,15/03/2014 07:54:00,33.221,-3.882,1
D02M09,17/03/2014 18:06:00,33.25,-3.949,1
D23M03,18/03/2014 07:19:00,33.317,-3.865,1
D55M29,19/03/2014 17:53:00,33.154,-4.004,1
D76M29,27/03/2014 07:24:00,33.138,-4,1
D86M29,2/4/2014 6:26,33.329,-3.789,1
4535M11,9/4/2014 6:37,33.22,-3.894,1
P01M01,23/04/2014 18:36:00,33.124,-4.016,1
D23M06,25/04/2014 06:17:00,33.154,-4.003,1
LC7803,10/6/2009 7:41,33.29,-3.9,1
BA07A,1/10/2009 7:12,33.136,-3.994,1
034LC,25/02/2010 08:25:00,33.258,-3.954,1
10P03H,28/02/2010 17:01:00,33.254,-3.893,1
10P09LC,5/3/2010 9:25,33.198,-4.06,1
62AJ,18/03/2010 11:33:00,33.149,-3.944,1
10P25LC,19/03/2010 06:36:00,33.143,-3.973,1
B0O3,30/03/2010 08:23:00,33.263,-3.932,1
10P35LC,1/4/2010 8:33,33.286,-3.919,1
10P03CH,5/4/2010 7:33,33.221,-3.896,1
10P07H,7/4/2010 0:00,33.234,-3.994,1
G7658,27/04/2010 08:50:00,33.231,-3.944,1
05P08S,23/02/2005 10:34:00,33.25,-3.847,1
LC03,30/04/2010 06:39:00,33.14,-3.998,1
a009,27/02/2008 08:31:00,33.294,-3.804,1
08P11M,27/02/2008 09:51:00,33.209,-3.962,1
08P14Q,6/3/2008 8:25,33.203,-3.957,1
08P06C,6/3/2008 18:23,33.206,-3.89,1
02P09C,1/2/2002 17:13,33.246,-3.944,1
939,9/2/2002 7:54,33.177,-3.911,1
02P12Y,2/3/2002 17:30,33.264,-3.917,1
L17M23,13/04/2012 06:01:00,33.275,-3.818,1
08P08C,16/04/2008 06:10:23,33.145,-3.936,1
A002,17/04/2008 06:55:00,33.294,-3.806,1
08P41R,18/04/2008 17:39:31,33.258,-3.903,1
35,22/03/2002 17:37:00,33.212,-3.973,1
24,4/4/2002 17:48,33.266,-3.908,1
BA63A,18/05/2002 07:26:00,33.317,-3.864,1
BA72A,21/05/2002 06:08:00,33.34,-3.798,1
X0353,1/3/2000 8:15,33.137,-3.995,1
X0371,8/3/2000 8:20,33.247,-3.937,1
X0434,5/4/2000 0:00,33.263,-3.908,1
X0431,5/4/2000 6:58,33.229,-3.936,1
0247FM,16/02/2010 07:39:00,33.279,-3.867,1
024LC,24/02/2010 07:59:00,33.183,-4.008,1
Q002,3/3/2010 8:13,33.256,-3.897,1
10P07J,3/3/2010 8:40,33.298,-3.804,1
08P04C,3/3/2008 17:59,33.15,-3.993,1
08P21D,5/3/2008 8:49,33.23,-3.944,1
08P08D,6/3/2008 8:24,33.254,-3.893,1
08P09R,6/3/2008 18:16,33.131,-3.949,1
LC13,8/3/2010 17:42,33.273,-3.816,1
10P02A,15/03/2010 17:48:00,33.247,-3.944,1
LC01,18/03/2010 07:18:00,33.143,-3.988,1
10P06CLA,24/03/2010 08:36:00,33.18,-4.052,1
LC6378,24/03/2010 11:31:00,33.188,-3.89,1
09P11N,12/2/2009 7:10,33.172,-3.969,1
09P32D,24/02/2009 17:18:15,33.142,-4.002,1
09P17S,25/02/2009 10:05:00,33.201,-3.908,1
09P10B,26/02/2009 10:11:00,33.338,-3.79,1
04P11E,24/02/2004 16:22:00,33.212,-3.904,1
04P10S,1/3/2004 9:50,33.249,-3.858,1
09P17M,14/03/2009 06:45:00,33.202,-3.951,1
2,16/03/2009 17:34:00,33.136,-4,1
40,27/03/2009 08:42:00,33.271,-3.915,1
BA28A,26/01/2004 17:45:00,33.202,-3.946,1
04P01N,11/2/2004 8:24,33.25,-3.88,1
04P06S,24/02/2004 17:50:00,33.249,-3.86,1
150e,25/02/2004 10:20:00,33.2,-3.942,1
04P17E,5/3/2004 18:28,33.2,-3.944,1
10P98Q,22/04/2010 07:46:00,33.277,-3.94,1
10P02B,23/04/2010 06:40:00,33.25,-3.924,1
05P27V,19/03/2005 08:36:00,33.305,-3.811,1
D04M23,21/02/2014 07:44:00,33.25,-3.88,1
D07M29,25/02/2014 08:23:00,33.316,-3.821,1
D23M29,3/3/2014 7:02,33.238,-3.933,1
D16M23,4/3/2014 7:26,33.138,-3.999,1
D36M26,17/03/2014 07:00:00,33.2,-3.899,1
L03M26,18/03/2014 08:53:00,33.198,-3.889,1
D06M09,24/03/2014 18:31:00,33.132,-4.011,1
D49M26,26/03/2014 06:00:00,33.249,-3.948,1
74M29,27/03/2014 17:49:00,33.277,-3.819,1
D13M25,24/04/2014 06:42:00,33.188,-3.904,1
LC10,28/04/2009 06:34:00,33.282,-3.919,1
09P28LC,4/5/2009 9:58,33.221,-3.898,1
U004,30/03/2010 06:42:54,33.201,-3.903,1
10P29LC,9/4/2010 6:57,33.308,-3.877,1
10P31AJ,16/04/2010 05:56:00,33.17,-3.905,1
10P99Q,20/04/2010 06:29:00,33.142,-4.081,1
10P34AJ,21/04/2010 06:27:00,33.324,-3.797,1
10P01A,30/04/2010 06:52:00,33.241,-3.941,1
s015,10/1/2006 11:31,33.125,-3.994,1
LC14,7/5/2010 7:20,33.136,-3.984,1
l023,20/02/2006 08:21:46,33.271,-3.853,1
06P22L,21/02/2006 07:50:37,33.293,-3.857,1
06P15V,21/02/2006 17:39:34,33.203,-3.91,1
06P18D,23/02/2006 17:04:38,33.22,-3.895,1
S2,22/03/2005 07:41:00,33.262,-3.919,1
06P12R,23/03/2006 09:40:00,33.237,-3.929,1
06P05R,27/03/2006 06:28:00,33.197,-4.059,1
06P06S,27/03/2006 18:15:26,33.152,-4,1
06P03Y,29/03/2006 09:34:49,33.16,-3.988,1
BA63C,4/4/2006 9:00,33.294,-3.855,1
06P05H,8/4/2006 7:16,33.332,-3.783,1
05P02Y,6/4/2005 7:00,33.203,-3.907,1
D17M26,23/03/2015 06:35:00,33.112,-3.983,1
D36M26,6/4/2015 6:20,33.256,-3.844,1
05P36V,14/04/2005 07:03:00,33.276,-3.856,1
05P41S,19/04/2005 06:27:00,33.206,-3.894,1
BA65B,20/04/2005 06:55:00,33.335,-3.786,1
09P04LC,5/5/2009 6:20,33.152,-3.999,1
6619P,12/5/2009 7:08,33.31,-3.858,1
M06,20/05/2009 07:20:00,33.246,-3.944,1
M9691,25/05/2009 10:36:00,33.134,-3.997,1
BA56B,28/10/2009 07:50:37,33.291,-3.811,1
0016LC,19/02/2010 08:38:00,33.205,-3.939,1
02P17Y,21/03/2002 17:43:00,33.232,-4.001,1
10P03M,3/3/2010 17:44,33.311,-3.861,1
M6749,4/3/2010 8:39,33.253,-3.865,1
10P08LC,5/3/2010 7:38,33.183,-4.057,1
10P07H,5/3/2010 9:25,33.234,-3.994,1
11P04D,23/02/2011 07:57:00,33.263,-3.838,1
10P14LC,11/3/2010 17:40,33.137,-3.995,1
10P09M,14/03/2010 00:00:00,33.213,-4.053,1
11P06D,4/3/2011 9:11,33.25,-3.88,1
11P19CL,8/3/2011 9:49,33.205,-4.064,1
11P36M,17/03/2011 06:57:00,33.15,-3.986,1
11P17N,17/03/2011 18:19:00,33.112,-3.984,1
11P31CL,20/03/2011 11:07:00,33.143,-3.997,1
11P48M,29/03/2011 09:20:00,33.174,-3.982,1
11P07CC,30/03/2011 06:30:00,33.197,-4.059,1
11P01FM,3/4/2011 8:22,33.172,-3.97,1
11P26CC,11/4/2011 9:51,33.203,-4.056,1
05P02O,19/01/2005 09:57:00,33.312,-3.861,1
05P06O,24/02/2005 07:55:00,33.237,-3.906,1
05P17S,8/3/2005 8:52,33.182,-3.927,1
05P18S,8/3/2005 9:09,33.179,-3.922,1
05P25N,16/03/2005 18:07:00,33.267,-3.925,1
02P01C,29/01/2002 17:54:00,33.2,-3.899,1
D61M23,16/06/2015 09:05:00,33.199,-4.063,1
05P39N,5/4/2005 9:02,33.137,-3.995,1
A01,12/4/2005 8:21,33.315,-3.869,1
05P03Y,14/04/2005 10:00:00,33.339,-3.795,1
BA07A,5/2/2002 8:59,33.135,-3.994,1
BA48A,9/2/2002 8:03,33.257,-3.849,1
BA54A,11/2/2002 8:39,33.285,-3.887,1
BA36A,14/02/2002 08:05:00,33.231,-3.941,1
02P09Y,24/02/2002 08:37:00,33.194,-3.94,1
08P09C,20/03/2008 07:50:26,33.145,-3.965,1
A1887,30/03/2002 07:19:00,33.263,-3.908,1
BA29B,14/05/2002 06:24:00,33.207,-3.899,1
08P45R,10/5/2008 9:06,33.133,-4.007,1
BA30B,5/1/2006 8:52,33.197,-3.905,1
10P04LC,9/4/2010 6:59,33.162,-3.966,1
04P27E,7/5/2004 10:26,33.22,-3.895,1
04P30E,20/05/2004 18:19:00,33.22,-3.894,1
10P05G,21/04/2010 07:48:00,33.328,-3.788,1
10P34BJ,5/5/2010 18:25,33.274,-3.817,1
06P28S,17/02/2006 10:07:00,33.287,-3.89,1
06P20D,25/02/2006 08:35:23,33.133,-4.004,1
06P04R,16/03/2006 06:15:07,33.211,-4.047,1
06P16D,16/03/2006 06:15:29,33.208,-4.051,1
06P40V,16/03/2006 08:16:22,33.203,-3.909,1
05P23V,17/03/2005 09:42:00,33.29,-3.903,1
06P21D,24/03/2006 07:05:00,33.204,-3.891,1
7859,7/4/2005 8:22,33.287,-3.856,1
06P27D,30/03/2006 06:09:00,33.328,-3.789,1
BA72C,3/4/2006 7:08,33.318,-3.789,1
06P37S,5/4/2006 8:20,33.214,-4.052,1
BA34A,5/4/2006 17:27,33.231,-3.997,1
06P38V,6/4/2006 8:00,33.209,-4.052,1
06P48S,8/4/2006 8:08,33.259,-3.859,1
06P17R,13/04/2006 07:38:00,33.329,-3.789,1
003T,13/04/2006 15:28:00,33.266,-3.963,1
06P36V,14/04/2006 05:50:42,33.177,-3.913,1
l033,20/05/2006 06:42:49,33.268,-3.924,1
11P05M,8/2/2011 9:04,33.178,-4.053,1
11P03CC,21/02/2011 07:07:00,33.11,-3.991,1
11P06CL,24/02/2011 07:41:00,33.174,-3.928,1
11P22M,28/02/2011 08:35:00,33.229,-4,1
11P10CC,3/3/2011 9:34,33.223,-3.996,1
11P05N,7/3/2011 8:36,33.175,-3.983,1
11P07CC,8/3/2011 9:28,33.198,-4.06,1
MP1,27/01/2009 08:00:09,33.288,-3.9,1
11P28CL,23/03/2011 07:17:00,33.137,-4.011,1
11P37CL,23/03/2011 08:17:00,33.133,-4.006,1
11P06CC,30/03/2011 06:35:00,33.2,-4.064,1
11P16M,23/02/2011 10:25:00,33.227,-3.895,1
11P11M,24/02/2011 08:16:00,33.202,-3.925,1
11P13CL,25/02/2011 12:34:00,33.188,-3.904,1
11P21M,28/02/2011 07:58:00,33.229,-4.002,1
11P21M,2/3/2011 11:34,33.229,-4.003,1
11P18CL,7/3/2011 9:48,33.203,-4.066,1
M003,6/2/2007 9:27,33.231,-3.946,1
07P01B,6/2/2007 10:31,33.209,-3.904,1
017T,20/01/2006 10:43:00,33.216,-3.909,1
L028,22/02/2007 08:05:54,33.281,-3.925,1
11P35CL,21/03/2011 09:01:00,33.185,-3.925,1
11P12CG,21/03/2011 17:15:00,33.147,-3.93,1
11P44M,28/03/2011 06:25:00,33.166,-3.977,1
11P01FM,29/03/2011 09:12:00,33.172,-3.97,1
H007,27/02/2007 12:32:00,33.247,-3.875,1
07P11L,28/02/2007 07:00:31,33.268,-3.91,1
11P17CG,4/4/2011 16:14,33.199,-3.904,1
7699CCBIS,8/4/2011 7:59,33.179,-4.005,1
11P44CL,27/04/2011 06:48:00,33.205,-4.058,1
06P44L,3/3/2006 8:14,33.272,-3.92,1
07P13B,6/3/2007 6:44,33.25,-3.941,1
07P16B,9/3/2007 9:44,33.207,-3.892,1
07P27D,14/03/2007 06:26:28,33.263,-3.934,1
B011,16/03/2007 06:32:08,33.203,-3.908,1
07P26B,29/03/2007 06:09:18,33.257,-3.938,1
06P05R,24/03/2006 06:28:00,33.197,-4.059,1
06P05R,25/03/2006 06:10:00,33.197,-4.059,1
06P38V,27/03/2006 06:28:00,33.209,-4.052,1
06P05R,31/03/2006 18:00:28,33.197,-4.059,1
06P16D,1/4/2006 5:30,33.208,-4.051,1
06P50V,1/4/2006 6:17,33.287,-3.811,1
BA25B,3/4/2006 18:18,33.214,-4.054,1
BA18B,4/4/2006 6:37,33.188,-4.009,1
06P26D,8/4/2006 7:15,33.335,-3.788,1
09P24D,19/02/2009 07:13:13,33.262,-3.907,1
JM020,20/02/2009 08:44:00,33.246,-3.926,1
09P04N,26/02/2009 09:02:00,33.255,-3.844,1
06P09L,13/04/2006 05:40:35,33.181,-3.949,1
06P04R,26/04/2006 06:02:02,33.211,-4.047,1
v011,26/04/2006 09:17:41,33.269,-3.931,1
v011,26/04/2006 09:17:41,33.269,-3.931,1
06P23R,28/04/2006 05:15:00,33.212,-4.048,1
06P27S,29/04/2006 06:20:49,33.291,-3.925,1
06P18L,1/5/2006 5:27,33.264,-3.908,1
06P24R,2/5/2006 6:15,33.25,-3.935,1
06P27R,11/5/2006 5:30,33.212,-4.054,1
06P06R,2/6/2006 5:00,33.21,-4.053,1
28,18/03/2009 11:53:00,33.266,-3.96,1
21,26/03/2009 07:31:00,33.272,-3.883,1
D01M09,24/02/2012 08:09:00,33.215,-3.897,1
D07M26,25/02/2012 07:29:00,33.265,-3.839,1
D47M23,6/4/2012 6:16,33.199,-3.897,1
09P30P,2/4/2009 6:50,33.188,-3.925,1
09P13LC,2/4/2009 8:39,33.138,-3.977,1
07P02B,6/2/2007 11:16,33.204,-3.891,1
v011,23/02/2006 09:05:05,33.225,-3.914,1
009T,1/3/2006 16:42,33.321,-3.834,1
06P12A,15/03/2006 18:12:00,33.131,-4.017,1
D64M26,26/04/2012 06:06:00,33.294,-3.841,1
D54M09,3/5/2012 9:28,33.215,-3.897,1
D70M09,9/5/2012 7:52,33.2,-4.065,1
06P04A,29/03/2006 06:52:19,33.318,-3.862,1
06P28V,29/03/2006 17:10:49,33.265,-3.963,1
06P32L,30/03/2006 06:35:08,33.15,-3.975,1
07P11S,5/4/2007 8:20,33.27,-3.869,1
L002,10/4/2007 6:08,33.203,-3.906,1
07P36L,11/4/2007 7:45,33.254,-3.942,1
07P12Q,13/04/2007 06:47:07,33.242,-3.941,1
01P40Y,23/03/2001 06:45:00,33.173,-3.988,1
07P26V,1/3/2007 10:58,33.252,-3.933,1
07P22L,7/3/2007 6:43,33.269,-3.913,1
07P02B,9/3/2007 6:35,33.204,-3.891,1
07P14B,21/03/2007 06:23:08,33.272,-3.919,1
07P08D,21/03/2007 07:33:08,33.273,-3.917,1
07P29B,30/03/2007 06:21:07,33.217,-3.903,1
07P38D,31/03/2007 09:19:32,33.341,-3.8,1
B011,6/4/2007 7:32,33.326,-3.793,1
L003,10/4/2007 6:35,33.203,-3.91,1
07P08Q,17/04/2007 05:37:42,33.276,-3.856,1
D12M09,10/3/2012 8:15,33.296,-3.807,1
D50M23,6/4/2012 7:11,33.22,-3.895,1
D35M09,14/04/2012 07:33:00,33.2,-4.064,1
11P26M,2/3/2011 11:01,33.234,-3.994,1
11P18CL,14/03/2011 08:20:00,33.203,-4.066,1
11P01U,14/03/2011 08:42:00,33.241,-3.942,1
D49M09,30/04/2012 06:47:00,33.29,-3.81,1
06P27L,31/03/2006 18:10:51,33.308,-3.862,1
BA72D,3/4/2006 7:16,33.331,-3.783,1
11P11CL,21/03/2011 09:21:00,33.18,-3.923,1
11P38CL,23/03/2011 08:41:00,33.137,-3.995,1
07P16L,3/5/2007 6:02,33.331,-3.783,1
07P47D,5/5/2007 9:10,33.276,-3.926,1
11P07Q,31/03/2011 06:48:00,33.281,-3.871,1
11P25CC,10/4/2011 8:49,33.179,-3.956,1
11P47CL,27/04/2011 07:34:00,33.213,-4.056,1
JM034,20/02/2009 11:43:00,33.23,-3.943,1
07P01T,15/05/2007 06:27:00,33.268,-3.912,1
M20,11/3/2009 12:34,33.211,-3.879,1
06P05H,15/04/2006 07:30:00,33.332,-3.783,1
06P29S,18/04/2006 05:30:00,33.12,-3.958,1
l020,21/04/2006 08:06:20,33.209,-4.055,1
06P23N,26/04/2006 09:15:55,33.213,-4.053,1
06P05R,27/04/2006 05:15:00,33.197,-4.059,1
L026,3/5/2007 5:27,33.332,-3.782,1
LC5725,27/04/2009 07:35:00,33.175,-3.965,1
06P49S,4/5/2006 4:37,33.245,-3.867,1
06P24R,4/5/2006 6:30,33.25,-3.935,1
09P01D,22/05/2009 06:40:00,33.25,-3.88,1
09P09U,5/6/2009 9:03,33.284,-3.939,1
11P55CL,10/5/2011 6:17,33.207,-4.051,1
D14M09,8/2/2013 7:58,33.2,-4.064,1
D25M09,15/02/2013 08:26:04,33.241,-3.942,1
D27M09,15/02/2013 09:18:10,33.247,-3.949,1
D40M09,21/02/2013 09:31:57,33.22,-3.894,1
D41M09,24/02/2013 08:02:39,33.209,-4.052,1
D52M09,2/3/2013 9:22,33.306,-3.831,1
D65M09,8/3/2013 7:42,33.318,-3.833,1
D71M09,11/3/2013 20:19,33.22,-3.895,1
D08M26,26/03/2013 07:01:42,33.21,-4.047,1
L02M26,28/03/2013 06:12:02,33.137,-3.979,1
D24M26,8/4/2013 6:39,33.287,-3.91,1
D111M09,14/04/2013 07:46:19,33.137,-4.014,1
09P04Q,20/03/2009 06:51:00,33.261,-3.859,1
09P20D,25/03/2009 16:26:00,33.114,-3.986,1
09P21D,25/03/2009 17:14:00,33.134,-4.005,1
08P12Q,28/02/2008 10:25:00,33.282,-3.92,1
09P33P,6/4/2009 9:49,33.261,-3.952,1
11P60CL,3/6/2011 6:58,33.267,-3.909,1
11P21CG,6/6/2011 7:13,33.221,-3.898,1
M35,17/04/2009 06:47:00,33.199,-4.031,1
09P01D,20/04/2009 18:28:00,33.25,-3.88,1
B009,25/03/2008 16:27:46,33.129,-3.949,1
A001,2/4/2008 6:42,33.176,-3.987,1
08P29Q,2/4/2008 7:02,33.151,-3.987,1
D02M09,31/01/2013 08:22:00,33.137,-3.994,1
09P09R,30/04/2009 07:35:04,33.141,-3.991,1
D21M09,13/02/2013 09:07:49,33.242,-3.943,1
L01M26,21/02/2013 09:19:03,33.214,-3.882,1
D49M09,1/3/2013 7:30,33.309,-3.827,1
D57M09,4/3/2013 8:36,33.32,-3.833,1
09P32P,5/5/2009 6:36,33.215,-3.896,1
D74M09,14/03/2013 07:16:16,33.309,-3.827,1
D27M04,19/03/2013 07:48:54,33.241,-3.942,1
D46M03,22/03/2013 06:49:14,33.289,-3.837,1
D64M03,3/4/2013 6:28,33.336,-3.785,1
08P02A,9/5/2008 6:17,33.137,-3.994,1
D113M09,17/04/2013 06:42:05,33.143,-4.078,1
08P23R,16/05/2008 07:35:09,33.25,-3.924,1
BA45A,20/10/2009 16:44:00,33.262,-3.919,1
006D,3/2/2010 8:04,33.204,-3.926,1
037LC,25/02/2010 08:39:00,33.242,-3.947,1
10P15AJ,22/03/2010 09:33:00,33.141,-3.988,1
U003A,23/03/2010 07:31:40,33.268,-3.927,1
10P05BJ,26/03/2010 06:42:00,33.134,-3.993,1
SA9105,19/02/2010 11:51:18,33.196,-4.063,1
Q003,3/3/2010 8:48,33.262,-3.905,1
10P05M,10/3/2010 0:00,33.25,-3.88,1
BA55A,12/11/2008 7:32,33.307,-3.861,1
06P14R,12/5/2006 5:15,33.329,-3.783,1
06P32R,5/6/2006 5:15,33.208,-4.044,1
10P09H,7/4/2010 6:42,33.22,-3.893,1
10P32LC,7/4/2010 7:35,33.292,-3.905,1
10P10H,22/04/2010 07:13:00,33.171,-3.919,1
10P18A,31/03/2010 18:50:00,33.251,-3.909,1
09P09R,11/2/2009 8:52,33.141,-3.991,1
D03M09,25/02/2012 08:03:00,33.199,-4.063,1
51AJ,30/04/2010 07:30:00,33.121,-3.953,1
10P23LC,30/04/2010 07:55:00,33.141,-4.002,1
D26M09,23/03/2012 08:06:00,33.235,-3.994,1
D45M09,25/04/2012 07:57:00,33.203,-4.066,1
D70M26,5/5/2012 6:28,33.262,-3.907,1
D77M09,16/05/2012 06:21:00,33.29,-3.81,1
10P14LC,7/5/2010 7:42,33.137,-3.995,1
09P08B,6/3/2009 8:53,33.276,-3.9,1
10P14LC,20/05/2010 07:38:00,33.137,-3.994,1
09P21M,19/03/2009 07:53:00,33.171,-3.971,1
09P03R,20/03/2009 07:41:00,33.246,-3.869,1
10P07H,19/04/2010 06:31:00,33.234,-3.994,1
LC05,19/04/2010 07:20:00,33.239,-3.948,1
10P45LC,22/04/2010 07:59:00,33.231,-3.999,1
LC9542,22/04/2010 08:44:00,33.204,-3.945,1
10P98J,23/04/2010 06:10:00,33.259,-3.846,1
10P19LC,23/04/2010 06:26:00,33.14,-3.97,1
10P46LC,29/04/2010 06:53:00,33.203,-3.945,1
10P60LC,7/5/2010 7:58,33.131,-4.003,1
6679AJ,19/05/2010 10:09:00,33.252,-3.917,1
87,11/5/2002 16:03,33.203,-3.889,1
06P21N,18/04/2006 06:47:26,33.238,-3.906,1
06P04Y,20/04/2006 05:27:26,33.209,-4.057,1
D28M04,19/03/2013 08:23:05,33.23,-3.938,1
06P49D,2/5/2006 5:09,33.178,-3.995,1
06P22R,9/5/2006 5:15,33.209,-4.059,1
LC22,8/4/2009 7:04,33.205,-3.904,1
09P11P,10/4/2009 6:16,33.141,-4,1
LC5,14/04/2009 06:54:00,33.133,-3.986,1
LC46,23/04/2009 06:26:00,33.198,-3.898,1
07P08D,13/02/2007 16:59:40,33.273,-3.917,1
07P01T,28/02/2007 07:00:11,33.268,-3.912,1
07P19D,28/02/2007 07:02:31,33.263,-3.936,1
09P03G,2/5/2009 6:33,33.174,-3.982,1
09P22N,13/05/2009 06:15:00,33.216,-3.878,1
06P08R,30/05/2006 05:55:00,33.215,-4.056,1
D42M09,25/02/2013 08:04:11,33.224,-3.901,1
L02M09,1/3/2013 7:49,33.318,-3.835,1
D87M09,21/03/2013 09:04:28,33.242,-3.938,1
D88M09,22/03/2013 08:13:54,33.264,-3.839,1
D51M03,26/03/2013 07:23:15,33.319,-3.79,1
D11M26,27/03/2013 06:49:35,33.206,-3.924,1
D54M03,28/03/2013 06:28:42,33.213,-3.977,1
BA56A,15/10/2009 07:04:00,33.289,-3.812,1
BA21A,16/10/2009 06:57:41,33.177,-3.919,1
11P03D,15/02/2011 08:41:00,33.204,-3.891,1
001CF,3/2/2010 8:04,33.175,-3.982,1
004CF,5/2/2010 9:48,33.237,-3.934,1
001H,15/02/2010 15:15:00,33.226,-3.939,1
11P02CC,18/02/2011 07:01:00,33.09,-3.987,1
11P07CL,23/02/2011 10:33:00,33.218,-3.88,1
11P11CL,25/02/2011 10:59:00,33.179,-3.922,1
11P05CC,26/02/2011 09:49:00,33.207,-3.89,1
11P24M,2/3/2011 11:21,33.221,-3.995,1
11P28CL,20/03/2011 09:37:00,33.137,-4.011,1
11P04U,20/03/2011 10:45:00,33.14,-4,1
11P08CL,22/03/2011 08:32:00,33.166,-3.923,1
11P11CL,27/03/2011 08:49:00,33.18,-3.924,1
10P05M,4/3/2010 9:00,33.25,-3.88,1
07P10D,13/02/2007 17:02:55,33.267,-3.925,1
07P05B,27/02/2007 06:54:12,33.255,-3.944,1
07P08L,27/02/2007 07:35:41,33.246,-3.938,1
07P11B,6/3/2007 7:31,33.241,-3.94,1
07P20L,6/3/2007 7:34,33.241,-3.95,1
10P02A,17/03/2010 00:00:00,33.246,-3.944,1
10P24LC,18/03/2010 12:14:00,33.088,-3.973,1
07P25L,9/3/2007 7:07,33.202,-3.913,1
07P09B,13/03/2007 06:30:21,33.23,-3.941,1
07P11B,13/03/2007 06:30:21,33.241,-3.94,1
07P20L,20/03/2007 07:30:12,33.241,-3.95,1
10P07Q,8/4/2010 17:18,33.176,-4.058,1
10P05M,14/04/2010 08:52:00,33.251,-3.88,1
LC01,16/04/2010 06:23:00,33.207,-3.89,1
G9398,20/04/2010 07:20:00,33.167,-3.974,1
11P05V,21/04/2011 17:57:00,33.111,-3.994,1
07P38L,23/03/2007 06:54:35,33.327,-3.786,1
07P15B,29/03/2007 06:00:00,33.273,-3.914,1
07P30B,3/4/2007 6:02,33.236,-3.931,1
07P23D,13/04/2007 05:37:42,33.262,-3.907,1
07P32L,16/04/2007 05:50:31,33.213,-4.054,1
07P41L,16/04/2007 05:50:31,33.198,-4.06,1
07P04L,26/04/2007 05:33:27,33.33,-3.782,1
07P45D,28/04/2007 16:52:50,33.299,-3.855,1
07P24V,1/5/2007 5:31,33.238,-3.933,1
07P48L,3/5/2007 5:26,33.326,-3.794,1
07P90X,8/5/2007 5:25,33.166,-3.97,1
07P29V,8/5/2007 6:05,33.18,-4.015,1
07P52D,8/5/2007 6:24,33.301,-3.858,1
10P09CLA,21/04/2010 07:27:00,33.248,-3.947,1
10P11H,22/04/2010 07:32:00,33.176,-3.929,1
10P11U,30/04/2010 05:41:00,33.165,-3.915,1
10P48LC,25/05/2010 08:16:00,33.246,-3.868,1
10P48LC,25/05/2010 08:16:00,33.246,-3.868,1
D08M23,26/02/2014 07:24:00,33.203,-3.931,1
D18M04,27/02/2014 08:00:00,33.289,-3.877,1
D28M29,4/3/2014 7:29,33.203,-3.949,1
D39M29,11/3/2014 7:50,33.141,-3.99,1
D22M03,13/03/2014 08:00:00,33.329,-3.789,1
D46M29,16/03/2014 08:09:00,33.203,-3.949,1
D25M04,18/03/2014 07:28:00,33.175,-3.997,1
D22M23,9/4/2014 6:34,33.25,-3.861,1
J035,14/06/2007 06:43:00,33.219,-3.895,1
Q011,20/11/2007 14:30:00,33.151,-3.979,1
Q003,14/01/2008 11:37:00,33.323,-3.783,1
07P18D,7/3/2007 10:46,33.269,-3.94,1
07P03L,10/3/2007 7:21,33.329,-3.789,1
B040,10/3/2007 7:53,33.325,-3.785,1
07P17B,10/3/2007 10:18,33.329,-3.781,1
08P16D,8/2/2008 10:12,33.28,-3.917,1
07P03B,19/03/2007 06:24:02,33.209,-4.052,1
07P41L,26/03/2007 06:47:20,33.198,-4.06,1
07P08S,29/03/2007 05:23:59,33.231,-3.999,1
07P08S,29/03/2007 05:23:59,33.231,-3.999,1
07P04L,31/03/2007 06:05:32,33.33,-3.782,1
07P37D,31/03/2007 09:11:05,33.327,-3.796,1
07P41L,2/4/2007 6:03,33.198,-4.06,1
M005--,6/3/2008 10:24,33.202,-3.945,1
08P10R,10/3/2008 16:27,33.172,-3.923,1
08P01E,14/03/2008 08:59:55,33.099,-3.998,1
08P07L,4/4/2008 8:05,33.201,-3.943,1
07P10S,5/4/2007 8:40,33.261,-3.858,1
07P37L,19/04/2007 07:18:54,33.248,-3.946,1
07P33B,20/04/2007 05:45:19,33.202,-3.908,1
07P34B,20/04/2007 06:44:15,33.201,-3.913,1
D04M26,6/3/2015 7:11,33.205,-3.887,1
d19m23,27/03/2015 06:40:06,33.153,-3.999,1
D28M03,27/03/2015 06:55:00,33.277,-3.941,1
B033,5/5/2007 6:31,33.268,-3.915,1
07P10D,9/5/2007 6:00,33.267,-3.925,1
d005,22/05/2007 06:49:53,33.196,-3.957,1
BA39A,9/1/2004 8:33,33.254,-3.858,1
04P05E,11/2/2004 8:51,33.188,-3.903,1
04P03S,12/2/2004 8:24,33.251,-3.861,1
04P08E,20/02/2004 09:28:00,33.209,-4.052,1
04P13E,25/02/2004 09:02:00,33.188,-3.903,1
04P10N,4/3/2004 9:04,33.204,-3.89,1
04P04P,11/3/2004 15:01,33.142,-3.971,1
04P13S,26/03/2004 09:15:00,33.25,-3.862,1
04P18E,28/03/2004 17:57:00,33.242,-3.941,1
BA55D,6/4/2004 7:30,33.286,-3.831,1
11P02M,1/2/2011 8:45,33.222,-3.893,1
9127V,2/2/2011 10:19,33.175,-4.057,1
11P13M,23/02/2011 10:10:00,33.23,-3.878,1
11P06CC,1/3/2011 8:22,33.2,-4.064,1
11P26M,1/3/2011 9:58,33.235,-3.994,1
11P08D,4/3/2011 7:10,33.254,-3.893,1
05P06V,17/02/2005 09:24:00,33.23,-3.997,1
D16M26,19/03/2015 06:59:00,33.168,-3.906,1
D27M03,27/03/2015 06:35:00,33.267,-3.924,1
11P16CC,10/3/2011 7:24,33.239,-3.951,1
11P06N,16/03/2011 17:51:00,33.152,-4,1
11P37M,18/03/2011 08:12:00,33.153,-4.013,1
11P26M,23/03/2011 08:01:00,33.235,-3.994,1
D25M26,30/03/2015 06:33:00,33.247,-3.945,1
05P09O,24/02/2005 07:39:00,33.207,-3.894,1
11P17M,25/02/2011 10:11:00,33.164,-3.912,1
11P18M,25/02/2011 10:29:00,33.161,-3.914,1
11P02M,26/02/2011 11:37:00,33.222,-3.893,1
11P19M,2/3/2011 10:31,33.232,-4,1
11P28M,4/3/2011 8:32,33.262,-3.907,1
11P22CL,14/03/2011 07:12:00,33.239,-3.934,1
001CG,21/03/2011 16:55:00,33.145,-3.939,1
11P99CC,22/03/2011 08:45:00,33.176,-3.93,1
11P03M,27/03/2011 09:55:00,33.173,-3.909,1
05P11O,15/03/2005 08:27:00,33.322,-3.873,1
05P02Y,9/4/2005 7:15,33.203,-3.907,1
BA65A,20/04/2005 06:42:00,33.332,-3.791,1
BA55B,22/04/2005 07:36:00,33.276,-3.819,1
P02N,23/04/2005 06:41:00,33.292,-3.811,1
08P05H,4/2/2008 16:11,33.241,-3.85,1
11P01FM,30/03/2011 09:14:00,33.172,-3.969,1
11P29N,8/4/2011 7:20,33.107,-3.983,1
CG01,14/04/2011 08:58:00,33.255,-3.892,1
11P12CC,6/5/2011 8:42,33.209,-4.052,1
11P43CL,14/04/2011 07:37:00,33.138,-4.013,1
11P54CL,6/5/2011 8:59,33.207,-4.047,1
R015,7/3/2006 9:09,33.212,-4.047,1
06P33D,8/3/2006 16:31,33.272,-3.918,1
06P38S,14/03/2006 07:49:13,33.221,-3.907,1
06P14R,29/03/2006 08:06:00,33.329,-3.783,1
06P04S,29/03/2006 10:10:49,33.165,-3.974,1
06P44S,3/4/2006 18:45,33.178,-3.997,1
BA18A,4/4/2006 6:30,33.18,-4.014,1
BA63B,4/4/2006 9:12,33.316,-3.87,1
06P37S,7/4/2006 6:30,33.214,-4.052,1
06P05H,29/04/2006 06:30:00,33.332,-3.783,1
06P04N,2/5/2006 5:30,33.237,-3.929,1
06P04R,11/5/2006 7:00,33.211,-4.047,1
06P29R,17/05/2006 06:30:00,33.319,-3.796,1
06P31R,30/05/2006 05:10:00,33.215,-4.062,1
D06M09,2/3/2012 7:44,33.168,-3.976,1
D29M09,24/03/2012 07:51:00,33.209,-4.045,1
D30M09,24/03/2012 08:57:00,33.212,-4.05,1
D18M26,13/03/2012 18:14:00,33.298,-3.803,1
D37M09,14/04/2012 07:59:00,33.197,-4.059,1
D48M09,29/04/2012 07:55:00,33.28,-3.813,1
D58M09,4/5/2012 19:18,33.262,-3.92,1
D04M25,5/5/2012 6:32,33.276,-3.855,1
D67M09,9/5/2012 6:17,33.172,-3.97,1
L12M23,2/4/2012 6:38,33.198,-4.062,1
X002,3/6/2008 7:11,33.175,-4.014,1
D01M29,21/02/2014 07:30:00,33.275,-3.854,1
D29M29,5/3/2014 8:22,33.239,-3.935,1
L02M29,12/3/2014 16:49,33.25,-3.924,1
D32M26,15/03/2014 07:29:00,33.205,-3.887,1
D47M29,17/03/2014 07:53:00,33.203,-3.949,1
D01M09,31/01/2013 07:50:00,33.136,-3.986,1
D11M04,22/02/2013 09:10:30,33.217,-3.981,1
D27M09,23/03/2012 08:41:00,33.232,-3.997,1
L14M23,4/4/2012 7:48,33.213,-4.053,1
D41M09,24/04/2012 09:06:00,33.2,-4.064,1
D76M09,15/03/2013 07:41:53,33.215,-3.897,1
D90M09,23/03/2013 07:53:27,33.221,-3.907,1
D10M26,27/03/2013 06:43:29,33.204,-3.912,1
L72M09,11/5/2012 6:56,33.199,-4.057,1
D02M18,28/03/2013 08:02:28,33.174,-3.973,1
D59M03,29/03/2013 07:28:10,33.277,-3.959,1
A058,12/11/2008 15:40,33.133,-4.005,1
M3,4/2/2009 16:48,33.247,-3.875,1
09P03B,6/2/2009 9:00,33.245,-3.937,1
09P22D,13/02/2009 07:34:15,33.255,-3.846,1
09P21D,20/02/2009 09:27:00,33.133,-4.004,1
09P33D,24/02/2009 18:11:10,33.144,-3.976,1
09P13R,26/02/2009 17:59:00,33.14,-3.97,1
09P22C,3/3/2009 6:54,33.276,-3.856,1
09P13M,10/3/2009 8:37,33.136,-3.949,1
07P17L,5/3/2007 6:44,33.214,-4.055,1
07P10B,6/3/2007 6:44,33.241,-3.942,1
07P19L,6/3/2007 6:45,33.24,-3.95,1
07P27L,12/3/2007 6:41,33.214,-4.054,1
09P03H,11/3/2009 17:04,33.238,-3.933,1
57,20/03/2009 07:31:00,33.214,-3.894,1
09P08D,20/02/2009 08:35:00,33.137,-3.996,1
JM022,20/02/2009 08:55:00,33.246,-3.94,1
09P08R,24/02/2009 17:13:51,33.135,-3.993,1
09P07D,24/02/2009 17:50:51,33.135,-3.985,1
49,27/03/2009 11:16:00,33.141,-3.977,1
M28,3/4/2009 6:16,33.254,-3.893,1
09P28R,10/3/2009 17:57,33.277,-3.857,1
M1,11/3/2009 10:48,33.216,-3.881,1
d012,29/03/2007 11:39:50,33.242,-3.94,1
07P23D,4/4/2007 6:00,33.262,-3.907,1
07P03S,10/4/2007 17:30,33.165,-3.974,1
L032,11/4/2007 17:08,33.308,-3.813,1
07P03B,16/04/2007 05:50:31,33.209,-4.052,1
61,20/03/2009 09:43:00,33.249,-3.926,1
07P01T,18/04/2007 05:43:18,33.268,-3.912,1
07P11B,19/04/2007 06:13:38,33.241,-3.94,1
07P45D,24/04/2007 16:52:50,33.299,-3.855,1
09P09X,27/03/2009 07:00:00,33.225,-3.905,1
38,27/03/2009 07:50:00,33.282,-3.913,1
LC2,31/03/2009 06:41:00,33.183,-3.993,1
09P30D,2/4/2009 6:50,33.166,-3.921,1
LC23,8/4/2009 7:27,33.214,-3.906,1
LC39,8/4/2009 17:45,33.137,-4.005,1
09P33M,15/04/2009 06:29:00,33.301,-3.862,1
09P34M,16/04/2009 06:46:00,33.258,-3.91,1
6397P,17/04/2009 08:10:00,33.265,-3.923,1
L08M23,22/03/2012 09:46:00,33.327,-3.769,1
D13M26,20/02/2014 07:54:00,33.137,-4,1
D02M29,21/02/2014 07:56:00,33.281,-3.872,1
D19M29,27/02/2014 17:44:00,33.267,-3.909,1
D32M29,6/3/2014 8:23,33.249,-3.932,1
D42M23,3/4/2012 9:13,33.146,-3.965,1
D41M29,11/3/2014 8:36,33.152,-3.999,1
D43M29,15/03/2014 08:16:00,33.152,-4.006,1
D64M29,24/03/2014 08:43:00,33.13,-4.003,1
D29M03,24/03/2014 18:09:00,33.337,-3.79,1
D77M29,27/03/2014 07:43:00,33.137,-3.994,1
09P27LC,28/04/2009 06:01:00,33.285,-3.906,1
D57M26,12/4/2012 6:27,33.216,-3.858,1
LC9139,4/5/2009 18:23,33.253,-3.884,1
D74M23,26/04/2012 06:41:00,33.255,-3.869,1
D66M26,27/04/2012 07:22:00,33.198,-4.057,1
Q008,16/05/2007 05:53:00,33.266,-3.841,1
D53M29,19/03/2014 08:00:00,33.249,-3.948,1
D57M29,19/03/2014 18:28:00,33.133,-4.004,1
D66M29,24/03/2014 09:09:00,33.133,-4.005,1
D72M29,25/03/2014 08:42:00,33.132,-4.01,1
D81M29,28/03/2014 07:56:00,33.138,-3.995,1
D37M03,9/4/2014 6:30,33.203,-3.948,1
D04M29,24/02/2014 08:07:00,33.238,-3.933,1
D100M29,25/04/2014 06:00:00,33.22,-3.895,1
D09M29,26/02/2014 08:29:00,33.291,-3.903,1
D11M29,26/02/2014 09:12:00,33.284,-3.923,1
D30M29,5/3/2014 9:14,33.25,-3.924,1
L22M04,13/03/2014 08:57:00,33.279,-3.925,1
D49M29,17/03/2014 17:50:00,33.288,-3.89,1
D24M03,18/03/2014 08:09:00,33.292,-3.856,1
D46M26,24/03/2014 06:19:00,33.203,-3.931,1
D90M29,6/4/2014 7:02,33.328,-3.788,1
107M29,10/4/2014 7:00,33.181,-4.062,1
D12M29,26/02/2014 16:57:00,33.168,-3.905,1
D23M26,6/3/2014 8:36,33.132,-3.936,1
D40M26,19/03/2014 08:23:00,33.206,-3.899,1
D59M29,20/03/2014 07:45:00,33.246,-3.944,1
D67M29,24/03/2014 09:17:00,33.137,-4.009,1
D07M09,27/03/2014 18:11:00,33.209,-4.051,1
D84M29,31/03/2014 17:02:00,33.295,-3.841,1
L04M26,1/4/2014 6:30,33.209,-4.055,1
D92M29,8/4/2014 6:39,33.249,-3.858,1
d014,28/02/2008 08:19:28,33.138,-4.006,1
BA65A,11/11/2008 7:14,33.314,-3.788,1
01P18L,31/03/2001 07:20:00,33.203,-3.909,1
01P50Y,2/4/2001 18:39,33.2,-3.9,1
73461M03,10/4/2014 6:29,33.276,-3.856,1
01P09Y,4/4/2001 10:12,33.284,-3.887,1
01P10N,10/4/2001 5:55,33.232,-4.001,1
01P10N,19/04/2001 06:17:00,33.232,-4.001,1
X0370,8/3/2000 7:30,33.246,-3.945,1
X0416,30/03/2000 06:50:00,33.266,-3.905,1
533,27/04/2001 00:00:00,33.258,-3.9,1
X0781,1/5/2001 7:41,33.148,-3.992,1
H048,28/01/2009 07:30:50,33.215,-3.888,1
08P08P,3/4/2008 7:03,33.299,-3.803,1
M7658,23/04/2009 06:11:00,33.231,-3.944,1
B026,16/04/2008 11:12:03,33.131,-3.941,1
LC14,27/05/2009 08:10:00,33.223,-3.956,1
R013,12/2/2009 10:36,33.129,-3.992,1
BA46-2A,14/12/2012 09:08:00,33.26,-3.863,1
BA72C,18/12/2012 08:42:01,33.34,-3.792,1
d05m23,11/3/2015 7:21,33.141,-3.99,1
D99M03,24/03/2015 06:24:00,33.238,-3.906,1
D24M03,25/03/2015 06:57:00,33.239,-3.934,1
BA07A,6/1/2006 9:23,33.129,-4.017,1
L99M17,31/03/2015 06:48:00,33.332,-3.78,1
002M25,1/4/2015 7:10,33.285,-3.879,1
d003,17/02/2009 07:45:21,33.238,-3.847,1
09P12P,20/02/2009 09:27:00,33.136,-4,1
09P10M,26/02/2009 17:01:00,33.115,-3.984,1
D03M09,31/01/2013 08:33:00,33.139,-4.001,1
D15M09,8/2/2013 8:32,33.203,-4.066,1
D17M09,10/2/2013 7:50,33.241,-3.943,1
D22M09,14/02/2013 08:37:23,33.247,-3.946,1
D23M09,14/02/2013 09:07:11,33.247,-3.95,1
D45M09,28/02/2013 07:45:06,33.202,-4.066,1
D46M09,28/02/2013 07:53:00,33.2,-4.064,1
D02M26,1/3/2013 7:32,33.136,-3.986,1
D05M26,16/03/2013 17:52:27,33.23,-3.938,1
D07M26,16/03/2013 18:19:54,33.248,-3.946,1
L22 M20,25/04/2015 06:18:00,33.22,-3.896,1
D29M04,20/03/2013 07:10:01,33.255,-3.876,1
D31M04,20/03/2013 08:10:18,33.254,-3.893,1
D89M09,23/03/2013 07:01:34,33.23,-3.938,1
D99M03,28/03/2013 06:14:31,33.209,-3.964,1
D45M14,16/05/2015 05:41:00,33.219,-3.894,1
d067,22/02/2006 08:43:40,33.151,-3.965,1
D103M09,7/4/2013 7:03,33.202,-3.918,1
09P16R,5/3/2009 9:17,33.137,-3.999,1
06P01T,2/3/2006 17:23,33.335,-3.79,1
06P41L,2/3/2006 17:29,33.135,-3.994,1
06P36D,9/3/2006 17:32,33.262,-3.906,1
06P05R,16/03/2006 07:00:44,33.197,-4.059,1
06P03N,20/03/2006 06:50:00,33.207,-3.974,1
06P36L,25/03/2006 08:15:00,33.177,-3.914,1
06P05H,30/03/2006 06:09:00,33.332,-3.783,1
LC13,11/3/2010 17:00,33.136,-3.987,1
BA56A,3/4/2006 6:39,33.275,-3.818,1
BA65B,4/4/2006 7:02,33.331,-3.782,1
D51M04,11/4/2013 5:54,33.202,-3.917,1
D114M09,18/04/2013 06:57:55,33.331,-3.781,1
B002,15/05/2008 05:58:01,33.221,-3.949,1
09P13R,20/03/2009 07:28:30,33.14,-3.97,1
10P16AJ,5/4/2010 9:23,33.241,-3.936,1
10P09H,13/04/2010 07:45:00,33.22,-3.894,1
06P45D,6/4/2006 6:12,33.316,-3.871,1
06P48L,13/04/2006 07:40:34,33.184,-3.946,1
D10M23,26/02/2014 08:23:00,33.202,-3.917,1
D10M29,26/02/2014 08:50:00,33.277,-3.901,1
D15M29,27/02/2014 07:41:00,33.203,-3.931,1
L01M26,27/02/2014 08:25:00,33.236,-3.853,1
D18M29,27/02/2014 17:13:00,33.277,-3.901,1
D12M23,28/02/2014 07:12:00,33.215,-3.897,1
D14M23,3/3/2014 8:31,33.287,-3.91,1
D15M23,4/3/2014 7:09,33.137,-3.995,1
D30M26,12/3/2014 16:35,33.215,-3.896,1
D01M18,13/03/2014 07:47:00,33.159,-3.908,1
L01M18,13/03/2014 08:04:00,33.167,-3.905,1
D04M09,24/03/2014 17:37:00,33.13,-4.002,1
D14M09,4/4/2014 7:02,33.25,-3.924,1
D89M29,6/4/2014 6:44,33.337,-3.79,1
D93M29,8/4/2014 7:28,33.238,-3.882,1
L02M23,9/4/2014 7:17,33.235,-3.854,1
D23M23,11/4/2014 6:10,33.204,-3.912,1
D24M23,11/4/2014 7:11,33.206,-3.896,1
p009,4/2/2009 10:27,33.159,-3.992,1
R003,10/2/2009 11:43,33.25,-3.925,1
09P01H,24/02/2009 07:54:00,33.308,-3.818,1
M10,26/02/2009 08:31:00,33.241,-3.852,1
09P05D,3/3/2009 7:30,33.25,-3.874,1
09P13X,3/3/2009 8:31,33.198,-4.06,1
09P12R,20/03/2009 06:37:25,33.121,-3.96,1
11,20/03/2009 07:11:24,33.325,-3.792,1
09P25M,24/03/2009 07:36:21,33.184,-3.939,1
32,26/03/2009 18:08:00,33.262,-3.932,1
LC40,8/4/2009 18:31,33.155,-3.991,1
l016,20/04/2006 07:43:37,33.214,-4.055,1
06P09N,22/04/2006 05:45:00,33.34,-3.799,1
06P21R,27/04/2006 05:30:00,33.209,-4.056,1
06P25V,2/5/2006 5:15,33.23,-3.941,1
06P26R,8/5/2006 6:00,33.205,-4.054,1
06P06R,18/05/2006 05:00:00,33.21,-4.053,1
D02M26,4/3/2015 7:00,33.138,-3.991,1
d15m23,18/03/2015 06:58:09,33.25,-3.862,1
d99m23,24/03/2015 06:46:55,33.278,-3.813,1
D26M26,30/03/2015 06:39:00,33.249,-3.948,1
d34m23,1/4/2015 6:16,33.148,-4.065,1
D34M26,1/4/2015 6:47,33.194,-4.025,1
09P03R,17/04/2009 06:30:00,33.246,-3.869,1
03P,30/04/2009 06:45:00,33.277,-3.857,1
D04M17,24/03/2015 07:08:00,33.273,-3.884,1
07P01Q,14/02/2007 14:29:00,33.274,-3.854,1
D02M21,17/04/2015 06:35:00,33.275,-3.818,1
LC9748,14/05/2009 18:27:00,33.199,-3.899,1
J6454,20/05/2009 07:51:00,33.271,-3.956,1
07P15L,1/3/2007 6:47,33.204,-3.902,1
07P27D,7/3/2007 11:51,33.263,-3.934,1
L044,9/3/2007 6:37,33.206,-3.903,1
07P18V,16/03/2007 06:32:51,33.205,-3.892,1
07P02V,17/03/2007 06:27:47,33.335,-3.788,1
07P26D,21/03/2007 06:25:01,33.272,-3.925,1
07P40L,26/03/2007 08:13:12,33.215,-4.053,1
07P03L,6/4/2007 6:00,33.329,-3.789,1
L095,11/4/2007 7:30,33.135,-3.992,1
Q011,14/04/2007 06:06:00,33.273,-3.851,1
07P44D,19/04/2007 10:15:52,33.277,-3.941,1
07P21B,2/5/2007 6:03,33.205,-3.903,1
07P51L,4/5/2007 6:06,33.279,-3.92,1
07P13H,8/5/2007 7:42,33.287,-3.923,1
07P06S,14/05/2007 17:27:11,33.251,-3.923,1
07P18H,17/05/2007 06:39:00,33.199,-4.034,1
019e,30/05/2007 18:20:21,33.206,-3.91,1
09P41D,17/10/2009 06:45:04,33.197,-3.941,1
BA36A,17/10/2009 06:49:00,33.232,-3.944,1
U9691,20/05/2009 08:00:24,33.138,-3.995,1
7289AJ,5/4/2010 11:23,33.18,-3.912,1
D99M26,19/06/2015 18:00:00,33.203,-4.063,1
BA46A,10/1/2004 9:48,33.251,-3.881,1
141e,25/02/2004 07:49:00,33.197,-3.909,1
10P29LC,20/04/2010 18:13:00,33.307,-3.877,1
10P32LC,26/04/2010 06:23:00,33.292,-3.904,1
10P99LC,7/5/2010 6:53,33.141,-3.991,1
10P46AJ,10/5/2010 8:50,33.175,-4.008,1
d98m23,24/03/2015 07:05:38,33.28,-3.819,1
D16M14,25/03/2015 07:01:00,33.217,-3.885,1
D23M26,27/03/2015 06:50:00,33.298,-3.822,1
6008AJ,19/05/2010 09:32:00,33.264,-3.915,1
10P16LC,25/05/2010 08:28:00,33.2,-4.065,1
A8161,5/3/2008 11:31,33.162,-3.955,1
08P23D,6/3/2008 8:24,33.262,-3.907,1
L01M23,16/01/2013 10:00:29,33.221,-3.897,1
D18M09,11/2/2013 7:49,33.29,-3.81,1
002M06,9/3/2013 6:41,33.201,-3.917,1
D75M09,14/03/2013 08:01:36,33.318,-3.833,1
D85M09,20/03/2013 08:34:39,33.237,-3.933,1
7582H,2/3/2010 11:38,33.203,-3.954,1
D22M26,4/4/2013 7:23,33.12,-3.958,1
81AJ,19/03/2010 09:06:00,33.259,-3.904,1
83AJ,19/03/2010 10:03:00,33.252,-3.891,1
D95M06,19/04/2013 07:53:38,33.277,-3.949,1
10P02BJ,24/03/2010 17:26:00,33.219,-3.92,1
10P01CF,25/03/2010 15:45:00,33.216,-3.878,1
D05M03,7/2/2013 8:25,33.25,-3.881,1
5610H,20/04/2010 07:20:00,33.208,-3.92,1
10P04Q,22/04/2010 06:35:00,33.166,-3.921,1
10P12BJ,28/04/2010 05:40:00,33.199,-3.901,1
A002,29/04/2010 06:30:00,33.144,-3.999,1
10P99A,29/04/2010 06:45:00,33.138,-4,1
10P13M,6/5/2010 7:53,33.234,-4.006,1
10P05M,9/5/2010 7:15,33.25,-3.88,1
M9218,12/5/2009 6:07,33.264,-3.838,1
d09m23,12/3/2015 8:04,33.281,-3.872,1
D14M26,17/03/2015 07:38:00,33.252,-3.932,1
D20M09,12/2/2013 8:33,33.136,-3.986,1
D38M09,20/02/2013 08:50:44,33.22,-3.894,1
D44M09,26/02/2013 09:11:18,33.2,-4.064,1
D04M26,1/3/2013 8:06,33.138,-3.997,1
D79M09,16/03/2013 07:40:31,33.308,-3.818,1
D44M03,21/03/2013 07:33:45,33.283,-3.825,1
D33M04,21/03/2013 07:36:06,33.172,-3.97,1
D01M18,25/03/2013 18:01:57,33.176,-3.986,1
11P01D,26/02/2011 06:00:00,33.217,-3.879,1
11P19M,28/02/2011 07:16:00,33.232,-4.001,1
D19M26,23/03/2015 07:05:00,33.125,-4.003,1
D99M17,23/03/2015 12:58:00,33.126,-4.019,1
l07m23,27/03/2015 06:15:19,33.145,-3.994,1
D24M26,27/03/2015 07:12:00,33.309,-3.847,1
d31m23,31/03/2015 08:36:24,33.251,-3.848,1
l08m23,9/4/2015 6:38,33.218,-3.88,1
d97m23,11/4/2015 8:25,33.239,-3.935,1
d37m23,12/4/2015 8:56,33.137,-4.011,1
D22M26,6/3/2014 7:28,33.177,-4,1
BA47A,7/4/2004 6:41,33.261,-3.858,1
D21M23,4/4/2014 7:55,33.168,-3.908,1
10P32LC,13/04/2010 17:18:00,33.292,-3.904,1
10P25LC,21/04/2010 07:54:00,33.143,-3.973,1
10P44LC,22/04/2010 07:50:00,33.232,-4,1
11P33M,15/03/2011 07:55:00,33.21,-4.051,1
11P06N,19/03/2011 08:38:00,33.152,-4,1
11P29CL,20/03/2011 10:04:00,33.133,-4.004,1
0148CC,21/03/2011 09:41:00,33.18,-3.921,1
11P26CL,22/03/2011 06:37:00,33.23,-3.941,1
11P05N,23/03/2011 07:33:00,33.175,-3.983,1
11P36CL,27/03/2011 08:34:00,33.186,-3.918,1
11P11CC,29/03/2011 07:39:00,33.22,-3.896,1
D46M14,16/05/2015 05:53:00,33.202,-3.888,1
11P49CL,2/5/2011 6:09,33.203,-3.906,1
11P12CC,5/5/2011 9:11,33.209,-4.052,1
10P25BJ,28/04/2010 07:17:00,33.148,-3.984,1
10P98M,4/5/2010 7:41,33.273,-3.901,1
BA53B,13/11/2001 17:23:00,33.253,-3.91,1
10P16LC,13/05/2010 09:02:00,33.2,-4.065,1
U002,17/05/2010 06:53:00,33.139,-4.003,1
D104M09,8/4/2013 8:21,33.276,-3.856,1
D105M09,9/4/2013 6:42,33.275,-3.855,1
D92M25,17/04/2013 07:11:32,33.252,-3.928,1
D115M09,19/04/2013 06:48:13,33.136,-3.976,1
BA07B,6/11/2001 8:42,33.138,-4.006,1
BA30C,7/11/2001 8:00,33.201,-3.901,1
BA21A,9/11/2001 7:34,33.188,-3.908,1
D08M09,6/3/2012 8:09,33.264,-3.839,1
D17M09,14/03/2012 08:09:00,33.207,-3.922,1
D21M26,14/03/2012 18:00:00,33.215,-3.896,1
L16M23,11/4/2012 6:58,33.246,-3.869,1
D36M09,14/04/2012 07:52:00,33.203,-4.066,1
D40M09,24/04/2012 08:24:00,33.204,-4.064,1
D101M29,25/04/2014 06:11:00,33.206,-3.899,1
D06M11,5/5/2012 6:00,33.201,-3.945,1
D61M09,5/5/2012 7:13,33.174,-3.982,1
L69M09,9/5/2012 7:44,33.203,-4.066,1
D03M23,21/02/2014 07:23:00,33.245,-3.867,1
013M25,10/3/2014 8:27,33.204,-3.933,1
9127YD,19/01/2011 10:34:00,33.177,-4.063,1
D61M29,21/03/2014 09:02:00,33.247,-3.939,1
CL5610,21/02/2011 10:15:00,33.23,-3.879,1
11P26M,3/3/2011 8:16,33.235,-3.994,1
11P11CC,4/3/2011 7:56,33.22,-3.895,1
11P32M,15/03/2011 07:02:00,33.199,-4.079,1
11P20CL,22/03/2011 07:00:00,33.237,-3.933,1
11P43M,23/03/2011 06:13:00,33.146,-3.94,1
11P36CL,24/03/2011 07:05:00,33.186,-3.918,1
11P54M,20/04/2011 08:13:00,33.21,-4.057,1
N01,31/05/2011 06:25:00,33.214,-4.054,1
026e,20/04/2004 07:54:00,33.181,-3.923,1
D10M09,9/3/2012 7:53,33.227,-3.997,1
D28M09,23/03/2012 09:14:00,33.235,-4.005,1
d11m23,17/03/2015 07:44:20,33.133,-4.016,1
d17m23,24/03/2015 07:42:52,33.317,-3.864,1
d24m23,30/03/2015 07:55:24,33.141,-3.949,1
D33M26,31/03/2015 07:07:00,33.275,-3.817,1
D39M26,9/4/2015 6:52,33.215,-3.896,1
D68M09,9/5/2012 6:22,33.169,-3.976,1
L22M23,10/5/2012 5:52,33.231,-3.998,1
d02m23,10/3/2015 7:08,33.205,-3.89,1
D06M26,10/3/2015 7:09,33.216,-3.878,1
D09M26,12/3/2015 7:06,33.25,-3.88,1
d08m23,12/3/2015 7:34,33.264,-3.838,1
D10M26,13/03/2015 07:01:00,33.289,-3.921,1
l04m23,18/03/2015 07:57:41,33.287,-3.91,1
11P04V,18/02/2011 07:32:00,33.292,-3.824,1
11P03CC,18/02/2011 08:21:00,33.11,-3.99,1
11P17CC,16/03/2011 07:25:00,33.24,-3.85,1
11P07CG,17/03/2011 07:17:00,33.245,-3.876,1
11P52M,7/4/2011 8:59,33.165,-3.973,1
11P06CC,11/4/2011 9:24,33.2,-4.064,1
11P19CL,11/4/2011 9:39,33.205,-4.064,1
08P28D,24/03/2008 07:13:50,33.266,-3.924,1
11P02AZ,21/04/2011 08:22:00,33.283,-3.831,1
CG02,27/04/2011 06:58:00,33.12,-3.965,1
08P12B,16/04/2008 06:26:02,33.162,-3.966,1
08P26Q,6/5/2008 17:31,33.271,-3.891,1
CL6463,1/6/2011 6:56,33.316,-3.867,1
CG9542,6/6/2011 5:53,33.199,-3.942,1
LC5149,9/6/2011 8:31,33.331,-3.782,1
A7875,14/06/2011 05:45:00,33.243,-3.868,1
L02M23,6/2/2013 8:27,33.295,-3.841,1
D36M09,19/02/2013 08:45:26,33.136,-3.994,1
D67M09,9/3/2013 8:20,33.307,-3.818,1
D82M09,18/03/2013 07:25:12,33.165,-3.912,1
D42M03,21/03/2013 07:16:38,33.275,-3.818,1
D34M04,22/03/2013 06:49:09,33.202,-3.918,1
D01M23,30/01/2013 07:54:43,33.202,-3.919,1
D18M26,2/4/2013 6:36,33.275,-3.855,1
D61M03,2/4/2013 6:52,33.229,-4.002,1
D65M03,4/4/2013 6:33,33.211,-4.058,1
D47M09,1/3/2013 7:02,33.298,-3.803,1
d18m23,24/03/2015 08:36:50,33.288,-3.808,1
L98M17,27/03/2015 07:17:00,33.288,-3.911,1
D29M26,30/03/2015 07:20:00,33.249,-3.928,1
D35M03,19/03/2013 07:25:37,33.136,-3.986,1
D47M03,22/03/2013 07:01:42,33.284,-3.832,1
D93M09,26/03/2013 07:48:02,33.283,-3.83,1
D38M04,27/03/2013 06:33:21,33.265,-3.839,1
10P02M,1/3/2010 16:47,33.248,-3.869,1
LC03,22/03/2010 09:33:00,33.251,-3.854,1
10P07H,24/03/2010 08:22:00,33.234,-3.994,1
p022,27/01/2009 11:08:21,33.161,-3.934,1
M2,29/01/2009 09:03:40,33.275,-3.853,1
09P02U,4/2/2009 8:47,33.246,-3.939,1
p005,4/2/2009 9:19,33.175,-3.974,1
d003,24/02/2009 08:45:35,33.176,-3.916,1
09P21D,25/02/2009 08:36:00,33.133,-4.004,1
09P23C,3/3/2009 11:19,33.203,-3.952,1
H016,4/3/2009 12:00,33.135,-3.951,1
D13M26,28/03/2013 06:43:30,33.138,-4,1
D15M26,28/03/2013 07:09:06,33.135,-3.994,1
D41M04,28/03/2013 07:11:20,33.25,-3.881,1
D21M26,3/4/2013 7:21,33.262,-3.906,1
10P54LC,30/04/2010 06:50:00,33.139,-4,1
D116M09,20/04/2013 06:41:39,33.136,-3.976,1
U011,5/5/2010 8:41,33.211,-4.068,1
U002,6/5/2010 6:29,33.213,-4.052,1
LC09,12/5/2010 6:46,33.204,-3.903,1
BA19A,7/2/2002 8:02,33.167,-3.975,1
BA19A,7/2/2002 8:02,33.167,-3.975,1
BA54B,11/2/2002 8:17,33.28,-3.873,1
37,16/02/2002 17:54:00,33.133,-4.015,1
02P18C,18/03/2002 17:12:00,33.147,-3.93,1
02P18Y,21/03/2002 17:57:00,33.226,-3.994,1
D69M23,18/04/2012 06:07:00,33.204,-3.905,1
L19M23,1/5/2012 8:30,33.176,-4.06,1
BA25A,15/05/2002 18:46:00,33.216,-4.053,1
D05M25,5/5/2012 6:50,33.286,-3.863,1
02P30Y,17/05/2002 07:35:00,33.213,-4.052,1
lc016,13/03/2009 09:46:08,33.14,-4.004,1
05P16N,9/3/2005 6:30,33.22,-3.895,1
42,19/03/2009 08:20:00,33.166,-3.973,1
LC55,3/4/2009 7:45,33.132,-3.996,1
M04,7/4/2009 9:30,33.135,-3.993,1
LC22,21/04/2009 07:05:00,33.183,-3.923,1
09P11P,21/04/2009 17:39:00,33.141,-4.001,1
LC11,28/04/2009 06:41:00,33.281,-3.923,1
G8214,28/04/2009 07:15:56,33.148,-3.995,1
M27,29/04/2009 08:17:00,33.21,-4.06,1
7518H,13/05/2009 10:23:50,33.241,-3.95,1
M16,22/05/2009 06:41:00,33.248,-3.882,1
6604H,15/09/2009 07:05:00,33.22,-3.893,1
BA36A,2/10/2009 7:47,33.232,-3.945,1
D05M23,21/02/2014 08:23:00,33.269,-3.894,1
D26M26,7/3/2014 7:56,33.248,-3.946,1
BA020A,20/10/2009 07:13:00,33.181,-3.943,1
BA021A,20/10/2009 08:08:00,33.187,-3.908,1
D21M03,13/03/2014 07:44:00,33.331,-3.78,1
D02M18,13/03/2014 08:36:00,33.173,-3.913,1
D96M29,11/4/2014 6:23,33.109,-3.981,1
D25M23,14/04/2014 07:27:00,33.327,-3.779,1
D04M09,1/2/2013 8:28,33.199,-4.063,1
D06M09,4/2/2013 7:55,33.298,-3.802,1
D31M09,17/02/2013 08:03:59,33.22,-3.894,1
018LC,23/02/2010 10:42:00,33.141,-3.983,1
J4815,24/02/2010 11:14:00,33.208,-3.905,1
10P04J,27/02/2010 09:19:00,33.305,-3.833,1
10P02CLA,28/02/2010 16:38:00,33.245,-3.887,1
LC05,4/3/2010 7:16,33.17,-3.923,1
D43M09,26/02/2013 08:38:43,33.203,-4.066,1
D03M26,1/3/2013 7:46,33.148,-3.988,1
10P22LC,18/03/2010 07:47:00,33.133,-4.004,1
D36M03,19/03/2013 07:46:56,33.139,-3.979,1
D38M03,20/03/2013 07:02:44,33.137,-3.994,1
10P97J,22/04/2010 07:26:00,33.29,-3.924,1
10P27BJ,26/04/2010 08:49:00,33.203,-3.956,1
10P04M,26/04/2010 17:55:00,33.246,-3.869,1
33AJ,28/04/2010 07:28:00,33.229,-3.994,1
D97M09,30/03/2013 06:42:25,33.21,-4.049,1
CLA4,12/5/2010 6:21,33.215,-3.896,1
D08M26,19/02/2014 07:23:00,33.133,-4.004,1
D13M23,28/02/2014 07:02:00,33.22,-3.893,1
D22M29,28/02/2014 08:31:00,33.175,-3.984,1
L01M23,3/3/2014 9:39,33.234,-3.902,1
D20M26,6/3/2014 6:49,33.171,-3.994,1
D36M29,8/3/2014 18:12,33.2,-4.065,1
D23M04,13/03/2014 09:13:00,33.267,-3.926,1
D73M29,25/03/2014 08:56:00,33.13,-4.002,1
D51M26,27/03/2014 06:32:00,33.176,-3.993,1
D83M29,31/03/2014 07:09:00,33.137,-4.011,1
D08M17,3/4/2014 6:19,33.167,-3.906,1
D91M29,8/4/2014 6:31,33.241,-3.852,1
D14M25,25/04/2014 06:07:00,33.204,-3.934,1
D99M29,24/04/2014 07:02:00,33.286,-3.919,1
l01m23,6/3/2015 7:59,33.332,-3.777,1
D12M26,17/03/2015 07:11:00,33.247,-3.945,1
D21M03,18/03/2015 07:48:00,33.234,-4.006,1
D20M26,23/03/2015 07:09:00,33.133,-4.004,1
03P11E,16/04/2003 17:52:00,33.25,-3.943,1
D31M26,31/03/2015 06:39:00,33.283,-3.831,1
d32m23,31/03/2015 08:53:33,33.249,-3.861,1
D37M26,8/4/2015 6:52,33.221,-3.883,1
d14m23,18/03/2015 06:37:25,33.24,-3.854,1
d20m23,27/03/2015 07:58:36,33.142,-3.991,1
d29m23,31/03/2015 07:38:33,33.266,-3.838,1
D01M02,11/4/2015 8:49,33.246,-3.933,1
4535M12,29/04/2015 06:18:00,33.216,-3.888,1
BA21A,30/12/2003 08:22:00,33.187,-3.921,1
V04P02V,21/01/2004 15:29:00,33.25,-3.88,1
04P23E,20/04/2004 18:42:00,33.207,-3.898,1
11P04M,24/02/2011 18:00:00,33.165,-3.917,1
11P14CC,9/3/2011 7:43,33.291,-3.903,1
11P24CL,17/03/2011 07:19:00,33.177,-4.008,1
11P09M,21/03/2011 06:31:00,33.215,-3.898,1
11P14CG,23/03/2011 06:56:00,33.17,-3.957,1
11P02FM,23/03/2011 07:01:00,33.179,-4.013,1
11P11CC,15/02/2011 07:55:00,33.221,-3.894,1
11P04M,24/02/2011 07:09:00,33.165,-3.917,1
11P09M,24/02/2011 07:15:00,33.215,-3.898,1
11P12CL,25/02/2011 11:36:00,33.201,-3.913,1
11P21M,1/3/2011 9:18,33.229,-4.003,1
05P01E,26/01/2005 09:53:00,33.178,-3.917,1
11P16CL,4/3/2011 7:50,33.245,-3.943,1
11P06CC,7/3/2011 9:32,33.2,-4.064,1
11P20CL,18/03/2011 07:31:00,33.238,-3.933,1
11P26CL,18/03/2011 07:47:00,33.23,-3.941,1
N03,18/03/2011 08:27:00,33.169,-3.899,1
11P39M,18/03/2011 08:40:00,33.131,-3.992,1
11P37M,19/03/2011 08:54:00,33.153,-4.013,1
11P13CG,21/03/2011 17:54:00,33.176,-3.994,1
11P11CL,22/03/2011 06:00:00,33.179,-3.922,1
S3,9/3/2005 8:12,33.221,-3.897,1
05P17V,10/3/2005 8:24,33.301,-3.806,1
11P19CL,13/04/2011 08:33:00,33.205,-4.064,1
05P27S,12/3/2005 9:18,33.172,-3.993,1
05P29S,16/03/2005 09:40:00,33.179,-3.922,1
6882,25/03/2005 06:57:00,33.26,-3.926,1
05P01Y,6/4/2005 7:03,33.205,-3.893,1
05P48N,21/04/2005 07:16:00,33.15,-3.975,1
CG06,29/04/2011 07:03:00,33.307,-3.814,1
11P55M,4/5/2011 7:36,33.211,-4.058,1
05P49S,4/5/2005 5:15,33.209,-4.053,1
11P19CL,26/04/2011 08:26:00,33.205,-4.064,1
BA11A,5/1/2006 10:14,33.147,-4.008,1
BA13A,13/01/2006 09:39:29,33.15,-3.975,1
D14M09,11/3/2012 8:44,33.215,-3.897,1
D10M26,20/02/2014 07:15:00,33.137,-3.994,1
D26M29,4/3/2014 6:54,33.206,-3.924,1
06P13D,22/02/2006 08:05:59,33.135,-3.994,1
D25M26,7/3/2014 7:51,33.245,-3.938,1
D31M26,12/3/2014 17:21,33.206,-3.899,1
D45M29,15/03/2014 17:58:00,33.203,-3.95,1
D25M03,19/03/2014 06:39:00,33.29,-3.903,1
D45M26,21/03/2014 06:38:00,33.199,-3.941,1
D78M29,27/03/2014 17:06:00,33.272,-3.815,1
D51M23,7/4/2012 7:18,33.199,-3.944,1
D70M23,18/04/2012 06:35:00,33.203,-3.931,1
D75M23,26/04/2012 06:49:00,33.25,-3.874,1
L21M23,3/5/2012 6:15,33.165,-3.91,1
D66M09,8/5/2012 6:14,33.169,-3.977,1
D73M09,11/5/2012 7:38,33.2,-4.064,1
06P14D,17/03/2006 06:15:00,33.149,-3.967,1
06P45D,28/03/2006 09:15:58,33.316,-3.871,1
06P01T,30/03/2006 06:09:00,33.335,-3.79,1
06P16L,30/03/2006 06:09:00,33.322,-3.779,1
T024,30/03/2006 07:56:00,33.196,-4.058,1
06P09S,30/03/2006 18:01:55,33.3,-3.855,1
BA56B,3/4/2006 6:48,33.29,-3.81,1
BA65C,4/4/2006 7:19,33.331,-3.79,1
06P05R,5/4/2006 8:20,33.197,-4.059,1
BA44A,5/4/2006 17:11,33.267,-3.951,1
BA19A,6/4/2006 8:29,33.173,-3.991,1
06P18L,7/4/2006 5:40,33.264,-3.908,1
L02M26,12/4/2012 7:08,33.243,-3.86,1
L02M26,12/4/2012 7:08,33.243,-3.86,1
06P18R,22/04/2006 05:30:00,33.33,-3.786,1
06P05R,28/04/2006 05:15:00,33.197,-4.059,1
06P17V,4/5/2006 5:15,33.232,-3.941,1
06P05S,17/05/2006 06:17:24,33.121,-3.955,1
L17M23,26/04/2012 07:29:00,33.255,-3.924,1
D59M09,4/5/2012 19:27,33.268,-3.912,1
06P28R,19/05/2006 06:30:00,33.337,-3.791,1
D71M09,10/5/2012 7:27,33.2,-4.064,1
L05M23,18/03/2015 08:13:00,33.284,-3.921,1
d28m23,31/03/2015 07:19:48,33.273,-3.896,1
BA30B,7/1/2004 8:13,33.207,-3.89,1
BA55B,12/1/2004 9:27,33.293,-3.846,1
D28M09,16/02/2013 07:36:35,33.138,-3.985,1
D30M09,16/02/2013 08:57:35,33.137,-3.978,1
D37M09,20/02/2013 08:11:11,33.215,-3.897,1
D73M09,14/03/2013 11:44:25,33.221,-3.909,1
D78M09,15/03/2013 08:48:40,33.224,-3.907,1
D41M03,21/03/2013 07:10:20,33.28,-3.819,1
d033,14/02/2007 07:16:01,33.231,-3.848,1
D55M03,28/03/2013 07:22:06,33.227,-3.997,1
D101M09,3/4/2013 7:39,33.201,-3.919,1
D26M26,8/4/2013 7:11,33.272,-3.923,1
BA28A,7/2/2002 9:52,33.195,-3.944,1
BA25A,7/2/2002 17:39,33.21,-4.041,1
N2,8/2/2002 16:39,33.228,-3.999,1
BA36B,14/02/2002 08:18:00,33.247,-3.94,1
d043,30/01/2006 15:07:38,33.207,-3.886,1
d049,31/01/2006 07:45:33,33.245,-3.842,1
06P12D,18/02/2006 10:38:39,33.266,-3.958,1
06P40S,17/03/2006 08:21:00,33.287,-3.89,1
07P02B,16/03/2007 08:00:08,33.204,-3.891,1
07P29L,20/03/2007 06:58:12,33.242,-3.947,1
07P36L,20/03/2007 07:30:54,33.254,-3.942,1
07P09D,21/03/2007 06:25:01,33.274,-3.925,1
06P04R,5/4/2006 8:20,33.211,-4.047,1
06P38V,5/4/2006 8:20,33.209,-4.052,1
06P16R,13/04/2006 07:42:00,33.341,-3.803,1
06P38V,28/04/2006 05:15:00,33.209,-4.052,1
06P49L,29/04/2006 05:35:49,33.268,-3.911,1
06P02V,2/5/2006 5:25,33.165,-3.974,1
06P04R,9/5/2006 5:30,33.211,-4.047,1
03P10E,13/04/2003 16:43:00,33.22,-4.039,1
07P16V,19/04/2007 06:44:38,33.24,-3.933,1
07P11B,1/5/2007 6:01,33.241,-3.94,1
06P14R,15/05/2006 05:00:00,33.329,-3.783,1
06P32R,2/6/2006 5:15,33.208,-4.044,1
07P25D,4/5/2007 4:51,33.264,-3.933,1
07P43D,4/5/2007 6:06,33.283,-3.922,1
d035,4/5/2007 9:18,33.269,-3.938,1
D17M04,27/02/2014 07:39:00,33.281,-3.871,1
07P24Q,10/5/2007 6:15,33.279,-3.855,1
D17M29,27/02/2014 16:46:00,33.283,-3.923,1
D29M26,10/3/2014 7:31,33.25,-3.923,1
D43M26,20/03/2014 06:57:00,33.207,-3.89,1
D69M29,25/03/2014 07:32:00,33.134,-4.005,1
D69M09,10/3/2013 7:39,33.223,-3.904,1
D70M09,10/3/2013 8:09,33.215,-3.896,1
D32M04,21/03/2013 06:45:29,33.162,-3.968,1
D12M26,27/03/2013 07:06:18,33.202,-3.918,1
D98M09,30/03/2013 07:21:00,33.213,-4.052,1
D99M09,31/03/2013 07:32:20,33.208,-4.048,1
D110M09,13/04/2013 06:40:53,33.282,-3.871,1
d16m23,18/03/2015 07:25:37,33.265,-3.839,1
D28M26,30/03/2015 06:52:00,33.251,-3.933,1
d25m23,30/03/2015 08:10:22,33.132,-3.945,1
D44M29,15/03/2014 08:33:00,33.155,-4.02,1
D56M29,19/03/2014 18:13:00,33.137,-3.995,1
D65M29,24/03/2014 08:53:00,33.133,-4.012,1
D50M26,26/03/2014 06:00:00,33.248,-3.946,1
08P03M,29/01/2008 10:52:00,33.207,-3.966,1
01M06,21/05/2014 07:55:00,33.272,-3.815,1
08P09Q,14/02/2008 09:41:00,33.302,-3.83,1
08P02B,28/02/2008 18:07:28,33.179,-4.014,1
08P10M,6/3/2008 7:21,33.2,-3.942,1
08P24D,6/3/2008 8:42,33.266,-3.908,1
A6343,12/3/2008 7:57,33.289,-3.908,1
03P14E,23/05/2003 17:41:00,33.206,-3.937,1
08P33R,31/03/2008 17:53:27,33.22,-3.893,1
08P18L,4/4/2008 7:14,33.162,-3.969,1
08P25B,1/5/2008 10:05,33.125,-4.002,1
07P01S,1/3/2007 6:19,33.205,-3.893,1
07P08B,2/3/2007 7:20,33.327,-3.782,1
07P03B,5/3/2007 6:44,33.209,-4.052,1
07P27V,6/3/2007 7:40,33.2,-3.943,1
07P08D,7/3/2007 7:39,33.273,-3.917,1
07P09D,7/3/2007 10:46,33.274,-3.925,1
002e,11/2/2004 7:33,33.206,-3.895,1
04P02N,12/2/2004 7:34,33.263,-3.908,1
04P07E,12/2/2004 13:13,33.152,-3.979,1
D03M26,6/3/2015 6:48,33.168,-3.906,1
d07m23,12/3/2015 7:21,33.261,-3.859,1
07P14B,14/03/2007 06:40:02,33.272,-3.919,1
07P20B,14/03/2007 06:40:02,33.273,-3.926,1
07P27D,15/03/2007 09:22:00,33.263,-3.934,1
07P10D,21/03/2007 11:38:53,33.267,-3.925,1
07P18V,22/03/2007 06:27:44,33.205,-3.892,1
07P05H,6/4/2007 6:00,33.335,-3.787,1
07P40D,6/4/2007 18:26,33.25,-3.88,1
07P30L,11/4/2007 6:20,33.247,-3.945,1
07P37D,12/4/2007 6:34,33.327,-3.796,1
D99M25,31/03/2015 06:26:00,33.22,-3.895,1
D32M26,31/03/2015 06:58:00,33.289,-3.809,1
d35m23,1/4/2015 6:38,33.143,-4.078,1
d036,4/5/2007 9:19,33.269,-3.941,1
07P48D,5/5/2007 9:05,33.275,-3.934,1
d38m23,12/4/2015 9:05,33.133,-4.004,1
M1,29/01/2009 07:39:42,33.267,-3.845,1
09P06B,10/2/2009 9:16,33.318,-3.802,1
p029,13/02/2009 07:26:07,33.142,-3.99,1
04P05S,24/02/2004 17:38:00,33.252,-3.853,1
181e,25/02/2004 17:31:00,33.208,-4.045,1
M004,21/01/2008 11:53:00,33.229,-3.945,1
H004,21/01/2008 14:01:00,33.239,-3.85,1
BA46A,7/4/2004 7:29,33.25,-3.862,1
BA44A,9/4/2004 16:42,33.263,-3.938,1
09P13C,17/02/2009 11:00:00,33.32,-3.79,1
d002,26/02/2009 07:53:57,33.134,-3.952,1
04P15N,21/04/2004 06:38:00,33.207,-3.974,1
L004,21/02/2008 09:11:00,33.263,-3.935,1
08P10D,3/3/2008 7:53,33.253,-3.896,1
09P12X,3/3/2009 8:14,33.2,-4.064,1
09P02P,11/3/2009 18:26,33.238,-3.906,1
08P07A,6/3/2008 7:30,33.29,-3.81,1
08P26R,18/03/2008 08:16:49,33.175,-3.989,1
09P22C,27/03/2009 08:56:40,33.276,-3.857,1
LC32,2/4/2009 8:24,33.132,-3.994,1
09P11N,1/5/2009 6:56,33.172,-3.969,1
05P10O,3/3/2005 7:43,33.177,-3.913,1
05P11V,3/3/2005 7:47,33.306,-3.81,1
05P16N,8/3/2005 7:21,33.22,-3.895,1
05P13V,8/3/2005 7:36,33.331,-3.782,1
05P32S,17/03/2005 09:02:00,33.182,-3.926,1
05P26N,18/03/2005 07:10:00,33.26,-3.926,1
LC14,21/05/2009 06:29:00,33.178,-3.979,1
H023,22/01/2009 09:21:23,33.269,-3.925,1
M01,15/06/2009 09:21:00,33.116,-3.97,1
09P12N,12/2/2009 7:51,33.179,-3.957,1
09P08R,17/02/2009 08:10:41,33.135,-3.993,1
09P07D,20/02/2009 07:05:00,33.135,-3.985,1
252,4/2/2004 17:20,33.184,-3.918,1
M09,6/3/2009 6:35,33.162,-3.966,1
06P03V,19/01/2006 17:29:18,33.241,-3.943,1
T7977,19/10/2009 13:42:58,33.237,-3.933,1
BA12A,19/10/2009 17:47:20,33.138,-3.984,1
09P25D,20/03/2009 08:53:00,33.268,-3.912,1
09P29M,3/4/2009 8:36,33.285,-3.94,1
09P34P,10/4/2009 6:27,33.165,-3.916,1
d008,2/2/2006 8:34,33.138,-4.024,1
Q005,18/02/2010 08:52:00,33.166,-3.94,1
LC07,4/3/2010 7:40,33.172,-3.958,1
09P30M,20/04/2009 11:26:00,33.162,-3.963,1
10P02A,16/03/2010 00:00:00,33.246,-3.944,1
LC03,16/03/2010 18:09:00,33.198,-4.061,1
09P01U,5/5/2009 6:54,33.221,-3.896,1
04P04E,11/2/2004 17:39,33.2,-3.943,1
06P25L,22/02/2006 07:38:05,33.292,-3.811,1
09P38M,20/05/2009 07:58:00,33.248,-3.952,1
06P14D,22/02/2006 09:14:56,33.149,-3.967,1
l082,3/3/2006 7:06,33.287,-3.89,1
06P34D,8/3/2006 17:29,33.259,-3.925,1
06P36S,10/3/2006 8:40,33.179,-4.019,1
06P42S,16/03/2006 08:56:24,33.296,-3.91,1
06P02E,17/03/2006 07:45:55,33.166,-3.973,1
06P02Y,17/03/2006 09:29:04,33.166,-3.962,1
004H,26/03/2010 06:40:00,33.181,-3.943,1
10P33LC,1/4/2010 6:52,33.26,-3.857,1
U001,1/4/2010 7:05,33.18,-3.986,1
10P04CH,1/4/2010 10:43,33.213,-3.878,1
05AJ,5/4/2010 11:53,33.18,-3.928,1
06P04Q,24/03/2006 06:38:00,33.206,-3.903,1
10P21AJ,6/4/2010 18:11,33.177,-3.92,1
6494AJ,13/04/2010 17:32:00,33.28,-3.87,1
10P42LC,16/04/2010 08:25:00,33.234,-3.905,1
BA65A,4/4/2006 6:49,33.312,-3.788,1
10P35AJ,23/04/2010 06:01:00,33.304,-3.81,1
10P36AJ,23/04/2010 06:48:00,33.308,-3.821,1
BA39A,6/4/2006 6:51,33.261,-3.859,1
BA45A,7/4/2006 18:20,33.27,-3.943,1
06P11S,8/4/2006 5:35,33.305,-3.811,1
LC15,28/04/2010 07:13:00,33.241,-3.877,1
BA46B,19/10/2009 17:26:00,33.25,-3.881,1
06P32L,15/04/2006 06:10:50,33.15,-3.975,1
06P02V,15/04/2006 06:14:50,33.165,-3.974,1
BJ9758,21/05/2010 08:46:00,33.267,-3.951,1
06P24N,4/5/2006 17:54,33.319,-3.79,1
06P37S,8/5/2006 5:45,33.214,-4.052,1
06P22R,11/5/2006 5:30,33.209,-4.059,1
06P14R,17/05/2006 05:00:00,33.329,-3.783,1
10P08AJ,16/03/2010 18:08:00,33.227,-3.996,1
10P07H,26/03/2010 06:49:00,33.234,-3.994,1
BJ07,26/03/2010 06:57:00,33.136,-3.994,1
10P20A,9/4/2010 6:39,33.121,-3.961,1
LC04,30/04/2010 07:20:00,33.13,-3.996,1
10P39BJ,10/5/2010 19:03,33.151,-4.006,1
10P09Q,21/05/2010 06:08:00,33.145,-3.97,1
T015,18/01/2007 11:40:00,33.287,-3.894,1
07P12L,28/02/2007 07:00:57,33.262,-3.925,1
11P01M,26/01/2011 10:00:00,33.178,-4.059,1
07P24L,9/3/2007 7:07,33.204,-3.904,1
07P09D,14/03/2007 06:40:02,33.274,-3.925,1
11P01D,23/02/2011 00:00:00,33.217,-3.879,1
11P15CC,4/3/2011 8:24,33.215,-3.896,1
07P03L,17/03/2007 06:27:47,33.329,-3.789,1
07P37L,20/03/2007 07:30:01,33.248,-3.946,1
07P14B,23/03/2007 06:00:00,33.272,-3.919,1
07P02V,23/03/2007 06:16:35,33.335,-3.788,1
11P07CC,14/03/2011 06:00:00,33.198,-4.06,1
11P06N,20/03/2011 09:40:00,33.152,-4,1
9689M,23/03/2011 07:46:00,33.169,-3.967,1
11P02G,28/03/2011 07:16:00,33.162,-3.965,1
11P23CC,28/03/2011 09:21:00,33.176,-3.999,1
11P44M,30/03/2011 09:23:00,33.166,-3.977,1
9980M,31/03/2011 07:29:00,33.208,-4.045,1
07P08Q,16/04/2007 09:06:56,33.276,-3.856,1
07P23D,16/04/2007 09:06:56,33.262,-3.907,1
07P01T,5/5/2007 5:58,33.268,-3.912,1
11P07CC,12/4/2011 6:00,33.198,-4.06,1
d001,10/5/2007 8:56,33.142,-3.957,1
CG02,8/6/2011 5:24,33.168,-3.904,1
11P98M,28/02/2011 17:23:00,33.23,-4.004,1
11P19M,1/3/2011 9:19,33.232,-4.001,1
08P10D,4/2/2008 7:15,33.253,-3.896,1
L006,13/02/2008 09:20:00,33.203,-3.943,1
11P08D,14/03/2011 07:14:00,33.254,-3.893,1
11P06N,18/03/2011 08:47:00,33.151,-4,1
Q013,20/02/2008 10:38:00,33.291,-3.906,1
11P34CL,21/03/2011 08:37:00,33.165,-3.928,1
11P44CL,20/04/2011 07:55:00,33.206,-4.058,1
11P51CL,2/5/2011 5:50,33.202,-3.901,1
D010,7/3/2008 7:59,33.245,-3.979,1
11P53CL,6/5/2011 8:12,33.213,-4.053,1
D04M09,29/02/2012 09:24:00,33.199,-4.062,1
D09M09,7/3/2012 8:32,33.146,-3.945,1
D15M09,12/3/2012 7:41,33.215,-3.896,1
D20M23,15/03/2012 07:26:00,33.177,-4.067,1
D18M09,15/03/2012 08:08:00,33.292,-3.824,1
p008,27/03/2008 10:18:33,33.128,-3.994,1
D22M09,19/03/2012 07:38:00,33.262,-3.907,1
D54M26,10/4/2012 5:58,33.298,-3.803,1
08P27B,17/04/2008 06:59:55,33.249,-3.858,1
M013,25/04/2008 07:22:00,33.27,-3.889,1
08P04P,29/04/2008 10:13:00,33.25,-3.88,1
D52M09,3/5/2012 6:27,33.221,-3.906,1
L55M09,3/5/2012 9:38,33.203,-3.899,1
D67M26,5/5/2012 5:58,33.257,-3.915,1
D17M26,13/03/2012 18:02:00,33.293,-3.824,1
D32M09,18/02/2013 08:07:33,33.136,-3.986,1
D50M09,2/3/2013 9:07,33.307,-3.818,1
D68M09,10/3/2013 7:24,33.22,-3.895,1
BA34A,13/11/2008 10:37:38,33.229,-4.003,1
D37M03,19/03/2013 08:24:52,33.141,-3.991,1
D14M26,28/03/2013 06:51:20,33.138,-4.013,1
04P15S,14/04/2004 08:42:00,33.25,-3.862,1
D77M09,15/03/2013 08:27:09,33.221,-3.896,1
D100M09,1/4/2013 6:32,33.138,-4.014,1
D30M04,20/03/2013 07:27:39,33.251,-3.881,1
D53M03,27/03/2013 07:40:15,33.309,-3.879,1
D17M26,28/03/2013 07:21:35,33.14,-3.989,1
04P17S,19/04/2004 15:48:00,33.211,-4.059,1
d015,4/2/2009 17:21,33.197,-3.941,1
09P06D,17/02/2009 09:32:53,33.141,-3.971,1
d005,26/02/2009 10:45:43,33.137,-3.947,1
020M03,14/10/2013 06:45:43,33.211,-3.975,1
09P13M,2/3/2009 18:00,33.136,-3.949,1
LC008,10/3/2009 17:16,33.331,-3.782,1
1,16/03/2009 17:25:00,33.135,-4.001,1
10,25/03/2009 06:43:00,33.154,-3.996,1
09P11LC,26/03/2009 18:41:00,33.142,-3.97,1
09P01U,1/4/2009 7:25,33.221,-3.895,1
09P01U,1/4/2009 7:25,33.221,-3.895,1
A016,3/4/2009 6:59,33.162,-3.965,1
LC21,8/4/2009 6:27,33.213,-3.894,1
09P02R,15/04/2009 10:31:21,33.268,-3.927,1
09P16D,17/04/2009 06:50:00,33.254,-3.893,1
LC23,21/04/2009 07:40:00,33.175,-3.935,1
D11M23,26/02/2014 09:01:00,33.222,-3.896,1
D12M03,27/02/2014 07:13:00,33.28,-3.819,1
D24M29,3/3/2014 7:49,33.23,-3.941,1
D19M26,4/3/2014 7:59,33.203,-3.909,1
D01M09,17/03/2014 17:55:00,33.246,-3.938,1
D10M05,18/03/2014 07:24:00,33.229,-3.998,1
D52M29,19/03/2014 07:51:00,33.248,-3.947,1
D54M29,19/03/2014 17:02:00,33.131,-4,1
LC20,6/5/2009 18:14,33.206,-4.074,1
D03M29,24/02/2014 07:25:00,33.23,-3.941,1
D14M29,27/02/2014 07:20:00,33.203,-3.91,1
D42M29,12/3/2014 17:52,33.268,-3.911,1
D37M26,17/03/2014 09:44:00,33.204,-3.887,1
D70M29,25/03/2014 07:52:00,33.138,-4,1
D75M29,26/03/2014 07:04:00,33.137,-3.996,1
D82M29,29/03/2014 08:30:00,33.132,-4.008,1
D19M23,3/4/2014 7:11,33.206,-3.888,1
D12M09,3/4/2014 7:42,33.25,-3.924,1
d06m23,11/3/2015 7:48,33.132,-4.004,1
d10m23,17/03/2015 06:51:56,33.12,-3.958,1
D13M26,17/03/2015 07:29:00,33.247,-3.939,1
D22M26,24/03/2015 07:05:00,33.289,-3.92,1
D35M26,1/4/2015 7:19,33.161,-3.989,1
D38M26,9/4/2015 6:06,33.22,-3.895,1
d04m23,10/3/2015 8:01,33.202,-3.918,1
D17M14,26/03/2015 06:53:00,33.275,-3.816,1
d23m23,30/03/2015 06:22:43,33.205,-3.897,1
d26m23,31/03/2015 06:20:28,33.255,-3.844,1
D40M26,12/4/2015 7:15,33.134,-4.026,1
Q001,3/3/2010 7:21,33.24,-3.85,1
C01,15/03/2010 16:53:00,33.243,-3.935,1
C01,15/03/2010 16:53:00,33.243,-3.935,1
10P10M,15/03/2010 17:06:00,33.172,-3.939,1
LC15,19/03/2010 07:28:00,33.144,-3.959,1
10P03A,26/03/2010 06:52:00,33.181,-3.95,1
10P30LC,29/03/2010 09:10:00,33.308,-3.861,1
10P12BJ,7/4/2010 8:29,33.199,-3.902,1
D60M23,12/6/2015 8:30,33.202,-3.917,1
LC03,16/04/2010 07:37:00,33.214,-3.905,1
10P47LC,23/04/2010 07:16:00,33.247,-3.915,1
6984AJ,26/04/2010 08:27:00,33.21,-3.91,1
BJ07,27/04/2010 17:28:00,33.273,-3.968,1
10P27J,28/04/2010 05:52:00,33.173,-3.924,1
10P08LC,30/04/2010 05:55:00,33.184,-4.058,1
10P14M,19/05/2010 07:55:00,33.246,-3.877,1
BA4584,2/6/2010 8:59,33.137,-3.987,1
11P06CC,8/3/2011 9:31,33.2,-4.064,1
11P20CC,20/03/2011 09:14:00,33.153,-4.016,1
11P44M,3/4/2011 8:01,33.166,-3.977,1
11P55M,21/04/2011 06:28:00,33.211,-4.058,1
D20M09,16/03/2012 08:34:00,33.279,-3.819,1
D62M09,7/5/2012 6:34,33.169,-3.976,1
D35M09,19/02/2013 08:32:59,33.142,-3.99,1
D72M09,11/3/2013 20:19,33.223,-3.903,1
D43M03,21/03/2013 07:24:38,33.277,-3.813,1
D86M09,21/03/2013 08:28:19,33.237,-3.932,1
D35M04,22/03/2013 07:53:50,33.214,-3.977,1
D49M03,26/03/2013 06:42:15,33.331,-3.78,1
D39M04,27/03/2013 07:23:19,33.275,-3.855,1
D44M04,29/03/2013 06:43:49,33.166,-3.912,1
L45M04,29/03/2013 07:41:40,33.171,-3.965,1
D25M26,8/4/2013 6:58,33.282,-3.922,1
D13M29,26/02/2014 17:55:00,33.177,-3.911,1
D38M29,10/3/2014 8:06,33.175,-3.982,1
L03M29,17/03/2014 17:23:00,33.276,-3.899,1
D38M26,18/03/2014 08:47:00,33.199,-3.898,1
D62M29,21/03/2014 09:30:00,33.25,-3.933,1
D05M09,24/03/2014 18:07:00,33.137,-4.011,1
D48M26,26/03/2014 06:00:00,33.248,-3.941,1
D09M17,3/4/2014 6:51,33.176,-3.913,1
D15M09,4/4/2014 7:26,33.251,-3.932,1
102M29,8/4/2014 8:58,33.254,-3.885,1
L07M29,14/04/2014 06:15:00,33.274,-3.899,1
D21M06,24/04/2014 06:12:00,33.119,-3.958,1
D01M26,4/3/2015 6:41,33.152,-3.999,1
D08M26,12/3/2015 6:49,33.261,-3.859,1
D01M04,12/3/2015 7:48,33.256,-3.845,1
d22m23,27/03/2015 08:22:45,33.134,-4.005,1
D27M26,30/03/2015 06:47:00,33.246,-3.938,1
d27m23,31/03/2015 06:54:58,33.261,-3.859,1
d30m23,31/03/2015 08:28:39,33.261,-3.858,1
d41m23,18/04/2015 06:20:39,33.152,-4.07,1
01P01Y,25/01/2001 08:00:00,33.177,-3.915,1
01P19Y,13/02/2001 00:00:00,33.273,-3.866,1
01P28Y,28/02/2001 08:52:00,33.245,-3.944,1
01P05Y,3/4/2001 6:00,33.185,-3.925,1
01P02L,3/4/2001 17:18,33.2,-3.904,1
X0797,7/5/2001 7:20,33.179,-3.926,1
01P46Y,8/5/2001 5:50,33.213,-4.052,1
BA30B,7/11/2001 7:46,33.204,-3.888,1
02P05C,31/01/2002 17:22:00,33.284,-3.886,1
N6,11/2/2002 10:02,33.283,-3.922,1
5,23/03/2002 07:32:00,33.263,-3.854,1
5,23/03/2002 07:32:00,33.263,-3.854,1
05P07O,24/02/2005 08:56:00,33.229,-3.938,1
v033,10/3/2005 6:55,33.331,-3.782,1
05P15V,10/3/2005 7:04,33.329,-3.79,1
05P20V,11/3/2005 8:22,33.29,-3.902,1
BA44A,16/05/2002 18:48:00,33.262,-3.934,1
05P38S,26/03/2005 08:03:00,33.202,-3.918,1
24,28/06/2002 19:31:00,33.199,-4.064,1
05P49N,18/04/2005 06:40:00,33.189,-3.906,1
BA55A,22/04/2005 08:04:00,33.29,-3.856,1
69,16/04/2003 18:12:00,33.26,-3.93,1
04P14E,4/3/2004 9:35,33.2,-3.943,1
04P01O,16/03/2004 16:32:00,33.29,-3.924,1
04P19E,28/03/2004 18:04:00,33.246,-3.938,1
BA55A,6/4/2004 7:00,33.278,-3.861,1
BA55B,6/4/2004 7:24,33.289,-3.838,1
06P07L,30/01/2006 17:37:27,33.254,-3.844,1
05P24S,11/3/2005 8:05,33.179,-3.923,1
05P25S,11/3/2005 8:11,33.184,-3.927,1
S2,14/03/2005 07:36:00,33.269,-3.913,1
05P27N,22/03/2005 08:16:00,33.263,-3.932,1
06P29V,1/3/2006 16:21,33.221,-3.907,1
06P02T,3/3/2006 7:45,33.306,-3.811,1
017T,3/3/2006 18:10,33.319,-3.869,1
06P38D,10/3/2006 8:17,33.179,-3.923,1
06P37S,10/3/2006 9:59,33.214,-4.052,1
06P43S,16/03/2006 08:27:16,33.291,-3.925,1
06P02S,28/03/2006 17:41:48,33.292,-3.856,1
06P38V,31/03/2006 17:55:28,33.209,-4.052,1
06P04R,3/4/2006 8:48,33.211,-4.047,1
BA39B,6/4/2006 7:21,33.245,-3.865,1
06P46S,7/4/2006 6:10,33.268,-3.91,1
06P31S,8/4/2006 5:30,33.255,-3.844,1
06P06D,15/04/2006 07:45:50,33.153,-3.994,1
06P06D,17/04/2006 07:45:42,33.153,-3.994,1
06P16R,12/5/2006 6:30,33.341,-3.803,1
BA12B,13/01/2006 10:37:46,33.161,-3.982,1
d049,26/01/2006 16:59:01,33.248,-3.856,1
06P09V,1/2/2006 7:32,33.276,-3.855,1
06P21L,21/02/2006 06:56:27,33.276,-3.854,1
07P03D,12/2/2007 16:02,33.26,-3.917,1
06P35S,10/3/2006 7:07,33.141,-3.947,1
06P07N,20/03/2006 07:36:48,33.212,-3.974,1
07P12B,6/3/2007 6:44,33.247,-3.939,1
07P18D,14/03/2007 06:26:28,33.269,-3.94,1
07P21B,20/03/2007 06:35:41,33.205,-3.903,1
T011,20/03/2007 08:39:00,33.179,-3.999,1
07P27D,21/03/2007 11:38:53,33.263,-3.934,1
06P15R,4/4/2006 7:48,33.188,-3.899,1
BA39C,6/4/2006 7:32,33.249,-3.861,1
06P05R,7/4/2006 6:30,33.197,-4.059,1
BA07A,7/4/2006 7:25,33.143,-3.973,1
07P09B,29/03/2007 06:09:18,33.23,-3.941,1
07P27B,29/03/2007 06:40:18,33.245,-3.932,1
07P36L,3/4/2007 6:03,33.254,-3.942,1
07P39D,3/4/2007 9:07,33.324,-3.804,1
07P10S,4/4/2007 6:00,33.261,-3.858,1
06P22R,28/04/2006 05:15:00,33.209,-4.059,1
06P24N,28/04/2006 06:54:39,33.319,-3.79,1
07P09V,5/4/2007 10:19,33.264,-3.936,1
07P02L,10/4/2007 17:35,33.15,-3.972,1
07P47L,11/4/2007 6:42,33.127,-3.948,1
06P48S,6/5/2006 5:00,33.259,-3.859,1
06P14R,16/05/2006 05:00:00,33.329,-3.783,1
06P06R,29/05/2006 05:00:00,33.21,-4.053,1
06P37S,2/6/2006 5:00,33.214,-4.052,1
07P31V,26/04/2007 05:56:13,33.145,-3.938,1
07P12Q,1/5/2007 5:31,33.242,-3.941,1
07P13Q,2/5/2007 5:33,33.206,-3.901,1
07P46D,2/5/2007 18:51,33.274,-3.955,1
07P49L,3/5/2007 8:13,33.326,-3.795,1
07P43D,5/5/2007 5:20,33.283,-3.922,1
B029,5/5/2007 7:04,33.273,-3.927,1
07P40D,7/5/2007 18:43,33.25,-3.88,1
07P41D,15/05/2007 05:47:00,33.252,-3.887,1
07P22Q,19/05/2007 07:10:00,33.286,-3.945,1
M019,8/2/2007 12:14,33.268,-3.919,1
07P14L,2/3/2007 11:42,33.326,-3.805,1
07P14B,7/3/2007 6:45,33.272,-3.92,1
07P18B,10/3/2007 10:22,33.328,-3.781,1
07P30L,13/03/2007 06:31:39,33.247,-3.945,1
07P08V,14/03/2007 06:26:28,33.269,-3.941,1
07P09V,21/03/2007 11:38:53,33.264,-3.936,1
07P14B,28/03/2007 06:16:18,33.272,-3.919,1
07P09D,28/03/2007 09:56:05,33.274,-3.925,1
07P20L,29/03/2007 05:34:27,33.241,-3.95,1
07P32B,10/4/2007 7:31,33.201,-3.91,1
07P13X,10/4/2007 7:31,33.205,-3.892,1
07P14B,18/04/2007 05:43:18,33.272,-3.919,1
Q014,8/1/2008 15:19,33.173,-3.97,1
T018,21/06/2007 08:21:00,33.25,-3.926,1
B002,20/02/2008 17:55:48,33.174,-3.993,1
08P04P,7/3/2008 18:07,33.25,-3.88,1
H012,8/1/2008 13:51,33.145,-3.968,1
08P01D,15/01/2008 14:58:58,33.138,-3.998,1
08P03B,29/02/2008 17:49:32,33.23,-4.004,1
08P14B,17/04/2008 08:08:47,33.262,-3.907,1
08P19M,4/4/2008 7:32,33.264,-3.913,1
8217,30/04/2008 08:07:00,33.329,-3.788,1
B006,23/05/2008 07:19:31,33.174,-3.982,1
R014,12/2/2009 11:04,33.137,-3.993,1
09P08R,20/02/2009 08:22:00,33.135,-3.993,1
R018,27/02/2009 09:46:05,33.152,-4,1
09P11N,3/3/2009 13:30,33.172,-3.969,1
09P05D,6/3/2009 7:45,33.25,-3.874,1
W013,17/12/2008 12:02:00,33.322,-3.787,1
d007,4/2/2009 9:18,33.24,-3.928,1
d004,17/02/2009 08:26:30,33.247,-3.887,1
023A,26/02/2009 10:59:08,33.198,-4.068,1
M19,26/02/2009 16:52:00,33.112,-3.982,1
9139M,14/04/2009 17:25:00,33.254,-3.893,1
09P14C,27/03/2009 07:25:03,33.292,-3.809,1
09P29P,3/4/2009 6:54,33.201,-3.903,1
LC6679,12/5/2009 8:03,33.252,-3.925,1
09P33LC,15/05/2009 06:25:00,33.203,-3.905,1
LC9,5/6/2009 7:06,33.205,-3.902,1
09P16D,9/4/2009 17:19,33.254,-3.893,1
M26,10/4/2009 6:12,33.202,-3.907,1
09P35M,16/04/2009 18:15:00,33.213,-4.054,1
09P01LC,28/04/2009 06:42:00,33.247,-3.87,1
J005,30/04/2009 06:42:48,33.176,-3.991,1
09P10U,5/5/2009 7:10,33.281,-3.913,1
LC26,15/05/2009 05:56:00,33.201,-3.9,1
09P99J,20/05/2009 06:28:00,33.281,-3.942,1
G003,9/6/2009 8:45,33.257,-3.845,1
003LC,22/02/2010 07:20:00,33.289,-3.824,1
10P03Q,8/3/2010 12:06,33.168,-3.906,1
023LC,24/02/2010 07:53:00,33.177,-3.99,1
10P04M,4/3/2010 8:18,33.246,-3.87,1
05AJ,15/03/2010 10:04:00,33.17,-4.007,1
LC02,29/03/2010 07:05:00,33.284,-3.86,1
10P34LC,1/4/2010 7:53,33.291,-3.903,1
10P36LC,2/4/2010 6:46,33.266,-3.963,1
10P06LC,26/03/2010 06:55:00,33.23,-3.941,1
10P12BJ,2/4/2010 6:30,33.199,-3.902,1
LC01,14/04/2010 06:49:00,33.168,-3.909,1
10P29LC,16/04/2010 06:50:00,33.308,-3.877,1
10P01BA,2/4/2010 7:13,33.174,-3.95,1
10P19BJ,5/4/2010 10:06,33.239,-3.935,1
10P97AJ,6/4/2010 6:07,33.172,-3.94,1
10P31LC,7/4/2010 8:00,33.277,-3.9,1
10P13AJ,23/04/2010 07:24:00,33.238,-3.906,1
10P10CLA,26/04/2010 06:11:00,33.253,-3.893,1
M003,26/04/2010 07:06:00,33.314,-3.872,1
U006,5/5/2010 5:39,33.177,-3.998,1
G001,17/05/2010 12:44:00,33.111,-3.98,1
10P05M,19/05/2010 08:32:00,33.25,-3.88,1
10P49AJ,19/05/2010 09:13:00,33.264,-3.921,1
11P03V,2/2/2011 10:15,33.175,-4.057,1
11P15M,23/02/2011 11:13:00,33.202,-3.918,1
11P23M,1/3/2011 9:06,33.23,-3.996,1
11P23M,1/3/2011 8:50,33.23,-3.996,1
11P05CL,15/02/2011 08:18:00,33.22,-3.9,1
11P12M,23/02/2011 10:45:00,33.214,-3.897,1
11P25M,28/02/2011 17:37:00,33.228,-3.996,1
11P98M,3/3/2011 9:01,33.23,-4.004,1
4535H,4/3/2011 11:07,33.223,-3.894,1
11P02FM,15/03/2011 08:38:00,33.179,-4.013,1
11P32CL,20/03/2011 11:22:00,33.135,-3.984,1
11P33CL,21/03/2011 08:23:00,33.164,-3.938,1
11P99G,31/03/2011 10:01:00,33.162,-3.968,1
11P02G,3/4/2011 8:09,33.162,-3.966,1
11P07CC,13/04/2011 06:00:00,33.198,-4.06,1
11P19CL,27/04/2011 06:10:00,33.205,-4.064,1
D19M09,16/03/2012 08:18:00,33.291,-3.822,1
L18M23,13/04/2012 06:11:00,33.276,-3.818,1
D72M23,19/04/2012 06:11:00,33.2,-3.943,1
D50M09,1/5/2012 7:50,33.29,-3.81,1
D81M09,17/03/2013 07:12:33,33.308,-3.818,1
D94M09,27/03/2013 07:36:58,33.176,-3.986,1
D42M04,28/03/2013 07:24:26,33.254,-3.893,1
D57M03,29/03/2013 06:23:59,33.254,-3.893,1
D23M26,5/4/2013 6:57,33.143,-4.078,1
D108M09,12/4/2013 6:58,33.289,-3.876,1
D16M29,27/02/2014 08:17:00,33.203,-3.949,1
D21M29,28/02/2014 08:21:00,33.176,-3.993,1
D25M29,3/3/2014 8:50,33.221,-3.9,1
D17M23,10/3/2014 7:37,33.117,-3.953,1
D60M29,20/03/2014 07:49:00,33.247,-3.939,1
D80M29,27/03/2014 18:12:00,33.295,-3.841,1
D11M09,2/4/2014 8:42,33.283,-3.916,1
D22M06,25/04/2014 05:56:00,33.152,-4,1
D07M26,12/3/2015 6:28,33.25,-3.862,1
l03m23,17/03/2015 07:40:26,33.133,-4.014,1
D22M03,20/03/2015 06:43:00,33.289,-3.92,1
D18M26,23/03/2015 06:55:00,33.124,-4.016,1
d21m23,27/03/2015 08:16:31,33.138,-4,1
D30M26,31/03/2015 06:28:00,33.28,-3.819,1
d33m23,1/4/2015 6:07,33.151,-4.073,1
D29M09,16/02/2013 08:52:42,33.142,-3.987,1
001M06,9/3/2013 6:38,33.198,-3.894,1
D84M09,20/03/2013 07:43:05,33.229,-3.938,1
D58M03,29/03/2013 06:33:29,33.262,-3.907,1
D96M09,29/03/2013 07:35:56,33.209,-4.047,1
D63M03,3/4/2013 6:22,33.331,-3.781,1
D102M09,4/4/2013 6:51,33.202,-3.917,1
D107M09,11/4/2013 7:22,33.282,-3.873,1
D11M26,20/02/2014 07:24:00,33.141,-3.99,1
D18M26,21/02/2014 08:47:00,33.275,-3.854,1
D21M26,6/3/2014 6:58,33.174,-3.982,1
D31M29,6/3/2014 7:42,33.239,-3.934,1
D28M26,10/3/2014 7:10,33.239,-3.932,1
D34M26,15/03/2014 08:32:00,33.214,-3.894,1
D35M26,15/03/2014 08:36:00,33.22,-3.895,1
D03M09,17/03/2014 18:16:00,33.247,-3.945,1
D39M26,19/03/2014 07:01:00,33.205,-3.891,1
D44M26,20/03/2014 07:14:00,33.203,-3.911,1
D71M29,25/03/2014 08:11:00,33.136,-4.01,1
D09M09,2/4/2014 6:19,33.238,-3.882,1
D13M09,3/4/2014 8:07,33.253,-3.928,1
D20M23,3/4/2014 9:03,33.22,-3.894,1
D88M29,5/4/2014 7:17,33.337,-3.79,1
L06M29,10/4/2014 7:13,33.179,-4.062,1
D41M03,24/04/2014 05:44:00,33.216,-3.877,1
D98M03,25/03/2015 06:46:00,33.246,-3.939,1
D99M17,7/1/2016 8:22,33.218,-3.897,1
D98M17,12/1/2016 11:32,33.144,-3.943,1
L01M03,21/01/2016 08:03:00,33.228,-3.944,1
D01M08,20/01/2016 08:50:00,33.205,-3.888,1
L01M08,20/01/2016 09:14:00,33.204,-3.898,1
D02M08,21/01/2016 08:08:00,33.212,-3.898,1
D03M08,21/01/2016 08:52:00,33.22,-3.894,1
D02M03,22/01/2016 08:05:00,33.25,-3.88,1
L02M03,22/01/2016 07:29:00,33.24,-3.851,1
D04M08,22/01/2016 08:31:00,33.137,-3.99,1
D05M08,22/01/2016 09:02:00,33.133,-4.004,1
D06M14,27/01/2016 07:51:00,33.125,-4.017,1
D07M14,27/01/2016 09:01:00,33.133,-4.004,1
D99M11,27/01/2016 09:09:00,33.272,-3.851,1
D06M08,27/01/2016 08:38:00,33.168,-3.907,1
L07M08,27/01/2016 09:07:00,33.165,-3.91,1
D03M11,28/01/2016 08:06:00,33.275,-3.854,1
D01M11,27/01/2016 08:21:00,33.255,-3.845,1
D02M11,27/01/2016 09:03:00,33.265,-3.839,1
D03M03,28/01/2016 07:57:00,33.232,-4.001,1
D04M03,28/01/2016 08:43:00,33.238,-4.008,1
D07M08,29/01/2016 08:00:00,33.283,-3.83,1
D08M08,29/01/2016 08:19:00,33.28,-3.819,1
D05M03,29/01/2016 07:54:00,33.295,-3.818,1
D05M11,29/01/2016 08:29:00,33.202,-3.917,1
D04M11,29/01/2016 08:06:00,33.205,-3.898,1
D99M05,2/2/2016 7:12,33.267,-3.844,1
D12M14,2/2/2016 9:23,33.266,-3.908,1
L11M14,2/2/2016 9:02,33.257,-3.897,1
D10M14,2/2/2016 8:24,33.25,-3.88,1
D09M14,2/2/2016 7:55,33.245,-3.866,1
D08M14,2/2/2016 7:34,33.241,-3.853,1
D09M08,2/2/2016 7:47,33.201,-3.916,1
L04M17,3/2/2016 8:46,33.177,-3.918,1
L03M17,3/2/2016 7:59,33.166,-3.909,1
D05M17,4/2/2016 8:08,33.112,-3.984,1
D10M08,3/2/2016 7:47,33.205,-3.886,1
D11M08,3/2/2016 8:03,33.204,-3.896,1
D13M08,4/2/2016 7:58,33.237,-3.904,1
D14M08,4/2/2016 9:04,33.219,-3.893,1
D15M14,5/2/2016 8:12,33.255,-3.845,1
D14M14,5/2/2016 7:39,33.265,-3.836,1
D07M17,5/2/2016 9:01,33.136,-3.997,1
D06M17,5/2/2016 8:17,33.137,-3.99,1
D15M08,5/2/2016 8:16,33.25,-3.88,1
D16M08,5/2/2016 8:48,33.253,-3.896,1
D18M08,9/2/2016 8:26,33.288,-3.821,1
D19M08,9/2/2016 8:52,33.283,-3.83,1
D17M08,9/2/2016 8:18,33.279,-3.819,1
L14M20,10/2/2016 9:00,33.152,-4,1
D13M20,10/2/2016 7:59,33.137,-3.992,1
D12M20,10/2/2016 7:18,33.137,-3.996,1
D20M08,10/2/2016 7:32,33.168,-3.906,1
D21M08,10/2/2016 9:01,33.179,-3.957,1
L02M03,10/2/2016 7:45,33.207,-3.959,1
D10M03,10/2/2016 7:38,33.203,-3.955,1
D22M08,11/2/2016 7:13,33.275,-3.854,1
D23M08,11/2/2016 8:21,33.289,-3.876,1
D24M08,12/2/2016 7:45,33.292,-3.855,1
D25M08,12/2/2016 9:00,33.304,-3.873,1
D26M08,15/02/2016 17:27:00,33.168,-3.905,1
D27M08,16/02/2016 07:44:00,33.199,-3.941,1
D11M03,11/2/2016 7:32,33.24,-3.928,1
D12M03,11/2/2016 7:44,33.246,-3.946,1
D13M03,11/2/2016 7:52,33.248,-3.952,1
D14M03,11/2/2016 8:05,33.246,-3.939,1
D15M03,11/2/2016 8:43,33.249,-3.927,1
D15M20,11/2/2016 8:35,33.34,-3.794,1
D14M20,11/2/2016 7:45,33.294,-3.818,1
D19M03,15/02/2016 16:40:00,33.134,-3.994,1
D16M03,12/2/2016 7:39,33.266,-3.924,1
D17M03,12/2/2016 7:50,33.275,-3.934,1
D18M03,12/2/2016 8:04,33.286,-3.945,1
L03M03,18/02/2016 07:44:00,33.247,-3.945,1
L04M03,18/02/2016 07:48:00,33.248,-3.941,1
D20M03,18/02/2016 08:14:00,33.249,-3.949,1
L28M08,16/02/2016 09:06:00,33.204,-3.955,1
D04M26,19/02/2016 07:51:00,33.132,-3.992,1
D02M26,19/02/2016 07:29:00,33.137,-3.991,1
D03M26,19/02/2016 07:41:00,33.137,-3.998,1
D05M26,19/02/2016 07:56:00,33.136,-4.006,1
D06M26,19/02/2016 08:12:00,33.137,-4.011,1
D32M08,19/02/2016 08:22:00,33.319,-3.83,1
D01M05,2/2/2016 7:41,33.265,-3.839,1
D08M05,23/02/2016 07:13:00,33.206,-3.896,1
L02M05,23/02/2016 07:08:00,33.204,-3.889,1
D25M03,22/02/2016 17:26:00,33.145,-3.965,1
L23M20,23/02/2016 08:24:00,33.258,-3.898,1
D22M20,23/02/2016 07:26:00,33.248,-3.855,1
D29M03,24/02/2016 07:55:00,33.24,-3.846,1
D28M03,24/02/2016 07:39:00,33.248,-3.857,1
D07M26,23/02/2016 17:43:00,33.137,-4.011,1
D08M26,23/02/2016 17:55:00,33.131,-4.003,1
D09M26,23/02/2016 18:11:00,33.137,-3.996,1
D10M26,24/02/2016 08:10:00,33.137,-3.996,1
D11M26,24/02/2016 08:18:00,33.137,-4.007,1
D12M26,24/02/2016 08:41:00,33.138,-4.022,1
D23M20,24/02/2016 07:28:00,33.22,-3.894,1
D10M05,24/02/2016 07:49:00,33.274,-3.853,1
D12M05,25/02/2016 07:38:00,33.3,-3.873,1
D30M03,25/02/2016 07:12:00,33.229,-3.938,1
D13M26,26/02/2016 07:20:00,33.134,-4.001,1
D96M26,25/02/2016 18:24:00,33.135,-3.997,1
D97M26,25/02/2016 18:05:00,33.133,-4.004,1
D98M26,25/02/2016 17:58:00,33.13,-4.009,1
D99M26,25/02/2016 17:40:00,33.121,-4.006,1
D13M05,26/02/2016 08:11:00,33.296,-3.898,1
L03M05,26/02/2016 07:41:00,33.294,-3.891,1
D39M14,26/02/2016 08:14:00,33.315,-3.864,1
D38M14,26/02/2016 07:36:00,33.275,-3.818,1
D37M14,26/02/2016 07:19:00,33.288,-3.808,1
D25M20,26/02/2016 07:59:00,33.204,-3.894,1
L24M20,26/02/2016 07:25:00,33.204,-3.886,1
D14M26,28/02/2016 07:30:00,33.134,-4.001,1
D15M26,28/02/2016 07:30:00,33.134,-4.004,1
d02lc,12/2/2016 8:00,33.141,-3.985,1
d03lc,12/2/2016 8:24,33.135,-4.004,1
D16M26,4/3/2016 7:49,33.259,-3.915,1
D17M26,4/3/2016 7:58,33.267,-3.909,1
L07M17,4/3/2016 6:36,33.205,-3.887,1
d04lc,8/3/2016 7:09,33.137,-4.011,1
D18M26,8/3/2016 7:14,33.136,-3.998,1
D17M05,8/3/2016 7:34,33.285,-3.954,1
D19M26,9/3/2016 6:44,33.13,-4.008,1
D20M26,9/3/2016 6:58,33.132,-4.019,1
D21M26,9/3/2016 7:49,33.122,-4.009,1
l01lc,9/3/2016 7:49,33.142,-4.003,1
D18M05,9/3/2016 7:07,33.204,-3.955,1
D19M05,9/3/2016 7:20,33.211,-3.964,1
D20M05,9/3/2016 7:26,33.208,-3.959,1
l02lc,11/3/2016 8:25,33.204,-3.921,1
D21M05,12/3/2016 7:35,33.262,-3.917,1
D22M26,11/3/2016 6:19,33.212,-3.967,1
d05lc,15/03/2016 08:43:20,33.266,-3.908,1
D23M17,14/03/2016 09:31:00,33.275,-3.855,1
D40M14,16/03/2016 06:57:00,33.138,-3.991,1
D41M14,16/03/2016 07:05:00,33.137,-3.997,1
D42M14,16/03/2016 07:43:00,33.13,-4.008,1
D43M14,16/03/2016 08:28:00,33.135,-4.004,1
D01M01,16/03/2016 07:33:00,33.275,-3.818,1
D02M01,16/03/2016 06:32:00,33.281,-3.814,1
D45M14,18/03/2016 06:47:00,33.137,-4.011,1
D46M14,18/03/2016 08:34:00,33.136,-4.006,1
D03M01,18/03/2016 07:21:00,33.204,-3.886,1
D22M05,22/03/2016 06:58:00,33.112,-3.981,1
D48M14,22/03/2016 07:49:00,33.202,-3.917,1
D47M14,22/03/2016 06:47:00,33.204,-3.896,1
D51M20,24/03/2016 07:49:00,33.287,-3.908,1
D50M20,24/03/2016 06:45:00,33.28,-3.871,1
D49M14,24/03/2016 08:18:00,33.249,-3.86,1
D23M26,29/03/2016 05:57:00,33.297,-3.894,1
D04M01,25/03/2016 06:59:00,33.203,-3.955,1
D05M01,25/03/2016 07:31:00,33.209,-3.963,1
D24M26,30/03/2016 05:49:00,33.125,-4.016,1
D25M26,1/4/2016 6:12,33.32,-3.833,1
D26M26,4/4/2016 6:15,33.238,-3.905,1
D27M26,4/4/2016 6:48,33.252,-3.933,1
D28M26,5/4/2016 6:33,33.252,-3.933,1
D23M05,5/4/2016 6:45,33.131,-4.019,1
D22M05,5/4/2016 6:21,33.125,-4.017,1
D52M14,5/4/2016 7:59,33.288,-3.92,1
D51M14,5/4/2016 6:34,33.276,-3.899,1
D24M05,6/4/2016 6:47,33.209,-4.052,1
D54M14,6/4/2016 7:38,33.252,-3.933,1
D53M14,6/4/2016 6:52,33.262,-3.919,1
D55M14,7/4/2016 6:30,33.177,-3.913,1
d06lc,7/4/2016 6:57,33.287,-3.89,1
D29M26,7/4/2016 6:30,33.3,-3.872,1
d08lc,11/4/2016 5:51,33.203,-3.953,1
L08M17,12/4/2016 7:13,33.262,-3.902,1
d07lc,13/04/2016 06:00:00,33.286,-3.889,1
D30M26,13/04/2016 06:30:00,33.304,-3.872,1
D33M17,14/04/2016 06:07:00,33.248,-3.946,1
D34M17,15/04/2016 06:46:00,33.265,-3.836,1
d09lc,19/04/2016 06:34:00,33.249,-3.949,1
D60M14,23/04/2016 06:34:00,33.166,-3.973,1
D06M26,12/2/2017 7:17,33.255,-3.896,1
D07M26,12/2/2017 7:43,33.261,-3.858,1
D08M26,14/02/2017 07:24:00,33.269,-3.93,1
D09M26,14/02/2017 08:00:00,33.251,-3.924,1
D10M26,14/02/2017 08:29:00,33.266,-3.908,1
D11M26,15/02/2017 07:19:00,33.139,-3.992,1
D19M26,21/02/2017 07:48:00,33.138,-4.013,1
D01M08,21/02/2017 08:16:00,33.25,-3.924,1
D02M08,21/02/2017 08:41:00,33.245,-3.937,1
D01M11,21/02/2017 07:52:00,33.26,-3.857,1
D01M19,21/02/2017 16:29:48,33.296,-3.913,1
D02M19,21/02/2017 16:51:18,33.289,-3.902,1
D03M08,22/02/2017 08:25:00,33.246,-3.945,1
D20M26,22/02/2017 17:07:00,33.125,-4.017,1
D21M26,22/02/2017 17:33:00,33.137,-3.995,1
D22M26,22/02/2017 18:00:00,33.134,-4.004,1
D23M26,23/02/2017 06:55:00,33.261,-3.859,1
D24M26,23/02/2017 07:22:00,33.28,-3.819,1
D25M26,23/02/2017 07:45:00,33.285,-3.817,1
D26M26,23/02/2017 08:00:00,33.285,-3.828,1
D27M26,23/02/2017 08:10:00,33.295,-3.818,1
D01M05,22/02/2017 08:01:00,33.339,-3.801,1
D02M05,23/02/2017 07:45:00,33.323,-3.769,1
D28M26,24/02/2017 07:31:00,33.264,-3.913,1
L01M26,24/02/2017 10:31:00,33.208,-3.887,1
D03M05,24/02/2017 07:21:00,33.294,-3.817,1
D05M08,24/02/2017 07:36:00,33.186,-3.925,1
D06M08,24/02/2017 08:20:00,33.2,-3.943,1
D03M14,24/02/2017 08:08:00,33.316,-3.867,1
D04M14,24/02/2017 08:19:00,33.323,-3.868,1
D05M14,24/02/2017 08:52:00,33.305,-3.862,1
D02M11,24/02/2017 08:37:00,33.165,-3.976,1
D29M26,25/02/2017 07:00:00,33.133,-4.004,1
D30M26,25/02/2017 07:08:00,33.137,-3.995,1
D31M26,25/02/2017 07:20:00,33.138,-4.012,1
D32M26,25/02/2017 07:42:00,33.134,-4.025,1
D33M26,25/02/2017 07:56:00,33.121,-4.006,1
D34M26,25/02/2017 08:04:00,33.112,-3.985,1
D35M26,27/02/2017 06:52:00,33.125,-4.017,1
D36M26,27/02/2017 07:04:00,33.132,-4.018,1
D37M26,27/02/2017 07:15:00,33.137,-4.011,1
D13M23,27/02/2017 07:14:00,33.167,-3.909,1
D38M26,27/02/2017 16:54:00,33.296,-3.82,1
D39M26,27/02/2017 17:26:00,33.303,-3.84,1
D40M26,27/02/2017 17:44:00,33.316,-3.832,1
D41M26,28/02/2017 06:48:00,33.241,-3.936,1
D42M26,28/02/2017 07:02:00,33.247,-3.945,1
D43M26,28/02/2017 07:13:00,33.249,-3.948,1
D44M26,28/02/2017 07:40:00,33.251,-3.933,1
D14M23,28/02/2017 07:29:00,33.289,-3.877,1
D15M23,28/02/2017 09:08:00,33.256,-3.845,1
L02M23,28/02/2017 08:34:00,33.275,-3.855,1
D06M14,28/02/2017 08:01:00,33.256,-3.844,1
D07M08,28/02/2017 07:27:00,33.168,-3.91,1
D08M08,28/02/2017 08:13:00,33.177,-3.913,1
D09M08,28/02/2017 08:54:00,33.184,-3.927,1
D04M05,28/02/2017 07:53:00,33.237,-3.88,1
D05M05,1/3/2017 8:17,33.326,-3.768,1
D10M08,1/3/2017 7:15,33.23,-3.938,1
D11M08,1/3/2017 8:05,33.241,-3.936,1
D12M08,1/3/2017 8:18,33.248,-3.945,1
D16M23,2/3/2017 6:34,33.137,-4.011,1
D18M23,2/3/2017 6:35,33.137,-3.995,1
D46M26,2/3/2017 6:32,33.131,-4.018,1
D47M26,2/3/2017 6:36,33.125,-4.017,1
D13M08,2/3/2017 7:48,33.204,-3.887,1
D14M08,2/3/2017 8:11,33.215,-3.896,1
D15M08,2/3/2017 8:42,33.22,-3.895,1
D07M14,2/3/2017 7:12,33.321,-3.832,1
D16M08,3/3/2017 7:23,33.28,-3.819,1
D17M08,3/3/2017 7:37,33.285,-3.822,1
D18M08,3/3/2017 8:29,33.302,-3.84,1
D19M08,3/3/2017 9:03,33.298,-3.843,1
D08M14,3/3/2017 7:42,33.267,-3.926,1
D09M14,3/3/2017 8:10,33.268,-3.912,1
D06M05,3/3/2017 7:24,33.244,-3.865,1
D49M26,4/3/2017 8:00,33.213,-3.975,1
D50M26,4/3/2017 9:25,33.211,-3.963,1
D48M26,4/3/2017 7:41,33.217,-3.983,1
D51M26,6/3/2017 6:46,33.187,-3.915,1
D52M26,6/3/2017 7:02,33.177,-3.913,1
D53M26,7/3/2017 8:59,33.203,-3.884,1
D07M05,7/3/2017 6:54,33.279,-3.819,1
D08M05,7/3/2017 7:12,33.284,-3.832,1
D09M05,7/3/2017 7:29,33.295,-3.819,1
D10M14,7/3/2017 7:34,33.214,-3.975,1
D11M14,7/3/2017 8:07,33.216,-3.988,1
D03M06,8/3/2017 7:24,33.285,-3.904,1
D04M06,8/3/2017 7:38,33.291,-3.913,1
D05M06,8/3/2017 7:46,33.288,-3.911,1
D54M26,8/3/2017 17:53,33.187,-3.905,1
D55M26,8/3/2017 18:02,33.187,-3.895,1
D56M26,8/3/2017 18:21,33.184,-3.925,1
D57M26,9/3/2017 8:02,33.244,-3.863,1
D58M26,9/3/2017 8:29,33.239,-3.854,1
D10M05,8/3/2017 6:55,33.146,-3.946,1
D11M05,8/3/2017 7:00,33.145,-3.965,1
D12M14,9/3/2017 7:26,33.271,-3.883,1
D13M14,9/3/2017 8:11,33.29,-3.875,1
D14M14,9/3/2017 8:17,33.289,-3.865,1
D12M05,9/3/2017 7:09,33.12,-3.954,1
D06M06,9/3/2017 7:04,33.241,-3.936,1
D07M06,9/3/2017 7:14,33.247,-3.941,1
D08M06,9/3/2017 7:27,33.252,-3.933,1
D15M14,10/3/2017 7:05,33.188,-3.913,1
D16M14,10/3/2017 7:17,33.188,-3.904,1
D17M14,10/3/2017 7:44,33.188,-3.895,1
4535M06,10/3/2017 8:13,33.221,-3.895,1
D10M06,10/3/2017 6:47,33.212,-3.881,1
D11M06,10/3/2017 6:57,33.22,-3.895,1
D12M06,10/3/2017 7:34,33.238,-3.905,1
D01M16,13/03/2017 08:30:00,33.34,-3.799,1
D08M11,14/03/2017 07:41:00,33.294,-3.868,1
D09M11,15/03/2017 06:56:00,33.18,-4.071,1
D10M11,15/03/2017 07:36:00,33.178,-4.067,1
D24M08,15/03/2017 07:44:00,33.23,-3.938,1
D13M05,15/03/2017 07:31:00,33.276,-3.899,1
D14M05,15/03/2017 07:39:00,33.285,-3.904,1
D25M08,16/03/2017 07:50:00,33.289,-3.861,1
D15M05,17/03/2017 06:52:00,33.188,-4.032,1
D61M26,18/03/2017 06:30:00,33.119,-3.955,1
D62M26,18/03/2017 06:56:00,33.152,-3.998,1
D63M26,18/03/2017 07:56:00,33.147,-3.929,1
D65M26,20/03/2017 06:23:00,33.22,-3.942,1
D66M26,20/03/2017 06:48:00,33.226,-3.937,1
D67M26,20/03/2017 06:55:00,33.229,-3.938,1
D68M26,20/03/2017 07:25:00,33.251,-3.932,1
D02M16,20/03/2017 06:23:00,33.326,-3.783,1
D04M16,20/03/2017 08:50:00,33.285,-3.822,1
L01M16,20/03/2017 07:38:00,33.329,-3.781,1
D05M16,21/03/2017 07:46:00,33.296,-3.82,1
L01M08,21/03/2017 06:46:00,33.152,-4,1
D69M26,22/03/2017 06:53:00,33.308,-3.86,1
D27M08,22/03/2017 06:55:00,33.228,-3.996,1
D28M08,22/03/2017 07:06:00,33.232,-4.001,1
D29M08,22/03/2017 07:45:00,33.235,-4.007,1
D70M26,23/03/2017 06:54:00,33.204,-3.885,1
D71M26,23/03/2017 07:21:00,33.201,-3.916,1
D17M23,22/03/2017 07:34:00,33.295,-3.867,1
D06M16,24/03/2017 09:45:00,33.179,-4.07,1
L02M16,27/03/2017 08:13:00,33.171,-3.985,1
D13M11,28/03/2017 07:05:00,33.296,-3.896,1
D72M26,29/03/2017 16:47:00,33.21,-4.053,1
D73M26,30/03/2017 06:34:00,33.266,-3.913,1
L02M26,31/03/2017 06:21:00,33.276,-3.959,1
D14M11,31/03/2017 06:36:00,33.25,-3.88,1
D15M11,1/4/2017 6:32,33.129,-3.944,1
D08M16,3/4/2017 6:41,33.145,-3.964,1
D74M26,4/4/2017 6:07,33.136,-3.997,1
D75M26,7/4/2017 5:59,33.152,-3.997,1
D08M16,10/4/2017 6:36,33.297,-3.897,1
D77M26,13/04/2017 06:24:00,33.131,-4.003,1
D32M20,14/04/2017 06:20:00,33.226,-3.911,1
D10M25,3/5/2017 6:04,33.146,-3.926,1
D52M14,3/5/2017 6:03,33.316,-3.767,1
D54M14,5/5/2017 6:52,33.247,-3.948,1
L53M14,5/5/2017 5:43,33.22,-3.894,1
D01M26,13/02/2018 08:54:00,33.284,-3.831,1
D04M26,27/02/2018 07:52:00,33.289,-3.807,1
D05M26,1/3/2018 7:18,33.137,-3.995,1
D06M26,6/3/2018 6:39,33.239,-3.853,1
D07M26,6/3/2018 6:50,33.244,-3.864,1
D04M25,7/3/2018 7:26,33.281,-3.871,1
L01M25,7/3/2018 7:03,33.275,-3.854,1
D03M30,7/3/2018 7:16,33.088,-3.977,1
D08M26,7/3/2018 7:01,33.134,-4.004,1
D09M26,8/3/2018 7:14,33.322,-3.833,1
D05M25,8/3/2018 8:04,33.287,-3.908,1
D04M30,8/3/2018 7:51,33.288,-3.805,1
D06M25,9/3/2018 7:41,33.133,-4.004,1
L02M25,10/3/2018 6:55,33.323,-3.855,1
D05M30,10/3/2018 7:18,33.321,-3.833,1
D01M16,13/03/2018 06:24:00,33.258,-3.854,1
D02M16,13/03/2018 06:28:00,33.261,-3.858,1
D05M14,13/03/2018 06:48:00,33.287,-3.864,1
D06M14,13/03/2018 07:17:00,33.289,-3.876,1
D07M14,13/03/2018 07:39:00,33.305,-3.875,1
D04M11,13/03/2018 07:10:00,33.204,-3.896,1
D10M26,14/03/2018 06:31:00,33.218,-3.941,1
D03M16,14/03/2018 07:05:00,33.222,-3.934,1
D08M14,14/03/2018 07:18:00,33.089,-3.98,1
D09M14,14/03/2018 08:21:00,33.092,-3.995,1
D10M14,15/03/2018 08:29:00,33.26,-3.858,1
D05M11,15/03/2018 07:23:00,33.137,-4.011,1
D11M14,16/03/2018 07:31:00,33.186,-4.093,1
D06M11,16/03/2018 07:26:00,33.287,-3.91,1
D11M26,17/03/2018 06:25:00,33.092,-3.994,1
D12M26,17/03/2018 06:47:00,33.136,-4.01,1
D04M16,20/03/2018 06:10:00,33.217,-3.949,1
D13M26,20/03/2018 06:40:00,33.22,-3.944,1
D12M14,20/03/2018 07:24:00,33.176,-3.959,1
D06M16,21/03/2018 06:02:00,33.276,-3.899,1
D13M14,21/03/2018 07:10:00,33.32,-3.851,1
D14M14,21/03/2018 07:54:00,33.306,-3.876,1
D06M11,21/03/2018 07:10:00,33.232,-3.997,1
D07M11,21/03/2018 07:50:00,33.232,-4.001,1
D07M16,22/03/2018 06:41:00,33.205,-3.889,1
D14M26,22/03/2018 06:36:00,33.223,-3.895,1
D15M14,22/03/2018 07:11:00,33.187,-4.094,1
D08M11,22/03/2018 07:22:00,33.258,-3.853,1
D01M20,22/03/2018 06:36:00,33.168,-3.906,1
D02M20,23/03/2018 06:54:00,33.282,-3.869,1
D16M14,23/03/2018 07:03:00,33.129,-3.945,1
D17M14,23/03/2018 07:43:00,33.147,-3.929,1
D09M11,23/03/2018 07:07:00,33.31,-3.862,1
D08M16,24/03/2018 07:25:00,33.24,-3.95,1
D09M16,25/03/2018 06:29:00,33.331,-3.781,1
D10M16,26/03/2018 06:34:00,33.146,-3.927,1
D09M17,27/03/2018 06:35:00,33.221,-3.898,1
D10M17,27/03/2018 07:16:00,33.226,-3.908,1
D11M16,28/03/2018 07:31:00,33.329,-3.791,1
D12M16,28/03/2018 06:15:00,33.33,-3.781,1
D08M11,28/03/2018 07:06:00,33.216,-3.878,1
D11M17,28/03/2018 07:18:00,33.173,-3.98,1
D13M16,29/03/2018 07:25:00,33.221,-3.896,1
D12M17,29/03/2018 06:51:00,33.288,-3.91,1
D13M17,29/03/2018 07:00:00,33.288,-3.919,1
L02M17,29/03/2018 06:39:00,33.279,-3.9,1
D09M11,29/03/2018 06:37:00,33.27,-3.844,1
D14M16,30/03/2018 07:21:00,33.177,-3.961,1
D10M11,30/03/2018 07:00:00,33.21,-4.053,1
D14M17,30/03/2018 07:53:00,33.126,-3.945,1
D15M17,3/4/2018 6:42,33.262,-3.921,1
D16M17,3/4/2018 6:55,33.268,-3.911,1
D17M17,3/4/2018 8:01,33.268,-3.928,1
D18M17,3/4/2018 8:25,33.253,-3.928,1
D15M16,4/4/2018 6:20,33.323,-3.767,1
D19M17,4/4/2018 6:29,33.12,-3.953,1
D16M16,5/4/2018 6:21,33.176,-3.914,1
D20M17,5/4/2018 6:32,33.301,-3.846,1
D21M17,6/4/2018 6:33,33.25,-3.923,1
D20M06,6/4/2018 6:48,33.177,-3.915,1
144193M16,7/1/2019 7:05,33.289,-3.919,1
19M06D01,17/01/2019 08:33:00,33.181,-3.944,1
19M11D01,18/01/2019 09:45:00,33.184,-3.927,1
19M08D01,18/01/2019 08:28:00,33.24,-3.85,1
19M08L01,18/01/2019 09:33:00,33.235,-3.877,1
19M08D02,23/01/2019 07:56:00,33.137,-3.996,1
19M09D01,24/01/2019 09:14:00,33.26,-3.857,1
19M08D03,24/01/2019 08:07:00,33.202,-3.918,1
19M09D02,25/01/2019 08:19:00,33.092,-3.995,1
19M06D02,25/01/2019 08:26:00,33.247,-3.941,1
19M24D02,29/01/2019 07:36:00,33.092,-3.982,1
19M24D03,29/01/2019 07:47:00,33.092,-3.994,1
19M06D03,29/01/2019 08:24:00,33.205,-3.887,1
19M24D04,30/01/2019 07:54:00,33.137,-3.995,1
19M30D04,30/01/2019 07:56:00,33.201,-3.915,1
19M30D05,30/01/2019 08:30:00,33.2,-3.943,1
19M06D04,30/01/2019 07:50:00,33.287,-3.908,1
19M06D05,30/01/2019 08:15:00,33.289,-3.92,1
19M30D06,31/01/2019 07:52:00,33.184,-3.927,1
19M30D07,31/01/2019 08:22:00,33.182,-3.947,1
19M06D06,31/01/2019 07:30:00,33.24,-3.854,1
19M06D07,31/01/2019 07:43:00,33.239,-3.843,1
19M30D08,1/2/2019 8:05,33.284,-3.832,1
19M08D04,1/2/2019 8:28,33.238,-3.882,1
19M08D05,5/2/2019 7:35,33.168,-3.978,1
19M08D06,5/2/2019 9:14,33.216,-3.987,1
19M11D04,5/2/2019 7:58,33.286,-3.861,1
19M06D08,5/2/2019 7:52,33.251,-3.926,1
19M06D09,6/2/2019 7:41,33.145,-3.965,1
19M06D10,6/2/2019 8:01,33.152,-4,1
19M11D05,7/2/2019 7:43,33.293,-3.912,1
19M20D04,7/2/2019 7:30,33.261,-3.858,1
19M06D11,7/2/2019 7:38,33.237,-3.882,1
19M06D12,7/2/2019 8:04,33.24,-3.854,1
19M06D13,7/2/2019 8:15,33.239,-3.843,1
19M08D07,7/2/2019 8:43,33.201,-3.916,1
19M08L02,7/2/2019 9:05,33.206,-3.899,1
19M26D01,8/2/2019 7:31,33.17,-3.907,1
19M26D02,8/2/2019 7:54,33.18,-3.944,1
19M26D03,8/2/2019 8:37,33.199,-3.943,1
19M26D04,8/2/2019 8:58,33.202,-3.955,1
19M20L04,8/2/2019 7:26,33.091,-3.983,1
19M11D06,8/2/2019 7:53,33.291,-3.855,1
19M06D14,8/2/2019 8:20,33.267,-3.926,1
19M06D15,8/2/2019 8:32,33.273,-3.927,1
19M26D05,11/2/2019 6:57,33.241,-3.843,1
19M26D06,11/2/2019 7:43,33.238,-3.882,1
19M16D01,12/2/2019 7:33,33.205,-3.898,1
19M16D02,12/2/2019 7:32,33.206,-3.898,1
19M16D03,12/2/2019 7:55,33.199,-3.902,1
19M26D07,12/2/2019 7:43,33.283,-3.832,1
19M26D08,12/2/2019 8:03,33.299,-3.845,1
19M26D09,12/2/2019 8:46,33.298,-3.872,1
19M26D10,12/2/2019 9:15,33.293,-3.857,1
19M09D04,12/2/2019 7:58,33.292,-3.912,1
19M09D05,12/2/2019 8:18,33.287,-3.909,1
19M09D06,12/2/2019 9:03,33.273,-3.926,1
19M26D11,13/02/2019 07:14:00,33.202,-3.955,1
19M26D12,13/02/2019 07:34:00,33.223,-3.949,1
19M26D13,13/02/2019 08:13:00,33.205,-3.898,1
19M09D07,13/02/2019 08:36:00,33.137,-4.011,1
19M24D05,13/02/2019 07:34:00,33.112,-3.983,1
19M26D14,14/02/2019 06:55:00,33.291,-3.904,1
19M26D15,14/02/2019 07:08:00,33.29,-3.893,1
19M26D16,14/02/2019 07:30:00,33.287,-3.909,1
19M09D08,14/02/2019 07:39:00,33.284,-3.832,1
19M26D17,15/02/2019 07:28:00,33.187,-4.093,1
19M26D18,15/02/2019 08:02:00,33.176,-4.059,1
19M16D04,15/02/2019 06:54:00,33.111,-3.983,1
19M24D06,15/02/2019 07:45:00,33.152,-4,1
19M09D09,15/02/2019 07:49:00,33.205,-3.887,1
19M17D01,19/02/2019 08:17:00,33.34,-3.799,1
19M08D10,21/02/2019 07:22:00,33.262,-3.918,1
19M08D11,21/02/2019 07:41:00,33.262,-3.906,1
19M08L04,21/02/2019 09:05:00,33.271,-3.929,1
19M07D01,22/02/2019 08:34:00,33.14,-4.017,1
19M08D12,22/02/2019 07:19:00,33.233,-4.001,1
19M08D13,22/02/2019 08:02:00,33.237,-4.007,1
19M08D14,22/02/2019 08:14:00,33.24,-4.012,1
19M16D05,26/02/2019 07:00:00,33.147,-3.928,1
19M16D06,27/02/2019 06:56:00,33.187,-4.094,1
19M17D02,27/02/2019 07:33:00,33.127,-3.948,1
19M26D20,1/3/2019 7:13,33.224,-3.9,1
19M17D03,1/3/2019 7:32,33.138,-4.012,1
19M26D25,5/3/2019 17:16,33.221,-3.896,1
19M26D26,5/3/2019 17:38,33.224,-3.904,1
19M26D27,5/3/2019 18:02,33.238,-3.905,1
19M56d01,7/3/2019 6:52,33.245,-3.937,1
19M56d02,7/3/2019 7:11,33.247,-3.941,1
19M56d03,7/3/2019 7:37,33.251,-3.933,1
19M16D08,10/3/2019 7:16,33.206,-4.041,1
19M16D09,10/3/2019 7:39,33.208,-4.052,1
19M16D10,10/3/2019 8:39,33.171,-3.985,1
19M26D35,11/3/2019 6:36,33.248,-3.946,1
19M16D11,12/3/2019 6:46,33.251,-3.925,1
19M26D36,12/3/2019 6:38,33.249,-3.955,1
19M26D37,12/3/2019 8:21,33.27,-3.846,1
19M26D38,13/03/2019 06:47:00,33.143,-4.005,1
19M26D39,13/03/2019 07:02:00,33.131,-4.004,1
19M23D02,14/03/2019 17:10:00,33.265,-3.835,1
19M23D03,18/03/2019 06:40:00,33.123,-4.028,1
19M23D04,18/03/2019 07:11:00,33.133,-4.004,1
19M23D05,18/03/2019 07:23:00,33.137,-4.011,1
19M16D12,20/03/2019 06:58:00,33.266,-3.837,1
19M16D13,20/03/2019 07:59:00,33.285,-3.864,1
19M08D20,19/03/2019 06:45:00,33.134,-4.005,1
19M08D21,19/03/2019 07:04:00,33.142,-4.004,1
19M08D22,19/03/2019 07:23:00,33.136,-4.012,1
19M08D23,20/03/2019 07:26:00,33.243,-3.863,1
19M08D24,20/03/2019 08:20:00,33.238,-3.882,1
19M16D14,21/03/2019 06:22:00,33.271,-3.932,1
19M08D25,21/03/2019 06:59:00,33.288,-3.807,1
19M08D26,21/03/2019 07:11:00,33.295,-3.818,1
19M08D27,22/03/2019 07:03:00,33.249,-3.955,1
19M08D28,22/03/2019 07:58:00,33.266,-3.963,1
19M09D10,23/03/2019 07:27:00,33.123,-4.028,1
19M08D29,23/03/2019 07:29:00,33.217,-3.989,1
19M23D06,25/03/2019 06:42:00,33.316,-3.867,1
19M23D07,25/03/2019 07:18:00,33.295,-3.818,1
19M23D08,25/03/2019 07:50:00,33.288,-3.805,1
19M16D15,25/03/2019 06:16:00,33.249,-3.955,1
19M16D16,25/03/2019 06:56:00,33.277,-3.941,1
19M16D17,25/03/2019 07:26:00,33.251,-3.925,1
19M16D18,25/03/2019 07:50:00,33.254,-3.895,1
19M16D19,26/03/2019 06:20:00,33.267,-3.926,1
19M16D20,26/03/2019 06:29:00,33.262,-3.918,1
19M16D21,26/03/2019 06:42:00,33.265,-3.912,1
19M17D08,28/03/2019 06:59:00,33.295,-3.841,1
19M16D23,1/4/2019 7:01,33.124,-4.017,1
19M16D22,1/4/2019 6:27,33.148,-4.066,1
19M23D09,1/4/2019 6:01,33.25,-3.879,1
19M23D10,1/4/2019 6:23,33.24,-3.854,1
19M23D11,1/4/2019 7:23,33.288,-3.807,1
19M23D12,1/4/2019 7:57,33.316,-3.867,1
19M23D13,3/4/2019 6:06,33.248,-3.882,1
19M16D23,3/4/2019 6:28,33.329,-3.789,1
19M16D24,3/4/2019 6:59,33.322,-3.835,1
19M23D14,4/4/2019 6:41,33.295,-3.841,1
19M23D15,4/4/2019 6:54,33.282,-3.83,1
19M08D34,5/4/2019 7:28,33.237,-4.009,1
19M08D35,5/4/2019 7:35,33.24,-4.011,1
19M23D16,9/4/2019 5:59,33.316,-3.837,1
19M23D17,9/4/2019 6:22,33.298,-3.844,1
19M23D18,10/4/2019 6:04,33.275,-3.972,1
19M23D19,10/4/2019 6:24,33.267,-3.965,1
19M23D20,15/04/2019 05:43:00,33.275,-3.972,1
19M23D21,15/04/2019 06:10:00,33.283,-3.955,1
19M23D22,16/04/2019 06:05:00,33.329,-3.789,1
19M23D23,16/04/2019 06:45:00,33.316,-3.838,1
BA034A,6/9/2019 17:18,33.237,-4.006,1
11,17/05/2006 06:29:35,33.286,-3.925,1
20M08D01,21/01/2020 09:14:00,33.207,-3.899,1
20M08D02,23/01/2020 08:14:00,33.285,-3.833,1
20M30D01,28/01/2020 08:14:00,33.268,-3.928,1
20M07D01,28/01/2020 08:25:00,33.284,-3.832,1
20M30D02,30/01/2020 08:18:00,33.284,-3.831,1
20M17D01,30/01/2020 08:43:00,33.207,-3.891,1
20M07D02,5/2/2020 8:54,33.271,-3.883,1
20M08D03,5/2/2020 8:35,33.262,-3.857,1
20M30D03,6/2/2020 8:03,33.24,-4.011,1
20M08D04,7/2/2020 8:33,33.232,-4.001,1
20M08D05,7/2/2020 9:27,33.237,-4.007,1
20M08D06,7/2/2020 9:19,33.24,-4.011,1
20M30D04,7/2/2020 8:07,33.289,-3.806,1
20M07D03,8/2/2020 7:57,33.323,-3.853,1
20M17D03,11/2/2020 7:45,33.24,-4.011,1
20M17D04,11/2/2020 8:28,33.24,-4.009,1
20M08D07,11/2/2020 7:49,33.275,-3.855,1
20M08D08,11/2/2020 8:02,33.273,-3.847,1
20M08D09,11/2/2020 8:48,33.289,-3.876,1
20M07D04,12/2/2020 8:09,33.323,-3.852,1
20M07D05,12/2/2020 8:37,33.313,-3.836,1
037e,8/5/2008 10:41,33.331,-3.783,1
20M17D05,13/02/2020 07:53:00,33.171,-3.907,1
20M07D06,13/02/2020 08:05:00,33.292,-3.912,1
20M08D10,13/02/2020 08:51:00,33.236,-3.902,1
20M17D06,14/02/2020 07:58:00,33.184,-3.942,1
20M07D07,14/02/2020 08:39:00,33.223,-3.933,1
20M08D11,14/02/2020 09:07:00,33.168,-3.934,1
X006,9/6/2008 15:02,33.14,-3.997,1
20M07D08,18/02/2020 07:52:00,33.2,-3.943,1
20M30D07,18/02/2020 07:28:00,33.266,-3.963,1
20M07D09,20/02/2020 07:34:00,33.245,-3.866,1
20M07D10,20/02/2020 08:27:00,33.236,-3.903,1
M9033,28/05/2009 06:39:01,33.219,-3.888,1
20M26D01,21/02/2020 07:52:00,33.134,-4.005,1
20M26D02,21/02/2020 08:11:00,33.137,-4.011,1
20M26D03,21/02/2020 08:29:00,33.143,-4.005,1
20M26D04,21/02/2020 08:54:00,33.137,-3.995,1
LC9525,2/6/2009 7:50,33.252,-3.93,1
20M08D13,21/02/2020 07:52:00,33.233,-4.001,1
20M08D14,21/02/2020 08:23:00,33.236,-4.007,1
20M08D15,21/02/2020 08:32:00,33.24,-4.011,1
20M19D001,24/02/2020 16:48:00,33.288,-3.805,1
20M19D002,24/02/2020 17:42:00,33.308,-3.842,1
20M08D16,25/02/2020 07:56:00,33.137,-3.995,1
20M19D03,26/02/2020 07:15:00,33.32,-3.837,1
20M26D08,26/02/2020 07:04:00,33.142,-4.005,1
20M26D09,26/02/2020 07:14:00,33.138,-4.012,1
20M26D10,26/02/2020 07:23:00,33.133,-4.006,1
20M26D11,26/02/2020 07:36:00,33.136,-3.994,1
20M07L01,26/02/2020 07:14:00,33.315,-3.867,1
20M07D11,25/02/2020 07:59:00,33.188,-3.904,1
20M26D12,26/02/2020 08:02:00,33.128,-4.018,1
20M26D13,26/02/2020 08:16:00,33.123,-4.028,1
20M16D01,27/02/2020 07:18:00,33.127,-4.017,1
20M26D14,27/02/2020 07:07:00,33.249,-3.948,1
20M26D15,27/02/2020 07:13:00,33.25,-3.953,1
20M26D16,27/02/2020 07:34:00,33.252,-3.934,1
20M26D17,27/02/2020 08:41:00,33.274,-3.897,1
20M26D18,27/02/2020 09:08:00,33.254,-3.927,1
20M07D12,27/02/2020 08:24:00,33.209,-4.052,1
20M07L02,27/02/2020 07:33:00,33.177,-4.059,1
20M08D17,26/02/2020 07:26:00,33.173,-3.934,1
20M30D08,29/02/2020 07:50:00,33.146,-3.959,1
20M19D003,2/3/2020 7:19,33.216,-3.876,1
20M19D05,2/3/2020 8:00,33.222,-3.914,1
20M56D001,2/3/2020 9:17,33.232,-4.001,1
20M26D19,3/3/2020 7:12,33.331,-3.781,1
20M26D20,3/3/2020 7:52,33.276,-3.818,1
20M26D21,3/3/2020 8:08,33.205,-3.889,1
20M01D01,3/3/2020 7:11,33.261,-3.859,1
20M01D02,3/3/2020 7:53,33.266,-3.837,1
20M01D03,3/3/2020 8:45,33.275,-3.818,1
20M16D02,3/3/2020 8:28,33.188,-3.93,1
20M08D18,3/3/2020 7:27,33.149,-3.962,1
20M30D09,3/3/2020 7:24,33.134,-4.005,1
20M30D10,3/3/2020 8:03,33.127,-4.018,1
20M16D03,4/3/2020 6:59,33.138,-4.01,1
20M26D22,4/3/2020 7:33,33.245,-3.937,1
20M30D11,4/3/2020 7:28,33.201,-3.914,1
20M01D07,3/3/2020 18:31,33.275,-3.925,1
20M19D06,5/3/2020 8:22,33.137,-3.99,1
20M16D04,5/3/2020 7:18,33.259,-3.854,1
20M01D10,5/3/2020 7:51,33.322,-3.848,1
20M01D11,5/3/2020 8:31,33.31,-3.865,1
20M01D12,5/3/2020 9:37,33.296,-3.838,1
20M01D08,4/3/2020 17:03,33.202,-3.917,1
20M01D09,4/3/2020 17:41,33.201,-3.916,1
20M07D13,5/3/2020 7:37,33.272,-3.931,1
20M07D14,5/3/2020 8:09,33.289,-3.921,1
20M30D12,5/3/2020 7:27,33.206,-3.89,1
20M08D19,4/3/2020 7:09,33.249,-3.925,1
20M08D20,4/3/2020 7:38,33.251,-3.934,1
20M01D14,6/3/2020 7:43,33.315,-3.867,1
20M01D13,6/3/2020 6:52,33.309,-3.863,1
20M01D15,6/3/2020 7:53,33.31,-3.863,1
20M19D07,6/3/2020 7:21,33.284,-3.832,1
02M16,6/3/2020 8:47,33.247,-3.949,1
20M08D21,6/3/2020 7:25,33.262,-3.918,1
20M08D22,6/3/2020 8:00,33.267,-3.927,1
20M26D23,9/3/2020 6:29,33.269,-3.938,1
20M26D24,9/3/2020 7:49,33.251,-3.925,1
20M26D25,9/3/2020 8:07,33.251,-3.933,1
20M26D26,10/3/2020 6:50,33.221,-3.896,1
20M01CF17,10/3/2020 6:25,NULL,NULL,1
20M01CF17,10/3/2020 6:25,NULL,NULL,1
20M01D16,9/3/2020 18:16,33.275,-3.855,1
20M01D17,10/3/2020 6:57,33.276,-3.9,1
20M01D18,10/3/2020 7:18,33.289,-3.892,1
20M01D19,10/3/2020 7:55,33.276,-3.889,1
20M01D20,10/3/2020 8:21,33.292,-3.905,1
20M17D09,10/3/2020 7:48,33.203,-3.955,1
20M17D10,10/3/2020 8:35,33.23,-3.997,1
20M08D23,10/3/2020 8:08,33.184,-3.927,1
20M26D27,11/3/2020 6:44,33.184,-3.927,1
20M26D28,11/3/2020 7:05,33.185,-3.941,1
20M26D29,11/3/2020 7:29,33.174,-3.904,1
20M01D21,10/3/2020 16:37,33.204,-3.89,1
20M01D22,10/3/2020 17:29,33.202,-3.917,1
20M08D24,11/3/2020 7:10,33.178,-3.989,1
20M08D25,12/3/2020 7:06,33.262,-3.918,1
20M17D11,11/3/2020 6:58,33.207,-3.897,1
20M17D12,12/3/2020 7:07,33.259,-3.854,1
20M17D13,12/3/2020 7:21,33.261,-3.858,1
20M17D14,12/3/2020 7:46,33.271,-3.846,1
20M17D15,12/3/2020 9:59,33.266,-3.84,1
20M01D24,13/03/2020 07:17:00,33.271,-3.846,1
20M19D08,11/3/2020 7:00,33.305,-3.873,1
20M06-01,13/03/2020 07:22:00,33.298,-3.888,1
20M08D26,13/03/2020 07:14:00,33.217,-3.878,1
20M08D27,13/03/2020 07:56:00,33.221,-3.896,1
20M01D25,16/03/2020 08:19:00,33.236,-4.008,1
20M26D30,16/03/2020 08:06:00,33.272,-3.847,1
20M01D26,17/03/2020 06:57:00,33.177,-3.993,1
20M01D27,17/03/2020 07:51:00,33.149,-3.962,1
20M19D09,17/03/2020 07:32:00,33.222,-3.896,1
20M30D13,17/03/2020 06:58:00,33.137,-3.995,1
20M30D14,17/03/2020 07:47:00,33.209,-4.052,1
20M23D01,17/03/2020 07:39:00,33.289,-3.891,1
20M23D02,17/03/2020 09:16:00,33.293,-3.901,1
20M16D05,18/03/2020 06:57:00,33.186,-3.929,1
20M16D06,18/03/2020 08:20:00,33.148,-3.962,1
20M23D03,18/03/2020 06:49:00,33.276,-3.889,1
20M23D04,18/03/2020 07:23:00,33.273,-3.885,1
20M19D10,19/03/2020 07:13:00,33.145,-3.926,1
20M19D11,19/03/2020 08:26:00,33.217,-3.989,1
20M07L01,9/6/2020 12:23,33.224,-3.935,1
BA013A,3/9/2020 7:47,33.149,-3.961,1
21M16D01,21/01/2021 07:36:00,33.173,-3.907,1
21M09D01,2/2/2021 9:37,33.133,-4.015,1
21M24D01,2/2/2021 8:15,33.301,-3.897,1
21M07D01,4/2/2021 8:16,33.284,-3.831,1
21M26D01,8/2/2021 7:47,33.22,-3.895,1
21M16D02,8/2/2021 7:48,33.32,-3.837,1
21M16D03,8/2/2021 8:08,33.323,-3.852,1
21M16D04,8/2/2021 8:51,33.303,-3.875,1
21M16D05,8/2/2021 9:11,33.293,-3.876,1
21M21D05,9/2/2021 10:13,33.293,-3.788,1
21M19D01,9/2/2021 8:31,33.292,-3.856,1
21M07D02,11/2/2021 8:49,33.304,-3.872,1
21M30D02,11/2/2021 8:19,33.137,-4.009,1
21M20D01,11/2/2021 8:26,33.243,-3.942,1
21M19D02,11/2/2021 7:58,33.17,-3.9,1
21M19D03,11/2/2021 8:16,33.171,-3.927,1
21M30L01,12/2/2021 8:05,33.33,-3.774,1
21M19D04,15/02/2021 08:06:00,33.315,-3.865,1
21M19D05,15/02/2021 08:25:00,33.323,-3.855,1
21M19D06,15/02/2021 08:59:00,33.289,-3.877,1
21M07D03,16/02/2021 07:26:00,33.284,-3.831,1
21M07D04,16/02/2021 08:10:00,33.289,-3.858,1
21M07D05,16/02/2021 08:57:00,33.289,-3.876,1
21M09D02,16/02/2021 07:42:00,33.201,-3.902,1
21M19D07,17/02/2021 08:04:00,33.276,-3.917,1
21M19D08,17/02/2021 09:19:00,33.248,-3.94,1
21M19D09,17/02/2021 09:33:00,33.249,-3.943,1
21M16D08,17/02/2021 07:11:00,33.279,-3.819,1
21M16D09,17/02/2021 07:27:00,33.284,-3.832,1
21M16D10,17/02/2021 07:50:00,33.271,-3.846,1
21M16D11,17/02/2021 08:00:00,33.275,-3.854,1
21M16D12,17/02/2021 08:12:00,33.28,-3.869,1
21M16D13,17/02/2021 08:47:00,33.289,-3.891,1
21M09D03,17/02/2021 08:04:00,33.33,-3.78,1
21M08D05,18/02/2021 09:13:00,33.235,-4.008,1
21M08D04,17/02/2021 08:20:00,33.176,-3.985,1
21M16D14,18/02/2021 07:25:00,33.174,-3.913,1
21M16D15,18/02/2021 07:42:00,33.184,-3.928,1
21M16D16,18/02/2021 08:49:00,33.169,-3.902,1
21M20-D03,18/02/2021 08:14:00,33.289,-3.911,1
21M20-D04,18/02/2021 08:25:00,33.291,-3.912,1
21M19D10,18/02/2021 07:45:00,33.338,-3.793,1
21M08D06,19/02/2021 07:30:00,33.26,-3.857,1
21M20-D05,19/02/2021 07:49:00,33.107,-3.98,1
21M19D11,22/02/2021 07:40:00,33.181,-3.927,1
21M19D12,23/02/2021 08:22:00,33.276,-3.899,1
21M19D13,23/02/2021 09:11:00,33.292,-3.911,1
21M19L01,23/02/2021 07:32:00,33.26,-3.854,1
21M07D06,23/02/2021 07:41:00,33.176,-3.986,1
21M08D07,23/02/2021 07:28:00,33.223,-3.903,1
21M08D08,23/02/2021 07:51:00,33.237,-3.904,1
21M25D05,23/02/2021 07:40:00,33.28,-3.814,1
21M08D09,24/02/2021 07:21:00,33.223,-3.902,1
21M25D06,24/02/2021 07:31:00,33.289,-3.877,1
21M07D07,24/02/2021 08:16:00,33.242,-3.943,1
21M19D14,24/02/2021 07:01:00,33.17,-3.909,1
21M25D07,25/02/2021 07:41:00,33.275,-3.888,1
21M25D08,25/02/2021 08:17:00,33.267,-3.909,1
21M08D10,26/02/2021 07:18:00,33.294,-3.78,1
21M08D11,26/02/2021 08:25:00,33.29,-3.808,1
21M25D09,26/02/2021 08:16:00,33.134,-4.005,1
21M30D03,2/3/2021 7:39,33.205,-3.897,1
21M09D04,2/3/2021 7:18,33.276,-3.819,1
21M09D05,2/3/2021 8:29,33.293,-3.786,1
21M30D04,3/3/2021 7:25,33.169,-3.905,1
21M30D05,3/3/2021 8:06,33.177,-3.912,1
21M16D18,4/3/2021 7:01,33.169,-3.906,1
21M16D19,4/3/2021 8:44,33.2,-3.912,1
21M09D06,3/3/2021 8:59,33.239,-4.011,1
21M09D07,3/3/2021 9:07,33.236,-4.007,1
21M16D20,8/3/2021 6:35,33.205,-3.913,1
21M16D21,8/3/2021 7:08,33.2,-3.943,1
21M16D22,8/3/2021 7:47,33.217,-3.978,1
21M21D16,9/3/2021 6:55,33.205,-3.887,1
21M21D17,9/3/2021 7:18,33.206,-3.898,1
21M21D18,9/3/2021 7:44,33.2,-3.9,1
21M21D19,9/3/2021 8:01,33.202,-3.918,1
21M16D23,10/3/2021 9:00,33.202,-3.917,1
21M20D08,9/3/2021 6:59,33.279,-3.819,1
21M30D07,9/3/2021 7:48,33.286,-3.907,1
21M20D09,10/3/2021 7:37,33.32,-3.863,1
21M20D10,10/3/2021 8:48,33.323,-3.854,1
21M60d01,10/3/2021 6:52,33.318,-3.83,1
21M60d02,10/3/2021 7:40,33.276,-3.819,1
21M21D20,10/3/2021 8:20,33.186,-4.093,1
21M30D08,10/3/2021 7:47,33.148,-4.065,1
21M21D21,11/3/2021 7:20,33.197,-4.031,1
21M21D22,11/3/2021 8:13,33.209,-4.052,1
21M61D01,12/3/2021 6:48,33.187,-4.093,1
21M61D02,12/3/2021 7:40,33.176,-4.06,1
21M20D12,12/3/2021 6:58,33.262,-3.907,1
21M30D09,12/3/2021 7:20,33.228,-3.997,1
21M30D10,12/3/2021 7:34,33.216,-3.987,1
21M61D04,15/03/2021 07:36:00,33.32,-3.815,1
21M61D05,15/03/2021 08:41:00,33.29,-3.871,1
21M60d03,16/03/2021 06:53:00,33.329,-3.79,1
21M19T06,16/03/2021 05:49:00,33.293,-3.858,1
21M61D07,16/03/2021 07:56:00,33.275,-3.972,1
21M30D11,16/03/2021 07:15:00,33.239,-4.011,1
21M30D12,16/03/2021 07:27:00,33.232,-4.001,1
21M30D13,16/03/2021 08:02:00,33.228,-3.995,1
21M19D27,17/03/2021 08:42:00,33.238,-4.011,1
21M61D06,15/03/2021 16:36:00,33.276,-3.819,1
21M61T01,17/03/2021 05:37:00,33.328,-3.789,1
21M61D15,18/03/2021 06:55:00,33.193,-4.028,1
21M61D16,18/03/2021 07:31:00,33.209,-4.051,1
21M16T14,18/03/2021 05:50:00,33.239,-4.011,1
21M61D17,19/03/2021 08:12:00,33.134,-4.005,1
21M19D30,22/03/2021 07:03:00,33.319,-3.834,1
21M19D31,22/03/2021 07:16:00,33.306,-3.833,1
21M19D32,22/03/2021 08:06:00,33.321,-3.816,1
21M60d06,23/03/2021 06:30:00,33.268,-3.963,1
21M19TX,23/03/2021 05:45:00,33.262,-3.918,1
21M19D32,22/03/2021 17:39:00,33.221,-3.896,1
21M20D13,23/03/2021 06:40:00,33.279,-3.867,1
21M20D14,23/03/2021 06:54:00,33.302,-3.874,1
21M20D15,23/03/2021 08:04:00,33.271,-3.845,1
21M19D40,23/03/2021 17:04:00,33.249,-3.924,1
21M19D41,23/03/2021 17:57:00,33.242,-3.947,1
21M20D16,25/03/2021 06:26:00,33.097,-3.989,1
21M20D17,26/03/2021 06:35:00,33.307,-3.837,1
21M21L04,26/03/2021 05:57:00,33.275,-3.855,1
21M21D27,30/03/2021 06:28:00,33.288,-3.863,1
21M21D28,31/03/2021 07:46:00,33.125,-4.017,1
21M56d01,2/4/2021 6:37,33.317,-3.839,1
21M16D24,5/4/2021 6:59,33.153,-3.977,1
21M16T16,6/4/2021 5:23,33.25,-3.924,1
21M01D15,6/4/2021 6:47,33.23,-3.996,1
21M01D16,6/4/2021 6:54,33.23,-4.003,1
21M01D17,6/4/2021 7:38,33.238,-4.01,1
21M56d02,8/4/2021 6:32,33.151,-4.082,1
22M21D01,12/2/2022 7:39,33.151,-3.959,1
22M21D02,12/2/2022 8:17,33.13,-3.939,1
22M30D01,16/02/2022 07:31:00,33.115,-3.962,1
22M08D01,16/02/2022 07:55:00,33.152,-3.956,1
22M08D02,18/02/2022 07:31:00,33.115,-3.96,1
22M01D01,19/02/2022 07:51:00,33.286,-3.944,1
22M25-D02,22/02/2022 08:15:00,33.238,-3.906,1
22M30D02,24/02/2022 07:20:00,33.149,-4.07,1
22M01L01,23/02/2022 07:52:00,33.137,-3.942,1
22M09D07,26/02/2022 07:51:00,33.184,-3.946,1
22M09D08,2/3/2022 7:33,33.284,-3.832,1
22M09D09,3/3/2022 7:57,33.115,-3.961,1
22M24D01,2/3/2022 7:37,33.203,-3.882,1
22M24D02,3/3/2022 7:38,33.126,-4.018,1
22M25D-04,5/3/2022 7:12,33.22,-3.894,1
22M30D04,5/3/2022 7:06,33.178,-3.989,1
22M09D10,5/3/2022 6:58,33.267,-3.843,1
22M09D11,5/3/2022 7:37,33.259,-3.854,1
22M61d01,7/3/2022 7:05,33.202,-3.915,1
22M61d02,7/3/2022 7:19,33.203,-3.953,1
22M61d03,7/3/2022 7:38,33.22,-3.934,1
22M24D03,8/3/2022 7:21,33.221,-3.895,1
22M18D01,9/3/2022 7:11,33.148,-4.065,1
22M18D02,9/3/2022 7:54,33.176,-4.06,1
22M24D04,9/3/2022 7:25,33.202,-3.917,1
22M18D03,11/3/2022 8:05,33.149,-3.962,1
22M08D03,11/3/2022 7:09,33.247,-3.945,1
22M08D04,11/3/2022 7:19,33.248,-3.952,1
22M08D05,11/3/2022 7:46,33.251,-3.932,1
22M01D06,11/3/2022 7:07,33.261,-3.856,1
22M09D12,12/3/2022 7:11,33.176,-3.985,1
22M30D06,12/3/2022 7:10,33.319,-3.834,1
22M25D-05,12/3/2022 7:05,33.193,-4.026,1
22M61d04,14/03/2022 06:30:00,33.331,-3.776,1
22M61d05,14/03/2022 07:11:00,33.336,-3.795,1
22M61d06,14/03/2022 07:38:00,33.326,-3.767,1
22M61d07,15/03/2022 08:18:00,33.29,-3.911,1
22M08D09,17/03/2022 07:55:00,33.215,-3.987,1
22M09D13,18/03/2022 07:03:00,33.277,-3.819,1
22M09D14,18/03/2022 07:26:00,33.289,-3.808,1
22M18D07,18/03/2022 07:54:00,33.246,-3.947,1
22M18D08,18/03/2022 07:56:00,33.246,-3.95,1
22M09D15,19/03/2022 07:22:00,33.129,-3.943,1
22M25D-07,19/03/2022 07:26:00,33.289,-3.877,1
22M24D05,19/03/2022 07:45:00,33.115,-3.965,1
22M02D06,19/03/2022 06:44:00,33.248,-3.952,1
22M21D10,19/03/2022 07:20:00,33.209,-4.051,1
22M30D08,19/03/2022 06:58:00,33.222,-3.896,1
22M61d08,21/03/2022 06:33:00,33.289,-3.806,1
22M61d09,21/03/2022 07:24:00,33.327,-3.787,1
22M61d10,21/03/2022 07:33:00,33.325,-3.768,1
22M25D-08,21/03/2022 06:55:00,33.148,-3.953,1
22M21D11,21/03/2022 07:23:00,33.267,-3.926,1
22M21D12,21/03/2022 07:34:00,33.266,-3.915,1
22M30D09,21/03/2022 07:27:00,33.29,-3.912,1
22M02D07,22/03/2022 06:36:00,33.289,-3.809,1
22M02D08,22/03/2022 07:38:00,33.284,-3.831,1
22M02D09,23/03/2022 07:15:00,33.248,-3.883,1
22M02D10,23/03/2022 07:54:00,33.288,-3.876,1
22M24D06,24/03/2022 06:55:00,33.2,-3.897,1
22M24D07,24/03/2022 07:36:00,33.202,-3.916,1
22M02D11,24/03/2022 06:30:00,33.268,-3.843,1
22M02D12,24/03/2022 07:05:00,33.277,-3.855,1
22M09D16,24/03/2022 07:55:00,33.184,-3.946,1
22M18D09,25/03/2022 07:33:00,33.236,-4.006,1
22M18D10,25/03/2022 07:38:00,33.233,-4.001,1
22M02D13,25/03/2022 06:46:00,33.239,-3.903,1
22M02D14,25/03/2022 07:38:00,33.252,-3.932,1
22M30D13,26/03/2022 06:36:00,33.187,-4.029,1
22M30D14,26/03/2022 06:58:00,33.191,-4.028,1
22M30D15,26/03/2022 07:21:00,33.209,-4.052,1
22M09D17,26/03/2022 07:08:00,33.114,-3.966,1
22M02D15,26/03/2022 06:33:00,33.265,-3.912,1
22M02D16,26/03/2022 06:48:00,33.267,-3.926,1
22M02D17,26/03/2022 07:09:00,33.286,-3.945,1
22M01D07,26/03/2022 06:23:00,33.304,-3.874,1
22M01D08,26/03/2022 06:55:00,33.315,-3.867,1
22M09D18,26/03/2022 07:35:00,33.115,-3.983,1
22M25L01,26/03/2022 07:36:00,33.216,-3.988,1
22M25L02,28/03/2022 06:53:00,33.267,-3.964,1
22M30D16,28/03/2022 06:36:00,33.176,-4.058,1
22M02D18,28/03/2022 06:33:00,33.329,-3.789,1
22M21D17,28/03/2022 06:42:00,33.125,-4.016,1
22M21D18,28/03/2022 07:16:00,33.137,-4.011,1
22M21D19,28/03/2022 07:47:00,33.148,-4.065,1
22M21D20,29/03/2022 06:44:00,33.289,-3.876,1
22M18D11,30/03/2022 08:04:00,33.236,-4.006,1
22M18D12,30/03/2022 08:07:00,33.233,-4.001,1
22M09D19,31/03/2022 06:35:00,33.148,-4.065,1
22M09D20,31/03/2022 07:26:00,33.126,-4.018,1
22M01D09,2/4/2022 6:48,33.115,-3.969,1
22M01D10,2/4/2022 7:23,33.129,-4.022,1
22M21D21,2/4/2022 6:27,33.244,-3.855,1
22M21D22,2/4/2022 7:05,33.249,-3.881,1
22M25D12,2/4/2022 7:01,33.224,-3.94,1
22M25D13,2/4/2022 7:33,33.247,-3.975,1
22M30D22,2/4/2022 6:25,33.187,-4.03,1
22M30D23,2/4/2022 6:59,33.199,-4.055,1
22M02D21,4/4/2022 6:27,33.289,-3.807,1
22M09D21,6/4/2022 6:31,33.232,-4.001,1
22M24D08,7/4/2022 7:19,33.13,-3.945,1
22M09D21,7/4/2022 6:37,33.209,-4.052,1
22M09D22,7/4/2022 7:03,33.198,-4.057,1
22M09D23,7/4/2022 7:44,33.185,-4.091,1
22M08D10,7/4/2022 7:38,33.215,-3.987,1
22M09D24,8/4/2022 6:20,33.323,-3.855,1
22M09D25,8/4/2022 6:40,33.316,-3.867,1
22M08D11,8/4/2022 6:42,33.22,-3.895,1
22M09D26,12/4/2022 6:20,33.148,-4.065,1
22M25D18,16/04/2022 06:27:00,33.272,-3.935,1
22M25D19,16/04/2022 06:49:00,33.277,-3.94,1
22M60D01,29/04/2022 05:51:00,33.253,-3.98,1
22M60D02,29/04/2022 06:27:00,33.247,-3.975,1
23M07D02,31/01/2023 07:51:00,33.205,-3.886,1
23M07D03,31/01/2023 08:04:00,33.206,-3.894,1
23M25D04,7/2/2023 8:16,33.216,-3.988,1
23M25D05,9/2/2023 7:42,33.241,-3.852,1
23M09D01,14/02/2023 08:22:00,33.15,-3.964,1
23M09D02,15/02/2023 07:33:00,33.125,-4.016,1
23M09D03,15/02/2023 08:00:00,33.108,-3.981,1
23M24L01,14/02/2023 08:30:00,33.225,-3.935,1
23M24D01,16/02/2023 07:25:00,33.215,-3.987,1
23M24D02,16/02/2023 08:20:00,33.179,-3.985,1
23M24D03,18/02/2023 07:47:00,33.177,-3.988,1
23M09L04,18/02/2023 07:31:00,33.22,-3.893,1
23M28D03,20/02/2023 07:41:00,33.177,-3.986,1
23M25D06,20/02/2023 07:32:00,33.247,-3.941,1
23M24T03,21/02/2023 06:19:00,33.177,-3.986,1
23M02D02,23/02/2023 07:47:00,33.237,-3.905,1
23M09T01,23/02/2023 06:31:00,33.248,-3.947,1
23M65D01,23/02/2023 07:50:00,33.284,-3.832,1
23M01D02,23/02/2023 16:08:00,33.248,-3.941,1
23M02D03,1/3/2023 7:32,33.284,-3.831,1
23M09D05,1/3/2023 8:04,33.15,-3.964,1
23M65D02,27/02/2023 07:40:00,33.263,-3.922,1
23M65D03,1/3/2023 7:38,33.239,-3.904,1
23M65D04,1/3/2023 8:22,33.248,-3.941,1
23M65HB001,27/02/2023 07:46:00,33.269,-3.929,1
23M65HB003,28/02/2023 07:44:00,33.269,-3.93,1
23M28D04,2/3/2023 8:09,33.289,-3.921,1
23M65D05,2/3/2023 17:08,33.113,-3.985,1
23M65D06,3/3/2023 7:28,33.268,-3.93,1
23M65D07,3/3/2023 7:38,33.261,-3.918,1
23M28T001,3/3/2023 6:13,33.289,-3.921,1
23M09D07,3/3/2023 8:46,33.128,-3.943,1
23M09D08,4/3/2023 7:54,33.129,-3.944,1
23M25D13,4/3/2023 7:14,33.249,-3.952,1
23M09D06,3/3/2023 7:33,33.114,-3.967,1
23M65D08,3/3/2023 17:05,33.124,-4.027,1
23M65D09,6/3/2023 7:43,33.115,-3.969,1
23M65D10,6/3/2023 8:01,33.108,-3.969,1
23M65D11,6/3/2023 8:56,33.123,-4.014,1
23M24T06,7/3/2023 6:12,33.239,-3.904,1
23M02D06,7/3/2023 6:51,33.265,-3.913,1
23M65D12,6/3/2023 17:29,33.113,-3.983,1
23M65D13,7/3/2023 7:17,33.246,-3.946,1
23M65D14,7/3/2023 8:15,33.268,-3.968,1
23M60D01,8/3/2023 6:48,33.176,-4.058,1
23M65D15,8/3/2023 7:27,33.188,-3.908,1
23M65D16,8/3/2023 8:15,33.203,-3.955,1
23M21D01,7/3/2023 7:37,33.284,-3.831,1
23M21D02,8/3/2023 6:54,33.244,-3.855,1
23M21D03,8/3/2023 7:17,33.258,-3.853,1
23M02D08,8/3/2023 7:34,33.289,-3.877,1
23M24T07,8/3/2023 6:05,33.249,-3.951,1
23M65D019,9/3/2023 7:05,33.281,-3.819,1
23M65D17,8/3/2023 17:00,33.153,-4.005,1
23M65D18,9/3/2023 7:24,33.284,-3.832,1
23M02D09,9/3/2023 6:53,33.251,-3.925,1
23M08D03,9/3/2023 7:48,33.203,-3.955,1
23M21D04,9/3/2023 7:00,33.151,-4.078,1
23M25D14,9/3/2023 7:00,33.264,-3.912,1
23M25D15,9/3/2023 7:49,33.287,-3.946,1
23M21L01,11/3/2023 6:59,33.221,-3.894,1
23M09D09,11/3/2023 7:21,33.289,-3.876,1
23M28D08,11/3/2023 7:38,33.232,-3.997,1
23M02D10,11/3/2023 7:01,33.147,-3.931,1
23M02D11A,13/03/2023 06:43:00,33.135,-4.006,1
23M28D09,13/03/2023 07:40:00,33.147,-3.931,1
23M25D16,13/03/2023 07:18:00,33.316,-3.871,1
23M65D01,13/03/2023 07:04:00,33.289,-3.876,1
23M65D02,13/03/2023 07:18:00,33.286,-3.862,1
23M65D03,13/03/2023 18:26:00,33.288,-3.891,1
23M65D03,14/03/2023 08:21:00,33.275,-3.972,1
23M65D05,15/03/2023 07:08:00,33.251,-3.924,1
23M02D11,20/03/2023 06:41:00,33.279,-3.818,1
23M02D12,20/03/2023 07:14:00,33.278,-3.855,1
23M02D14,22/03/2023 07:29:00,33.275,-3.854,1
23M01T07,24/03/2023 05:28:00,33.224,-3.935,1
23M01D08,25/03/2023 06:27:00,33.108,-3.968,1
23M01T08,27/03/2023 05:14:00,33.108,-3.968,1
23M26D01,27/03/2023 07:08:00,33.263,-3.921,1
24M75-D01,1/2/2024 8:02,33.14,-4.024,1
24M68D01,6/2/2024 7:57,33.15,-4.066,1
24M75-01,6/2/2024 7:09,33.247,-3.887,1
24M68D02,15/02/2024 08:10:00,33.276,-3.854,1
24M76D01,14/02/2024 08:05:00,33.272,-3.931,1
24M65D02,20/02/2024 07:33:00,33.139,-4.031,1
24M65D03,21/02/2024 07:46:00,33.271,-3.932,1
24M65D04,21/02/2024 08:22:00,33.267,-3.915,1
24M75D04,20/02/2024 08:46:00,33.21,-4.051,1
24M75D05,21/02/2024 08:12:00,33.284,-3.832,1
24M75D07,22/02/2024 07:47:00,33.266,-3.953,1
24M68D03,20/02/2024 08:33:00,33.149,-3.957,1
24M65D05,22/02/2024 07:32:00,33.28,-3.858,1
24M65D06,22/02/2024 07:50:00,33.286,-3.862,1
24M75D10,1/3/2024 7:14,33.181,-3.893,1
24M74D01,6/3/2024 7:45,33.198,-4.06,1
24M67D01,7/3/2024 7:10,33.18,-3.893,1
24M67D02,7/3/2024 7:25,33.185,-3.89,1
24M67D03,7/3/2024 7:55,33.188,-3.903,1
24M74D02,7/3/2024 8:06,33.273,-3.884,1
24M78D007,8/3/2024 7:08,33.276,-3.854,1
24M65D09,8/3/2024 7:08,33.26,-3.836,1
24M75D11,14/03/2024 07:11:00,33.148,-3.938,1
24M60d04,15/03/2024 07:45:00,33.259,-3.85,1
24M60d05,15/03/2024 08:21:00,33.243,-3.86,1
24M78D010,15/03/2024 08:00:00,33.25,-3.924,1
24M76D04,15/03/2024 06:56:00,33.139,-4.031,1
24M76D05,15/03/2024 07:23:00,33.147,-4.062,1
24M76D06,15/03/2024 07:52:00,33.149,-4.066,1
24M24D02,19/03/2024 07:41:00,33.188,-3.904,1
24M76D08,20/03/2024 06:49:00,33.251,-3.926,1
24M60d06,20/03/2024 07:17:00,33.277,-3.856,1
24M60d07,20/03/2024 07:51:00,33.259,-3.851,1
24M60d08,21/03/2024 07:15:00,33.307,-3.873,1
24M60d09,21/03/2024 07:34:00,33.316,-3.871,1
24M60d10,21/03/2024 08:13:00,33.284,-3.831,1
24M60d11,22/03/2024 07:00:00,33.148,-3.932,1
24M64d001,25/03/2024 06:22:00,33.276,-3.855,1
24M64d002,25/03/2024 17:26:00,33.287,-3.924,1
24M07D01,28/03/2024 06:23:00,33.169,-3.899,1
24M60d12,28/03/2024 06:19:00,33.137,-4.027,1
24M64d003,28/03/2024 08:39:00,33.249,-3.951,1
24M07D02,29/03/2024 06:21:00,33.109,-3.97,1
24M07D03,29/03/2024 06:33:00,33.115,-3.967,1
24M07D04,29/03/2024 08:36:00,33.198,-4.058,1
24M64d004,29/03/2024 07:52:00,33.278,-3.856,1
24M07D005,2/4/2024 7:13,33.258,-3.917,1
24M64d006,2/4/2024 8:13,33.249,-3.951,1
24M64d005,1/4/2024 17:38,33.275,-3.854,1
24M64d007,3/4/2024 7:28,33.277,-3.856,1
24M64d008,4/4/2024 6:24,33.149,-3.958,1
24M07D001,5/4/2024 6:24,33.115,-3.969,1
24M07D002,5/4/2024 7:25,33.137,-4.027,1
24M64d010,8/4/2024 6:33,33.149,-3.957,1
24M64d012,15/04/2024 07:27:00,33.258,-3.855,1
24M64d013,16/04/2024 07:31:00,33.277,-3.857,1
24M64d014,22/04/2024 06:45:00,33.221,-3.893,1
92,23/04/2024 05:50:00,33.174,-3.906,1
93,23/04/2024 07:36:00,33.21,-4.052,1
94,23/04/2024 07:43:00,33.198,-4.059,1
24M75D20,25/04/2024 06:06:00,33.287,-3.864,1
24M75L01,24/04/2024 06:09:00,33.135,-4.028,1
24M75D23,25/04/2024 06:57:00,33.271,-3.883,1
24M75D26,9/5/2024 6:31,33.184,-3.928,1
24M75D27,10/5/2024 6:17,33.247,-3.979,1
24M78D017,10/5/2024 6:21,33.316,-3.877,1
BA539A,13/11/2024 07:28:00,33.267,-3.909,1
25M07D01,11/2/2025 7:37,33.206,-3.894,1
25M07D002,12/2/2025 8:01,33.209,-4.051,1
25M07D003,12/2/2025 8:28,33.198,-4.06,1
25M75-01,13/02/2025 08:30:00,33.296,-3.826,1
25M75D012,12/2/2025 7:42,33.128,-4.017,1
25M75D13,14/02/2025 07:33:00,33.323,-3.852,1
25M75D14,14/02/2025 07:51:00,33.316,-3.867,1
25M07D004,14/02/2025 07:28:00,33.129,-3.944,1
25M01D001,12/2/2025 7:43,33.248,-3.882,1
25M01D002,12/2/2025 8:12,33.237,-3.881,1
25M01D003,14/02/2025 07:22:00,33.291,-3.809,1
25M77D001,18/02/2025 07:46:00,33.148,-3.932,1
25M75D015,18/02/2025 07:24:00,33.108,-3.97,1
25M75D016,18/02/2025 07:36:00,33.114,-3.968,1
25M75D017,19/02/2025 07:44:00,33.248,-3.857,1
25M75D018,19/02/2025 08:22:00,33.248,-3.882,1
25M75D019,19/02/2025 08:56:00,33.237,-3.88,1
25M77D002,19/02/2025 08:19:00,33.188,-3.904,1
25M77D003,20/02/2025 07:51:00,33.257,-3.854,1
25M77D004,20/02/2025 08:25:00,33.274,-3.853,1
25M75D020,20/02/2025 07:43:00,33.216,-3.873,1
25M75D021,21/02/2025 07:58:00,33.186,-3.926,1
25M77D005,21/02/2025 07:28:00,33.127,-3.947,1
25M77D006,21/02/2025 08:18:00,33.148,-3.956,1
25M01D010,21/02/2025 07:29:00,33.238,-3.906,1
25M01D012,25/02/2025 07:02:00,33.248,-3.882,1
25M01D013,25/02/2025 07:47:00,33.259,-3.855,1
25M01D014,25/02/2025 08:27:00,33.289,-3.876,1
25M77D006,25/02/2025 07:34:00,33.206,-3.894,1
25M01T001,26/02/2025 05:34:00,33.248,-3.882,1
25M77D008,26/02/2025 07:53:00,33.184,-3.929,1
25M77D007,26/02/2025 07:13:00,33.183,-3.898,1
25M78D003,28/02/2025 07:31:00,33.216,-3.877,1
25M78D004,28/02/2025 08:04:00,33.204,-3.895,1
25M77D010,27/02/2025 07:55:00,33.295,-3.819,1
25M77D011,27/02/2025 08:49:00,33.291,-3.809,1
25M77D012,28/02/2025 07:30:00,33.109,-3.969,1
25M77D013,28/02/2025 07:41:00,33.116,-3.99,1
25M77D014,28/02/2025 08:35:00,33.127,-4.017,1
25M77D015,28/02/2025 08:41:00,33.134,-4.026,1
25M77D009,27/02/2025 07:28:00,33.28,-3.819,1
25M77D016,3/3/2025 7:32,33.288,-3.872,1
25M77D017,3/3/2025 7:41,33.288,-3.864,1
25M77D018,3/3/2025 8:19,33.275,-3.889,1
25M01D015,3/3/2025 8:30,33.206,-3.894,1
25M01D016,24/03/2025 07:00:00,33.135,-4.002,1
25M01D017,25/03/2025 06:56:00,33.137,-4.002,1
25M65-02,9/5/2025 5:24,33.168,-3.904,1
