Nest_Name,Nest_Latitude,Nest_Longitude,Year_Discovered,Number_Of_Items,Camera_trap_deployed
96N01,32.834,-3.996,1996,3,No
96N02,33.130,-3.711,1996,3,No
96N03,32.819,-4.031,1996,3,No
96N04,33.281,-3.863,1996,3,No
96N05,33.284,-3.968,1996,3,No
96N06,33.537,-3.200,1996,4,No
96N07,33.132,-3.965,1996,3,No
96N08,33.113,-3.973,1996,3,No
96N09,33.299,-3.339,1996,3,No
96N10,33.280,-3.955,1996,3,No
97NA,33.247,-3.979,1997,2,No
97NB,33.129,-3.982,1997,3,No
97NC,33.171,-3.901,1997,3,No
97ND,33.224,-3.976,1997,3,No
97NE,33.246,-3.959,1997,3,No
97W01,32.145,-2.663,1997,2,No
97W02,33.345,-2.625,1997,2,No
97W03,33.650,-2.508,1997,2,No
97W04,33.704,-2.578,1997,2,No
97W05,33.463,-1.695,1997,2,No
97W06,32.911,-2.337,1997,3,No
97W07,33.008,-2.762,1997,2,No
97W08,32.703,-4.369,1997,3,No
97W09,33.109,-2.584,1997,3,No
97W10,33.321,-1.881,1997,3,No
97W11,33.109,-2.584,1997,2,No
97W12,33.308,-2.961,1997,3,No
97W13,33.166,-2.939,1997,3,No
97W14,33.296,-3.952,1997,2,No
97W15,33.261,-3.937,1997,2,No
97W16,32.299,-2.268,1997,3,No
97W17,33.231,-3.718,1997,2,No
97W18,33.120,-3.004,1997,3,No
97W19,33.244,-3.974,1997,2,No
97W20,33.328,-2.735,1997,3,No
97W21,33.338,-1.690,1997,2,No
97W22,33.121,-2.996,1997,2,No
97W23,33.124,-2.983,1997,2,No
97W24,33.122,-2.974,1997,3,No
97W25,33.310,-2.666,1997,2,No
97W26,33.124,-2.948,1997,3,No
97W27,33.032,-3.131,1997,2,No
97W28,33.043,-3.137,1997,3,No
97W29,33.048,-3.129,1997,2,No
97W30,33.143,-3.970,1997,2,No
97W31,33.176,-3.983,1997,1,No
98N01,33.231,-3.918,1998,,No
98N02,33.237,-3.904,1998,,No
98N03,33.295,-3.947,1998,,No
99N01,33.232,-3.914,1999,,No
00W01Y,33.521,-3.190,2000,2,No
01W10Y,33.131,-3.968,2001,,No
01W11Y,33.279,-3.918,2001,,No
01W12Y,32.538,-2.514,2001,2,No
01W13Y,33.287,-3.930,2001,,No
01W14Y,33.284,-3.942,2001,,No
01W15Y,33.264,-3.899,2001,,No
01W16Y,33.297,-3.948,2001,,No
01W17Y,33.276,-3.959,2001,,No
01W18Y,33.269,-3.941,2001,,No
01W19Y,33.253,-3.928,2001,,No
01W1Y,33.183,-3.924,2001,2,No
01W20Y,33.290,-3.942,2001,,No
01W21Y,33.281,-3.948,2001,,No
01W22Y,33.274,-3.963,2001,,No
01W23Y,33.267,-3.951,2001,,No
01W24Y,33.296,-3.920,2001,,No
01W25Y,33.296,-3.911,2001,,No
01W26Y,33.296,-3.902,2001,,No
01W27Y,33.297,-3.905,2001,,No
01W28Y,33.295,-3.903,2001,,No
01W29Y,33.288,-3.905,2001,,No
01W2Y,33.559,-3.182,2001,,No
01W30Y,33.299,-3.908,2001,,No
01W3Y,32.385,-2.257,2001,2,No
01W4Y,32.455,-2.456,2001,2,No
01W5Y,32.491,-2.519,2001,1,No
01W6Y,33.280,-3.866,2001,,No
01W7Y,33.296,-3.929,2001,,No
01W8Y,33.293,-3.932,2001,2,No
01W9Y,33.292,-3.936,2001,,No
02N01A,32.396,-2.222,2002,2,No
02N01E,33.273,-3.872,2002,2,No
02N01J,33.260,-3.958,2002,3,No
02N01M,32.546,-2.476,2002,3,No
02N01N,33.698,-3.034,2002,3,No
02N01P,32.722,-2.657,2002,2,No
02N01Y,33.263,-3.936,2002,3,No
02N02A,32.297,-2.424,2002,2,No
02N02E,33.295,-3.929,2002,3,No
02N02J,33.208,-3.908,2002,1,No
02N02M,32.485,-2.517,2002,2,No
02N02N,32.271,-2.393,2002,2,No
02N02P,33.117,-4.019,2002,3,No
02N02Y,33.183,-3.891,2002,3,No
02N03A,33.621,-3.213,2002,3,No
02N03E,33.116,-4.021,2002,1,No
02N03M,33.259,-3.058,2002,3,No
02N03N,32.436,-2.267,2002,2,No
02N03P,33.232,-4.009,2002,2,No
02N03Y,33.205,-3.812,2002,2,No
02N04A,32.393,-2.296,2002,2,No
02N04E,33.116,-4.021,2002,1,No
02N04M,32.914,-3.652,2002,2,No
02N04N,32.441,-2.320,2002,2,No
02N04P,33.034,-3.095,2002,2,No
02N04Y,33.260,-3.952,2002,,No
02N05A,33.186,-3.164,2002,2,No
02N05E,33.239,-3.934,2002,2,No
02N05M,32.918,-3.656,2002,1,No
02N05N,32.446,-2.339,2002,2,No
02N05P,33.100,-3.802,2002,2,No
02N05Y,33.262,-3.940,2002,2,No
02N06A,32.500,-2.512,2002,2,No
02N06E,33.255,-3.893,2002,2,No
02N06M,33.275,-3.963,2002,3,No
02N06N,32.782,-2.611,2002,2,No
02N06P,33.261,-3.053,2002,3,No
02N06Y,33.242,-3.956,2002,2,No
02N07A,33.084,-2.928,2002,2,No
02N07E,33.114,-3.806,2002,2,No
02N07M,33.104,-2.687,2002,2,No
02N07N,32.391,-2.260,2002,3,No
02N07P,33.294,-3.855,2002,3,No
02N07Y,33.692,-2.971,2002,2,No
02N08A,32.729,-4.854,2002,1,No
02N08E,33.187,-3.950,2002,2,No
02N08M,32.774,-2.739,2002,2,No
02N08N,32.412,-2.259,2002,3,No
02N08P,33.468,-3.045,2002,2,No
02N08Y,33.226,-3.935,2002,3,No
02N09E,33.343,-3.810,2002,1,No
02N09N,32.523,-2.923,2002,3,No
02N09Y,32.911,-3.648,2002,2,No
02N10E,33.212,-3.877,2002,1,No
02N10M,32.414,-2.275,2002,2,No
02N10N,32.457,-2.263,2002,2,No
02N10Y,33.130,-3.704,2002,,No
02N11E,33.200,-4.052,2002,1,No
02N11M,33.021,-2.584,2002,3,No
02N11N,33.269,-3.926,2002,2,No
02N11Y,33.135,-3.724,2002,,No
02N12E,33.223,-3.985,2002,2,No
02N12M,33.121,-2.967,2002,2,No
02N12N,33.314,-3.885,2002,2,No
02N12Y,32.917,-3.634,2002,2,No
02N13E,33.277,-3.978,2002,1,No
02N13M,32.873,-2.931,2002,2,No
02N13N,33.256,-3.914,2002,3,No
02N13Y,33.300,-3.903,2002,3,No
02N14E,33.286,-3.925,2002,2,No
02N14M,33.190,-3.242,2002,1,No
02N14Y,33.205,-3.885,2002,3,No
02N15M,33.186,-3.241,2002,1,No
02N15Y,33.197,-4.056,2002,,No
02N16Y,33.138,-3.933,2002,2,No
02N17Y,32.901,-3.626,2002,3,No
02N18Y,33.124,-4.020,2002,2,No
02N19Y,33.281,-3.900,2002,3,No
02N20Y,33.233,-3.895,2002,3,No
02N21Y,33.236,-3.889,2002,2,No
02N22Y,33.275,-3.922,2002,1,No
02N23Y,33.290,-3.933,2002,2,No
02N24Y,33.276,-3.936,2002,3,No
02N25Y,33.261,-3.887,2002,2,No
02N26Y,33.254,-3.886,2002,1,No
02N27Y,33.274,-3.915,2002,2,No
02N28Y,33.241,-4.016,2002,3,No
02N29Y,33.275,-3.915,2002,3,No
02N30Y,33.231,-4.068,2002,2,No
03N01E,32.691,-1.847,2003,3,No
03N01N,32.411,-2.243,2003,3,No
03N01O,32.499,-1.545,2003,1,No
03N01P,33.183,-3.247,2003,3,No
03N01S,32.508,-1.681,2003,3,No
03N01V,32.364,-2.263,2003,2,No
03N02E,32.549,-2.480,2003,2,No
03N02N,32.413,-2.283,2003,3,No
03N02O,32.462,-2.280,2003,3,No
03N02P,33.107,-3.804,2003,3,No
03N02S,32.429,-1.651,2003,1,No
03N02V,32.378,-2.238,2003,,No
03N03E,32.481,-2.533,2003,3,No
03N03N,32.330,-2.345,2003,3,No
03N03O,32.454,-2.291,2003,3,No
03N03P,32.900,-3.644,2003,3,No
03N03S,32.393,-2.242,2003,3,No
03N03V,32.433,-2.254,2003,1,No
03N04E,33.285,-3.937,2003,2,No
03N04N,32.384,-2.277,2003,2,No
03N04O,33.217,-3.061,2003,2,No
03N04P,32.466,-2.287,2003,2,No
03N04S,32.486,-2.515,2003,2,No
03N04V,32.269,-2.193,2003,2,No
03N05E,33.200,-3.899,2003,2,No
03N05N,32.338,-2.223,2003,3,No
03N05O,33.246,-2.854,2003,3,No
03N05P,32.943,-3.492,2003,3,No
03N05S,32.308,-2.329,2003,3,No
03N05V,32.412,-2.173,2003,2,No
03N06E,33.205,-3.336,2003,3,No
03N06N,32.354,-2.207,2003,2,No
03N06O,32.407,-2.249,2003,3,No
03N06S,32.426,-2.273,2003,3,No
03N07E,33.178,-3.981,2003,2,No
03N07N,32.467,-2.438,2003,3,No
03N07O,32.403,-2.271,2003,3,No
03N07S,32.439,-2.264,2003,2,No
03N08E,33.178,-3.979,2003,3,No
03N08N,32.470,-2.453,2003,3,No
03N08O,32.418,-2.247,2003,2,No
03N08S,32.441,-2.274,2003,2,No
03N09E,33.241,-3.927,2003,2,No
03N09N,32.331,-2.311,2003,3,No
03N09O,32.420,-2.254,2003,2,No
03N09S,32.354,-2.254,2003,3,No
03N10E,33.164,-3.986,2003,3,No
03N10N,32.325,-2.333,2003,6,No
03N10O,32.463,-2.422,2003,3,No
03N10S,32.316,-2.335,2003,3,No
03N11E,33.304,-3.914,2003,2,No
03N11N,32.303,-2.288,2003,3,No
03N11O,32.429,-2.219,2003,3,No
03N11S,32.316,-2.321,2003,3,No
03N12E,33.212,-3.647,2003,3,No
03N12N,32.450,-2.284,2003,2,No
03N12O,32.331,-2.257,2003,3,No
03N12S,32.323,-2.317,2003,3,No
03N13E,33.228,-3.938,2003,2,No
03N13N,32.464,-2.283,2003,3,No
03N13O,32.398,-2.304,2003,3,No
03N13S,32.325,-2.300,2003,3,No
03N14E,33.236,-3.923,2003,2,No
03N14N,32.396,-2.285,2003,2,No
03N14O,32.397,-2.242,2003,3,No
03N14S,32.336,-2.298,2003,2,No
03N15E,33.283,-3.941,2003,2,No
03N15N,32.371,-2.185,2003,2,No
03N15O,32.288,-2.262,2003,2,No
03N15S,32.381,-2.226,2003,2,No
03N16E,33.291,-3.925,2003,2,No
03N16N,32.374,-2.162,2003,1,No
03N16O,32.320,-2.276,2003,2,No
03N16S,32.435,-2.259,2003,2,No
03N17E,32.722,-3.904,2003,2,No
03N17N,33.097,-2.701,2003,3,No
03N17O,32.324,-2.251,2003,2,No
03N17S,32.331,-2.251,2003,3,No
03N18E,33.199,-4.057,2003,1,No
03N18N,32.342,-2.238,2003,3,No
03N18O,32.473,-2.247,2003,,No
03N18S,32.344,-2.234,2003,2,No
03N19E,33.238,-4.001,2003,2,No
03N19N,32.357,-2.169,2003,3,No
03N19O,32.459,-2.273,2003,2,No
03N19S,32.344,-2.216,2003,2,No
03N20E,33.245,-4.024,2003,2,No
03N20N,33.182,-3.157,2003,2,No
03N20O,32.444,-2.264,2003,2,No
03N20S,32.293,-2.262,2003,2,No
03N21E,33.289,-3.908,2003,2,No
03N21N,33.282,-3.141,2003,2,No
03N21O,32.452,-2.277,2003,,No
03N21S,32.304,-2.242,2003,2,No
03N22E,33.200,-4.076,2003,2,No
03N22N,33.238,-3.210,2003,2,No
03N22O,32.459,-2.288,2003,3,No
03N22S,32.351,-2.192,2003,3,No
03N23E,33.139,-4.019,2003,2,No
03N23N,33.212,-2.824,2003,1,No
03N23O,32.477,-2.925,2003,2,No
03N23S,32.357,-2.192,2003,2,No
03N24E,32.679,-4.887,2003,2,No
03N24N,33.299,-3.295,2003,3,No
03N24O,32.541,-2.932,2003,2,No
03N24S,32.670,-2.469,2003,3,No
03N25N,33.210,-3.218,2003,2,No
03N25O,32.396,-2.670,2003,2,No
03N25S,32.751,-2.477,2003,3,No
03N26N,33.036,-3.071,2003,2,No
03N26O,32.438,-2.261,2003,2,No
03N26S,32.350,-2.186,2003,2,No
03N27N,33.132,-2.969,2003,3,No
03N27O,32.440,-2.275,2003,3,No
03N27S,32.282,-2.270,2003,3,No
03N28N,33.139,-2.977,2003,3,No
03N28O,32.440,-2.232,2003,2,No
03N28S,32.258,-2.280,2003,2,No
03N29N,33.253,-2.977,2003,3,No
03N29O,32.423,-2.213,2003,2,No
03N29S,32.245,-2.296,2003,,No
03N30N,33.249,-2.855,2003,3,No
03N30O,32.408,-2.272,2003,3,No
03N30S,32.331,-2.293,2003,3,No
03N31N,33.216,-3.148,2003,2,No
03N31O,32.403,-2.263,2003,2,No
03N31S,32.666,-2.822,2003,2,No
03N32N,33.261,-3.063,2003,2,No
03N32O,33.222,-3.085,2003,2,No
03N32S,33.224,-3.208,2003,2,No
03N33N,33.128,-2.980,2003,2,No
03N33O,33.262,-3.055,2003,2,No
03N33S,33.302,-2.698,2003,3,No
03N34O,33.733,-3.200,2003,2,No
03N34S,32.398,-2.261,2003,1,No
03N35O,33.679,-2.966,2003,2,No
03N35S,32.460,-2.555,2003,2,No
03N36O,33.214,-3.071,2003,2,No
03N36S,32.554,-2.479,2003,1,No
03N37O,33.237,-3.053,2003,3,No
03N37S,33.066,-2.624,2003,2,No
03N38O,32.319,-2.274,2003,2,No
03N38S,33.013,-2.592,2003,2,No
03N39O,32.471,-2.242,2003,1,No
03N39S,33.003,-2.585,2003,1,No
03N40O,33.097,-3.043,2003,3,No
03N40S,32.909,-2.943,2003,2,No
03N41O,33.027,-2.844,2003,2,No
03N41S,32.887,-2.932,2003,3,No
03N42O,33.046,-2.833,2003,2,No
03N42S,32.908,-2.942,2003,2,No
03N43S,33.306,-2.657,2003,3,No
03N44S,33.045,-2.599,2003,2,No
03N45S,33.087,-2.676,2003,2,No
03N46S,33.081,-2.700,2003,2,No
03N47S,33.060,-2.681,2003,3,No
03N48S,32.336,-2.251,2003,2,No
03N49S,32.361,-2.262,2003,2,No
03N50S,32.332,-2.269,2003,3,No
03N51S,33.955,-2.528,2003,4,No
03N52S,32.751,-2.507,2003,2,No
03N53S,33.251,-2.664,2003,2,No
03N54S,33.097,-2.676,2003,2,No
03N55S,32.325,-2.278,2003,,No
03N56S,32.335,-2.256,2003,,No
04N01E,32.308,-2.332,2004,2,No
04N01N,32.640,-2.414,2004,3,No
04N01O,32.714,-2.679,2004,3,No
04N01P,32.383,-2.257,2004,3,No
04N01S,32.706,-2.317,2004,3,No
04N01V,32.208,-2.650,2004,3,No
04N02A,32.727,-2.710,2004,3,No
04N02E,33.277,-3.925,2004,3,No
04N02N,33.295,-3.925,2004,3,No
04N02O,32.730,-2.746,2004,3,No
04N02P,32.436,-2.495,2004,3,No
04N02S,32.340,-2.245,2004,3,No
04N02V,32.727,-2.697,2004,3,No
04N03E,33.224,-3.934,2004,3,No
04N03N,33.583,-3.198,2004,3,No
04N03O,32.384,-2.276,2004,2,No
04N03P,32.559,-2.480,2004,2,No
04N03S,32.374,-2.250,2004,3,No
04N03V,32.685,-2.831,2004,3,No
04N04E,33.185,-3.969,2004,2,No
04N04N,33.556,-3.185,2004,,No
04N04O,32.434,-2.788,2004,3,No
04N04P,32.735,-2.591,2004,2,No
04N04S,32.670,-2.639,2004,3,No
04N04V,32.340,-2.581,2004,3,No
04N05E,33.291,-3.923,2004,2,No
04N05N,33.579,-3.198,2004,,No
04N05O,32.456,-2.578,2004,3,No
04N05P,32.734,-2.602,2004,2,No
04N05S,33.290,-3.933,2004,2,No
04N05V,32.676,-2.812,2004,3,No
04N06A,33.025,-2.854,2004,3,No
04N06E,33.258,-4.004,2004,3,No
04N06N,32.430,-2.344,2004,3,No
04N06O,32.473,-2.518,2004,3,No
04N06P,32.736,-2.612,2004,,No
04N06S,33.279,-3.939,2004,,No
04N06V,32.282,-2.212,2004,3,No
04N07A,33.028,-2.823,2004,3,No
04N07E,33.191,-3.975,2004,3,No
04N07N,32.753,-2.442,2004,,No
04N07O,32.810,-2.543,2004,3,No
04N07P,32.726,-2.619,2004,3,No
04N07S,32.393,-2.267,2004,3,No
04N07V,32.263,-2.173,2004,3,No
04N08A,32.768,-2.689,2004,3,No
04N08E,33.205,-3.974,2004,2,No
04N08N,32.690,-2.327,2004,3,No
04N08O,32.319,-2.275,2004,3,No
04N08P,33.122,-3.718,2004,3,No
04N08S,32.879,-2.951,2004,3,No
04N08V,32.335,-2.251,2004,3,No
04N09A,32.368,-2.127,2004,2,No
04N09E,33.220,-3.905,2004,3,No
04N09N,32.730,-2.610,2004,3,No
04N09O,33.211,-4.192,2004,2,No
04N09P,33.327,-2.725,2004,3,No
04N09S,32.877,-2.939,2004,3,No
04N09V,32.333,-2.256,2004,3,No
04N100,32.444,-2.393,2004,3,No
04N101,32.425,-2.374,2004,2,No
04N102,33.298,-2.696,2004,3,No
04N103,33.325,-2.683,2004,2,No
04N104,33.234,-3.216,2004,3,No
04N105,32.997,-2.838,2004,3,No
04N106,33.068,-2.842,2004,2,No
04N108,32.435,-2.239,2004,4,No
04N109,32.435,-2.241,2004,2,No
04N10A,32.347,-2.141,2004,4,No
04N10E,33.128,-2.894,2004,2,No
04N10N,32.727,-2.598,2004,3,No
04N10O,33.201,-4.199,2004,2,No
04N10P,33.523,-2.203,2004,2,No
04N10S,32.993,-2.850,2004,2,No
04N10V,32.200,-2.388,2004,3,No
04N110,32.214,-1.790,2004,3,No
04N111,32.464,-2.373,2004,3,No
04N112,32.455,-2.894,2004,3,No
04N113,32.511,-2.936,2004,4,No
04N114,32.572,-2.347,2004,4,No
04N115,32.587,-2.317,2004,3,No
04N116,32.512,-2.123,2004,4,No
04N117,32.356,-2.177,2004,1,No
04N118,32.698,-2.831,2004,4,No
04N119,33.344,-2.842,2004,1,No
04N11A,32.314,-2.295,2004,6,No
04N11E,33.124,-2.894,2004,3,No
04N11N,32.728,-2.611,2004,,No
04N11O,32.327,-2.335,2004,3,No
04N11P,32.944,-3.744,2004,3,No
04N11S,32.984,-2.846,2004,3,No
04N11V,32.833,-2.660,2004,3,No
04N120,33.027,-2.732,2004,3,No
04N121,32.830,-2.529,2004,3,No
04N122,33.321,-1.896,2004,4,No
04N123,33.364,-2.700,2004,2,No
04N124,33.329,-2.689,2004,4,No
04N125,33.145,-3.282,2004,3,No
04N126,32.675,-2.442,2004,4,No
04N127,33.367,-2.825,2004,,No
04N128,32.681,-2.777,2004,3,No
04N129,32.307,-2.267,2004,2,No
04N12A,32.337,-2.217,2004,3,No
04N12E,33.105,-2.996,2004,3,No
04N12N,33.455,-3.149,2004,3,No
04N12O,32.767,-2.605,2004,3,No
04N12P,32.954,-3.666,2004,3,No
04N12S,33.164,-3.990,2004,2,No
04N12V,32.333,-2.559,2004,3,No
04N130,32.297,-2.249,2004,3,No
04N131,32.328,-2.271,2004,3,No
04N132,32.317,-2.262,2004,3,No
04N133,32.453,-2.283,2004,4,No
04N134,32.468,-2.270,2004,2,No
04N135,32.541,-2.317,2004,4,No
04N136,32.466,-2.440,2004,,No
04N137,32.657,-1.608,2004,3,No
04N138,32.466,-2.401,2004,3,No
04N139,32.461,-2.402,2004,2,No
04N13A,32.358,-2.203,2004,3,No
04N13E,33.217,-3.902,2004,3,No
04N13N,33.286,-3.947,2004,2,No
04N13O,32.774,-2.604,2004,3,No
04N13P,33.209,-3.777,2004,3,No
04N13S,33.189,-3.893,2004,3,No
04N13V,32.826,-2.544,2004,3,No
04N140,32.465,-2.410,2004,2,No
04N141,32.456,-2.412,2004,3,No
04N142,32.499,-2.646,2004,3,No
04N143,32.475,-2.253,2004,3,No
04N144,32.460,-2.273,2004,4,No
04N145,32.392,-2.169,2004,2,No
04N146,32.454,-2.274,2004,3,No
04N147,32.477,-2.368,2004,4,No
04N148,32.484,-2.364,2004,4,No
04N149,32.484,-2.358,2004,3,No
04N14A,32.388,-2.228,2004,3,No
04N14E,33.215,-3.898,2004,3,No
04N14N,33.463,-3.121,2004,2,No
04N14O,32.766,-2.611,2004,2,No
04N14P,33.504,-3.173,2004,2,No
04N14S,32.445,-2.536,2004,3,No
04N14V,32.293,-2.264,2004,3,No
04N150,32.487,-2.359,2004,3,No
04N151,32.459,-2.783,2004,3,No
04N152,32.374,-2.231,2004,2,No
04N153,32.429,-2.253,2004,2,No
04N154,32.398,-2.270,2004,2,No
04N155,32.294,-2.260,2004,4,No
04N156,32.300,-2.261,2004,3,No
04N157,32.200,-2.359,2004,3,No
04N158,32.494,-2.113,2004,3,No
04N159,32.309,-2.300,2004,3,No
04N15A,32.304,-2.355,2004,2,No
04N15E,33.248,-3.926,2004,2,No
04N15N,33.296,-3.947,2004,,No
04N15O,33.110,-3.008,2004,3,No
04N15P,33.332,-2.761,2004,3,No
04N15S,32.549,-2.475,2004,4,No
04N15V,32.299,-2.260,2004,3,No
04N160,32.288,-2.275,2004,2,No
04N161,32.299,-2.266,2004,2,No
04N162,32.310,-2.278,2004,2,No
04N163,32.916,-3.642,2004,2,No
04N164,33.119,-3.704,2004,3,No
04N165,32.375,-2.230,2004,3,No
04N166,32.187,-2.405,2004,3,No
04N167,32.284,-2.277,2004,2,No
04N168,32.465,-2.391,2004,3,No
04N169,32.469,-2.401,2004,3,No
04N16A,32.324,-2.315,2004,2,No
04N16E,32.340,-2.238,2004,3,No
04N16N,33.146,-3.978,2004,2,No
04N16O,32.424,-2.675,2004,4,No
04N16P,33.130,-3.727,2004,3,No
04N16S,33.276,-3.947,2004,2,No
04N16V,32.268,-2.154,2004,3,No
04N170,32.481,-2.725,2004,4,No
04N171,32.444,-2.435,2004,4,No
04N172,32.439,-2.188,2004,3,No
04N173,32.281,-2.248,2004,2,No
04N174,32.470,-2.173,2004,4,No
04N175,32.341,-2.217,2004,3,No
04N176,33.162,-2.640,2004,3,No
04N177,33.176,-2.715,2004,3,No
04N178,33.172,-2.742,2004,1,No
04N179,33.289,-2.598,2004,3,No
04N17A,32.319,-2.310,2004,1,No
04N17E,32.319,-2.271,2004,3,No
04N17N,33.296,-3.900,2004,,No
04N17P,33.294,-3.941,2004,2,No
04N17S,33.287,-3.898,2004,2,No
04N17V,32.331,-2.248,2004,3,No
04N180,33.354,-2.651,2004,,No
04N181,33.361,-2.669,2004,,No
04N182,33.314,-2.745,2004,3,No
04N183,33.183,-2.738,2004,2,No
04N184,33.185,-3.251,2004,4,No
04N185,33.169,-3.255,2004,1,No
04N186,33.208,-2.272,2004,2,No
04N187,33.208,-3.819,2004,4,No
04N188,32.897,-3.620,2004,3,No
04N189,32.438,-2.231,2004,2,No
04N18A,32.302,-2.314,2004,1,No
04N18E,32.365,-2.169,2004,2,No
04N18N,33.296,-3.929,2004,,No
04N18P,33.125,-3.702,2004,2,No
04N18S,33.245,-3.858,2004,2,No
04N18V,32.326,-2.321,2004,3,No
04N190,32.560,-2.248,2004,1,No
04N191,32.457,-2.123,2004,2,No
04N192,32.491,-2.682,2004,2,No
04N193,32.499,-2.843,2004,1,No
04N194,32.328,-2.277,2004,3,No
04N19A,32.474,-2.146,2004,3,No
04N19E,32.412,-2.273,2004,3,No
04N19N,33.296,-3.929,2004,,No
04N19O,32.974,-3.907,2004,2,No
04N19P,33.102,-3.714,2004,3,No
04N19S,32.965,-3.733,2004,3,No
04N19V,32.549,-2.300,2004,2,No
04N20A,32.490,-2.126,2004,2,No
04N20E,32.427,-2.396,2004,3,No
04N20N,32.479,-2.579,2004,3,No
04N20P,32.335,-2.229,2004,2,No
04N20S,32.289,-2.271,2004,3,No
04N20V,33.164,-3.268,2004,4,No
04N21A,32.313,-2.335,2004,3,No
04N21E,32.437,-2.778,2004,3,No
04N21N,32.655,-2.546,2004,,No
04N21S,32.383,-2.158,2004,2,No
04N21V,33.312,-3.063,2004,,No
04N22A,32.331,-2.310,2004,4,No
04N22E,32.296,-2.280,2004,3,No
04N22N,33.457,-3.168,2004,3,No
04N22S,32.379,-2.226,2004,2,No
04N22V,33.023,-2.594,2004,4,No
04N23A,32.329,-2.316,2004,2,No
04N23E,33.204,-3.949,2004,2,No
04N23N,33.266,-3.900,2004,2,No
04N23S,32.378,-2.236,2004,4,No
04N23V,33.315,-2.670,2004,3,No
04N24A,32.326,-2.321,2004,3,No
04N24E,33.232,-3.922,2004,3,No
04N24S,32.449,-2.465,2004,2,No
04N24V,32.761,-2.524,2004,3,No
04N25A,32.306,-2.303,2004,3,No
04N25E,33.278,-3.976,2004,3,No
04N25S,32.497,-2.506,2004,4,No
04N25V,33.116,-2.706,2004,4,No
04N26A,32.548,-2.947,2004,2,No
04N26E,33.211,-3.974,2004,2,No
04N26S,32.424,-2.369,2004,1,No
04N26V,32.707,-2.779,2004,4,No
04N27A,32.316,-2.311,2004,2,No
04N27E,33.287,-3.958,2004,,No
04N27S,32.987,-3.766,2004,2,No
04N27V,32.783,-2.603,2004,3,No
04N28A,32.317,-2.322,2004,3,No
04N28E,33.188,-4.005,2004,3,No
04N28S,33.007,-3.757,2004,2,No
04N28V,33.314,-2.797,2004,3,No
04N29A,32.315,-2.345,2004,3,No
04N29E,33.296,-3.927,2004,,No
04N29S,32.972,-3.739,2004,1,No
04N29V,32.802,-2.488,2004,4,No
04N30A,32.783,-2.612,2004,3,No
04N30E,33.291,-3.932,2004,,No
04N30S,32.305,-2.252,2004,3,No
04N30V,32.786,-2.523,2004,3,No
04N31A,32.693,-2.570,2004,2,No
04N31E,33.218,-3.992,2004,2,No
04N31S,32.285,-2.278,2004,3,No
04N31V,32.903,-2.605,2004,4,No
04N32A,32.738,-2.623,2004,3,No
04N32E,33.230,-3.887,2004,1,No
04N32S,32.348,-2.208,2004,3,No
04N32V,32.726,-2.739,2004,3,No
04N33A,32.760,-2.410,2004,2,No
04N33E,33.227,-3.904,2004,2,No
04N33S,32.685,-2.465,2004,3,No
04N33V,32.716,-2.756,2004,3,No
04N34A,32.286,-2.199,2004,4,No
04N34E,33.205,-3.947,2004,2,No
04N34S,33.204,-2.232,2004,4,No
04N34V,32.684,-2.831,2004,3,No
04N35A,32.421,-2.269,2004,2,No
04N35E,33.250,-3.928,2004,2,No
04N35S,33.331,-2.749,2004,1,No
04N35V,32.844,-2.638,2004,3,No
04N36A,32.427,-2.237,2004,2,No
04N36E,33.196,-3.886,2004,1,No
04N36S,33.108,-2.993,2004,3,No
04N36V,32.786,-2.700,2004,3,No
04N37A,32.386,-2.231,2004,3,No
04N37E,33.281,-3.957,2004,,No
04N37S,33.025,-2.604,2004,3,No
04N37V,32.729,-2.756,2004,3,No
04N38A,32.393,-2.229,2004,3,No
04N38E,33.279,-3.939,2004,,No
04N38S,33.309,-2.688,2004,3,No
04N39A,32.413,-2.193,2004,3,No
04N39E,33.283,-3.941,2004,,No
04N39S,32.497,-2.523,2004,3,No
04N40A,32.383,-2.171,2004,3,No
04N40E,33.230,-3.939,2004,2,No
04N40S,32.289,-2.261,2004,3,No
04N41A,32.357,-2.199,2004,3,No
04N41E,33.289,-3.907,2004,,No
04N41S,32.291,-2.270,2004,3,No
04N42A,32.352,-2.209,2004,2,No
04N42E,33.298,-3.926,2004,2,No
04N42S,32.285,-2.252,2004,2,No
04N43A,32.289,-2.263,2004,3,No
04N43E,33.292,-3.936,2004,,No
04N43S,32.466,-2.684,2004,3,No
04N44A,32.289,-2.263,2004,2,No
04N44E,33.292,-3.936,2004,,No
04N44S,32.744,-2.762,2004,2,No
04N45A,32.287,-2.267,2004,2,No
04N45E,33.288,-3.927,2004,,No
04N45S,32.807,-2.681,2004,3,No
04N46A,32.315,-2.329,2004,,No
04N46E,33.192,-3.967,2004,2,No
04N46S,32.687,-2.669,2004,2,No
04N47A,32.328,-2.328,2004,4,No
04N47E,33.296,-3.911,2004,,No
04N47S,32.711,-2.753,2004,3,No
04N48A,32.329,-2.331,2004,3,No
04N48E,33.297,-3.910,2004,,No
04N48S,33.321,-2.749,2004,3,No
04N49A,32.334,-2.259,2004,3,No
04N49E,33.295,-3.927,2004,,No
04N49S,33.238,-3.933,2004,2,No
04N50A,32.328,-2.259,2004,3,No
04N50E,33.294,-3.925,2004,,No
04N51A,32.370,-2.178,2004,3,No
04N51E,33.290,-3.933,2004,,No
04N52A,32.467,-2.125,2004,3,No
04N52E,33.259,-3.928,2004,2,No
04N53A,32.419,-2.255,2004,2,No
04N53E,33.292,-3.937,2004,3,No
04N54A,32.453,-2.137,2004,3,No
04N54E,33.286,-3.947,2004,,No
04N55A,32.482,-2.123,2004,4,No
04N56A,32.396,-2.092,2004,2,No
04N57A,32.237,-2.291,2004,3,No
04N57E,33.295,-3.929,2004,,No
04N58A,32.492,-2.561,2004,3,No
04N58E,33.294,-3.941,2004,,No
04N59A,32.449,-2.438,2004,4,No
04N59E,33.293,-3.949,2004,,No
04N60A,32.458,-2.463,2004,3,No
04N60E,33.284,-3.969,2004,,No
04N61A,32.314,-2.324,2004,2,No
04N61E,33.283,-3.975,2004,,No
04N62A,32.315,-2.327,2004,3,No
04N62E,33.289,-3.918,2004,,No
04N63A,32.388,-2.156,2004,2,No
04N63E,33.278,-3.929,2004,2,No
04N64A,32.366,-2.203,2004,3,No
04N64E,33.166,-2.634,2004,3,No
04N65A,32.309,-2.344,2004,2,No
04N65E,33.205,-2.884,2004,2,No
04N66A,32.205,-2.411,2004,,No
04N67A,32.182,-2.394,2004,2,No
04N68A,32.188,-2.392,2004,2,No
04N69A,32.210,-2.385,2004,2,No
04N70A,32.356,-2.196,2004,3,No
04N71A,32.466,-2.199,2004,3,No
04N72A,32.426,-2.169,2004,2,No
04N73A,32.406,-2.264,2004,4,No
04N74A,32.446,-2.280,2004,3,No
04N75A,32.355,-2.183,2004,2,No
04N76A,32.577,-2.249,2004,4,No
04N77A,32.443,-2.445,2004,3,No
04N78A,32.312,-2.346,2004,4,No
04N79A,32.392,-2.284,2004,2,No
04N80A,32.457,-2.283,2004,3,No
04N81A,32.294,-2.275,2004,3,No
04N82A,32.391,-2.258,2004,2,No
04N83A,32.434,-2.237,2004,2,No
04N84A,32.471,-2.371,2004,3,No
04N85A,32.481,-2.374,2004,4,No
04N86A,32.473,-2.384,2004,4,No
04N87A,32.459,-2.405,2004,3,No
04N88A,32.447,-2.379,2004,3,No
04N89A,32.391,-2.304,2004,3,No
04N90A,32.405,-2.284,2004,2,No
04N91A,32.514,-2.136,2004,2,No
04N92A,32.511,-2.148,2004,3,No
04N93A,32.448,-2.192,2004,3,No
04N94A,32.455,-2.125,2004,3,No
04N95A,32.301,-2.255,2004,3,No
04N96A,32.351,-2.191,2004,3,No
04N97A,32.339,-2.251,2004,3,No
04N98A,32.266,-2.181,2004,3,No
04N99A,32.338,-2.245,2004,3,No
05N01A,32.501,-2.726,2005,1,No
05N01E,32.908,-2.934,2005,2,No
05N01F,33.043,-3.892,2005,2,No
05N01H,32.459,-2.958,2005,2,No
05N01M,32.273,-2.249,2005,1,No
05N01N,33.293,-3.932,2005,2,No
05N01O,33.290,-3.921,2005,2,No
05N01P,33.306,-2.761,2005,2,No
05N01Q,33.326,-2.745,2005,2,No
05N01S,33.248,-3.949,2005,2,No
05N01T,32.308,-1.589,2005,2,No
05N01V,33.203,-3.978,2005,2,No
05N01Y,33.169,-3.980,2005,2,No
05N01Z,33.330,-2.751,2005,2,No
05N02A,32.439,-2.103,2005,2,No
05N02E,33.059,-2.804,2005,2,No
05N02F,33.199,-4.056,2005,2,No
05N02H,32.553,-2.993,2005,2,No
05N02M,32.290,-2.215,2005,2,No
05N02O,33.279,-3.964,2005,2,No
05N02P,32.863,-3.930,2005,1,No
05N02Q,33.089,-2.523,2005,3,No
05N02S,32.411,-2.264,2005,2,No
05N02T,32.074,-3.162,2005,2,No
05N02V,33.293,-3.952,2005,2,No
05N02Z,32.988,-2.611,2005,2,No
05N03A,32.467,-2.936,2005,2,No
05N03E,33.186,-3.165,2005,2,No
05N03F,33.113,-4.015,2005,3,No
05N03H,32.567,-2.971,2005,2,No
05N03M,32.452,-2.896,2005,2,No
05N03O,33.251,-3.923,2005,2,No
05N03P,33.347,-2.526,2005,1,No
05N03Q,33.048,-2.641,2005,3,No
05N03S,29.760,-7.349,2005,2,No
05N03T,32.702,-2.839,2005,2,No
05N03V,33.277,-3.985,2005,2,No
05N03Z,32.266,-2.194,2005,1,No
05N04A,33.030,-2.530,2005,1,No
05N04E,33.257,-3.908,2005,2,No
05N04F,32.839,-4.024,2005,2,No
05N04H,32.549,-2.540,2005,,No
05N04M,32.653,-2.690,2005,2,No
05N04Q,33.127,-2.979,2005,2,No
05N04S,29.732,-7.260,2005,2,No
05N04T,32.703,-2.821,2005,2,No
05N04V,33.286,-3.854,2005,2,No
05N04Z,32.374,-2.249,2005,1,No
05N05E,33.557,-3.244,2005,1,No
05N05F,33.101,-3.763,2005,2,No
05N05M,32.827,-2.675,2005,2,No
05N05Q,33.047,-2.836,2005,2,No
05N05S,33.295,-3.927,2005,2,No
05N05T,33.303,-2.692,2005,2,No
05N05Z,32.681,-2.434,2005,2,No
05N06E,33.144,-2.973,2005,2,No
05N06F,33.007,-3.938,2005,2,No
05N06M,32.301,-2.427,2005,2,No
05N06P,33.205,-3.220,2005,1,No
05N06Q,33.183,-3.084,2005,2,No
05N06S,33.248,-3.851,2005,,No
05N06T,32.674,-2.490,2005,2,No
05N06Z,32.531,-2.514,2005,2,No
05N07E,33.748,-3.164,2005,2,No
05N07F,33.254,-3.921,2005,2,No
05N07M,32.534,-2.528,2005,2,No
05N07Q,33.104,-3.168,2005,2,No
05N07S,33.253,-3.891,2005,2,No
05N07T,32.672,-2.441,2005,2,No
05N07Z,32.776,-2.690,2005,1,No
05N08F,33.213,-4.186,2005,2,No
05N08M,32.544,-2.948,2005,1,No
05N08Q,33.257,-2.941,2005,2,No
05N08T,33.109,-2.963,2005,2,No
05N08Z,33.290,-3.128,2005,2,No
05N09F,33.184,-4.002,2005,2,No
05N09M,32.446,-2.797,2005,2,No
05N09Q,33.204,-3.248,2005,3,No
05N09T,33.539,-3.169,2005,2,No
05N09Z,33.252,-3.260,2005,2,No
05N10F,32.860,-3.927,2005,2,No
05N10M,32.851,-2.505,2005,1,No
05N10Q,33.552,-2.252,2005,2,No
05N10T,33.255,-3.294,2005,2,No
05N10Z,33.175,-3.244,2005,2,No
05N11T,32.549,-2.991,2005,2,No
05N12T,32.443,-2.945,2005,,No
05N13T,32.456,-2.922,2005,3,No
05N14T,32.489,-1.533,2005,2,No
05N15T,32.358,-1.622,2005,2,No
05N16T,32.217,-1.780,2005,2,No
05N17T,32.433,-2.831,2005,2,No
05N18T,32.707,-2.808,2005,2,No
05N19T,32.653,-2.535,2005,2,No
05N20T,32.671,-2.613,2005,,No
05N21T,32.686,-2.831,2005,2,No
05N22T,32.808,-2.270,2005,1,No
05N23T,32.987,-2.126,2005,2,No
05N24T,32.391,-2.659,2005,1,No
05N25T,33.192,-3.632,2005,2,No
05N26T,33.329,-2.752,2005,2,No
06N01A,33.326,-3.027,2006,3,No
06N01C,32.344,-2.268,2006,3,No
06N01D,32.288,-2.206,2006,3,No
06N01E,33.060,-2.634,2006,3,No
06N01H,33.317,-2.755,2006,3,No
06N01I,33.285,-2.968,2006,2,No
06N01J,32.506,-2.359,2006,3,No
06N01K,32.679,-2.324,2006,3,No
06N01L,33.257,-3.951,2006,3,No
06N01M,32.440,-1.624,2006,3,No
06N01N,33.453,-3.150,2006,3,No
06N01P,32.535,-2.517,2006,3,No
06N01Q,32.763,-2.605,2006,2,No
06N01S,33.670,-2.705,2006,3,No
06N01T,32.830,-2.454,2006,1,No
06N01V,33.569,-3.242,2006,3,No
06N01Y,33.191,-4.007,2006,3,No
06N01Z,33.169,-3.825,2006,2,No
06N02A,33.235,-3.325,2006,3,No
06N02C,32.335,-2.282,2006,2,No
06N02D,32.444,-2.501,2006,3,No
06N02E,33.018,-2.601,2006,3,No
06N02H,33.502,-3.187,2006,2,No
06N02I,32.901,-2.625,2006,2,No
06N02J,32.401,-2.209,2006,2,No
06N02K,32.899,-2.546,2006,3,No
06N02L,33.236,-4.012,2006,2,No
06N02M,32.285,-1.696,2006,3,No
06N02N,33.454,-2.190,2006,3,No
06N02P,33.598,-2.684,2006,2,No
06N02Q,32.430,-1.640,2006,2,No
06N02S,32.289,-1.686,2006,3,No
06N02T,32.343,-1.730,2006,3,No
06N02V,33.215,-3.938,2006,3,No
06N02Z,32.458,-1.555,2006,1,No
06N03A,33.213,-2.539,2006,3,No
06N03C,32.320,-2.313,2006,3,No
06N03D,32.855,-3.935,2006,2,No
06N03E,32.677,-2.828,2006,3,No
06N03H,32.348,-2.232,2006,3,No
06N03J,32.305,-2.342,2006,2,No
06N03K,32.902,-2.542,2006,3,No
06N03M,32.269,-1.667,2006,3,No
06N03N,33.134,-3.943,2006,3,No
06N03P,32.832,-2.233,2006,3,No
06N03Q,32.267,-1.688,2006,3,No
06N03S,32.384,-2.158,2006,2,No
06N03T,32.356,-1.654,2006,3,No
06N03V,32.432,-2.448,2006,,No
06N03Z,32.453,-1.544,2006,3,No
06N04A,33.087,-2.018,2006,3,No
06N04C,32.304,-2.348,2006,3,No
06N04D,33.295,-3.954,2006,2,No
06N04E,33.278,-3.981,2006,2,No
06N04H,32.352,-2.237,2006,3,No
06N04I,32.963,-2.494,2006,2,No
06N04J,32.401,-2.097,2006,2,No
06N04K,32.943,-2.605,2006,3,No
06N04M,32.272,-2.255,2006,3,No
06N04N,32.509,-2.507,2006,3,No
06N04Q,32.344,-2.237,2006,3,No
06N04S,32.369,-2.130,2006,3,No
06N04T,32.285,-1.550,2006,3,No
06N04V,32.428,-2.465,2006,3,No
06N04Z,32.520,-1.431,2006,3,No
06N05A,32.655,-2.536,2006,3,No
06N05C,32.300,-2.342,2006,3,No
06N05E,33.280,-3.987,2006,2,No
06N05H,32.346,-2.224,2006,3,No
06N05I,33.139,-2.898,2006,2,No
06N05J,32.898,-3.973,2006,2,No
06N05K,33.090,-4.548,2006,3,No
06N05M,32.338,-2.328,2006,3,No
06N05N,32.486,-2.512,2006,4,No
06N05Q,32.309,-2.323,2006,2,No
06N05S,32.325,-2.363,2006,3,No
06N05T,32.212,-2.480,2006,3,No
06N05V,32.467,-2.909,2006,3,No
06N05Z,32.527,-1.424,2006,2,No
06N06A,32.653,-2.558,2006,,No
06N06C,32.299,-2.336,2006,2,No
06N06D,32.461,-2.811,2006,3,No
06N06E,33.283,-3.967,2006,2,No
06N06H,32.379,-2.157,2006,3,No
06N06I,33.580,-3.265,2006,2,No
06N06J,33.034,-3.763,2006,1,No
06N06M,32.340,-2.320,2006,3,No
06N06N,32.486,-2.519,2006,3,No
06N06Q,32.294,-2.317,2006,3,No
06N06S,32.579,-2.321,2006,2,No
06N06T,32.326,-2.359,2006,3,No
06N06V,32.537,-2.496,2006,3,No
06N06Z,32.516,-1.518,2006,3,No
06N07A,32.801,-2.723,2006,2,No
06N07C,32.306,-2.336,2006,3,No
06N07E,33.234,-4.046,2006,2,No
06N07H,32.203,-2.417,2006,3,No
06N07J,32.859,-4.002,2006,1,No
06N07M,32.335,-2.328,2006,3,No
06N07P,33.043,-4.292,2006,2,No
06N07Q,32.236,-2.286,2006,3,No
06N07S,32.454,-2.596,2006,3,No
06N07T,32.317,-2.352,2006,3,No
06N07V,32.266,-2.146,2006,3,No
06N07Z,32.508,-1.536,2006,3,No
06N08A,32.811,-2.683,2006,3,No
06N08C,32.335,-2.275,2006,3,No
06N08E,33.201,-3.916,2006,2,No
06N08H,32.498,-1.719,2006,3,No
06N08M,32.314,-2.350,2006,3,No
06N08Q,32.241,-2.279,2006,2,No
06N08S,32.450,-2.392,2006,3,No
06N08T,32.209,-1.736,2006,3,No
06N08V,32.306,-2.292,2006,3,No
06N08Z,32.602,-1.869,2006,1,No
06N09A,33.600,-3.133,2006,3,No
06N09C,32.314,-2.330,2006,4,No
06N09E,33.206,-4.068,2006,3,No
06N09H,32.326,-1.588,2006,3,No
06N09M,32.263,-2.280,2006,2,No
06N09N,33.133,-2.879,2006,3,No
06N09Q,32.380,-2.189,2006,3,No
06N09S,32.422,-2.372,2006,3,No
06N09T,32.212,-1.786,2006,3,No
06N09V,32.540,-2.403,2006,2,No
06N09Z,32.300,-2.296,2006,,No
06N100T,32.863,-3.926,2006,3,No
06N10A,33.071,-2.731,2006,,No
06N10C,32.334,-2.352,2006,3,No
06N10E,33.231,-3.771,2006,2,No
06N10H,32.307,-1.585,2006,3,No
06N10M,32.247,-2.293,2006,3,No
06N10N,32.300,-2.355,2006,2,No
06N10Q,32.385,-2.143,2006,3,No
06N10S,32.416,-2.375,2006,3,No
06N10T,32.237,-1.797,2006,3,No
06N10V,32.774,-2.675,2006,3,No
06N10Z,32.267,-2.187,2006,2,No
06N11A,32.759,-2.656,2006,2,No
06N11E,33.096,-3.810,2006,3,No
06N11H,32.279,-1.571,2006,3,No
06N11M,32.303,-2.322,2006,2,No
06N11N,33.165,-3.997,2006,2,No
06N11Q,32.346,-1.732,2006,3,No
06N11S,32.440,-2.343,2006,3,No
06N11T,32.322,-1.736,2006,1,No
06N11V,33.110,-3.011,2006,2,No
06N11Z,32.452,-2.113,2006,3,No
06N12A,32.684,-2.831,2006,2,No
06N12C,32.503,-2.369,2006,3,No
06N12E,32.913,-2.961,2006,3,No
06N12H,32.280,-1.643,2006,4,No
06N12M,32.310,-2.319,2006,2,No
06N12N,33.197,-3.806,2006,2,No
06N12Q,32.277,-1.653,2006,3,No
06N12S,32.465,-2.330,2006,3,No
06N12T,32.340,-1.638,2006,3,No
06N12V,33.672,-3.074,2006,3,No
06N12Z,32.550,-2.326,2006,2,No
06N13A,32.774,-2.600,2006,3,No
06N13C,32.498,-2.362,2006,2,No
06N13E,32.756,-2.552,2006,2,No
06N13H,32.270,-1.661,2006,3,No
06N13M,33.121,-2.470,2006,3,No
06N13Q,32.268,-1.615,2006,3,No
06N13S,32.475,-2.338,2006,3,No
06N13T,32.565,-2.336,2006,2,No
06N13Z,32.584,-2.331,2006,3,No
06N14A,32.691,-2.397,2006,3,No
06N14C,32.506,-2.365,2006,3,No
06N14E,33.140,-2.879,2006,3,No
06N14H,32.209,-1.756,2006,2,No
06N14M,33.294,-3.031,2006,,No
06N14Q,32.213,-1.751,2006,2,No
06N14S,32.471,-2.343,2006,3,No
06N14T,32.563,-2.341,2006,2,No
06N14Z,32.505,-2.387,2006,3,No
06N15A,33.274,-2.936,2006,3,No
06N15C,32.411,-2.318,2006,3,No
06N15E,33.609,-2.633,2006,3,No
06N15H,32.204,-1.762,2006,2,No
06N15M,33.219,-3.107,2006,2,No
06N15Q,32.422,-1.658,2006,3,No
06N15S,32.476,-2.348,2006,3,No
06N15T,32.486,-1.482,2006,3,No
06N15Z,32.487,-2.338,2006,3,No
06N16A,33.753,-3.051,2006,2,No
06N16C,32.386,-2.287,2006,3,No
06N16E,33.702,-2.656,2006,3,No
06N16H,32.515,-1.500,2006,1,No
06N16M,32.324,-2.303,2006,2,No
06N16Q,32.489,-1.533,2006,3,No
06N16S,32.479,-2.355,2006,2,No
06N16T,32.302,-1.572,2006,2,No
06N16Z,32.428,-2.115,2006,3,No
06N17A,33.435,-2.571,2006,3,No
06N17C,32.304,-2.342,2006,3,No
06N17E,33.158,-4.053,2006,2,No
06N17H,32.479,-1.477,2006,3,No
06N17M,32.312,-2.290,2006,1,No
06N17Q,32.341,-2.247,2006,2,No
06N17S,32.482,-2.358,2006,1,No
06N17T,32.293,-1.557,2006,3,No
06N17Z,32.397,-2.099,2006,2,No
06N18A,33.140,-2.458,2006,3,No
06N18C,32.323,-2.366,2006,3,No
06N18E,33.245,-3.903,2006,2,No
06N18H,32.333,-2.329,2006,3,No
06N18M,32.298,-2.408,2006,3,No
06N18Q,32.325,-2.299,2006,3,No
06N18S,32.477,-2.361,2006,3,No
06N18T,32.289,-1.552,2006,3,No
06N18Z,32.453,-2.100,2006,3,No
06N19A,33.118,-2.472,2006,3,No
06N19E,33.248,-3.208,2006,2,No
06N19H,32.326,-2.333,2006,3,No
06N19M,32.302,-2.416,2006,3,No
06N19Q,32.298,-2.262,2006,2,No
06N19S,32.948,-2.512,2006,3,No
06N19T,32.318,-1.582,2006,3,No
06N19Z,32.462,-2.386,2006,2,No
06N20A,33.054,-2.623,2006,3,No
06N20C,32.390,-2.628,2006,1,No
06N20E,33.300,-2.987,2006,2,No
06N20H,32.304,-2.331,2006,3,No
06N20M,32.317,-2.361,2006,3,No
06N20Q,32.431,-2.441,2006,3,No
06N20S,32.781,-2.705,2006,3,No
06N20T,32.313,-1.562,2006,3,No
06N20Z,32.430,-2.501,2006,,No
06N21A,33.113,-2.106,2006,3,No
06N21E,33.355,-2.931,2006,3,No
06N21H,32.301,-2.355,2006,3,No
06N21M,32.323,-2.347,2006,3,No
06N21Q,32.399,-2.319,2006,3,No
06N21S,32.674,-2.802,2006,3,No
06N21T,32.313,-1.566,2006,3,No
06N21Z,32.447,-2.342,2006,3,No
06N22A,33.052,-2.951,2006,3,No
06N22E,33.329,-2.688,2006,3,No
06N22H,32.325,-2.271,2006,3,No
06N22M,32.318,-2.328,2006,3,No
06N22Q,32.331,-2.256,2006,2,No
06N22S,33.267,-3.959,2006,2,No
06N22T,32.302,-1.561,2006,3,No
06N22Z,32.420,-2.278,2006,2,No
06N23A,33.312,-2.696,2006,3,No
06N23E,33.507,-2.789,2006,2,No
06N23H,32.337,-2.303,2006,2,No
06N23M,32.311,-2.325,2006,3,No
06N23Q,32.339,-2.278,2006,3,No
06N23S,32.432,-2.401,2006,3,No
06N23T,32.294,-1.569,2006,3,No
06N23Z,32.736,-1.682,2006,,No
06N24A,33.743,-3.139,2006,3,No
06N24E,33.220,-4.030,2006,1,No
06N24H,32.382,-2.108,2006,3,No
06N24M,32.312,-2.334,2006,2,No
06N24Q,32.320,-2.277,2006,3,No
06N24S,33.135,-3.967,2006,3,No
06N24T,32.281,-1.576,2006,3,No
06N24Z,32.297,-1.587,2006,2,No
06N25E,33.250,-3.888,2006,2,No
06N25H,32.202,-2.391,2006,3,No
06N25M,32.303,-2.286,2006,3,No
06N25Q,32.319,-2.273,2006,2,No
06N25S,33.288,-3.879,2006,3,No
06N25T,32.289,-1.557,2006,3,No
06N25Z,32.291,-1.578,2006,,No
06N26A,33.601,-2.676,2006,3,No
06N26E,33.342,-2.821,2006,3,No
06N26H,32.428,-2.331,2006,3,No
06N26M,32.312,-2.291,2006,3,No
06N26Q,32.232,-2.411,2006,1,No
06N26S,32.738,-2.726,2006,3,No
06N26T,32.286,-1.559,2006,3,No
06N26Z,32.267,-1.601,2006,3,No
06N27A,33.125,-2.467,2006,3,No
06N27E,33.448,-2.199,2006,3,No
06N27H,33.050,-2.200,2006,2,No
06N27M,32.293,-2.274,2006,,No
06N27Q,32.280,-2.425,2006,3,No
06N27S,33.265,-2.154,2006,3,No
06N27T,32.277,-1.534,2006,3,No
06N27Z,32.441,-1.642,2006,3,No
06N28A,33.281,-3.047,2006,2,No
06N28E,32.933,-2.216,2006,3,No
06N28H,33.347,-2.713,2006,2,No
06N28M,32.319,-2.267,2006,2,No
06N28Q,32.287,-2.419,2006,2,No
06N28S,32.929,-2.578,2006,3,No
06N28T,32.293,-1.544,2006,3,No
06N28Z,32.516,-1.542,2006,3,No
06N29A,33.642,-3.208,2006,3,No
06N29E,33.260,-3.935,2006,2,No
06N29H,32.636,-2.519,2006,3,No
06N29M,32.317,-2.280,2006,3,No
06N29Q,33.293,-3.938,2006,2,No
06N29T,32.349,-1.674,2006,2,No
06N29Z,32.453,-1.485,2006,3,No
06N30A,33.571,-3.189,2006,3,No
06N30E,33.275,-3.933,2006,2,No
06N30H,32.651,-2.549,2006,3,No
06N30M,32.419,-2.096,2006,3,No
06N30Q,33.290,-3.949,2006,2,No
06N30T,32.353,-1.631,2006,3,No
06N30Z,32.677,-2.077,2006,3,No
06N31A,33.270,-2.767,2006,1,No
06N31E,33.182,-3.924,2006,2,No
06N31H,32.652,-2.537,2006,3,No
06N31M,32.429,-2.121,2006,2,No
06N31T,32.361,-1.620,2006,3,No
06N31Z,32.665,-2.186,2006,4,No
06N32A,33.280,-2.926,2006,2,No
06N32E,32.419,-2.596,2006,2,No
06N32H,32.681,-2.832,2006,3,No
06N32M,32.426,-2.120,2006,2,No
06N32Q,33.622,-2.890,2006,3,No
06N32T,32.326,-1.590,2006,3,No
06N32Z,32.653,-2.554,2006,,No
06N33A,33.214,-4.048,2006,3,No
06N33H,32.643,-2.519,2006,3,No
06N33M,32.406,-2.154,2006,2,No
06N33Q,33.430,-1.856,2006,3,No
06N33T,32.269,-1.588,2006,3,No
06N33Z,32.404,-2.705,2006,2,No
06N34H,33.337,-2.679,2006,2,No
06N34M,32.377,-2.169,2006,2,No
06N34Q,33.322,-2.547,2006,3,No
06N34T,32.262,-1.594,2006,3,No
06N34Z,32.197,-2.342,2006,1,No
06N35A,33.171,-2.090,2006,2,No
06N35M,32.368,-2.159,2006,3,No
06N35Q,33.090,-4.519,2006,2,No
06N35T,32.497,-1.543,2006,3,No
06N35Z,32.315,-2.316,2006,2,No
06N36A,33.597,-3.178,2006,2,No
06N36M,32.372,-2.139,2006,3,No
06N36Q,32.334,-2.311,2006,3,No
06N36T,32.512,-1.509,2006,3,No
06N36Z,32.339,-2.253,2006,2,No
06N37A,33.234,-3.904,2006,2,No
06N37M,32.339,-2.340,2006,3,No
06N37Q,32.304,-2.334,2006,2,No
06N37T,32.425,-1.636,2006,3,No
06N37Z,32.351,-2.211,2006,2,No
06N38A,32.861,-3.985,2006,2,No
06N38M,32.333,-2.342,2006,3,No
06N38Q,32.417,-2.426,2006,3,No
06N38T,32.512,-2.112,2006,3,No
06N38Z,32.411,-1.617,2006,3,No
06N39A,33.178,-2.640,2006,3,No
06N39M,32.329,-2.315,2006,3,No
06N39Q,32.562,-2.354,2006,2,No
06N39T,32.382,-2.262,2006,2,No
06N39Z,32.452,-1.637,2006,3,No
06N40A,33.020,-2.770,2006,2,No
06N40M,32.304,-2.254,2006,3,No
06N40Q,32.495,-2.134,2006,3,No
06N40T,32.408,-2.255,2006,3,No
06N40Z,32.506,-1.551,2006,3,No
06N41M,32.439,-2.285,2006,3,No
06N41Q,32.532,-1.435,2006,3,No
06N41T,32.444,-2.278,2006,3,No
06N41Z,32.483,-1.508,2006,3,No
06N42M,32.446,-2.317,2006,3,No
06N42Q,32.307,-2.360,2006,3,No
06N42T,32.447,-2.312,2006,3,No
06N42Z,32.645,-2.427,2006,3,No
06N43M,33.164,-2.877,2006,3,No
06N43Q,32.483,-2.712,2006,4,No
06N43T,32.467,-2.384,2006,3,No
06N43Z,32.693,-2.446,2006,3,No
06N44M,32.914,-2.940,2006,3,No
06N44Q,32.533,-2.322,2006,2,No
06N44T,32.435,-2.328,2006,3,No
06N44Z,32.638,-2.439,2006,3,No
06N45M,33.232,-3.093,2006,2,No
06N45Q,33.093,-4.551,2006,2,No
06N45T,32.337,-2.251,2006,3,No
06N45Z,32.667,-2.511,2006,3,No
06N46M,33.388,-2.951,2006,3,No
06N46Q,32.557,-2.356,2006,3,No
06N46T,32.325,-2.268,2006,4,No
06N46Z,32.859,-2.079,2006,2,No
06N47M,33.303,-2.692,2006,3,No
06N47Q,32.461,-1.624,2006,2,No
06N47T,32.357,-2.201,2006,2,No
06N47Z,32.509,-2.572,2006,,No
06N48M,32.263,-2.160,2006,2,No
06N48Q,32.462,-1.628,2006,2,No
06N48T,32.371,-2.112,2006,3,No
06N48Z,32.556,-2.648,2006,3,No
06N49M,32.424,-2.269,2006,2,No
06N49Q,32.584,-2.314,2006,2,No
06N49T,32.315,-2.347,2006,3,No
06N49Z,32.543,-2.544,2006,3,No
06N50M,32.387,-2.276,2006,3,No
06N50Q,32.533,-1.428,2006,3,No
06N50T,32.312,-2.308,2006,3,No
06N50Z,32.662,-2.531,2006,3,No
06N51M,32.390,-2.666,2006,2,No
06N51Q,33.186,-4.008,2006,3,No
06N51T,32.339,-2.314,2006,2,No
06N51Z,32.532,-1.421,2006,2,No
06N52M,32.394,-2.664,2006,3,No
06N52Q,33.470,-2.626,2006,2,No
06N52T,32.226,-2.307,2006,3,No
06N52Z,32.523,-1.399,2006,3,No
06N53M,32.432,-2.361,2006,2,No
06N53Q,33.272,-3.115,2006,2,No
06N53T,32.176,-2.573,2006,3,No
06N53Z,32.494,-1.515,2006,2,No
06N54M,32.565,-2.368,2006,3,No
06N54Q,33.165,-3.120,2006,1,No
06N54T,32.154,-2.609,2006,2,No
06N54Z,32.670,-2.439,2006,3,No
06N55M,33.252,-2.842,2006,3,No
06N55Q,32.466,-2.937,2006,2,No
06N55T,32.453,-1.579,2006,3,No
06N55Z,32.753,-2.585,2006,3,No
06N56M,33.339,-2.816,2006,3,No
06N56Q,32.654,-2.586,2006,3,No
06N56T,32.429,-1.625,2006,3,No
06N56Z,32.781,-2.709,2006,3,No
06N57M,33.509,-3.187,2006,1,No
06N57Q,32.648,-2.561,2006,3,No
06N57T,32.448,-1.616,2006,3,No
06N57Z,32.856,-2.640,2006,3,No
06N58M,33.482,-3.076,2006,3,No
06N58Q,33.477,-3.330,2006,2,No
06N58T,32.439,-1.639,2006,3,No
06N58Z,32.819,-2.443,2006,3,No
06N59M,32.339,-2.314,2006,4,No
06N59Q,33.036,-2.735,2006,2,No
06N59T,32.422,-1.640,2006,,No
06N59Z,32.972,-2.208,2006,3,No
06N60M,32.295,-2.322,2006,2,No
06N60Q,33.133,-2.227,2006,2,No
06N60T,32.606,-1.475,2006,4,No
06N60Z,33.031,-2.214,2006,,No
06N61M,32.533,-1.443,2006,3,No
06N61Q,33.340,-2.866,2006,2,No
06N61T,32.531,-1.497,2006,3,No
06N61Z,33.190,-2.097,2006,3,No
06N62M,32.455,-1.634,2006,3,No
06N62Q,33.094,-2.979,2006,3,No
06N62Z,33.339,-2.670,2006,3,No
06N63M,32.354,-1.606,2006,3,No
06N63Q,33.002,-2.842,2006,2,No
06N63T,32.189,-2.423,2006,,No
06N63Z,33.489,-2.804,2006,2,No
06N64M,32.354,-1.622,2006,3,No
06N64T,32.197,-2.394,2006,3,No
06N64Z,33.158,-2.213,2006,2,No
06N65M,32.417,-2.703,2006,3,No
06N65T,32.428,-2.410,2006,3,No
06N65Z,33.142,-2.239,2006,3,No
06N66M,32.458,-2.817,2006,3,No
06N66T,32.673,-2.095,2006,4,No
06N66Z,33.579,-3.157,2006,3,No
06N67M,32.251,-2.743,2006,3,No
06N67T,32.703,-2.383,2006,3,No
06N67Z,32.505,-2.550,2006,2,No
06N68M,32.519,-2.918,2006,2,No
06N68T,32.685,-2.392,2006,1,No
06N68Z,32.547,-2.585,2006,3,No
06N69M,33.279,-1.998,2006,3,No
06N69T,32.684,-2.399,2006,,No
06N69Z,32.486,-2.884,2006,3,No
06N70M,33.187,-2.143,2006,3,No
06N70T,32.669,-2.416,2006,3,No
06N70Z,33.008,-2.113,2006,3,No
06N71M,33.302,-2.870,2006,3,No
06N71T,32.764,-2.426,2006,3,No
06N71Z,32.698,-2.449,2006,3,No
06N72M,33.160,-2.004,2006,2,No
06N72T,32.864,-2.670,2006,3,No
06N72Z,32.545,-2.508,2006,1,No
06N73T,32.860,-2.661,2006,3,No
06N73Z,33.167,-2.099,2006,,No
06N74T,32.738,-2.593,2006,2,No
06N74Z,33.157,-2.256,2006,3,No
06N75T,32.744,-2.597,2006,2,No
06N75Z,33.146,-2.251,2006,2,No
06N76T,32.290,-1.584,2006,,No
06N76Z,33.008,-2.166,2006,3,No
06N77T,32.287,-1.588,2006,3,No
06N77Z,32.594,-1.476,2006,3,No
06N78T,32.278,-1.523,2006,3,No
06N79T,32.362,-1.606,2006,3,No
06N80T,32.384,-1.617,2006,,No
06N81T,32.366,-2.198,2006,3,No
06N82T,32.323,-2.346,2006,3,No
06N83T,32.282,-1.694,2006,3,No
06N84T,32.614,-1.506,2006,3,No
06N85T,32.787,-2.680,2006,3,No
06N86T,33.158,-2.016,2006,2,No
06N87T,32.540,-2.515,2006,1,No
06N88T,32.463,-1.627,2006,2,No
06N89T,32.415,-2.486,2006,2,No
06N90T,32.907,-2.890,2006,3,No
06N91T,32.745,-2.530,2006,3,No
06N92T,32.361,-2.112,2006,1,No
06N93T,32.727,-1.802,2006,2,No
06N94T,32.735,-1.809,2006,3,No
06N95T,33.206,-4.069,2006,2,No
06N99T,29.110,-9.238,2006,3,No
07N001,33.215,-3.253,2007,3,No
07N002,33.188,-3.224,2007,3,No
07N003,33.208,-3.368,2007,3,No
07N004,33.256,-2.789,2007,2,No
07N005,33.317,-3.166,2007,3,No
07N006,33.102,-3.102,2007,3,No
07N007,33.068,-2.952,2007,3,No
07N008,33.507,-3.191,2007,3,No
07N009,33.286,-3.304,2007,3,No
07N010,33.262,-3.257,2007,3,No
07N011,33.242,-3.267,2007,2,No
07N012,33.602,-3.149,2007,3,No
07N013,33.661,-3.063,2007,3,No
07N014,32.968,-3.642,2007,2,No
07N015,32.884,-3.935,2007,3,No
07N016,32.914,-3.655,2007,3,No
07N017,32.963,-3.661,2007,2,No
07N018,33.174,-3.747,2007,3,No
07N01A,33.004,-4.087,2007,2,No
07N01D,32.834,-3.970,2007,3,No
07N01E,33.221,-4.031,2007,1,No
07N01G,33.067,-4.548,2007,3,No
07N01H,32.702,-2.830,2007,3,No
07N01I,33.197,-3.077,2007,3,No
07N01L,33.244,-3.968,2007,3,No
07N01M,33.331,-2.747,2007,3,No
07N01N,32.528,-2.512,2007,3,No
07N01O,29.900,-7.480,2007,2,No
07N01P,32.477,-2.560,2007,3,No
07N01Q,32.276,-2.421,2007,3,No
07N01S,33.266,-3.864,2007,2,No
07N01T,32.765,-2.607,2007,2,No
07N01V,33.140,-3.965,2007,3,No
07N01X,33.116,-3.806,2007,3,No
07N01Z,32.374,-2.123,2007,2,No
07N020,33.121,-3.780,2007,3,No
07N021,32.860,-4.008,2007,3,No
07N022,32.848,-3.975,2007,3,No
07N023,32.863,-3.721,2007,3,No
07N024,32.940,-3.952,2007,1,No
07N025,32.998,-3.681,2007,2,No
07N026,33.043,-3.737,2007,3,No
07N027,33.683,-2.935,2007,2,No
07N028,33.141,-3.721,2007,3,No
07N029,32.790,-4.009,2007,3,No
07N02D,33.272,-3.933,2007,3,No
07N02E,33.222,-3.767,2007,3,No
07N02G,33.077,-4.539,2007,2,No
07N02H,33.234,-3.904,2007,3,No
07N02I,33.296,-2.963,2007,3,No
07N02J,33.036,-2.943,2007,3,No
07N02L,33.258,-3.944,2007,3,No
07N02M,33.157,-2.773,2007,3,No
07N02N,32.571,-2.289,2007,2,No
07N02Q,32.292,-2.424,2007,3,No
07N02S,32.304,-2.270,2007,3,No
07N02T,32.494,-2.544,2007,3,No
07N02U,32.342,-2.306,2007,3,No
07N02V,33.187,-4.060,2007,3,No
07N02X,33.142,-3.716,2007,3,No
07N02Z,32.495,-2.539,2007,3,No
07N030,32.801,-4.026,2007,3,No
07N031,33.131,-3.704,2007,3,No
07N032,32.956,-3.630,2007,3,No
07N033,32.424,-2.272,2007,2,No
07N034,32.326,-2.256,2007,3,No
07N035,32.293,-2.260,2007,2,No
07N036,32.431,-2.401,2007,3,No
07N037,32.327,-2.243,2007,3,No
07N038,32.147,-2.666,2007,3,No
07N039,32.786,-2.711,2007,2,No
07N03A,33.174,-3.991,2007,2,No
07N03D,33.115,-3.990,2007,3,No
07N03E,33.297,-3.970,2007,2,No
07N03H,32.300,-2.229,2007,3,No
07N03I,33.212,-3.056,2007,3,No
07N03J,33.219,-2.921,2007,2,No
07N03L,33.308,-3.955,2007,2,No
07N03M,33.060,-2.740,2007,,No
07N03N,32.660,-2.560,2007,3,No
07N03Q,32.289,-2.424,2007,3,No
07N03S,32.336,-2.337,2007,2,No
07N03T,32.254,-2.744,2007,2,No
07N03U,32.332,-2.313,2007,3,No
07N03V,33.172,-3.964,2007,3,No
07N03X,33.159,-3.723,2007,3,No
07N03Z,32.335,-2.327,2007,3,No
07N041,33.164,-2.580,2007,3,No
07N042,32.855,-2.624,2007,3,No
07N043,32.755,-2.741,2007,3,No
07N044,33.173,-2.555,2007,3,No
07N045,33.104,-3.097,2007,2,No
07N046,33.330,-2.706,2007,2,No
07N047,32.680,-2.181,2007,3,No
07N048,32.770,-2.715,2007,2,No
07N049,32.721,-2.620,2007,3,No
07N04A,33.209,-3.956,2007,1,No
07N04D,33.275,-3.948,2007,1,No
07N04E,33.140,-3.928,2007,3,No
07N04H,32.456,-2.895,2007,3,No
07N04I,33.223,-3.018,2007,3,No
07N04J,32.811,-4.003,2007,3,No
07N04L,33.258,-3.950,2007,3,No
07N04M,33.240,-2.811,2007,3,No
07N04Q,32.935,-2.492,2007,2,No
07N04S,32.313,-2.355,2007,2,No
07N04T,32.336,-1.627,2007,2,No
07N04U,32.318,-2.340,2007,3,No
07N04V,32.311,-2.280,2007,3,No
07N04X,33.191,-3.794,2007,2,No
07N04Z,32.334,-2.343,2007,2,No
07N050,33.232,-2.121,2007,2,No
07N051,32.679,-2.470,2007,3,No
07N052,33.020,-2.823,2007,3,No
07N053,33.083,-2.802,2007,1,No
07N054,32.928,-2.508,2007,3,No
07N055,33.028,-3.132,2007,2,No
07N056,33.039,-2.975,2007,1,No
07N057,33.199,-2.776,2007,3,No
07N058,32.295,-2.223,2007,2,No
07N059,33.107,-2.961,2007,4,No
07N05A,33.235,-4.059,2007,3,No
07N05E,33.238,-3.969,2007,3,No
07N05H,32.507,-2.726,2007,3,No
07N05I,33.203,-2.784,2007,3,No
07N05J,32.811,-4.027,2007,3,No
07N05L,33.270,-3.938,2007,2,No
07N05M,33.395,-3.166,2007,3,No
07N05Q,32.775,-2.602,2007,3,No
07N05T,32.327,-1.568,2007,3,No
07N05U,33.080,-4.478,2007,3,No
07N05X,33.205,-3.996,2007,2,No
07N05Z,32.301,-2.336,2007,3,No
07N060,33.183,-3.176,2007,2,No
07N061,32.938,-2.516,2007,2,No
07N062,32.658,-2.690,2007,2,No
07N063,32.673,-2.543,2007,3,No
07N064,32.668,-2.540,2007,3,No
07N065,32.888,-2.636,2007,3,No
07N066,33.243,-2.787,2007,2,No
07N067,33.025,-2.757,2007,3,No
07N068,33.022,-2.759,2007,2,No
07N069,32.809,-2.679,2007,2,No
07N06A,33.147,-3.961,2007,2,No
07N06D,33.236,-3.914,2007,3,No
07N06E,33.244,-3.954,2007,1,No
07N06H,32.250,-2.301,2007,3,No
07N06I,32.890,-2.922,2007,3,No
07N06J,32.869,-3.939,2007,2,No
07N06L,33.143,-3.995,2007,3,No
07N06M,33.312,-3.008,2007,3,No
07N06Q,32.356,-1.611,2007,3,No
07N06S,32.320,-2.332,2007,2,No
07N06T,32.310,-1.565,2007,3,No
07N06U,33.085,-4.544,2007,2,No
07N06X,32.811,-4.005,2007,3,No
07N06Z,32.318,-2.357,2007,3,No
07N070,32.842,-2.535,2007,3,No
07N071,33.068,-2.735,2007,3,No
07N072,33.110,-3.127,2007,4,No
07N073,33.217,-2.881,2007,3,No
07N074,33.262,-2.809,2007,2,No
07N076,32.482,-2.730,2007,2,No
07N078,32.340,-2.250,2007,2,No
07N079,32.347,-2.247,2007,3,No
07N07A,33.686,-3.087,2007,2,No
07N07D,33.262,-3.954,2007,3,No
07N07E,33.252,-3.931,2007,3,No
07N07H,32.271,-2.205,2007,2,No
07N07I,33.031,-2.793,2007,3,No
07N07J,32.856,-3.958,2007,3,No
07N07L,33.290,-3.961,2007,2,No
07N07M,33.347,-3.036,2007,,No
07N07Q,32.347,-1.570,2007,2,No
07N07S,32.484,-2.541,2007,2,No
07N07T,32.293,-1.552,2007,3,No
07N07U,33.076,-4.540,2007,1,No
07N07X,32.807,-4.033,2007,3,No
07N07Z,32.336,-2.121,2007,3,No
07N080,32.362,-1.651,2007,2,No
07N081,32.195,-2.320,2007,2,No
07N082,32.297,-2.410,2007,2,No
07N083,32.324,-2.262,2007,2,No
07N084,32.733,-2.024,2007,3,No
07N088,32.195,-2.350,2007,3,No
07N08A,33.665,-3.072,2007,3,No
07N08D,33.184,-3.885,2007,3,No
07N08E,33.165,-3.904,2007,3,No
07N08H,32.219,-1.752,2007,2,No
07N08I,33.167,-2.903,2007,3,No
07N08J,32.857,-3.946,2007,3,No
07N08L,33.131,-3.944,2007,1,No
07N08M,33.156,-4.016,2007,3,No
07N08Q,32.291,-2.418,2007,3,No
07N08T,32.292,-1.548,2007,2,No
07N08U,33.083,-4.575,2007,3,No
07N08X,32.957,-3.667,2007,3,No
07N08Z,32.420,-2.084,2007,3,No
07N091,32.164,-2.678,2007,2,No
07N092,32.161,-2.683,2007,3,No
07N093,32.170,-2.629,2007,3,No
07N094,32.439,-2.440,2007,2,No
07N095,32.448,-2.476,2007,2,No
07N096,32.330,-2.249,2007,2,No
07N097,32.321,-2.265,2007,2,No
07N099,32.497,-1.544,2007,3,No
07N09A,33.978,-2.320,2007,2,No
07N09D,33.203,-4.190,2007,2,No
07N09E,33.215,-3.851,2007,3,No
07N09H,32.284,-1.546,2007,3,No
07N09I,33.244,-2.642,2007,3,No
07N09J,32.854,-4.003,2007,2,No
07N09L,33.205,-3.888,2007,3,No
07N09M,33.234,-2.788,2007,3,No
07N09Q,32.355,-2.196,2007,3,No
07N09T,32.457,-1.542,2007,2,No
07N09X,33.168,-3.830,2007,3,No
07N09Z,32.420,-2.387,2007,2,No
07N100,32.443,-2.438,2007,2,No
07N101,32.449,-2.446,2007,2,No
07N102,32.451,-2.456,2007,2,No
07N103,32.161,-2.238,2007,2,No
07N105,32.514,-2.542,2007,3,No
07N106,32.403,-2.162,2007,3,No
07N107,32.363,-2.192,2007,2,No
07N108,32.810,-1.802,2007,2,No
07N109,32.203,-1.887,2007,3,No
07N10A,33.117,-3.034,2007,3,No
07N10D,33.202,-3.989,2007,3,No
07N10E,33.294,-3.941,2007,2,No
07N10H,32.289,-1.562,2007,2,No
07N10I,32.982,-2.854,2007,3,No
07N10J,32.922,-3.977,2007,2,No
07N10L,33.270,-3.969,2007,3,No
07N10M,33.310,-2.671,2007,3,No
07N10Q,32.466,-2.474,2007,3,No
07N10T,32.271,-2.423,2007,3,No
07N10X,33.162,-3.719,2007,3,No
07N10Z,32.430,-2.395,2007,3,No
07N110,32.670,-2.319,2007,3,No
07N111,32.673,-2.953,2007,3,No
07N112,32.331,-2.223,2007,3,No
07N113,32.744,-3.969,2007,2,No
07N114,32.502,-1.824,2007,3,No
07N115,32.197,-2.342,2007,2,No
07N116,32.670,-2.585,2007,3,No
07N117,33.300,-3.333,2007,3,No
07N118,33.143,-3.774,2007,2,No
07N119,33.574,-2.666,2007,4,No
07N11A,33.276,-3.847,2007,3,No
07N11D,33.178,-3.903,2007,3,No
07N11E,33.137,-4.015,2007,3,No
07N11H,32.298,-1.574,2007,3,No
07N11I,32.990,-2.846,2007,3,No
07N11J,33.075,-3.801,2007,2,No
07N11L,33.248,-3.959,2007,3,No
07N11M,33.318,-2.743,2007,2,No
07N11Q,32.471,-2.482,2007,3,No
07N11T,32.282,-2.170,2007,2,No
07N11X,33.193,-3.795,2007,3,No
07N11Z,32.433,-2.433,2007,3,No
07N120,33.315,-3.348,2007,3,No
07N121,33.378,-3.094,2007,3,No
07N122,33.151,-3.149,2007,3,No
07N123,33.260,-3.142,2007,3,No
07N124,33.496,-3.125,2007,1,No
07N125,33.494,-2.512,2007,2,No
07N126,33.390,-3.165,2007,3,No
07N127,33.388,-3.164,2007,2,No
07N128,33.714,-2.578,2007,3,No
07N129,33.261,-3.251,2007,2,No
07N12A,33.263,-3.869,2007,,No
07N12D,33.257,-3.861,2007,3,No
07N12E,33.241,-3.928,2007,3,No
07N12H,32.422,-1.621,2007,2,No
07N12I,32.771,-2.601,2007,3,No
07N12J,33.294,-3.905,2007,3,No
07N12L,33.246,-3.955,2007,3,No
07N12M,32.891,-2.356,2007,3,No
07N12Q,32.481,-2.124,2007,2,No
07N12T,32.540,-2.519,2007,3,No
07N12X,33.207,-3.714,2007,2,No
07N12Z,32.472,-2.344,2007,2,No
07N130,33.225,-3.257,2007,3,No
07N131,33.315,-3.356,2007,3,No
07N132,33.651,-3.074,2007,2,No
07N133,33.156,-3.729,2007,3,No
07N134,32.969,-4.323,2007,3,No
07N135,32.865,-3.991,2007,2,No
07N136,32.770,-3.888,2007,2,No
07N137,32.978,-3.904,2007,2,No
07N138,32.922,-3.659,2007,3,No
07N139,32.986,-3.902,2007,2,No
07N13A,33.276,-3.914,2007,,No
07N13D,33.252,-3.915,2007,3,No
07N13E,33.281,-3.959,2007,3,No
07N13H,32.739,-2.597,2007,1,No
07N13I,32.918,-2.505,2007,1,No
07N13J,33.144,-3.724,2007,2,No
07N13L,33.326,-3.779,2007,3,No
07N13M,32.758,-2.526,2007,1,No
07N13Q,32.297,-2.421,2007,3,No
07N13T,32.456,-2.466,2007,3,No
07N13X,33.136,-3.721,2007,2,No
07N13Z,32.511,-2.400,2007,3,No
07N140,33.140,-3.726,2007,2,No
07N141,33.141,-3.703,2007,3,No
07N142,32.841,-3.758,2007,3,No
07N143,33.148,-3.722,2007,2,No
07N144,32.990,-3.883,2007,3,No
07N145,32.917,-3.957,2007,2,No
07N146,32.907,-3.947,2007,3,No
07N147,33.032,-3.694,2007,3,No
07N148,32.237,-2.292,2007,3,No
07N149,32.302,-2.412,2007,2,No
07N14A,33.285,-3.910,2007,,No
07N14D,32.456,-2.099,2007,2,No
07N14E,33.266,-3.917,2007,3,No
07N14H,32.549,-2.585,2007,3,No
07N14I,33.113,-3.007,2007,4,No
07N14J,32.949,-3.660,2007,2,No
07N14L,33.279,-3.985,2007,3,No
07N14M,32.958,-2.477,2007,3,No
07N14Q,32.301,-2.420,2007,3,No
07N14T,32.480,-2.487,2007,2,No
07N14X,33.074,-3.765,2007,3,No
07N14Z,32.237,-2.394,2007,3,No
07N152,32.239,-2.902,2007,3,No
07N153,32.263,-2.285,2007,2,No
07N154,32.183,-2.388,2007,2,No
07N155,32.204,-2.333,2007,2,No
07N156,32.204,-2.349,2007,2,No
07N15A,33.210,-4.083,2007,2,No
07N15D,32.475,-2.619,2007,2,No
07N15E,33.257,-3.917,2007,3,No
07N15I,33.012,-2.999,2007,3,No
07N15L,33.284,-3.985,2007,3,No
07N15M,33.429,-3.092,2007,3,No
07N15Q,32.238,-2.237,2007,3,No
07N15T,32.476,-2.497,2007,1,No
07N15X,33.201,-3.820,2007,3,No
07N15Z,32.205,-2.352,2007,3,No
07N160,32.161,-2.931,2007,3,No
07N161,32.547,-2.555,2007,2,No
07N162,32.742,-2.016,2007,3,No
07N163,32.548,-2.530,2007,2,No
07N164,32.635,-2.580,2007,3,No
07N168,32.164,-2.689,2007,2,No
07N169,32.415,-2.688,2007,2,No
07N16E,33.279,-3.949,2007,3,No
07N16H,33.004,-4.102,2007,2,No
07N16I,33.204,-3.055,2007,3,No
07N16L,33.270,-3.892,2007,3,No
07N16M,33.579,-3.379,2007,3,No
07N16Q,32.271,-2.247,2007,3,No
07N16T,32.469,-2.502,2007,2,No
07N16X,33.192,-3.787,2007,3,No
07N16Z,32.302,-2.356,2007,2,No
07N170,33.120,-2.892,2007,3,No
07N171,33.291,-2.703,2007,2,No
07N172,33.122,-2.899,2007,4,No
07N173,33.080,-3.134,2007,3,No
07N174,33.102,-2.958,2007,2,No
07N175,33.098,-3.110,2007,3,No
07N176,33.021,-2.830,2007,2,No
07N177,33.227,-2.818,2007,2,No
07N178,33.323,-2.840,2007,3,No
07N179,33.152,-3.162,2007,3,No
07N17E,32.436,-2.417,2007,2,No
07N17H,32.333,-2.232,2007,2,No
07N17I,33.319,-2.872,2007,3,No
07N17L,33.585,-2.686,2007,2,No
07N17M,33.734,-3.022,2007,,No
07N17Q,32.278,-2.257,2007,3,No
07N17T,32.444,-2.481,2007,3,No
07N17X,32.958,-3.661,2007,3,No
07N17Z,32.447,-2.376,2007,2,No
07N180,32.960,-2.887,2007,3,No
07N181,33.321,-3.005,2007,3,No
07N182,33.305,-3.072,2007,3,No
07N183,33.035,-2.962,2007,2,No
07N184,33.189,-3.045,2007,3,No
07N185,33.152,-2.961,2007,3,No
07N186,33.022,-3.079,2007,3,No
07N187,33.259,-2.939,2007,1,No
07N188,33.038,-2.732,2007,2,No
07N189,33.436,-2.542,2007,3,No
07N18E,33.234,-4.000,2007,3,No
07N18H,32.291,-2.322,2007,3,No
07N18I,33.337,-2.777,2007,1,No
07N18L,33.139,-4.005,2007,3,No
07N18M,33.343,-2.857,2007,3,No
07N18Q,32.280,-2.259,2007,3,No
07N18T,33.333,-2.682,2007,3,No
07N18X,32.373,-2.177,2007,3,No
07N18Z,32.448,-2.378,2007,3,No
07N190,33.118,-3.026,2007,3,No
07N191,33.118,-3.034,2007,1,No
07N192,32.605,-1.814,2007,3,No
07N193,32.708,-1.712,2007,2,No
07N194,33.541,-2.110,2007,3,No
07N195,33.220,-2.276,2007,3,No
07N196,33.499,-1.790,2007,3,No
07N197,33.195,-1.952,2007,3,No
07N198,32.919,-2.492,2007,3,No
07N199,32.651,-2.546,2007,3,No
07N19E,33.148,-3.921,2007,2,No
07N19H,32.232,-2.413,2007,2,No
07N19I,33.418,-3.082,2007,3,No
07N19M,33.323,-2.671,2007,3,No
07N19Q,32.357,-1.628,2007,2,No
07N19T,33.325,-2.844,2007,3,No
07N19X,33.176,-3.819,2007,1,No
07N19Z,32.461,-2.367,2007,3,No
07N200,32.799,-2.109,2007,3,No
07N201,32.759,-2.565,2007,3,No
07N203,33.169,-2.503,2007,3,No
07N204,32.723,-1.821,2007,3,No
07N205,32.480,-2.619,2007,2,No
07N207,33.056,-2.213,2007,2,No
07N208,32.992,-2.105,2007,3,No
07N20E,33.203,-3.944,2007,3,No
07N20H,32.280,-2.172,2007,3,No
07N20I,33.340,-2.742,2007,3,No
07N20M,33.252,-2.961,2007,3,No
07N20Q,32.342,-1.627,2007,2,No
07N20T,33.318,-2.751,2007,3,No
07N20X,32.174,-2.703,2007,1,No
07N20Z,32.374,-2.118,2007,3,No
07N21E,33.255,-3.856,2007,3,No
07N21H,32.457,-2.474,2007,2,No
07N21I,33.080,-2.824,2007,3,No
07N21M,33.209,-3.096,2007,3,No
07N21Q,32.317,-2.253,2007,3,No
07N21T,33.675,-3.041,2007,3,No
07N21X,33.283,-3.993,2007,3,No
07N21Z,32.359,-2.241,2007,3,No
07N22E,33.164,-3.967,2007,,No
07N22H,32.450,-2.471,2007,3,No
07N22I,33.136,-2.916,2007,3,No
07N22M,33.493,-3.133,2007,3,No
07N22Q,32.324,-2.301,2007,3,No
07N22T,32.807,-4.002,2007,2,No
07N22X,33.037,-3.684,2007,3,No
07N22Z,32.359,-2.181,2007,3,No
07N23E,33.275,-3.880,2007,,No
07N23H,32.454,-2.468,2007,2,No
07N23I,33.041,-2.735,2007,3,No
07N23M,32.978,-2.217,2007,3,No
07N23Q,32.432,-2.407,2007,2,No
07N23T,33.171,-3.978,2007,3,No
07N23X,33.152,-3.823,2007,2,No
07N23Z,32.330,-2.234,2007,3,No
07N24E,33.258,-3.903,2007,,No
07N24H,32.655,-2.561,2007,3,No
07N24I,32.757,-2.590,2007,3,No
07N24Q,32.450,-2.418,2007,3,No
07N24T,32.616,-1.884,2007,1,No
07N24Z,32.278,-2.413,2007,2,No
07N25E,33.112,-3.807,2007,,No
07N25H,33.317,-3.826,2007,2,No
07N25I,32.935,-2.503,2007,3,No
07N25Q,32.438,-2.461,2007,3,No
07N25T,32.612,-1.897,2007,3,No
07N25Z,32.229,-2.285,2007,3,No
07N26H,33.137,-3.955,2007,2,No
07N26I,33.162,-2.929,2007,3,No
07N26Q,32.483,-2.309,2007,3,No
07N26T,32.937,-2.304,2007,3,No
07N26Z,32.467,-2.293,2007,3,No
07N27H,33.284,-3.887,2007,3,No
07N27Q,32.765,-2.596,2007,3,No
07N27T,32.923,-2.273,2007,3,No
07N27Z,32.500,-2.346,2007,3,No
07N28H,33.191,-4.007,2007,3,No
07N28I,33.337,-2.729,2007,3,No
07N28Q,33.259,-3.832,2007,3,No
07N28T,32.696,-2.238,2007,3,No
07N28Z,32.355,-2.246,2007,3,No
07N29H,33.178,-4.010,2007,2,No
07N29I,33.307,-2.967,2007,3,No
07N29Q,33.231,-3.102,2007,2,No
07N29T,32.688,-2.317,2007,3,No
07N29Z,32.291,-2.194,2007,2,No
07N30H,33.503,-3.055,2007,2,No
07N30I,33.253,-2.844,2007,3,No
07N30Q,32.944,-2.502,2007,3,No
07N30T,32.280,-2.158,2007,2,No
07N30Z,32.290,-2.320,2007,3,No
07N31H,33.668,-3.049,2007,1,No
07N31I,32.965,-2.887,2007,3,No
07N31Q,33.031,-4.287,2007,2,No
07N31T,32.676,-2.827,2007,3,No
07N31Z,32.462,-2.069,2007,,No
07N32H,33.295,-3.925,2007,2,No
07N32I,33.224,-3.000,2007,3,No
07N32Q,33.182,-4.167,2007,3,No
07N32T,32.691,-2.845,2007,3,No
07N32Z,32.473,-2.054,2007,3,No
07N33H,33.540,-3.221,2007,2,No
07N33I,33.200,-2.776,2007,3,No
07N33Q,33.257,-3.929,2007,3,No
07N33T,32.690,-2.840,2007,3,No
07N33Z,33.008,-2.421,2007,3,No
07N34I,33.473,-2.498,2007,3,No
07N34Q,33.291,-3.950,2007,3,No
07N34T,32.236,-1.797,2007,3,No
07N34Z,32.937,-2.534,2007,3,No
07N35I,33.456,-3.124,2007,3,No
07N35Q,33.245,-3.845,2007,3,No
07N35T,32.237,-1.801,2007,3,No
07N35Z,32.762,-2.396,2007,3,No
07N36I,33.370,-3.106,2007,3,No
07N36T,32.490,-1.684,2007,2,No
07N36Z,32.485,-2.084,2007,2,No
07N37I,33.289,-2.888,2007,3,No
07N37T,32.311,-1.579,2007,3,No
07N37Z,32.376,-2.110,2007,1,No
07N38I,33.502,-2.654,2007,2,No
07N38T,32.293,-1.575,2007,3,No
07N38Z,32.366,-2.074,2007,3,No
07N39I,33.774,-2.751,2007,3,No
07N39T,32.280,-1.571,2007,3,No
07N39Z,32.396,-2.112,2007,3,No
07N40I,33.230,-3.137,2007,3,No
07N40T,32.320,-1.708,2007,3,No
07N40Z,32.443,-2.163,2007,2,No
07N41I,33.250,-3.194,2007,3,No
07N41T,32.295,-2.322,2007,3,No
07N41Z,32.639,-2.551,2007,3,No
07N42I,33.270,-2.873,2007,3,No
07N42T,32.204,-2.310,2007,3,No
07N42Z,32.735,-2.528,2007,3,No
07N43I,33.329,-2.688,2007,2,No
07N43T,32.189,-2.300,2007,3,No
07N43Z,32.779,-2.466,2007,3,No
07N44I,33.120,-2.971,2007,2,No
07N44T,32.456,-2.505,2007,3,No
07N44Z,33.502,-3.034,2007,3,No
07N45I,32.711,-2.418,2007,3,No
07N45T,32.188,-2.388,2007,2,No
07N45Z,33.353,-2.841,2007,3,No
07N46I,32.681,-2.459,2007,2,No
07N46T,32.187,-2.388,2007,3,No
07N46Z,33.483,-3.072,2007,3,No
07N47I,32.939,-2.493,2007,3,No
07N47T,32.277,-2.411,2007,3,No
07N47Z,33.158,-2.868,2007,3,No
07N48I,33.134,-2.321,2007,2,No
07N48T,32.309,-2.346,2007,3,No
07N48Z,33.213,-2.941,2007,3,No
07N49I,33.169,-3.156,2007,3,No
07N49T,32.288,-2.177,2007,3,No
07N49Z,33.252,-2.904,2007,3,No
07N50I,33.308,-2.926,2007,3,No
07N50T,32.293,-2.201,2007,3,No
07N51I,33.084,-3.253,2007,2,No
07N51T,32.434,-2.409,2007,3,No
07N52T,32.431,-2.409,2007,2,No
07N53T,33.251,-3.845,2007,3,No
07N54T,33.267,-3.879,2007,2,No
07N55T,32.810,-3.995,2007,1,No
07N56T,33.005,-4.088,2007,2,No
07N57T,33.002,-4.087,2007,2,No
07N58T,32.415,-2.188,2007,2,No
07N59T,32.377,-2.215,2007,2,No
07N60T,32.288,-2.424,2007,1,No
07N61T,32.545,-2.542,2007,3,No
07N62T,32.463,-2.809,2007,3,No
07N63T,32.474,-2.910,2007,3,No
07N64T,32.475,-2.928,2007,3,No
07N65T,32.488,-2.510,2007,2,No
07N66T,32.426,-2.566,2007,3,No
07N67T,32.549,-2.620,2007,2,No
07N68T,32.268,-2.263,2007,2,No
07N69T,33.189,-3.956,2007,2,No
08N001,32.326,-2.301,2008,2,No
08N002,32.293,-2.306,2008,3,No
08N003,32.205,-2.343,2008,3,No
08N004,32.350,-2.143,2008,3,No
08N005,32.447,-2.305,2008,3,No
08N006,32.178,-2.435,2008,3,No
08N007,32.334,-2.310,2008,2,No
08N008,32.296,-2.294,2008,3,No
08N009,32.315,-2.312,2008,3,No
08N010,32.278,-1.750,2008,3,No
08N011,32.231,-1.795,2008,2,No
08N012,32.285,-2.290,2008,2,No
08N013,32.306,-2.337,2008,2,No
08N014,32.302,-2.345,2008,2,No
08N015,32.306,-2.290,2008,3,No
08N016,32.201,-2.634,2008,3,No
08N017,32.301,-2.419,2008,3,No
08N018,32.424,-2.226,2008,2,No
08N019,32.577,-2.266,2008,2,No
08N01A,33.332,-3.774,2008,3,No
08N01B,33.128,-3.948,2008,3,No
08N01C,33.248,-3.980,2008,3,No
08N01D,33.188,-3.892,2008,3,No
08N01F,32.861,-3.958,2008,2,No
08N01G,33.115,-4.676,2008,3,No
08N01H,33.138,-4.016,2008,2,No
08N01I,33.509,-2.518,2008,3,No
08N01J,33.272,-3.700,2008,3,No
08N01L,33.201,-3.961,2008,2,No
08N01M,33.234,-3.999,2008,3,No
08N01P,33.320,-3.856,2008,3,No
08N01Q,33.201,-3.961,2008,2,No
08N01R,33.134,-3.975,2008,2,No
08N01T,32.249,-2.295,2008,3,No
08N01U,32.795,-3.993,2008,3,No
08N01Z,32.381,-3.268,2008,3,No
08N020,32.306,-2.331,2008,2,No
08N021,32.748,-3.877,2008,3,No
08N022,32.972,-3.649,2008,2,No
08N023,32.978,-3.897,2008,2,No
08N024,32.927,-3.768,2008,2,No
08N025,32.899,-3.782,2008,3,No
08N026,32.933,-3.773,2008,3,No
08N027,32.987,-3.763,2008,3,No
08N028,33.135,-3.729,2008,3,No
08N029,32.842,-3.753,2008,3,No
08N02A,33.183,-3.931,2008,3,No
08N02B,33.190,-3.892,2008,3,No
08N02C,33.282,-3.900,2008,2,No
08N02D,33.221,-3.903,2008,2,No
08N02E,33.137,-3.947,2008,3,No
08N02G,32.886,-3.958,2008,2,No
08N02H,33.242,-3.925,2008,2,No
08N02I,33.488,-2.587,2008,3,No
08N02J,32.828,-4.028,2008,3,No
08N02L,33.488,-3.126,2008,3,No
08N02M,33.203,-3.918,2008,3,No
08N02P,33.166,-3.997,2008,1,No
08N02Q,33.198,-4.034,2008,3,No
08N02R,33.210,-4.232,2008,3,No
08N02T,33.313,-2.229,2008,3,No
08N02U,33.063,-4.666,2008,3,No
08N02Z,32.393,-3.357,2008,2,No
08N030,32.908,-3.647,2008,3,No
08N031,32.943,-3.907,2008,3,No
08N032,32.855,-3.985,2008,2,No
08N033,32.717,-3.842,2008,3,No
08N034,33.128,-3.736,2008,3,No
08N035,33.142,-3.695,2008,3,No
08N036,32.816,-3.787,2008,2,No
08N037,32.815,-3.787,2008,2,No
08N039,32.945,-3.781,2008,3,No
08N03A,33.225,-4.042,2008,3,No
08N03B,33.277,-3.916,2008,2,No
08N03C,33.273,-3.911,2008,2,No
08N03D,33.251,-3.983,2008,3,No
08N03E,33.101,-4.003,2008,2,No
08N03G,32.879,-3.956,2008,3,No
08N03H,33.260,-3.948,2008,3,No
08N03I,33.285,-2.937,2008,3,No
08N03J,32.898,-3.742,2008,3,No
08N03L,33.243,-3.931,2008,3,No
08N03M,33.210,-3.968,2008,2,No
08N03P,33.215,-3.894,2008,2,No
08N03Q,33.273,-3.953,2008,2,No
08N03R,33.125,-3.990,2008,3,No
08N03T,32.252,-2.229,2008,3,No
08N03U,33.064,-4.542,2008,3,No
08N03Z,33.736,-2.780,2008,3,No
08N040,32.918,-3.733,2008,3,No
08N041,32.821,-4.021,2008,3,No
08N042,32.858,-3.948,2008,3,No
08N043,32.894,-3.736,2008,3,No
08N044,32.883,-3.914,2008,3,No
08N045,32.987,-3.885,2008,3,No
08N046,32.838,-3.770,2008,2,No
08N048,32.980,-3.903,2008,3,No
08N049,32.996,-3.805,2008,3,No
08N04A,33.161,-3.978,2008,2,No
08N04B,33.288,-3.948,2008,3,No
08N04D,33.243,-3.994,2008,3,No
08N04E,33.210,-4.083,2008,3,No
08N04G,32.754,-4.004,2008,2,No
08N04H,33.254,-3.921,2008,2,No
08N04I,32.766,-2.498,2008,3,No
08N04J,33.032,-3.689,2008,2,No
08N04L,33.272,-3.786,2008,3,No
08N04M,33.246,-3.837,2008,3,No
08N04P,33.126,-4.014,2008,2,No
08N04Q,33.326,-3.834,2008,3,No
08N04R,33.189,-3.083,2008,2,No
08N04T,32.279,-2.259,2008,3,No
08N04U,33.123,-4.695,2008,2,No
08N04Z,33.941,-2.367,2008,3,No
08N050,33.182,-3.629,2008,3,No
08N051,33.392,-3.360,2008,3,No
08N052,32.942,-3.745,2008,3,No
08N053,33.041,-3.711,2008,3,No
08N054,33.179,-3.623,2008,2,No
08N056,32.848,-3.815,2008,3,No
08N057,33.136,-3.722,2008,3,No
08N058,33.038,-3.719,2008,2,No
08N059,32.983,-3.897,2008,2,No
08N05A,33.247,-3.016,2008,3,No
08N05B,33.257,-3.908,2008,,No
08N05D,33.232,-4.004,2008,3,No
08N05E,33.142,-3.819,2008,3,No
08N05G,32.960,-3.662,2008,2,No
08N05H,33.291,-3.932,2008,3,No
08N05I,32.735,-2.289,2008,3,No
08N05J,32.822,-3.943,2008,2,No
08N05L,33.243,-3.933,2008,3,No
08N05M,33.192,-3.818,2008,3,No
08N05Q,33.163,-3.735,2008,2,No
08N05R,33.203,-3.075,2008,3,No
08N05T,32.338,-2.254,2008,2,No
08N05U,33.112,-4.674,2008,2,No
08N060,32.968,-3.890,2008,3,No
08N061,32.375,-2.172,2008,3,No
08N062,32.308,-2.306,2008,3,No
08N063,32.464,-2.129,2008,3,No
08N064,32.270,-1.661,2008,3,No
08N065,32.222,-2.296,2008,2,No
08N066,32.276,-2.383,2008,3,No
08N067,32.542,-1.499,2008,2,No
08N068,32.422,-1.624,2008,2,No
08N069,32.331,-2.270,2008,2,No
08N06A,33.184,-3.944,2008,,No
08N06B,33.176,-3.983,2008,,No
08N06D,33.276,-3.985,2008,2,No
08N06E,33.179,-3.987,2008,2,No
08N06G,32.792,-4.002,2008,3,No
08N06H,33.127,-4.007,2008,2,No
08N06I,32.798,-2.684,2008,3,No
08N06J,32.823,-3.769,2008,3,No
08N06L,33.092,-4.711,2008,3,No
08N06M,33.253,-3.986,2008,2,No
08N06P,33.161,-4.054,2008,1,No
08N06Q,33.264,-3.715,2008,2,No
08N06R,33.490,-2.591,2008,3,No
08N06T,32.231,-2.326,2008,3,No
08N06U,33.098,-4.669,2008,3,No
08N070,32.391,-2.109,2008,2,No
08N071,33.492,-2.202,2008,3,No
08N072,32.516,-2.539,2008,3,No
08N073,32.774,-1.507,2008,3,No
08N074,32.342,-2.277,2008,2,No
08N075,32.259,-1.678,2008,2,No
08N076,32.329,-2.255,2008,3,No
08N077,32.377,-2.263,2008,3,No
08N078,33.150,-1.987,2008,2,No
08N079,32.423,-2.118,2008,2,No
08N07A,33.168,-3.968,2008,2,No
08N07D,33.234,-3.902,2008,2,No
08N07E,33.112,-3.807,2008,3,No
08N07G,32.855,-3.767,2008,3,No
08N07H,33.273,-3.930,2008,,No
08N07I,33.191,-2.657,2008,3,No
08N07J,32.899,-4.069,2008,3,No
08N07L,33.095,-4.700,2008,3,No
08N07M,32.903,-3.953,2008,3,No
08N07P,33.427,-3.707,2008,3,No
08N07Q,33.134,-3.999,2008,3,No
08N07R,33.185,-3.892,2008,3,No
08N07T,32.287,-2.425,2008,3,No
08N07U,33.077,-4.536,2008,2,No
08N080,32.427,-2.123,2008,2,No
08N081,32.906,-2.020,2008,3,No
08N082,32.763,-2.605,2008,3,No
08N083,32.408,-1.609,2008,2,No
08N084,32.437,-2.385,2008,2,No
08N085,32.430,-2.361,2008,2,No
08N086,32.428,-2.351,2008,2,No
08N087,32.470,-2.365,2008,2,No
08N088,32.293,-2.301,2008,3,No
08N089,32.340,-2.312,2008,1,No
08N08A,33.135,-3.984,2008,2,No
08N08B,33.281,-3.979,2008,2,No
08N08D,33.259,-3.931,2008,3,No
08N08E,33.252,-3.930,2008,2,No
08N08G,32.866,-3.747,2008,3,No
08N08H,33.249,-3.836,2008,2,No
08N08I,33.298,-2.704,2008,2,No
08N08J,32.851,-3.947,2008,2,No
08N08L,33.227,-3.908,2008,3,No
08N08M,32.897,-3.939,2008,1,No
08N08Q,33.443,-3.710,2008,3,No
08N08R,33.244,-3.834,2008,3,No
08N08T,32.286,-2.423,2008,3,No
08N08U,33.056,-4.562,2008,2,No
08N090,32.330,-2.327,2008,2,No
08N091,32.353,-2.234,2008,1,No
08N092,32.190,-2.189,2008,3,No
08N093,32.793,-2.230,2008,3,No
08N094,33.002,-2.083,2008,2,No
08N095,33.007,-2.088,2008,2,No
08N096,33.265,-2.154,2008,3,No
08N097,33.171,-2.090,2008,2,No
08N098,32.810,-1.802,2008,2,No
08N09A,33.262,-3.843,2008,2,No
08N09B,33.267,-3.867,2008,2,No
08N09E,33.161,-3.957,2008,2,No
08N09G,32.874,-3.963,2008,1,No
08N09H,33.283,-3.982,2008,2,No
08N09I,33.425,-2.587,2008,3,No
08N09J,32.823,-4.023,2008,3,No
08N09L,33.256,-3.941,2008,3,No
08N09M,33.203,-3.951,2008,3,No
08N09Q,33.212,-3.755,2008,2,No
08N09R,33.131,-3.989,2008,2,No
08N09U,33.055,-4.594,2008,3,No
08N100,32.523,-1.399,2008,3,No
08N101,32.190,-2.097,2008,3,No
08N102,32.434,-2.948,2008,3,No
08N103,32.459,-2.763,2008,2,No
08N104,32.701,-2.766,2008,3,No
08N105,32.336,-2.258,2008,3,No
08N106,32.918,-2.508,2008,3,No
08N107,32.328,-2.247,2008,3,No
08N108,33.099,-1.821,2008,2,No
08N109,32.798,-2.683,2008,3,No
08N10A,33.281,-3.957,2008,2,No
08N10G,32.871,-3.967,2008,3,No
08N10H,33.266,-3.906,2008,2,No
08N10I,33.463,-2.610,2008,3,No
08N10J,33.185,-3.807,2008,3,No
08N10L,33.187,-4.012,2008,1,No
08N10Q,33.241,-3.704,2008,3,No
08N10R,33.178,-3.898,2008,2,No
08N10T,32.581,-2.305,2008,3,No
08N10U,33.052,-4.567,2008,2,No
08N110,32.339,-1.574,2008,2,No
08N111,32.568,-2.229,2008,2,No
08N112,32.663,-2.684,2008,2,No
08N113,32.690,-1.855,2008,3,No
08N114,32.406,-2.479,2008,2,No
08N115,32.328,-2.275,2008,2,No
08N116,32.449,-2.434,2008,2,No
08N117,32.483,-2.518,2008,2,No
08N118,32.587,-1.602,2008,3,No
08N119,32.611,-1.507,2008,3,No
08N11G,32.802,-3.924,2008,3,No
08N11H,33.176,-3.981,2008,3,No
08N11I,33.299,-2.719,2008,3,No
08N11J,32.895,-3.965,2008,1,No
08N11L,33.260,-3.921,2008,2,No
08N11Q,33.080,-4.513,2008,2,No
08N11T,32.475,-2.713,2008,3,No
08N11U,33.066,-4.524,2008,3,No
08N120,32.176,-1.699,2008,3,No
08N121,32.488,-2.729,2008,3,No
08N122,32.771,-2.744,2008,2,No
08N123,32.766,-2.605,2008,3,No
08N124,32.536,-2.544,2008,1,No
08N125,32.484,-1.566,2008,3,No
08N126,32.692,-2.847,2008,2,No
08N127,32.595,-1.871,2008,3,No
08N128,32.638,-2.423,2008,3,No
08N129,32.746,-2.576,2008,3,No
08N12G,32.857,-3.767,2008,3,No
08N12H,33.262,-3.924,2008,2,No
08N12I,33.234,-2.804,2008,3,No
08N12J,33.168,-3.830,2008,3,No
08N12L,33.313,-3.792,2008,2,No
08N12Q,33.112,-4.669,2008,3,No
08N12T,32.317,-2.279,2008,3,No
08N12U,33.122,-4.669,2008,3,No
08N130,32.309,-2.301,2008,2,No
08N131,32.310,-2.336,2008,3,No
08N132,32.331,-2.263,2008,2,No
08N133,32.803,-2.687,2008,2,No
08N134,32.782,-2.711,2008,2,No
08N135,32.606,-1.895,2008,3,No
08N136,32.618,-1.907,2008,3,No
08N137,32.627,-1.948,2008,3,No
08N138,32.329,-2.265,2008,3,No
08N139,32.233,-2.412,2008,2,No
08N13G,32.874,-3.966,2008,2,No
08N13H,33.204,-3.911,2008,3,No
08N13I,33.294,-2.694,2008,2,No
08N13J,32.828,-4.017,2008,1,No
08N13L,33.360,-3.331,2008,3,No
08N13Q,32.857,-4.078,2008,3,No
08N13T,32.341,-2.311,2008,3,No
08N13U,33.131,-4.584,2008,3,No
08N140,32.309,-2.346,2008,3,No
08N141,32.450,-1.553,2008,3,No
08N142,32.679,-2.324,2008,2,No
08N143,32.784,-2.703,2008,2,No
08N144,32.308,-2.233,2008,2,No
08N145,32.392,-2.630,2008,2,No
08N146,32.405,-2.679,2008,1,No
08N147,32.306,-2.413,2008,2,No
08N148,32.344,-2.242,2008,1,No
08N149,32.340,-2.250,2008,2,No
08N14G,32.823,-3.936,2008,2,No
08N14H,33.273,-3.933,2008,3,No
08N14I,33.335,-2.813,2008,3,No
08N14L,33.272,-3.981,2008,2,No
08N14Q,33.204,-4.184,2008,2,No
08N14T,32.325,-2.355,2008,3,No
08N14U,33.134,-4.474,2008,3,No
08N150,32.721,-2.747,2008,2,No
08N151,32.405,-2.628,2008,2,No
08N152,32.514,-1.854,2008,3,No
08N153,32.504,-1.850,2008,3,No
08N154,32.487,-1.845,2008,3,No
08N155,32.555,-1.445,2008,3,No
08N156,32.529,-1.422,2008,2,No
08N157,32.533,-1.396,2008,2,No
08N158,32.709,-1.822,2008,3,No
08N159,32.296,-1.587,2008,2,No
08N15G,32.886,-3.962,2008,2,No
08N15I,33.297,-2.869,2008,3,No
08N15Q,33.135,-3.983,2008,2,No
08N15T,32.206,-2.387,2008,3,No
08N15U,33.089,-4.520,2008,3,No
08N160,32.418,-2.666,2008,2,No
08N161,32.293,-1.553,2008,3,No
08N162,32.674,-1.567,2008,3,No
08N163,32.349,-2.143,2008,2,No
08N164,32.468,-2.930,2008,2,No
08N165,32.777,-2.682,2008,3,No
08N166,32.846,-2.661,2008,3,No
08N167,32.782,-2.620,2008,3,No
08N168,32.720,-1.975,2008,3,No
08N169,32.654,-1.930,2008,3,No
08N16G,32.887,-3.986,2008,2,No
08N16I,33.162,-2.905,2008,3,No
08N16Q,33.199,-4.166,2008,2,No
08N16T,32.184,-2.393,2008,2,No
08N16U,33.048,-4.759,2008,3,No
08N170,32.625,-1.936,2008,3,No
08N171,32.531,-1.528,2008,2,No
08N172,32.435,-1.626,2008,3,No
08N173,32.273,-1.561,2008,3,No
08N174,32.639,-2.402,2008,3,No
08N175,32.362,-2.135,2008,2,No
08N176,32.728,-1.802,2008,3,No
08N177,32.735,-1.785,2008,3,No
08N178,32.543,-1.612,2008,3,No
08N179,32.577,-1.613,2008,3,No
08N17G,33.258,-3.716,2008,3,No
08N17I,33.135,-2.905,2008,3,No
08N17T,32.494,-2.353,2008,3,No
08N17U,33.071,-4.514,2008,2,No
08N180,32.309,-1.719,2008,3,No
08N181,32.279,-1.578,2008,3,No
08N182,32.296,-1.588,2008,3,No
08N183,32.357,-2.097,2008,2,No
08N184,32.357,-2.120,2008,2,No
08N185,32.232,-2.271,2008,3,No
08N186,33.110,-3.227,2008,3,No
08N187,33.698,-2.900,2008,2,No
08N188,33.466,-3.460,2008,3,No
08N189,34.048,-3.004,2008,3,No
08N18I,33.757,-2.751,2008,3,No
08N18T,32.450,-2.413,2008,2,No
08N18U,33.075,-4.516,2008,1,No
08N190,33.624,-3.520,2008,3,No
08N191,33.181,-3.207,2008,3,No
08N192,33.214,-3.181,2008,2,No
08N193,33.490,-3.472,2008,3,No
08N194,33.630,-2.547,2008,3,No
08N195,33.530,-2.847,2008,2,No
08N196,33.201,-3.608,2008,3,No
08N197,33.638,-3.425,2008,3,No
08N198,33.508,-3.318,2008,3,No
08N199,33.415,-3.603,2008,3,No
08N19I,33.597,-2.671,2008,3,No
08N19T,32.439,-2.413,2008,2,No
08N19U,33.084,-4.602,2008,,No
08N200,33.441,-3.106,2008,3,No
08N201,33.106,-3.127,2008,1,No
08N202,33.559,-3.092,2008,2,No
08N203,33.531,-3.560,2008,2,No
08N204,33.175,-3.226,2008,2,No
08N205,33.520,-3.564,2008,3,No
08N206,33.483,-3.532,2008,3,No
08N207,33.301,-3.153,2008,2,No
08N208,33.144,-3.290,2008,3,No
08N209,33.099,-2.576,2008,2,No
08N20I,33.194,-2.375,2008,3,No
08N20T,32.424,-2.450,2008,3,No
08N20U,33.053,-4.590,2008,2,No
08N210,33.251,-3.069,2008,3,No
08N211,33.202,-3.526,2008,3,No
08N212,33.207,-3.540,2008,2,No
08N213,33.081,-3.211,2008,1,No
08N214,33.483,-3.009,2008,3,No
08N215,33.345,-3.064,2008,2,No
08N216,33.524,-3.017,2008,3,No
08N217,33.473,-3.451,2008,3,No
08N218,33.147,-2.464,2008,2,No
08N219,33.082,-2.954,2008,3,No
08N21I,32.671,-2.597,2008,3,No
08N21U,33.062,-4.567,2008,2,No
08N220,33.089,-2.885,2008,3,No
08N221,33.158,-3.334,2008,2,No
08N222,33.496,-2.074,2008,2,No
08N223,33.155,-3.268,2008,2,No
08N224,33.373,-2.946,2008,3,No
08N225,33.720,-2.742,2008,1,No
08N226,33.571,-2.727,2008,3,No
08N227,33.678,-3.104,2008,3,No
08N228,33.698,-3.106,2008,3,No
08N229,33.482,-2.585,2008,3,No
08N22I,33.496,-2.637,2008,3,No
08N22T,32.360,-2.367,2008,3,No
08N230,33.472,-2.553,2008,3,No
08N231,33.634,-2.864,2008,3,No
08N232,33.396,-2.917,2008,2,No
08N233,33.616,-3.131,2008,2,No
08N234,33.414,-3.013,2008,3,No
08N235,33.958,-2.338,2008,1,No
08N236,33.139,-2.916,2008,3,No
08N237,33.128,-2.965,2008,2,No
08N238,33.691,-3.060,2008,2,No
08N239,33.365,-2.641,2008,3,No
08N23I,33.107,-2.996,2008,3,No
08N23U,33.065,-4.544,2008,2,No
08N240,33.343,-2.631,2008,2,No
08N241,32.917,-2.792,2008,3,No
08N242,33.272,-2.807,2008,3,No
08N243,33.240,-2.776,2008,2,No
08N244,33.314,-2.743,2008,3,No
08N245,33.331,-3.631,2008,3,No
08N246,33.249,-3.673,2008,3,No
08N247,33.293,-3.301,2008,3,No
08N248,33.254,-3.280,2008,3,No
08N249,33.255,-3.304,2008,3,No
08N24I,32.732,-2.660,2008,3,No
08N24U,33.066,-4.561,2008,3,No
08N250,33.558,-3.408,2008,3,No
08N251,33.192,-3.307,2008,3,No
08N252,33.171,-3.417,2008,3,No
08N253,33.199,-3.263,2008,1,No
08N254,33.494,-3.289,2008,3,No
08N255,33.208,-3.233,2008,3,No
08N256,33.438,-3.277,2008,1,No
08N257,33.299,-3.317,2008,3,No
08N258,33.300,-3.343,2008,3,No
08N259,33.186,-3.121,2008,3,No
08N25I,32.711,-2.779,2008,3,No
08N25U,33.062,-4.569,2008,3,No
08N260,33.278,-3.226,2008,1,No
08N261,33.224,-3.259,2008,1,No
08N262,33.219,-3.257,2008,3,No
08N264,33.574,-3.257,2008,2,No
08N265,33.255,-3.295,2008,3,No
08N266,33.312,-3.127,2008,3,No
08N267,33.101,-4.517,2008,3,No
08N268,33.344,-3.232,2008,2,No
08N269,33.301,-3.136,2008,3,No
08N26I,32.688,-2.552,2008,3,No
08N26U,33.062,-4.670,2008,3,No
08N270,33.336,-3.177,2008,2,No
08N271,33.428,-3.174,2008,2,No
08N272,33.213,-3.255,2008,1,No
08N273,33.372,-3.172,2008,3,No
08N274,33.453,-3.065,2008,2,No
08N275,33.113,-4.682,2008,1,No
08N276,33.061,-4.585,2008,3,No
08N277,33.086,-4.603,2008,1,No
08N278,33.165,-3.174,2008,3,No
08N279,33.317,-3.342,2008,1,No
08N27U,33.089,-4.522,2008,2,No
08N280,33.317,-3.342,2008,1,No
08N281,33.204,-3.368,2008,2,No
08N282,33.295,-3.192,2008,1,No
08N283,33.127,-4.686,2008,2,No
08N284,33.202,-3.249,2008,1,No
08N285,33.047,-4.563,2008,2,No
08N286,33.188,-3.822,2008,1,No
08N287,33.070,-4.696,2008,2,No
08N288,33.097,-4.711,2008,3,No
08N289,33.139,-3.721,2008,3,No
08N28I,33.299,-2.601,2008,2,No
08N28U,33.087,-4.562,2008,1,No
08N290,33.195,-3.738,2008,3,No
08N291,32.832,-3.973,2008,3,No
08N292,33.134,-3.733,2008,2,No
08N293,33.057,-4.579,2008,3,No
08N294,32.759,-3.921,2008,2,No
08N295,32.968,-3.892,2008,3,No
08N296,32.846,-3.984,2008,2,No
08N297,32.905,-3.943,2008,2,No
08N298,32.934,-3.746,2008,2,No
08N299,32.860,-3.985,2008,2,No
08N29I,33.718,-2.737,2008,3,No
08N29U,33.100,-4.619,2008,3,No
08N300,32.895,-3.954,2008,3,No
08N301,32.955,-3.888,2008,2,No
08N302,32.875,-3.935,2008,3,No
08N303,33.157,-3.831,2008,2,No
08N304,32.841,-4.010,2008,2,No
08N305,33.147,-3.827,2008,3,No
08N306,33.001,-4.574,2008,2,No
08N307,33.077,-4.533,2008,3,No
08N308,33.103,-4.522,2008,3,No
08N309,32.532,-2.910,2008,2,No
08N30I,33.615,-2.668,2008,3,No
08N30U,33.047,-4.679,2008,2,No
08N310,32.703,-1.804,2008,3,No
08N311,32.702,-1.850,2008,3,No
08N312,32.699,-1.848,2008,3,No
08N313,32.866,-2.636,2008,2,No
08N314,32.697,-2.382,2008,2,No
08N315,32.687,-1.834,2008,2,No
08N316,32.704,-2.038,2008,3,No
08N317,32.700,-2.028,2008,2,No
08N318,32.528,-1.396,2008,2,No
08N319,32.711,-2.727,2008,2,No
08N31I,33.275,-3.094,2008,3,No
08N31U,33.090,-4.610,2008,2,No
08N320,33.208,-2.512,2008,3,No
08N321,33.719,-3.116,2008,3,No
08N322,33.707,-3.096,2008,1,No
08N323,33.180,-2.679,2008,3,No
08N324,33.623,-3.065,2008,2,No
08N325,33.195,-3.206,2008,3,No
08N326,33.625,-2.622,2008,3,No
08N327,33.767,-2.746,2008,3,No
08N328,33.558,-3.349,2008,2,No
08N329,33.422,-3.099,2008,2,No
08N32I,33.382,-3.163,2008,3,No
08N32U,33.106,-4.674,2008,1,No
08N330,33.632,-2.816,2008,2,No
08N331,33.696,-2.625,2008,2,No
08N332,33.797,-2.880,2008,2,No
08N333,33.688,-2.690,2008,1,No
08N334,33.294,-3.194,2008,2,No
08N335,33.224,-2.993,2008,2,No
08N336,33.647,-3.410,2008,2,No
08N337,33.065,-3.221,2008,3,No
08N338,33.074,-4.522,2008,3,No
08N339,33.153,-4.661,2008,3,No
08N33I,33.176,-2.650,2008,3,No
08N33U,33.122,-4.693,2008,3,No
08N340,33.108,-4.678,2008,2,No
08N341,33.179,-3.615,2008,2,No
08N342,33.088,-4.535,2008,2,No
08N343,33.064,-4.536,2008,3,No
08N344,33.264,-3.303,2008,3,No
08N345,33.723,-3.077,2008,1,No
08N346,33.127,-3.060,2008,2,No
08N347,33.102,-3.064,2008,2,No
08N348,33.219,-3.206,2008,,No
08N349,33.277,-3.146,2008,2,No
08N34I,33.052,-2.837,2008,2,No
08N34U,33.067,-4.549,2008,3,No
08N350,33.205,-3.161,2008,2,No
08N351,33.130,-4.675,2008,2,No
08N352,33.119,-4.667,2008,2,No
08N353,32.553,-1.640,2008,2,No
08N354,32.274,-2.141,2008,2,No
08N355,32.790,-2.208,2008,2,No
08N356,32.851,-2.102,2008,3,No
08N357,32.838,-2.035,2008,3,No
08N358,32.753,-2.250,2008,3,No
08N359,33.203,-2.905,2008,3,No
08N35I,33.675,-2.775,2008,3,No
08N35U,33.081,-4.549,2008,2,No
08N360,32.867,-2.044,2008,2,No
08N361,32.676,-2.559,2008,3,No
08N362,32.457,-1.959,2008,3,No
08N363,32.774,-1.507,2008,2,No
08N364,32.512,-2.145,2008,3,No
08N365,33.171,-2.090,2008,2,No
08N367,33.014,-2.274,2008,3,No
08N368,33.224,-2.347,2008,2,No
08N369,32.407,-2.275,2008,3,No
08N36I,33.056,-2.785,2008,3,No
08N36U,33.060,-4.540,2008,2,No
08N370,32.555,-1.436,2008,3,No
08N371,33.002,-2.087,2008,3,No
08N372,32.225,-2.229,2008,2,No
08N373,33.082,-2.658,2008,3,No
08N374,33.121,-2.573,2008,3,No
08N375,32.604,-1.816,2008,3,No
08N376,33.200,-2.368,2008,3,No
08N37I,33.575,-3.255,2008,3,No
08N37U,33.106,-4.677,2008,2,No
08N38I,33.412,-2.564,2008,3,No
08N38U,33.082,-4.611,2008,3,No
08N39I,33.019,-2.767,2008,2,No
08N39U,33.040,-4.583,2008,3,No
08N40I,33.265,-2.863,2008,2,No
08N40U,33.086,-4.545,2008,2,No
08N41I,33.082,-2.628,2008,3,No
08N41U,33.021,-4.573,2008,3,No
08N42I,32.664,-2.100,2008,3,No
08N42U,33.008,-4.565,2008,2,No
08N43I,33.257,-3.101,2008,3,No
08N43U,33.010,-4.574,2008,3,No
08N44I,33.198,-3.229,2008,2,No
08N44U,33.046,-4.545,2008,3,No
08N45U,33.024,-4.545,2008,3,No
08N46U,33.098,-4.667,2008,3,No
08N47U,33.101,-4.678,2008,3,No
08N48U,33.167,-4.664,2008,3,No
08N49U,33.076,-4.509,2008,3,No
08N50U,33.094,-4.513,2008,3,No
08N51U,33.074,-4.556,2008,2,No
09N001,33.512,-3.167,2009,3,No
09N002,32.983,-4.525,2009,3,No
09N003,33.200,-3.251,2009,1,No
09N004,33.519,-3.173,2009,2,No
09N005,33.596,-3.173,2009,3,No
09N006,33.238,-3.313,2009,3,No
09N007,33.162,-3.373,2009,3,No
09N008,33.183,-3.299,2009,3,No
09N009,33.191,-3.224,2009,2,No
09N010,33.265,-3.687,2009,4,No
09N011,33.354,-3.227,2009,3,No
09N012,33.405,-3.124,2009,3,No
09N013,32.813,-3.986,2009,3,No
09N014,33.189,-3.264,2009,2,No
09N015,33.243,-3.675,2009,2,No
09N016,32.881,-3.950,2009,3,No
09N017,33.145,-4.663,2009,2,No
09N018,32.836,-4.026,2009,3,No
09N019,32.994,-3.648,2009,4,No
09N01A,32.910,-3.945,2009,3,No
09N01C,33.126,-3.946,2009,1,No
09N01D,33.204,-3.923,2009,3,No
09N01FM,33.212,-3.856,2009,2,No
09N01G,32.901,-3.643,2009,3,No
09N01H,33.321,-3.657,2009,4,No
09N01I,33.690,-2.620,2009,3,No
09N01J,32.896,-3.976,2009,3,No
09N01K,30.002,-7.427,2009,2,No
09N01LC,33.344,-3.776,2009,3,No
09N01M,33.221,-3.903,2009,3,No
09N01N,33.195,-4.074,2009,3,No
09N01P,33.216,-3.891,2009,3,No
09N01Q,32.792,-4.005,2009,3,No
09N01R,33.144,-3.995,2009,3,No
09N01T,33.568,-3.206,2009,3,No
09N01U,33.329,-2.752,2009,,No
09N01W,33.480,-3.126,2009,2,No
09N01X,33.219,-3.878,2009,1,No
09N020,32.856,-3.980,2009,3,No
09N021,32.927,-3.770,2009,3,No
09N022,33.127,-4.686,2009,3,No
09N023,32.954,-3.917,2009,2,No
09N024,32.883,-3.996,2009,3,No
09N025,32.901,-3.739,2009,2,No
09N026,32.901,-3.950,2009,2,No
09N027,32.992,-3.883,2009,3,No
09N028,32.967,-3.879,2009,3,No
09N029,32.862,-3.968,2009,1,No
09N02A,33.258,-3.865,2009,3,No
09N02C,33.243,-3.931,2009,3,No
09N02G,33.266,-3.713,2009,3,No
09N02H,33.040,-3.893,2009,3,No
09N02I,33.664,-3.135,2009,3,No
09N02J,33.152,-3.835,2009,3,No
09N02LC,33.190,-3.886,2009,3,No
09N02M,33.248,-3.911,2009,,No
09N02P,33.189,-3.885,2009,3,No
09N02Q,32.791,-4.003,2009,3,No
09N02R,33.191,-3.883,2009,3,No
09N02T,32.547,-2.996,2009,3,No
09N02U,33.383,-3.072,2009,3,No
09N02W,33.079,-2.821,2009,3,No
09N030,32.912,-3.945,2009,3,No
09N031,32.782,-3.896,2009,3,No
09N032,32.989,-3.901,2009,3,No
09N033,32.434,-2.271,2009,3,No
09N038,32.213,-2.648,2009,3,No
09N039,32.934,-2.270,2009,3,No
09N03A,33.169,-3.912,2009,3,No
09N03G,32.790,-4.012,2009,3,No
09N03H,33.247,-3.721,2009,3,No
09N03I,33.137,-2.719,2009,3,No
09N03J,33.164,-3.740,2009,2,No
09N03LC,33.154,-3.931,2009,2,No
09N03M,33.213,-3.889,2009,3,No
09N03P,33.233,-3.898,2009,3,No
09N03Q,33.240,-3.710,2009,3,No
09N03R,33.178,-3.975,2009,3,No
09N03T,32.228,-2.054,2009,3,No
09N03W,32.404,-2.622,2009,2,No
09N040,32.903,-2.324,2009,4,No
09N041,32.760,-2.325,2009,3,No
09N043,32.728,-2.662,2009,3,No
09N044,32.717,-2.739,2009,3,No
09N045,32.212,-2.641,2009,3,No
09N047,32.171,-2.543,2009,3,No
09N04A,33.160,-3.887,2009,2,No
09N04G,33.135,-4.018,2009,2,No
09N04H,33.254,-3.709,2009,3,No
09N04I,33.306,-2.773,2009,3,No
09N04J,33.172,-4.040,2009,3,No
09N04LC,33.137,-3.976,2009,2,No
09N04M,33.008,-4.101,2009,3,No
09N04P,33.150,-3.980,2009,3,No
09N04Q,33.203,-3.749,2009,3,No
09N04R,33.276,-3.891,2009,3,No
09N04T,32.214,-2.034,2009,3,No
09N04U,33.698,-2.962,2009,3,No
09N050,32.834,-1.982,2009,3,No
09N051,32.809,-1.985,2009,3,No
09N052,32.758,-2.730,2009,3,No
09N053,32.960,-2.472,2009,3,No
09N055,32.680,-2.682,2009,3,No
09N056,32.723,-2.638,2009,3,No
09N057,32.811,-1.965,2009,3,No
09N058,32.775,-2.599,2009,3,No
09N059,32.848,-2.026,2009,3,No
09N05A,33.170,-3.914,2009,3,No
09N05G,33.170,-3.830,2009,3,No
09N05H,33.217,-3.688,2009,3,No
09N05I,33.111,-2.603,2009,3,No
09N05LC,33.215,-4.059,2009,3,No
09N05M,33.158,-3.925,2009,3,No
09N05P,33.301,-3.805,2009,3,No
09N05Q,33.198,-3.913,2009,2,No
09N05T,32.300,-2.292,2009,2,No
09N05U,33.703,-3.128,2009,3,No
09N060,32.756,-2.707,2009,3,No
09N061,32.693,-2.180,2009,3,No
09N062,33.015,-2.422,2009,3,No
09N063,33.186,-2.357,2009,3,No
09N064,32.683,-2.820,2009,3,No
09N065,32.819,-2.450,2009,3,No
09N066,32.670,-2.183,2009,3,No
09N067,33.596,-2.624,2009,3,No
09N068,33.473,-2.527,2009,3,No
09N069,33.663,-3.134,2009,3,No
09N06A,33.340,-3.781,2009,3,No
09N06H,33.213,-3.887,2009,2,No
09N06I,33.385,-2.722,2009,2,No
09N06LC,33.205,-4.077,2009,3,No
09N06M,33.272,-3.944,2009,2,No
09N06P,33.286,-3.837,2009,3,No
09N06Q,33.145,-4.001,2009,3,No
09N06T,32.166,-2.561,2009,3,No
09N06U,33.681,-3.133,2009,3,No
09N070,33.629,-2.899,2009,3,No
09N071,33.317,-2.739,2009,3,No
09N072,33.593,-3.362,2009,4,No
09N073,33.757,-2.915,2009,3,No
09N074,33.645,-2.891,2009,2,No
09N075,33.524,-2.652,2009,3,No
09N076,33.706,-2.647,2009,3,No
09N077,33.463,-2.891,2009,3,No
09N078,33.438,-3.276,2009,3,No
09N079,33.348,-3.260,2009,3,No
09N07A,33.082,-3.179,2009,2,No
09N07H,33.277,-3.974,2009,2,No
09N07I,33.183,-2.638,2009,3,No
09N07LC,33.244,-3.955,2009,3,No
09N07M,33.142,-3.941,2009,3,No
09N07P,33.264,-3.859,2009,3,No
09N07Q,33.185,-4.078,2009,2,No
09N07T,32.395,-2.672,2009,3,No
09N07U,33.657,-3.144,2009,3,No
09N080,33.707,-2.962,2009,2,No
09N081,33.591,-2.632,2009,3,No
09N082,32.593,-1.541,2009,3,No
09N083,32.599,-1.544,2009,2,No
09N084,32.293,-1.596,2009,3,No
09N085,32.482,-1.472,2009,3,No
09N087,32.304,-1.622,2009,3,No
09N088,32.515,-1.522,2009,3,No
09N08A,33.450,-3.006,2009,3,No
09N08H,33.296,-3.901,2009,3,No
09N08I,33.791,-2.710,2009,3,No
09N08LC,33.221,-3.901,2009,2,No
09N08M,33.124,-4.010,2009,3,No
09N08P,33.218,-3.888,2009,3,No
09N08Q,33.376,-2.394,2009,3,No
09N08T,32.426,-2.271,2009,3,No
09N08U,33.576,-3.287,2009,3,No
09N090,32.271,-2.814,2009,2,No
09N091,32.768,-2.350,2009,3,No
09N092,32.339,-1.670,2009,3,No
09N093,32.707,-2.747,2009,3,No
09N094,32.496,-2.872,2009,3,No
09N095,32.718,-2.117,2009,3,No
09N096,32.725,-2.116,2009,3,No
09N097,32.446,-1.648,2009,3,No
09N098,33.280,-2.951,2009,3,No
09N099,33.554,-3.151,2009,3,No
09N09A,33.316,-2.855,2009,3,No
09N09I,33.911,-2.428,2009,3,No
09N09LC,33.229,-3.962,2009,2,No
09N09M,33.271,-3.979,2009,3,No
09N09P,33.239,-3.902,2009,2,No
09N09Q,33.943,-2.327,2009,,No
09N09T,32.319,-2.318,2009,3,No
09N09U,33.357,-3.211,2009,3,No
09N100,33.519,-3.543,2009,3,No
09N101,33.538,-3.400,2009,3,No
09N102,33.514,-2.457,2009,3,No
09N103,33.818,-2.449,2009,2,No
09N104,33.828,-2.426,2009,3,No
09N105,33.706,-2.653,2009,2,No
09N106,33.478,-3.046,2009,2,No
09N107,33.504,-3.183,2009,2,No
09N108,33.616,-2.612,2009,3,No
09N109,33.192,-3.079,2009,2,No
09N10A,33.587,-2.792,2009,2,No
09N10I,33.749,-2.678,2009,3,No
09N10LC,33.237,-3.928,2009,2,No
09N10M,33.240,-3.915,2009,2,No
09N10P,33.257,-3.949,2009,1,No
09N10Q,33.810,-2.439,2009,2,No
09N10T,32.217,-2.501,2009,3,No
09N10U,33.255,-3.656,2009,3,No
09N110,33.212,-2.359,2009,3,No
09N111,33.693,-2.621,2009,2,No
09N112,33.813,-2.451,2009,3,No
09N113,33.693,-2.620,2009,1,No
09N114,33.703,-2.959,2009,3,No
09N115,33.630,-2.838,2009,3,No
09N116,33.509,-2.649,2009,3,No
09N117,33.626,-2.624,2009,1,No
09N118,33.504,-2.535,2009,2,No
09N119,32.390,-2.679,2009,1,No
09N11A,33.149,-2.595,2009,3,No
09N11I,32.898,-2.524,2009,3,No
09N11LC,33.265,-3.868,2009,1,No
09N11M,33.134,-3.996,2009,3,No
09N11P,33.260,-3.847,2009,3,No
09N11Q,33.804,-2.439,2009,3,No
09N11T,32.250,-2.302,2009,3,No
09N11U,32.870,-3.949,2009,3,No
09N120,32.546,-1.512,2009,3,No
09N121,32.360,-2.182,2009,3,No
09N123,32.166,-2.671,2009,3,No
09N125,32.770,-2.288,2009,3,No
09N126,32.308,-2.328,2009,1,No
09N127,32.305,-1.709,2009,3,No
09N128,32.329,-2.325,2009,3,No
09N12A,33.691,-2.796,2009,3,No
09N12I,33.096,-2.449,2009,3,No
09N12LC,33.272,-3.915,2009,1,No
09N12M,33.134,-3.940,2009,3,No
09N12P,33.136,-4.007,2009,2,No
09N12Q,33.941,-2.325,2009,3,No
09N12T,32.255,-2.286,2009,2,No
09N12U,32.824,-4.003,2009,3,No
09N131,32.329,-2.237,2009,3,No
09N133,32.776,-2.494,2009,3,No
09N135,33.450,-3.051,2009,3,No
09N136,33.590,-3.600,2009,3,No
09N137,33.122,-3.576,2009,3,No
09N138,33.357,-3.135,2009,3,No
09N139,33.665,-3.141,2009,3,No
09N13A,33.706,-2.603,2009,2,No
09N13I,33.304,-2.960,2009,3,No
09N13LC,33.261,-3.952,2009,2,No
09N13M,33.134,-3.942,2009,3,No
09N13P,33.282,-3.896,2009,2,No
09N13Q,33.938,-2.318,2009,3,No
09N13T,32.256,-2.308,2009,3,No
09N13U,33.221,-3.922,2009,3,No
09N140,33.425,-3.210,2009,3,No
09N141,33.512,-3.421,2009,3,No
09N142,33.443,-3.243,2009,3,No
09N143,33.129,-3.545,2009,3,No
09N144,33.497,-3.503,2009,3,No
09N145,33.491,-3.494,2009,3,No
09N146,33.577,-3.003,2009,5,No
09N147,32.981,-3.918,2009,2,No
09N148,32.919,-3.741,2009,3,No
09N149,33.091,-3.863,2009,4,No
09N14I,33.252,-2.930,2009,2,No
09N14LC,33.222,-3.904,2009,3,No
09N14M,33.180,-3.990,2009,3,No
09N14T,32.339,-2.262,2009,3,No
09N14U,33.056,-4.667,2009,2,No
09N150,32.804,-3.992,2009,3,No
09N151,32.832,-4.029,2009,1,No
09N152,32.931,-3.773,2009,3,No
09N153,33.014,-3.932,2009,2,No
09N154,33.017,-3.930,2009,3,No
09N155,33.064,-4.690,2009,3,No
09N156,33.045,-4.682,2009,3,No
09N157,32.919,-3.952,2009,3,No
09N158,32.875,-3.936,2009,1,No
09N159,32.920,-3.980,2009,2,No
09N15I,33.072,-2.733,2009,3,No
09N15LC,33.121,-2.908,2009,2,No
09N15M,33.235,-3.897,2009,3,No
09N15T,32.304,-2.270,2009,3,No
09N160,32.836,-4.026,2009,2,No
09N161,32.847,-4.023,2009,2,No
09N162,32.883,-3.998,2009,3,No
09N163,32.844,-3.908,2009,3,No
09N164,33.084,-4.695,2009,3,No
09N165,33.158,-3.758,2009,3,No
09N166,33.261,-3.688,2009,3,No
09N167,32.941,-3.919,2009,3,No
09N168,32.872,-3.931,2009,3,No
09N169,32.850,-3.883,2009,3,No
09N16I,33.158,-2.883,2009,4,No
09N16LC,33.221,-3.000,2009,3,No
09N16M,33.264,-3.867,2009,2,No
09N16T,32.559,-2.320,2009,3,No
09N170,32.784,-3.893,2009,3,No
09N171,32.855,-4.010,2009,3,No
09N172,32.782,-3.922,2009,3,No
09N173,32.901,-3.967,2009,3,No
09N174,32.918,-3.742,2009,3,No
09N175,32.347,-2.255,2009,3,No
09N176,32.549,-2.510,2009,2,No
09N177,32.492,-1.503,2009,3,No
09N178,32.247,-2.724,2009,3,No
09N17I,33.184,-2.693,2009,1,No
09N17M,33.253,-3.871,2009,2,No
09N17T,32.562,-2.326,2009,3,No
09N180,32.590,-1.566,2009,3,No
09N182,32.849,-2.200,2009,2,No
09N183,32.841,-2.153,2009,3,No
09N184,32.674,-2.150,2009,3,No
09N185,32.693,-2.370,2009,3,No
09N186,32.682,-2.193,2009,3,No
09N187,32.672,-2.179,2009,3,No
09N188,32.809,-2.683,2009,3,No
09N189,32.454,-1.649,2009,2,No
09N18I,33.357,-2.992,2009,3,No
09N18M,33.205,-4.058,2009,3,No
09N18T,32.312,-2.353,2009,3,No
09N190,32.301,-1.544,2009,3,No
09N192,32.724,-2.246,2009,3,No
09N193,32.695,-2.244,2009,3,No
09N194,33.133,-3.379,2009,3,No
09N195,33.421,-3.491,2009,3,No
09N196,33.632,-3.632,2009,3,No
09N197,33.505,-3.645,2009,3,No
09N198,33.880,-2.533,2009,3,No
09N199,33.021,-3.111,2009,3,No
09N19I,33.949,-2.333,2009,3,No
09N19M,33.249,-2.806,2009,3,No
09N19T,32.304,-2.300,2009,3,No
09N200,33.202,-3.514,2009,2,No
09N201,33.368,-3.666,2009,3,No
09N202,33.517,-3.119,2009,3,No
09N203,33.540,-3.349,2009,3,No
09N204,33.656,-3.426,2009,3,No
09N205,33.448,-3.087,2009,2,No
09N206,33.814,-2.648,2009,3,No
09N207,33.153,-3.294,2009,4,No
09N208,33.108,-3.124,2009,3,No
09N209,33.132,-3.395,2009,3,No
09N20I,33.554,-2.779,2009,3,No
09N20M,33.121,-2.973,2009,3,No
09N20T,32.307,-2.298,2009,3,No
09N210,33.580,-3.530,2009,3,No
09N211,33.342,-3.254,2009,3,No
09N212,33.297,-3.111,2009,3,No
09N213,33.607,-3.129,2009,3,No
09N214,33.335,-3.376,2009,3,No
09N215,33.505,-3.160,2009,3,No
09N216,33.378,-3.167,2009,3,No
09N217,33.212,-3.349,2009,3,No
09N218,33.699,-3.077,2009,1,No
09N219,33.053,-4.755,2009,3,No
09N21I,33.299,-2.898,2009,4,No
09N21M,33.301,-3.231,2009,3,No
09N21T,32.252,-2.234,2009,3,No
09N220,33.008,-4.565,2009,2,No
09N221,33.228,-3.242,2009,4,No
09N222,33.652,-3.134,2009,3,No
09N223,33.141,-4.661,2009,1,No
09N224,33.392,-3.358,2009,3,No
09N225,33.313,-3.125,2009,4,No
09N226,33.043,-4.542,2009,1,No
09N227,33.061,-4.545,2009,3,No
09N228,32.900,-3.997,2009,2,No
09N229,32.884,-3.956,2009,2,No
09N22I,33.323,-2.711,2009,3,No
09N22M,33.321,-3.056,2009,3,No
09N22T,32.445,-2.634,2009,3,No
09N230,32.955,-3.883,2009,2,No
09N231,32.954,-3.874,2009,2,No
09N232,32.897,-3.988,2009,1,No
09N233,32.849,-3.911,2009,3,No
09N234,32.861,-3.930,2009,2,No
09N235,32.849,-3.908,2009,3,No
09N236,32.925,-3.732,2009,1,No
09N237,33.047,-3.911,2009,2,No
09N238,32.842,-3.914,2009,1,No
09N239,33.090,-4.711,2009,2,No
09N23I,33.406,-2.649,2009,3,No
09N23M,33.317,-2.978,2009,3,No
09N23T,32.443,-2.790,2009,1,No
09N241,32.845,-3.950,2009,3,No
09N242,33.007,-3.910,2009,2,No
09N243,32.861,-3.927,2009,1,No
09N244,32.996,-3.886,2009,3,No
09N245,32.991,-3.867,2009,3,No
09N246,32.946,-2.502,2009,4,No
09N247,32.814,-2.464,2009,3,No
09N248,33.173,-2.158,2009,3,No
09N249,33.209,-2.400,2009,3,No
09N24M,33.299,-2.957,2009,2,No
09N24T,32.441,-2.768,2009,2,No
09N250,32.834,-2.145,2009,3,No
09N251,32.815,-2.094,2009,3,No
09N252,32.860,-2.188,2009,3,No
09N253,32.814,-2.232,2009,3,No
09N254,32.679,-1.579,2009,3,No
09N255,32.732,-2.148,2009,3,No
09N256,32.879,-2.071,2009,3,No
09N257,32.913,-2.074,2009,3,No
09N258,32.774,-2.510,2009,3,No
09N259,32.716,-2.131,2009,3,No
09N25M,33.586,-2.804,2009,3,No
09N25T,32.376,-2.182,2009,,No
09N260,32.745,-2.248,2009,3,No
09N261,32.729,-2.386,2009,3,No
09N262,33.022,-2.216,2009,3,No
09N263,32.661,-2.030,2009,3,No
09N264,32.629,-2.410,2009,4,No
09N265,32.646,-2.407,2009,3,No
09N266,32.655,-2.372,2009,3,No
09N267,32.729,-2.145,2009,3,No
09N268,32.732,-2.138,2009,3,No
09N269,32.709,-2.113,2009,3,No
09N26M,33.629,-2.743,2009,4,No
09N26T,32.450,-2.797,2009,2,No
09N270,32.709,-2.092,2009,4,No
09N271,32.681,-2.359,2009,3,No
09N272,32.688,-2.881,2009,2,No
09N274,32.341,-1.660,2009,3,No
09N275,32.329,-1.646,2009,2,No
09N276,32.332,-1.625,2009,3,No
09N279,32.705,-2.361,2009,3,No
09N27M,33.658,-2.767,2009,3,No
09N27T,32.201,-2.415,2009,2,No
09N285,32.635,-2.477,2009,3,No
09N286,32.375,-1.633,2009,3,No
09N287,32.193,-2.115,2009,2,No
09N288,32.773,-2.269,2009,3,No
09N28M,33.646,-2.712,2009,2,No
09N28T,32.326,-2.302,2009,3,No
09N290,32.335,-1.374,2009,3,No
09N291,32.977,-3.912,2009,2,No
09N292,32.881,-3.950,2009,3,No
09N293,32.962,-3.877,2009,3,No
09N294,32.921,-3.911,2009,3,No
09N295,32.883,-3.784,2009,2,No
09N296,32.889,-3.941,2009,2,No
09N297,32.879,-3.934,2009,3,No
09N298,32.910,-3.965,2009,2,No
09N299,32.843,-3.929,2009,2,No
09N29M,33.257,-3.863,2009,3,No
09N29T,32.422,-2.617,2009,3,No
09N300,33.087,-4.711,2009,3,No
09N301,33.071,-4.705,2009,3,No
09N302,32.905,-3.623,2009,2,No
09N303,32.821,-4.065,2009,3,No
09N304,33.000,-3.653,2009,2,No
09N305,32.853,-3.931,2009,3,No
09N306,32.961,-3.874,2009,3,No
09N307,32.548,-1.499,2009,3,No
09N308,32.534,-1.488,2009,3,No
09N309,32.496,-1.752,2009,3,No
09N30M,33.141,-3.991,2009,2,No
09N30T,32.473,-2.343,2009,3,No
09N312,32.361,-2.212,2009,3,No
09N313,32.478,-1.503,2009,3,No
09N314,32.456,-2.426,2009,1,No
09N315,32.474,-2.701,2009,3,No
09N316,32.490,-1.513,2009,3,No
09N317,32.505,-1.491,2009,3,No
09N318,32.517,-1.491,2009,3,No
09N319,32.545,-2.998,2009,3,No
09N31T,32.466,-2.239,2009,2,No
09N320,32.675,-2.828,2009,3,No
09N321,32.584,-1.602,2009,4,No
09N322,32.483,-1.487,2009,3,No
09N323,32.968,-3.912,2009,2,No
09N324,32.951,-3.884,2009,2,No
09N325,32.847,-3.898,2009,3,No
09N326,32.910,-3.618,2009,3,No
09N327,32.876,-3.952,2009,2,No
09N328,32.847,-3.915,2009,3,No
09N329,32.842,-3.753,2009,1,No
09N32T,32.327,-2.318,2009,3,No
09N330,32.865,-3.937,2009,2,No
09N331,32.833,-3.934,2009,3,No
09N332,32.952,-3.660,2009,3,No
09N333,32.903,-3.952,2009,2,No
09N334,33.015,-3.931,2009,1,No
09N335,32.908,-3.654,2009,3,No
09N336,33.110,-4.683,2009,3,No
09N337,32.917,-3.653,2009,3,No
09N338,33.089,-4.538,2009,3,No
09N339,32.970,-3.904,2009,3,No
09N33T,32.329,-2.309,2009,3,No
09N340,32.631,-2.010,2009,3,No
09N341,32.642,-2.014,2009,3,No
09N342,32.974,-2.060,2009,3,No
09N343,32.672,-2.374,2009,3,No
09N344,32.657,-2.990,2009,3,No
09N345,33.155,-2.257,2009,2,No
09N346,33.087,-2.243,2009,3,No
09N347,33.178,-2.243,2009,3,No
09N348,33.108,-2.342,2009,3,No
09N349,32.915,-2.508,2009,3,No
09N34T,32.270,-2.407,2009,3,No
09N350,32.762,-2.500,2009,3,No
09N351,33.221,-2.027,2009,3,No
09N352,33.188,-2.141,2009,3,No
09N353,32.640,-2.389,2009,4,No
09N354,32.206,-2.905,2009,3,No
09N355,32.281,-2.746,2009,3,No
09N356,32.258,-2.739,2009,3,No
09N357,32.259,-2.876,2009,3,No
09N359,32.645,-2.793,2009,3,No
09N35T,32.363,-2.116,2009,3,No
09N360,32.543,-2.386,2009,2,No
09N361,32.517,-1.564,2009,3,No
09N362,32.559,-2.552,2009,3,No
09N364,32.429,-2.271,2009,3,No
09N365,32.802,-2.706,2009,3,No
09N366,32.263,-2.288,2009,2,No
09N367,33.527,-3.425,2009,3,No
09N368,33.248,-2.992,2009,3,No
09N369,33.977,-3.340,2009,3,No
09N36T,32.321,-2.296,2009,2,No
09N370,33.137,-3.299,2009,2,No
09N371,33.498,-3.596,2009,2,No
09N372,34.048,-3.238,2009,2,No
09N373,33.534,-3.093,2009,3,No
09N374,33.529,-3.629,2009,3,No
09N375,33.036,-3.365,2009,3,No
09N376,33.664,-3.034,2009,4,No
09N377,33.201,-3.622,2009,3,No
09N378,33.414,-3.344,2009,3,No
09N379,33.750,-3.011,2009,3,No
09N37T,32.338,-2.315,2009,3,No
09N380,33.739,-3.005,2009,3,No
09N381,33.486,-2.533,2009,3,No
09N382,33.626,-2.624,2009,1,No
09N383,33.680,-2.952,2009,3,No
09N384,33.714,-2.611,2009,3,No
09N385,33.593,-2.740,2009,3,No
09N386,33.756,-2.781,2009,2,No
09N387,33.690,-2.612,2009,3,No
09N388,33.609,-2.627,2009,3,No
09N389,33.632,-2.722,2009,3,No
09N38T,32.378,-2.158,2009,2,No
09N390,33.622,-2.618,2009,3,No
09N391,33.481,-2.572,2009,4,No
09N392,33.701,-2.585,2009,4,No
09N396,33.142,-4.666,2009,2,No
09N397,33.082,-4.698,2009,2,No
09N398,33.052,-4.678,2009,2,No
09N399,33.051,-4.578,2009,3,No
09N39T,32.268,-2.290,2009,3,No
09N400,33.047,-4.541,2009,3,No
09N401,33.200,-3.096,2009,3,No
09N402,33.504,-3.209,2009,2,No
09N403,32.997,-3.653,2009,1,No
09N404,33.047,-4.650,2009,3,No
09N405,33.043,-4.680,2009,2,No
09N406,33.062,-4.542,2009,2,No
09N407,33.064,-4.564,2009,1,No
09N408,33.543,-3.181,2009,1,No
09N409,33.120,-4.696,2009,2,No
09N40T,32.499,-2.550,2009,3,No
09N410,33.247,-3.677,2009,2,No
09N411,33.086,-4.713,2009,3,No
09N412,33.227,-3.251,2009,2,No
09N413,33.688,-2.761,2009,1,No
09N414,33.811,-2.259,2009,2,No
09N415,33.660,-2.782,2009,3,No
09N416,33.943,-2.328,2009,3,No
09N417,33.605,-2.655,2009,3,No
09N419,33.706,-2.603,2009,2,No
09N41T,32.546,-2.531,2009,4,No
09N421,33.800,-2.435,2009,2,No
09N423,33.695,-2.625,2009,2,No
09N424,33.625,-2.604,2009,2,No
09N425,33.683,-2.943,2009,4,No
09N428,33.680,-2.630,2009,2,No
09N429,33.767,-2.799,2009,3,No
09N42T,32.298,-2.357,2009,2,No
09N430,32.552,-2.532,2009,3,No
09N431,32.535,-2.394,2009,2,No
09N432,32.392,-2.369,2009,2,No
09N433,32.397,-2.279,2009,3,No
09N434,32.569,-2.366,2009,3,No
09N435,32.682,-2.440,2009,3,No
09N436,32.357,-2.370,2009,3,No
09N437,32.712,-2.242,2009,3,No
09N438,32.254,-2.869,2009,3,No
09N439,32.397,-2.260,2009,2,No
09N43T,32.193,-2.448,2009,2,No
09N440,32.426,-2.383,2009,1,No
09N441,32.464,-2.059,2009,3,No
09N442,32.356,-2.150,2009,3,No
09N445,32.350,-1.717,2009,3,No
09N446,32.433,-2.391,2009,2,No
09N447,32.483,-2.631,2009,1,No
09N448,32.483,-2.632,2009,2,No
09N449,32.495,-2.611,2009,1,No
09N44T,32.561,-2.261,2009,3,No
09N450,32.955,-2.049,2009,3,No
09N451,32.937,-2.060,2009,3,No
09N452,32.297,-2.283,2009,3,No
09N453,32.403,-2.620,2009,2,No
09N454,32.348,-1.636,2009,3,No
09N455,32.670,-2.585,2009,3,No
09N456,32.762,-1.705,2009,3,No
09N457,33.467,-1.815,2009,4,No
09N458,33.499,-1.790,2009,3,No
09N459,32.525,-2.212,2009,3,No
09N45T,32.550,-2.491,2009,3,No
09N460,32.877,-2.579,2009,3,No
09N461,32.691,-2.150,2009,3,No
09N462,33.492,-2.202,2009,3,No
09N463,33.524,-2.644,2009,2,No
09N464,33.943,-2.326,2009,3,No
09N465,33.817,-2.421,2009,2,No
09N466,33.763,-2.924,2009,2,No
09N467,33.909,-2.248,2009,3,No
09N468,33.729,-2.824,2009,1,No
09N469,32.873,-3.949,2009,2,No
09N46T,32.433,-2.112,2009,3,No
09N470,32.959,-3.914,2009,2,No
09N471,33.001,-3.909,2009,1,No
09N472,33.069,-4.571,2009,2,No
09N473,32.858,-3.923,2009,1,No
09N475,32.844,-4.029,2009,2,No
09N476,32.854,-4.011,2009,1,No
09N477,33.165,-4.656,2009,2,No
09N478,32.850,-3.898,2009,2,No
09N479,32.925,-2.472,2009,3,No
09N47T,32.378,-2.166,2009,2,No
09N480,32.470,-2.904,2009,2,No
09N481,32.418,-2.613,2009,2,No
09N482,32.547,-2.546,2009,1,No
09N483,32.737,-2.728,2009,3,No
09N484,32.442,-2.383,2009,1,No
09N485,32.476,-1.701,2009,3,No
09N486,32.775,-2.067,2009,3,No
09N487,32.701,-2.057,2009,3,No
09N488,32.736,-2.068,2009,3,No
09N489,32.640,-2.374,2009,3,No
09N48T,32.340,-2.222,2009,3,No
09N490,32.687,-2.401,2009,3,No
09N491,32.704,-2.099,2009,2,No
09N492,32.426,-2.371,2009,4,No
09N494,32.474,-1.751,2009,3,No
09N495,32.470,-1.724,2009,3,No
09N496,32.644,-2.370,2009,3,No
09N497,32.851,-3.928,2009,1,No
09N498,32.885,-3.930,2009,2,No
09N499,33.146,-4.673,2009,2,No
09N49T,32.430,-2.376,2009,3,No
09N500,32.848,-3.916,2009,2,No
09N501,32.916,-3.907,2009,1,No
09N502,33.516,-3.456,2009,2,No
09N503,33.144,-3.108,2009,2,No
09N504,34.141,-3.128,2009,2,No
09N505,33.179,-3.016,2009,2,No
09N506,33.227,-3.070,2009,3,No
09N507,33.141,-3.292,2009,2,No
09N508,33.476,-3.560,2009,2,No
09N509,33.547,-3.122,2009,3,No
09N50T,32.488,-2.305,2009,2,No
09N50XX,33.178,-4.589,2009,,No
09N510,33.031,-3.290,2009,3,No
09N511,33.147,-3.273,2009,3,No
09N512,33.477,-3.631,2009,3,No
09N513,33.263,-3.471,2009,4,No
09N514,33.306,-3.154,2009,3,No
09N515,33.594,-3.653,2009,3,No
09N516,33.332,-3.164,2009,3,No
09N517,33.527,-3.186,2009,3,No
09N518,33.539,-3.203,2009,3,No
09N51T,32.206,-2.395,2009,3,No
09N52T,32.458,-2.439,2009,3,No
09N53T,32.552,-2.494,2009,3,No
09N54T,32.390,-2.276,2009,3,No
09N55T,32.434,-2.392,2009,2,No
09N56T,32.553,-2.533,2009,3,No
09N99W,32.469,-2.604,2009,2,No
10N001A,33.399,-2.920,2010,2,No
10N001B,33.314,-3.104,2010,3,No
10N001D,32.847,-3.909,2010,3,No
10N001I,32.667,-2.546,2010,2,No
10N001K,29.895,-6.705,2010,2,No
10N001L,29.706,-7.247,2010,3,No
10N001M,33.316,-3.165,2010,3,No
10N002A,33.397,-2.920,2010,3,No
10N002B,33.313,-2.940,2010,3,No
10N002D,32.876,-3.952,2010,1,No
10N002I,32.668,-2.047,2010,2,No
10N002K,29.704,-7.011,2010,2,No
10N002L,30.013,-7.362,2010,2,No
10N002M,33.136,-3.319,2010,3,No
10N003A,33.393,-2.927,2010,3,No
10N003B,33.300,-2.904,2010,3,No
10N003D,32.851,-3.905,2010,2,No
10N003I,32.952,-2.143,2010,3,No
10N003K,29.697,-7.373,2010,2,No
10N003L,29.701,-7.349,2010,3,No
10N003M,33.342,-3.255,2010,3,No
10N003O,30.021,-7.402,2010,2,No
10N004A,33.370,-2.909,2010,2,No
10N004B,33.149,-3.013,2010,2,No
10N004D,32.864,-3.897,2010,3,No
10N004I,32.827,-2.114,2010,2,No
10N004K,29.174,-8.201,2010,2,No
10N004L,30.046,-7.282,2010,2,No
10N004M,33.398,-3.226,2010,3,No
10N004O,30.001,-7.448,2010,3,No
10N005A,33.440,-2.937,2010,3,No
10N005B,33.114,-3.142,2010,1,No
10N005D,32.978,-3.919,2010,2,No
10N005F,32.435,-2.085,2010,3,No
10N005I,32.768,-2.494,2010,2,No
10N005K,29.952,-6.778,2010,2,No
10N005L,30.017,-7.403,2010,2,No
10N005M,33.400,-3.341,2010,3,No
10N006A,33.943,-2.325,2010,3,No
10N006B,33.000,-3.018,2010,2,No
10N006D,32.951,-3.917,2010,2,No
10N006I,32.849,-2.619,2010,2,No
10N006L,29.706,-7.240,2010,2,No
10N006M,33.192,-3.124,2010,3,No
10N006O,29.758,-7.341,2010,2,No
10N007A,33.939,-2.319,2010,2,No
10N007B,33.286,-2.773,2010,3,No
10N007D,32.940,-3.918,2010,3,No
10N007F,32.221,-2.331,2010,2,No
10N007I,32.822,-2.607,2010,1,No
10N007K,29.747,-6.937,2010,2,No
10N007L,30.002,-7.390,2010,2,No
10N007M,33.396,-3.103,2010,3,No
10N007O,29.874,-6.566,2010,2,No
10N008A,33.964,-2.278,2010,3,No
10N008B,33.081,-2.805,2010,3,No
10N008D,32.952,-3.923,2010,2,No
10N008I,32.658,-2.580,2010,2,No
10N008K,29.737,-6.939,2010,3,No
10N008L,29.759,-7.111,2010,2,No
10N008M,33.648,-3.177,2010,2,No
10N008O,29.747,-7.372,2010,1,No
10N009A,33.965,-2.296,2010,3,No
10N009B,33.611,-2.441,2010,3,No
10N009D,32.835,-3.908,2010,3,No
10N009I,32.783,-2.309,2010,3,No
10N009K,29.839,-6.782,2010,3,No
10N009L,29.739,-7.379,2010,2,No
10N009M,33.592,-3.204,2010,2,No
10N009O,29.283,-8.179,2010,2,No
10N010A,33.689,-2.443,2010,3,No
10N010B,33.228,-3.056,2010,3,No
10N010D,32.822,-3.900,2010,2,No
10N010I,32.777,-2.323,2010,2,No
10N010L,29.754,-7.366,2010,2,No
10N010M,33.353,-3.264,2010,2,No
10N010O,29.287,-8.326,2010,1,No
10N011A,33.594,-2.654,2010,2,No
10N011B,33.330,-2.855,2010,3,No
10N011D,32.989,-3.883,2010,2,No
10N011L,30.001,-7.414,2010,2,No
10N011M,33.200,-3.025,2010,2,No
10N011O,29.323,-8.164,2010,2,No
10N012A,33.706,-2.604,2010,3,No
10N012B,33.343,-2.834,2010,2,No
10N012D,32.973,-3.868,2010,2,No
10N012M,33.358,-3.129,2010,3,No
10N013A,33.637,-2.848,2010,3,No
10N013B,33.465,-2.887,2010,3,No
10N013D,33.463,-3.196,2010,3,No
10N013F,32.311,-2.287,2010,2,No
10N013I,32.742,-2.139,2010,3,No
10N013K,29.741,-7.347,2010,2,No
10N013L,28.867,-9.012,2010,3,No
10N013M,33.184,-3.100,2010,3,No
10N014A,33.426,-2.937,2010,3,No
10N014B,33.463,-2.865,2010,3,No
10N014D,32.984,-3.883,2010,2,No
10N014F,32.298,-2.315,2010,2,No
10N014I,32.759,-2.398,2010,3,No
10N014K,29.949,-7.028,2010,1,No
10N014L,29.785,-7.336,2010,2,No
10N014M,33.716,-3.186,2010,3,No
10N015A,33.698,-2.622,2010,3,No
10N015B,33.393,-2.963,2010,2,No
10N015D,33.048,-4.536,2010,3,No
10N015F,32.187,-2.383,2010,2,No
10N015I,33.196,-2.336,2010,3,No
10N015K,29.927,-6.993,2010,2,No
10N015L,29.681,-6.975,2010,2,No
10N015M,33.403,-3.356,2010,3,No
10N016A,33.461,-2.990,2010,2,No
10N016B,33.588,-2.930,2010,3,No
10N016D,32.850,-3.908,2010,3,No
10N016F,32.214,-2.499,2010,3,No
10N016I,32.929,-2.513,2010,2,No
10N016K,30.172,-6.856,2010,2,No
10N016L,29.688,-6.959,2010,3,No
10N016M,33.409,-3.369,2010,2,No
10N017A,33.405,-2.922,2010,3,No
10N017B,33.110,-2.918,2010,2,No
10N017D,32.855,-3.905,2010,3,No
10N017F,32.335,-2.327,2010,3,No
10N017I,32.752,-2.499,2010,3,No
10N017K,29.758,-7.342,2010,1,No
10N017L,30.030,-7.436,2010,2,No
10N017M,33.277,-3.227,2010,3,No
10N018A,33.634,-2.871,2010,2,No
10N018B,33.157,-2.885,2010,2,No
10N018D,33.009,-3.882,2010,2,No
10N018I,32.719,-2.133,2010,2,No
10N018L,29.664,-7.379,2010,2,No
10N018M,33.506,-3.170,2010,3,No
10N019A,33.725,-2.731,2010,3,No
10N019B,33.130,-2.941,2010,3,No
10N019D,32.845,-3.904,2010,3,No
10N019I,32.700,-2.452,2010,3,No
10N019L,29.747,-7.371,2010,2,No
10N019M,33.420,-3.165,2010,2,No
10N01A,32.386,-2.224,2010,2,No
10N01AJ,33.214,-3.975,2010,2,No
10N01BA,33.144,-3.991,2010,2,No
10N01BJ,33.162,-3.952,2010,2,No
10N01CLA,33.159,-3.932,2010,,No
10N01FB,29.216,-8.377,2010,2,No
10N01G,32.390,-2.262,2010,3,No
10N01H,33.205,-3.944,2010,2,No
10N01I,33.537,-2.676,2010,2,No
10N01J,33.153,-4.011,2010,3,No
10N01K,29.850,-6.579,2010,3,No
10N01LA,33.214,-3.872,2010,2,No
10N01LC,33.163,-3.982,2010,2,No
10N01M,33.226,-3.905,2010,2,No
10N01O,29.466,-7.684,2010,3,No
10N01Q,32.448,-2.614,2010,2,No
10N01SA,33.134,-4.239,2010,2,No
10N01T,32.621,-2.406,2010,3,No
10N01U,33.297,-3.896,2010,3,No
10N01W,32.660,-2.538,2010,3,No
10N01Z,33.454,-2.868,2010,2,No
10N020A,33.488,-3.105,2010,1,No
10N020B,33.475,-3.018,2010,3,No
10N020D,32.843,-3.900,2010,3,No
10N020I,32.687,-2.472,2010,3,No
10N020L,29.876,-7.111,2010,2,No
10N020M,33.379,-3.165,2010,3,No
10N021A,33.446,-2.545,2010,2,No
10N021B,33.223,-2.654,2010,2,No
10N021D,32.850,-3.900,2010,3,No
10N021L,29.944,-6.972,2010,2,No
10N021M,33.743,-3.154,2010,3,No
10N022A,33.627,-2.621,2010,2,No
10N022B,33.119,-2.973,2010,2,No
10N022D,32.781,-3.893,2010,3,No
10N022I,32.676,-2.414,2010,3,No
10N022M,33.369,-2.907,2010,3,No
10N023A,33.634,-2.604,2010,1,No
10N023B,33.307,-2.807,2010,3,No
10N023D,33.269,-3.684,2010,2,No
10N023I,32.661,-2.499,2010,3,No
10N023L,29.234,-8.436,2010,3,No
10N023M,33.551,-3.073,2010,2,No
10N024A,33.498,-2.698,2010,3,No
10N024B,33.105,-3.132,2010,3,No
10N024D,32.796,-3.972,2010,,No
10N024I,32.500,-2.308,2010,2,No
10N024M,33.479,-3.139,2010,3,No
10N025A,33.807,-2.436,2010,3,No
10N025B,33.122,-2.912,2010,3,No
10N025D,32.868,-3.903,2010,2,No
10N025F,32.395,-2.644,2010,2,No
10N025I,32.847,-2.515,2010,2,No
10N025L,29.933,-7.513,2010,2,No
10N025M,33.310,-3.308,2010,1,No
10N026A,33.718,-2.603,2010,2,No
10N026B,33.299,-2.904,2010,3,No
10N026D,32.968,-3.879,2010,3,No
10N026F,32.479,-2.881,2010,2,No
10N026I,32.807,-2.523,2010,3,No
10N026M,33.289,-3.307,2010,3,No
10N027A,33.616,-2.613,2010,2,No
10N027B,33.438,-2.837,2010,3,No
10N027D,32.968,-3.956,2010,2,No
10N027F,32.502,-2.689,2010,2,No
10N027I,32.294,-2.337,2010,2,No
10N027L,29.834,-7.664,2010,3,No
10N027M,33.750,-3.149,2010,3,No
10N028A,33.937,-2.303,2010,3,No
10N028B,33.491,-3.066,2010,3,No
10N028D,33.130,-3.722,2010,2,No
10N028F,32.310,-2.326,2010,2,No
10N028I,32.839,-2.642,2010,2,No
10N028M,33.325,-3.192,2010,3,No
10N029A,33.585,-3.075,2010,3,No
10N029B,33.235,-2.978,2010,3,No
10N029D,33.466,-2.819,2010,3,No
10N029F,32.577,-2.957,2010,2,No
10N029I,32.834,-2.511,2010,3,No
10N029M,33.406,-3.353,2010,3,No
10N02A,32.342,-2.194,2010,3,No
10N02AJ,33.011,-4.572,2010,3,No
10N02AZ,32.879,-4.758,2010,3,No
10N02BA,33.145,-3.979,2010,2,No
10N02BJ,33.142,-3.934,2010,2,No
10N02G,32.980,-4.577,2010,1,No
10N02H,33.202,-3.875,2010,2,No
10N02I,33.472,-2.717,2010,3,No
10N02J,33.321,-3.837,2010,1,No
10N02K,29.929,-7.533,2010,2,No
10N02LC,33.003,-4.090,2010,2,No
10N02M,33.163,-3.964,2010,2,No
10N02O,29.579,-8.313,2010,2,No
10N02Q,32.469,-2.346,2010,3,No
10N02SA,32.555,-2.474,2010,2,No
10N02T,32.581,-1.571,2010,3,No
10N02U,33.183,-4.079,2010,2,No
10N02W,32.531,-2.506,2010,1,No
10N030A,33.496,-2.844,2010,3,No
10N030B,33.387,-2.607,2010,2,No
10N030D,33.008,-3.881,2010,3,No
10N030F,32.494,-2.730,2010,2,No
10N030I,32.947,-2.518,2010,3,No
10N030M,33.344,-3.125,2010,1,No
10N031A,33.610,-2.582,2010,2,No
10N031B,33.422,-2.582,2010,3,No
10N031D,32.898,-3.999,2010,2,No
10N031F,32.546,-2.554,2010,3,No
10N031I,33.202,-2.552,2010,2,No
10N031M,33.340,-3.120,2010,2,No
10N032A,33.696,-2.409,2010,2,No
10N032B,33.359,-2.650,2010,2,No
10N032D,33.210,-3.693,2010,2,No
10N032I,32.743,-2.480,2010,3,No
10N032M,33.233,-2.999,2010,3,No
10N033A,33.718,-2.626,2010,3,No
10N033B,33.331,-3.029,2010,3,No
10N033D,32.990,-3.876,2010,3,No
10N033F,32.428,-2.652,2010,2,No
10N033I,32.670,-2.485,2010,3,No
10N033M,33.456,-3.071,2010,3,No
10N034A,33.958,-2.275,2010,3,No
10N034B,33.347,-3.118,2010,2,No
10N034D,32.985,-3.872,2010,3,No
10N034I,32.787,-2.599,2010,2,No
10N034M,33.451,-3.076,2010,3,No
10N035A,33.717,-2.563,2010,2,No
10N035B,33.387,-2.993,2010,3,No
10N035D,32.971,-3.903,2010,3,No
10N035I,33.013,-2.423,2010,3,No
10N035M,33.505,-3.182,2010,3,No
10N036A,33.733,-2.562,2010,3,No
10N036B,33.148,-2.556,2010,3,No
10N036D,32.958,-3.924,2010,1,No
10N036I,32.917,-2.035,2010,3,No
10N036M,33.527,-3.152,2010,3,No
10N037A,33.944,-2.323,2010,3,No
10N037B,33.323,-2.573,2010,3,No
10N037D,32.870,-3.906,2010,3,No
10N037I,32.964,-2.491,2010,2,No
10N037M,33.222,-3.057,2010,2,No
10N038A,33.714,-2.554,2010,3,No
10N038B,33.127,-2.910,2010,2,No
10N038D,32.862,-3.930,2010,2,No
10N038I,32.886,-2.593,2010,3,No
10N038M,33.075,-4.530,2010,3,No
10N039A,33.701,-2.597,2010,3,No
10N039B,33.123,-2.892,2010,3,No
10N039D,33.060,-4.696,2010,3,No
10N039I,32.724,-2.363,2010,2,No
10N039M,33.093,-4.521,2010,3,No
10N03AJ,33.262,-3.831,2010,3,No
10N03AZ,32.876,-4.813,2010,3,No
10N03BJ,33.171,-3.946,2010,2,No
10N03G,33.100,-3.970,2010,2,No
10N03I,32.462,-2.606,2010,2,No
10N03J,33.138,-4.019,2010,2,No
10N03LC,33.138,-3.959,2010,3,No
10N03M,33.226,-3.905,2010,3,No
10N03Q,32.473,-2.356,2010,2,No
10N03SA,33.302,-3.908,2010,3,No
10N03T,32.296,-1.591,2010,3,No
10N03U,33.207,-4.057,2010,2,No
10N03W,32.707,-2.243,2010,3,No
10N040A,33.960,-2.316,2010,3,No
10N040B,33.351,-2.922,2010,3,No
10N040D,33.093,-4.713,2010,2,No
10N040I,33.099,-2.545,2010,3,No
10N040M,33.132,-4.701,2010,2,No
10N041A,33.920,-2.316,2010,2,No
10N041B,33.502,-2.890,2010,2,No
10N041D,33.125,-4.690,2010,3,No
10N041I,33.115,-2.601,2010,3,No
10N041M,32.870,-4.761,2010,3,No
10N042A,33.710,-2.939,2010,2,No
10N042B,33.045,-2.836,2010,2,No
10N042D,32.992,-3.882,2010,3,No
10N042I,32.679,-2.445,2010,2,No
10N042M,33.261,-3.226,2010,2,No
10N043A,33.481,-2.892,2010,3,No
10N043B,33.319,-2.849,2010,3,No
10N043D,32.848,-3.913,2010,3,No
10N043I,32.895,-2.630,2010,3,No
10N043M,33.316,-3.235,2010,3,No
10N044A,33.674,-2.950,2010,3,No
10N044B,33.333,-2.817,2010,3,No
10N044D,32.843,-3.909,2010,3,No
10N044I,32.935,-2.528,2010,2,No
10N044M,33.126,-4.680,2010,3,No
10N045A,33.616,-2.909,2010,3,No
10N045B,33.342,-2.995,2010,3,No
10N045D,33.278,-3.696,2010,2,No
10N045I,33.173,-2.152,2010,3,No
10N045M,33.033,-4.577,2010,2,No
10N046A,33.852,-2.511,2010,3,No
10N046B,33.334,-3.114,2010,1,No
10N046D,33.001,-3.879,2010,3,No
10N046F,32.456,-2.463,2010,2,No
10N046I,33.206,-2.099,2010,3,No
10N046M,33.261,-3.715,2010,2,No
10N047A,33.958,-2.328,2010,3,No
10N047B,33.293,-2.695,2010,3,No
10N047D,32.978,-3.907,2010,2,No
10N047I,32.832,-2.562,2010,2,No
10N047M,33.500,-3.252,2010,2,No
10N048A,33.944,-2.312,2010,3,No
10N048B,33.368,-2.632,2010,1,No
10N048D,33.057,-4.755,2010,2,No
10N048I,32.789,-2.495,2010,2,No
10N048M,33.424,-3.220,2010,2,No
10N049A,33.921,-2.321,2010,3,No
10N049B,33.462,-2.549,2010,2,No
10N049D,33.039,-4.581,2010,2,No
10N049I,32.745,-2.387,2010,3,No
10N049M,33.295,-2.733,2010,3,No
10N04A,32.334,-2.314,2010,3,No
10N04AJ,33.006,-4.092,2010,2,No
10N04BJ,33.002,-4.087,2010,2,No
10N04G,33.245,-3.902,2010,2,No
10N04I,32.493,-2.356,2010,2,No
10N04LC,33.307,-3.773,2010,2,No
10N04M,33.223,-3.926,2010,3,No
10N04Q,32.236,-2.288,2010,2,No
10N04SA,33.300,-3.911,2010,2,No
10N04U,33.054,-4.566,2010,2,No
10N04W,32.485,-2.634,2010,3,No
10N050A,33.716,-2.600,2010,2,No
10N050B,33.338,-2.935,2010,3,No
10N050D,32.999,-3.884,2010,3,No
10N050I,32.833,-2.615,2010,1,No
10N050M,33.207,-2.401,2010,2,No
10N051A,33.379,-2.943,2010,3,No
10N051B,33.309,-3.068,2010,3,No
10N051D,32.986,-3.863,2010,3,No
10N051I,33.058,-2.502,2010,3,No
10N051M,33.085,-4.711,2010,2,No
10N052A,33.585,-2.739,2010,2,No
10N052B,33.302,-3.039,2010,1,No
10N052D,32.987,-3.860,2010,2,No
10N052I,32.660,-2.103,2010,2,No
10N052M,33.095,-4.684,2010,2,No
10N053A,33.707,-2.612,2010,3,No
10N053B,33.285,-2.916,2010,3,No
10N053D,32.982,-3.909,2010,2,No
10N053I,32.997,-2.091,2010,2,No
10N053M,33.163,-4.667,2010,2,No
10N054A,33.713,-2.600,2010,3,No
10N054B,33.050,-3.145,2010,2,No
10N054D,32.862,-3.966,2010,1,No
10N054I,32.992,-2.103,2010,3,No
10N054M,33.475,-3.310,2010,2,No
10N055A,33.693,-2.568,2010,3,No
10N055B,33.060,-3.140,2010,1,No
10N055D,32.863,-3.916,2010,3,No
10N055F,32.499,-2.692,2010,1,No
10N055I,32.988,-2.073,2010,2,No
10N055M,33.130,-4.673,2010,1,No
10N056A,33.655,-2.860,2010,2,No
10N056B,33.112,-3.198,2010,3,No
10N056D,33.084,-4.702,2010,2,No
10N056I,33.039,-2.480,2010,3,No
10N056M,33.126,-4.685,2010,2,No
10N057A,33.650,-2.893,2010,1,No
10N057B,33.298,-2.704,2010,3,No
10N057D,32.860,-3.947,2010,3,No
10N057I,32.746,-2.485,2010,2,No
10N057M,33.112,-4.668,2010,3,No
10N058A,33.805,-2.444,2010,2,No
10N058B,33.361,-2.925,2010,2,No
10N058D,33.127,-4.670,2010,3,No
10N058I,32.782,-2.250,2010,2,No
10N058M,33.100,-4.619,2010,2,No
10N059A,33.691,-2.684,2010,3,No
10N059B,33.320,-3.099,2010,3,No
10N059D,33.060,-4.553,2010,1,No
10N059I,32.739,-2.429,2010,3,No
10N059M,33.049,-4.597,2010,2,No
10N05A,32.310,-2.335,2010,2,No
10N05AJ,33.006,-4.090,2010,2,No
10N05BJ,33.132,-3.988,2010,2,No
10N05G,33.094,-4.491,2010,2,No
10N05I,32.498,-2.366,2010,2,No
10N05LC,33.304,-3.788,2010,3,No
10N05M,33.250,-3.900,2010,2,No
10N05Q,32.406,-2.627,2010,3,No
10N05T,32.203,-2.388,2010,3,No
10N05U,33.209,-4.066,2010,2,No
10N05W,32.181,-2.831,2010,2,No
10N060A,33.381,-2.943,2010,3,No
10N060B,33.309,-3.017,2010,2,No
10N060D,32.844,-3.754,2010,2,No
10N060I,32.900,-2.531,2010,2,No
10N060M,32.969,-4.555,2010,2,No
10N061A,33.671,-2.736,2010,2,No
10N061B,33.331,-2.919,2010,3,No
10N061D,33.065,-4.537,2010,1,No
10N061I,32.688,-2.554,2010,3,No
10N061M,33.113,-4.692,2010,1,No
10N062A,33.439,-2.525,2010,3,No
10N062B,33.091,-2.909,2010,3,No
10N062D,33.069,-4.576,2010,2,No
10N062I,33.089,-2.549,2010,3,No
10N062M,33.114,-4.680,2010,3,No
10N063A,33.579,-2.725,2010,2,No
10N063B,33.247,-2.902,2010,1,No
10N063D,33.129,-4.673,2010,1,No
10N063I,32.785,-2.612,2010,2,No
10N063M,33.150,-4.667,2010,,No
10N064A,33.698,-2.590,2010,2,No
10N064B,32.998,-3.009,2010,2,No
10N064D,32.974,-3.886,2010,2,No
10N064I,32.759,-2.350,2010,2,No
10N064M,33.074,-4.697,2010,3,No
10N065A,33.830,-2.517,2010,2,No
10N065B,33.147,-2.948,2010,1,No
10N065D,32.836,-3.935,2010,3,No
10N065I,32.851,-2.522,2010,2,No
10N065M,33.058,-4.760,2010,3,No
10N066A,33.820,-2.526,2010,3,No
10N066B,33.220,-2.970,2010,2,No
10N066D,32.822,-3.949,2010,2,No
10N066I,33.217,-2.306,2010,2,No
10N066M,33.587,-3.362,2010,3,No
10N067A,33.654,-2.872,2010,3,No
10N067B,33.350,-2.993,2010,2,No
10N067D,33.118,-4.661,2010,3,No
10N067I,32.808,-2.274,2010,2,No
10N067M,33.219,-3.318,2010,2,No
10N068A,33.657,-2.842,2010,3,No
10N068B,33.325,-2.878,2010,3,No
10N068D,32.979,-3.915,2010,2,No
10N068F,32.206,-2.503,2010,2,No
10N068I,32.631,-2.546,2010,2,No
10N068M,33.175,-4.659,2010,3,No
10N069A,33.571,-2.740,2010,1,No
10N069B,33.251,-2.909,2010,3,No
10N069D,32.976,-3.918,2010,2,No
10N069I,32.845,-2.108,2010,2,No
10N069M,33.130,-4.675,2010,1,No
10N06A,32.505,-2.385,2010,3,No
10N06AJ,33.004,-4.084,2010,2,No
10N06BJ,33.122,-3.949,2010,1,No
10N06G,33.064,-4.695,2010,2,No
10N06I,32.503,-2.364,2010,2,No
10N06LC,33.178,-3.954,2010,3,No
10N06Q,32.464,-2.468,2010,2,No
10N06T,32.272,-2.814,2010,2,No
10N06U,33.202,-4.181,2010,2,No
10N06W,32.385,-2.665,2010,2,No
10N070A,33.757,-2.806,2010,3,No
10N070B,33.306,-3.060,2010,2,No
10N070D,32.926,-3.655,2010,2,No
10N070I,33.299,-2.197,2010,3,No
10N070M,33.119,-4.689,2010,3,No
10N071A,33.632,-2.783,2010,3,No
10N071B,33.500,-2.728,2010,2,No
10N071D,32.973,-3.916,2010,2,No
10N071I,32.681,-2.703,2010,2,No
10N071M,33.029,-4.567,2010,3,No
10N072A,33.611,-2.621,2010,2,No
10N072B,33.293,-2.886,2010,2,No
10N072D,32.842,-3.914,2010,3,No
10N072I,32.852,-2.308,2010,2,No
10N072M,33.050,-4.645,2010,2,No
10N073A,33.663,-2.819,2010,3,No
10N073B,33.302,-2.854,2010,3,No
10N073D,32.869,-3.955,2010,3,No
10N073F,32.559,-2.320,2010,2,No
10N073I,32.203,-2.292,2010,3,No
10N073M,33.073,-4.535,2010,2,No
10N074A,33.693,-2.894,2010,3,No
10N074B,33.357,-2.639,2010,3,No
10N074D,33.044,-4.544,2010,2,No
10N074I,33.019,-2.087,2010,2,No
10N074M,33.246,-3.240,2010,3,No
10N075A,33.719,-2.743,2010,3,No
10N075B,33.397,-2.923,2010,2,No
10N075D,33.041,-4.536,2010,2,No
10N075I,32.806,-2.465,2010,2,No
10N075M,33.255,-3.248,2010,2,No
10N076A,33.792,-2.450,2010,3,No
10N076B,33.254,-2.846,2010,2,No
10N076D,33.235,-3.739,2010,3,No
10N076I,32.751,-2.372,2010,2,No
10N076M,33.072,-4.681,2010,2,No
10N077A,33.924,-2.312,2010,1,No
10N077B,33.109,-3.201,2010,2,No
10N077D,32.872,-3.931,2010,3,No
10N077I,32.680,-2.041,2010,2,No
10N077M,33.127,-4.665,2010,2,No
10N078A,33.972,-2.304,2010,3,No
10N078B,33.136,-2.980,2010,2,No
10N078D,33.078,-4.549,2010,1,No
10N078F,32.482,-2.346,2010,2,No
10N078I,33.005,-2.072,2010,2,No
10N078M,33.259,-3.658,2010,2,No
10N079A,33.753,-2.743,2010,3,No
10N079B,33.261,-2.871,2010,3,No
10N079D,33.060,-4.526,2010,2,No
10N079I,32.946,-2.056,2010,2,No
10N079M,33.370,-3.127,2010,2,No
10N07A,32.427,-2.477,2010,2,No
10N07AJ,33.003,-4.090,2010,1,No
10N07BJ,33.064,-4.515,2010,3,No
10N07G,32.899,-4.798,2010,2,No
10N07I,32.456,-2.364,2010,,No
10N07LC,33.118,-3.950,2010,2,No
10N07Q,33.255,-3.856,2010,3,No
10N07T,32.260,-2.817,2010,2,No
10N07U,33.216,-3.855,2010,2,No
10N07W,32.489,-2.629,2010,1,No
10N080A,33.685,-3.051,2010,2,No
10N080B,33.359,-2.683,2010,2,No
10N080D,33.121,-4.689,2010,2,No
10N080I,33.184,-2.043,2010,2,No
10N080M,33.383,-3.188,2010,2,No
10N081A,33.736,-3.088,2010,3,No
10N081B,33.152,-2.990,2010,3,No
10N081D,33.067,-4.549,2010,3,No
10N081I,32.673,-2.095,2010,2,No
10N081M,33.132,-4.686,2010,2,No
10N082A,33.757,-3.127,2010,3,No
10N082B,33.219,-2.987,2010,3,No
10N082D,33.053,-4.668,2010,3,No
10N082I,32.787,-2.680,2010,2,No
10N082M,33.135,-4.676,2010,2,No
10N083A,33.724,-2.621,2010,2,No
10N083B,33.122,-2.974,2010,3,No
10N083D,33.075,-4.523,2010,2,No
10N083I,33.011,-2.234,2010,3,No
10N083M,33.065,-4.649,2010,2,No
10N084A,33.490,-2.723,2010,3,No
10N084B,33.326,-2.568,2010,2,No
10N084D,32.863,-3.926,2010,3,No
10N084M,33.034,-4.579,2010,2,No
10N085A,33.756,-2.916,2010,3,No
10N085B,33.248,-2.901,2010,2,No
10N085D,32.854,-3.924,2010,2,No
10N085M,33.043,-4.595,2010,3,No
10N086A,33.692,-3.130,2010,3,No
10N086B,33.238,-2.800,2010,2,No
10N086D,33.078,-4.692,2010,2,No
10N086M,33.025,-4.566,2010,1,No
10N087A,33.273,-2.140,2010,2,No
10N087B,33.311,-2.704,2010,2,No
10N087D,33.133,-4.672,2010,2,No
10N087M,33.249,-3.208,2010,3,No
10N088A,33.451,-2.499,2010,2,No
10N088B,33.436,-2.678,2010,2,No
10N088D,32.983,-3.644,2010,2,No
10N088M,33.547,-3.282,2010,2,No
10N089A,33.657,-2.728,2010,2,No
10N089B,33.343,-2.951,2010,3,No
10N089D,32.966,-3.645,2010,2,No
10N089M,33.520,-3.543,2010,2,No
10N08A,32.525,-2.639,2010,3,No
10N08AJ,33.235,-3.906,2010,2,No
10N08BJ,33.135,-3.944,2010,3,No
10N08G,33.109,-3.978,2010,2,No
10N08I,32.402,-2.621,2010,2,No
10N08LC,33.228,-3.931,2010,1,No
10N08Q,33.196,-3.882,2010,3,No
10N08T,32.469,-1.478,2010,3,No
10N08W,32.399,-2.663,2010,1,No
10N090A,33.656,-2.628,2010,1,No
10N090B,33.428,-2.827,2010,2,No
10N090D,33.248,-3.732,2010,2,No
10N090M,33.151,-3.316,2010,2,No
10N091A,33.606,-2.617,2010,3,No
10N091B,33.440,-2.827,2010,2,No
10N091D,32.865,-3.934,2010,3,No
10N091M,33.405,-3.246,2010,3,No
10N092A,33.477,-2.884,2010,3,No
10N092B,33.579,-3.254,2010,2,No
10N092D,33.119,-4.673,2010,3,No
10N092M,33.127,-4.670,2010,2,No
10N093A,33.367,-2.938,2010,2,No
10N093B,33.443,-2.915,2010,2,No
10N093D,32.846,-3.908,2010,2,No
10N093M,33.491,-3.251,2010,3,No
10N094A,33.370,-2.963,2010,2,No
10N094B,33.372,-2.996,2010,2,No
10N094D,32.848,-3.916,2010,3,No
10N094M,33.593,-3.167,2010,2,No
10N095A,33.714,-2.583,2010,3,No
10N095B,33.201,-3.020,2010,2,No
10N095D,32.984,-3.672,2010,2,No
10N095M,33.589,-3.196,2010,1,No
10N096A,33.943,-2.334,2010,3,No
10N096B,33.086,-3.019,2010,2,No
10N096D,32.989,-3.885,2010,2,No
10N096M,33.505,-3.184,2010,2,No
10N097A,33.941,-2.324,2010,3,No
10N097B,33.112,-3.141,2010,3,No
10N097D,33.116,-4.676,2010,3,No
10N097M,33.431,-3.114,2010,2,No
10N098A,33.801,-2.441,2010,3,No
10N098B,33.369,-3.111,2010,2,No
10N098D,33.047,-4.649,2010,2,No
10N098M,33.183,-4.431,2010,3,No
10N099A,33.693,-2.582,2010,3,No
10N099B,33.408,-2.546,2010,2,No
10N099D,33.187,-4.637,2010,3,No
10N099O,29.140,-8.262,2010,3,No
10N09A,33.147,-3.971,2010,3,No
10N09AJ,33.225,-3.934,2010,3,No
10N09BJ,33.132,-4.651,2010,2,No
10N09I,32.490,-2.655,2010,2,No
10N09LC,33.335,-3.773,2010,2,No
10N09T,32.332,-2.342,2010,3,No
10N09W,32.447,-2.672,2010,2,No
10N100A,33.575,-2.728,2010,3,No
10N100B,33.207,-3.012,2010,3,No
10N100D,33.129,-4.710,2010,2,No
10N101A,33.555,-2.769,2010,2,No
10N101B,33.269,-2.732,2010,4,No
10N101D,33.118,-4.693,2010,1,No
10N102A,33.848,-2.502,2010,3,No
10N102B,33.222,-2.779,2010,3,No
10N102D,33.109,-4.679,2010,2,No
10N103A,33.962,-2.336,2010,3,No
10N103B,33.350,-2.924,2010,2,No
10N103D,33.259,-3.658,2010,2,No
10N104A,33.819,-2.420,2010,3,No
10N104B,33.300,-2.725,2010,3,No
10N104D,33.123,-4.717,2010,2,No
10N105A,33.505,-2.774,2010,2,No
10N105B,33.235,-2.811,2010,2,No
10N105D,33.135,-4.680,2010,2,No
10N106A,33.710,-2.821,2010,2,No
10N106B,33.334,-3.113,2010,1,No
10N106D,33.094,-4.551,2010,2,No
10N107A,33.639,-2.761,2010,3,No
10N107B,32.980,-2.883,2010,2,No
10N108A,33.649,-2.848,2010,1,No
10N108B,33.160,-3.064,2010,2,No
10N109A,33.476,-2.896,2010,3,No
10N109B,33.293,-2.925,2010,2,No
10N10A,33.153,-4.018,2010,2,No
10N10AJ,33.236,-3.913,2010,2,No
10N10I,32.495,-2.668,2010,2,No
10N10LC,33.239,-3.956,2010,2,No
10N10T,32.336,-2.317,2010,2,No
10N10W,32.469,-2.737,2010,2,No
10N110A,33.749,-2.826,2010,3,No
10N110B,33.202,-2.753,2010,2,No
10N111A,33.692,-3.010,2010,2,No
10N111B,33.132,-2.962,2010,3,No
10N112A,33.717,-3.118,2010,1,No
10N112B,33.420,-2.881,2010,2,No
10N113A,33.581,-2.748,2010,1,No
10N113B,33.496,-2.988,2010,3,No
10N114A,33.508,-2.651,2010,3,No
10N114B,33.140,-2.941,2010,2,No
10N115A,33.603,-2.755,2010,2,No
10N115B,33.065,-3.142,2010,2,No
10N116A,33.956,-2.340,2010,3,No
10N116B,33.283,-2.548,2010,3,No
10N117A,33.935,-2.303,2010,2,No
10N117B,33.259,-2.809,2010,3,No
10N118A,33.755,-2.962,2010,4,No
10N118B,33.295,-2.911,2010,1,No
10N119A,33.891,-2.245,2010,3,No
10N119B,33.122,-2.962,2010,3,No
10N11A,33.128,-3.995,2010,2,No
10N11AJ,33.268,-3.853,2010,2,No
10N11I,32.418,-2.591,2010,2,No
10N11LC,33.229,-3.915,2010,2,No
10N11T,32.369,-2.205,2010,2,No
10N11W,32.525,-2.919,2010,2,No
10N120A,33.651,-2.746,2010,2,No
10N120B,33.593,-2.731,2010,3,No
10N121A,33.631,-2.617,2010,3,No
10N121B,33.201,-3.007,2010,3,No
10N122A,33.961,-2.320,2010,2,No
10N122B,33.111,-2.918,2010,2,No
10N123A,33.710,-2.630,2010,2,No
10N123B,33.324,-2.942,2010,3,No
10N124A,33.649,-2.747,2010,2,No
10N124B,33.304,-2.818,2010,2,No
10N125A,33.311,-2.356,2010,3,No
10N125B,33.209,-3.006,2010,2,No
10N126A,33.729,-3.122,2010,2,No
10N126B,33.352,-3.001,2010,2,No
10N127A,33.635,-2.763,2010,2,No
10N127B,33.371,-3.118,2010,2,No
10N128A,33.824,-2.517,2010,2,No
10N128B,33.344,-2.929,2010,1,No
10N129A,33.798,-2.525,2010,2,No
10N129B,33.108,-3.128,2010,3,No
10N12AJ,33.196,-3.894,2010,2,No
10N12I,32.410,-2.603,2010,2,No
10N12T,32.424,-1.610,2010,3,No
10N12W,32.406,-2.628,2010,2,No
10N130A,33.929,-2.342,2010,3,No
10N130B,33.020,-2.756,2010,3,No
10N131A,33.641,-2.857,2010,1,No
10N131B,33.336,-2.756,2010,2,No
10N132A,33.748,-2.853,2010,3,No
10N132B,33.286,-2.991,2010,2,No
10N133B,33.119,-2.914,2010,3,No
10N134B,33.349,-2.927,2010,2,No
10N135B,33.296,-2.831,2010,2,No
10N136B,33.282,-2.693,2010,2,No
10N137B,33.501,-2.769,2010,1,No
10N138B,33.245,-2.858,2010,2,No
10N139B,33.321,-2.721,2010,3,No
10N13A,33.321,-3.795,2010,2,No
10N13AJ,33.196,-3.903,2010,2,No
10N13I,32.408,-2.589,2010,3,No
10N13T,32.639,-1.512,2010,2,No
10N13W,32.542,-2.702,2010,2,No
10N140B,32.831,-2.575,2010,2,No
10N141B,33.392,-2.606,2010,2,No
10N142B,33.322,-2.835,2010,2,No
10N143B,33.271,-2.758,2010,2,No
10N144B,32.998,-3.016,2010,2,No
10N145B,33.199,-2.471,2010,2,No
10N146B,33.349,-2.915,2010,2,No
10N147B,33.077,-2.634,2010,2,No
10N148B,33.239,-2.818,2010,2,No
10N149B,33.246,-2.855,2010,2,No
10N14A,33.204,-3.865,2010,2,No
10N14AJ,33.292,-3.952,2010,1,No
10N14I,32.530,-2.364,2010,3,No
10N14T,32.291,-1.576,2010,2,No
10N14W,32.505,-2.708,2010,,No
10N150B,33.441,-2.827,2010,2,No
10N151B,33.089,-3.246,2010,2,No
10N152B,33.311,-3.022,2010,2,No
10N15A,33.170,-3.952,2010,1,No
10N15AJ,33.257,-3.880,2010,2,No
10N15I,32.312,-2.414,2010,2,No
10N15T,32.331,-2.254,2010,2,No
10N15W,32.508,-2.714,2010,2,No
10N16AJ,32.444,-2.481,2010,2,No
10N16I,32.202,-2.360,2010,3,No
10N16T,32.203,-2.345,2010,2,No
10N17AJ,33.004,-4.093,2010,2,No
10N17I,32.538,-2.363,2010,2,No
10N17T,32.201,-2.417,2010,3,No
10N18AJ,33.005,-4.104,2010,3,No
10N18I,32.507,-2.705,2010,2,No
10N18T,32.224,-2.297,2010,3,No
10N19I,32.509,-2.710,2010,2,No
10N19T,32.311,-2.412,2010,3,No
10N20I,32.502,-2.732,2010,2,No
10N20T,32.329,-2.355,2010,2,No
10N21I,32.496,-2.730,2010,2,No
10N21T,32.313,-2.275,2010,2,No
10N22I,32.489,-2.714,2010,3,No
10N22T,32.445,-2.339,2010,2,No
10N23I,32.478,-2.357,2010,1,No
10N23T,32.427,-2.343,2010,1,No
10N24I,32.460,-2.470,2010,2,No
10N24T,32.310,-2.303,2010,2,No
10N25I,32.409,-2.496,2010,3,No
10N25T,32.310,-2.356,2010,2,No
10N26I,32.390,-2.158,2010,2,No
10N26T,32.431,-2.758,2010,2,No
10N27I,32.315,-2.254,2010,3,No
10N27T,32.358,-2.119,2010,3,No
10N28I,32.195,-2.372,2010,1,No
10N28T,32.379,-2.138,2010,3,No
10N29I,32.396,-2.642,2010,2,No
10N29T,32.333,-2.291,2010,2,No
10N30I,32.410,-2.600,2010,3,No
10N30T,32.328,-2.305,2010,2,No
10N31I,32.557,-2.303,2010,2,No
10N31T,32.389,-2.634,2010,2,No
10N32I,32.406,-2.642,2010,3,No
10N32T,32.407,-2.630,2010,3,No
10N33T,32.409,-2.618,2010,3,No
10N34T,32.413,-2.602,2010,2,No
10N35T,32.430,-2.689,2010,3,No
10N36T,32.442,-2.701,2010,2,No
10N37T,32.442,-2.499,2010,3,No
10N38T,32.363,-2.217,2010,3,No
10N39T,32.546,-2.557,2010,2,No
10N40T,32.532,-2.550,2010,3,No
10N41T,32.291,-1.615,2010,3,No
10N42T,32.560,-1.471,2010,2,No
11N001A,33.611,-2.862,2011,2,No
11N001B,32.685,-2.371,2011,2,No
11N001D,32.995,-3.647,2011,2,No
11N001F,32.645,-2.335,2011,2,No
11N001M,33.581,-3.204,2011,2,No
11N002A,33.501,-2.925,2011,2,No
11N002B,32.680,-2.370,2011,3,No
11N002D,32.846,-3.912,2011,1,No
11N002F,32.642,-2.489,2011,3,No
11N002M,33.598,-3.065,2011,3,No
11N003A,33.668,-2.857,2011,2,No
11N003D,33.135,-3.730,2011,1,No
11N003F,33.135,-3.054,2011,3,No
11N003I,32.750,-2.362,2011,2,No
11N003M,33.161,-3.707,2011,2,No
11N004B,33.196,-2.635,2011,2,No
11N004D,33.011,-3.655,2011,2,No
11N004F,33.237,-3.001,2011,2,No
11N004I,33.261,-2.653,2011,3,No
11N004M,33.625,-3.058,2011,3,No
11N005A,33.374,-3.073,2011,2,No
11N005B,33.283,-2.583,2011,2,No
11N005D,32.965,-3.858,2011,1,No
11N005F,33.166,-2.878,2011,2,No
11N005I,33.263,-2.658,2011,2,No
11N005M,33.393,-3.094,2011,3,No
11N006A,33.365,-2.666,2011,2,No
11N006B,33.293,-2.596,2011,2,No
11N006D,32.837,-3.974,2011,2,No
11N006I,33.280,-2.586,2011,2,No
11N006M,33.692,-2.739,2011,3,No
11N007A,33.626,-2.848,2011,1,No
11N007B,33.351,-2.913,2011,2,No
11N007D,32.965,-3.627,2011,3,No
11N007I,32.796,-2.509,2011,2,No
11N007M,33.478,-3.042,2011,2,No
11N008A,33.652,-2.869,2011,2,No
11N008B,33.366,-2.931,2011,2,No
11N008D,33.137,-3.728,2011,2,No
11N008I,32.801,-2.272,2011,2,No
11N008M,33.184,-3.155,2011,2,No
11N009A,33.689,-3.083,2011,3,No
11N009B,33.097,-2.312,2011,2,No
11N009D,32.996,-3.888,2011,2,No
11N009F,32.920,-2.498,2011,2,No
11N009I,32.798,-2.278,2011,2,No
11N009M,33.270,-3.132,2011,3,No
11N010A,33.637,-2.862,2011,3,No
11N010B,33.269,-2.561,2011,2,No
11N010D,33.179,-4.661,2011,3,No
11N010F,33.154,-2.456,2011,3,No
11N010I,32.710,-2.461,2011,3,No
11N010M,33.655,-3.158,2011,3,No
11N011A,33.722,-2.796,2011,3,No
11N011B,33.277,-2.563,2011,2,No
11N011D,33.067,-4.729,2011,3,No
11N011F,33.167,-2.734,2011,3,No
11N011I,32.681,-2.434,2011,2,No
11N011M,33.663,-3.022,2011,3,No
11N012A,33.338,-2.635,2011,3,No
11N012B,33.495,-2.683,2011,3,No
11N012D,32.992,-3.869,2011,2,No
11N012F,33.125,-2.634,2011,2,No
11N012I,32.849,-2.097,2011,2,No
11N012M,33.470,-3.041,2011,2,No
11N013A,33.357,-2.686,2011,1,No
11N013B,33.540,-2.831,2011,3,No
11N013D,33.109,-4.619,2011,3,No
11N013F,33.123,-2.343,2011,3,No
11N013I,32.769,-2.111,2011,2,No
11N013M,33.496,-2.988,2011,2,No
11N014A,33.368,-2.959,2011,2,No
11N014B,33.331,-2.813,2011,3,No
11N014D,33.118,-4.713,2011,3,No
11N014F,33.183,-2.618,2011,3,No
11N014I,32.769,-2.105,2011,2,No
11N014M,33.575,-3.093,2011,2,No
11N015A,33.360,-2.682,2011,2,No
11N015B,33.316,-2.860,2011,2,No
11N015D,33.073,-4.540,2011,3,No
11N015F,33.274,-2.589,2011,2,No
11N015I,32.752,-2.291,2011,3,No
11N015M,33.710,-3.160,2011,2,No
11N016A,33.650,-2.855,2011,3,No
11N016B,33.317,-2.878,2011,2,No
11N016D,32.846,-3.758,2011,2,No
11N016F,33.399,-2.794,2011,3,No
11N016I,32.799,-2.315,2011,3,No
11N016M,33.768,-3.139,2011,2,No
11N017A,33.156,-2.950,2011,3,No
11N017B,33.179,-2.721,2011,2,No
11N017D,32.844,-3.765,2011,2,No
11N017F,33.505,-2.701,2011,2,No
11N017I,32.700,-2.447,2011,3,No
11N017M,33.461,-3.102,2011,2,No
11N018B,33.140,-2.598,2011,2,No
11N018D,32.885,-4.838,2011,2,No
11N018F,33.480,-2.562,2011,3,No
11N018I,32.710,-2.101,2011,3,No
11N018M,33.414,-3.222,2011,2,No
11N019A,33.629,-2.867,2011,3,No
11N019B,33.357,-2.604,2011,3,No
11N019D,32.971,-3.643,2011,1,No
11N019F,33.859,-2.367,2011,3,No
11N019I,33.294,-2.577,2011,2,No
11N019M,33.423,-3.222,2011,2,No
11N01AE,33.066,-4.547,2011,3,No
11N01AZ,33.485,-2.815,2011,2,No
11N01BA,33.011,-4.572,2011,2,No
11N01BB,33.177,-4.501,2011,4,No
11N01CG,33.101,-3.954,2011,2,No
11N01CLA,33.164,-3.986,2011,2,No
11N01DB,32.397,-2.621,2011,2,No
11N01H,33.314,-2.657,2011,2,No
11N01I,33.061,-2.782,2011,3,No
11N01MZ,32.976,-4.642,2011,2,No
11N01Q,33.199,-4.477,2011,3,No
11N01RK,33.480,-2.815,2011,2,No
11N01SB,32.959,-3.916,2011,2,No
11N01T,32.297,-2.418,2011,2,No
11N01U,33.256,-2.723,2011,3,No
11N01YD,33.290,-2.704,2011,2,No
11N020A,33.640,-2.900,2011,2,No
11N020B,32.700,-2.366,2011,3,No
11N020D,32.951,-3.627,2011,3,No
11N020F,33.952,-2.349,2011,3,No
11N020I,33.273,-2.576,2011,2,No
11N020M,33.348,-3.030,2011,2,No
11N021A,33.638,-2.762,2011,2,No
11N021B,32.615,-2.449,2011,3,No
11N021D,32.975,-3.676,2011,2,No
11N021F,33.614,-3.018,2011,2,No
11N021I,33.017,-2.478,2011,3,No
11N021M,33.266,-3.295,2011,2,No
11N022A,33.568,-2.684,2011,3,No
11N022B,32.670,-2.130,2011,3,No
11N022D,33.151,-3.708,2011,2,No
11N022F,33.500,-2.691,2011,3,No
11N022I,32.752,-2.511,2011,3,No
11N022M,33.494,-3.292,2011,2,No
11N023A,33.352,-2.668,2011,2,No
11N023B,33.120,-2.996,2011,3,No
11N023D,33.154,-3.707,2011,2,No
11N023F,33.327,-2.697,2011,2,No
11N023I,32.717,-2.384,2011,2,No
11N023M,33.484,-3.264,2011,2,No
11N024A,33.832,-2.507,2011,2,No
11N024B,33.525,-2.886,2011,3,No
11N024D,32.968,-3.880,2011,3,No
11N024F,32.659,-2.986,2011,2,No
11N024I,32.805,-2.357,2011,3,No
11N024M,33.488,-3.192,2011,3,No
11N025A,33.819,-2.517,2011,2,No
11N025B,33.280,-2.582,2011,2,No
11N025D,33.044,-3.901,2011,2,No
11N025F,33.204,-3.011,2011,2,No
11N025I,32.792,-2.345,2011,3,No
11N025M,33.503,-3.182,2011,1,No
11N026A,33.955,-2.350,2011,3,No
11N026B,33.279,-2.587,2011,2,No
11N026D,33.041,-3.893,2011,2,No
11N026F,33.178,-3.038,2011,2,No
11N026I,32.853,-2.301,2011,3,No
11N026M,33.435,-3.147,2011,2,No
11N027A,33.951,-2.341,2011,2,No
11N027B,33.325,-2.758,2011,3,No
11N027D,32.846,-3.755,2011,2,No
11N027F,33.164,-3.061,2011,2,No
11N027I,32.993,-2.148,2011,3,No
11N027M,33.437,-3.110,2011,2,No
11N028A,33.936,-2.325,2011,4,No
11N028B,33.198,-3.021,2011,2,No
11N028D,32.989,-3.885,2011,2,No
11N028F,33.104,-3.197,2011,1,No
11N028I,33.003,-2.080,2011,3,No
11N028M,33.325,-3.255,2011,2,No
11N029A,33.624,-2.599,2011,3,No
11N029B,33.182,-3.024,2011,1,No
11N029D,33.103,-4.724,2011,2,No
11N029F,33.007,-3.087,2011,3,No
11N029I,32.740,-2.285,2011,2,No
11N029M,33.305,-3.188,2011,2,No
11N02AE,33.063,-4.537,2011,3,No
11N02AZ,33.495,-2.705,2011,2,No
11N02BA,33.215,-4.505,2011,2,No
11N02BB,33.167,-4.667,2011,2,No
11N02CG,33.194,-4.473,2011,3,No
11N02DB,32.299,-2.348,2011,2,No
11N02H,33.377,-2.829,2011,3,No
11N02HJ,33.320,-2.699,2011,2,No
11N02MZ,33.468,-2.686,2011,3,No
11N02Q,33.208,-4.592,2011,2,No
11N02RK,33.595,-2.850,2011,1,No
11N02T,32.494,-2.676,2011,2,No
11N02U,33.938,-2.305,2011,,No
11N02YD,33.643,-2.903,2011,2,No
11N030A,33.586,-2.733,2011,3,No
11N030B,33.245,-3.095,2011,3,No
11N030D,32.992,-3.673,2011,2,No
11N030F,33.324,-2.855,2011,3,No
11N030I,32.699,-2.452,2011,3,No
11N030M,33.289,-3.145,2011,3,No
11N031A,33.657,-2.802,2011,3,No
11N031B,33.184,-2.777,2011,3,No
11N031D,32.935,-3.669,2011,3,No
11N031F,33.171,-2.633,2011,1,No
11N031I,32.694,-2.471,2011,2,No
11N031M,33.505,-3.088,2011,3,No
11N032A,33.633,-2.784,2011,2,No
11N032B,33.306,-2.863,2011,3,No
11N032D,33.196,-4.635,2011,2,No
11N032F,32.976,-2.269,2011,2,No
11N032I,32.914,-2.504,2011,2,No
11N032M,33.458,-3.025,2011,2,No
11N033A,33.653,-2.937,2011,1,No
11N033B,33.317,-2.870,2011,3,No
11N033D,33.128,-4.682,2011,2,No
11N033F,32.812,-2.129,2011,3,No
11N033I,33.227,-2.574,2011,3,No
11N033M,33.339,-3.056,2011,2,No
11N034A,33.976,-2.362,2011,3,No
11N034B,33.151,-2.589,2011,2,No
11N034D,32.957,-3.844,2011,2,No
11N034F,32.744,-2.296,2011,2,No
11N034I,32.683,-2.521,2011,3,No
11N034M,33.468,-3.299,2011,2,No
11N035A,33.981,-2.314,2011,3,No
11N035D,32.993,-3.727,2011,2,No
11N035F,32.746,-2.270,2011,3,No
11N035I,32.744,-2.341,2011,3,No
11N035M,33.240,-3.085,2011,2,No
11N036A,33.624,-2.849,2011,3,No
11N036D,33.130,-4.688,2011,2,No
11N036F,32.737,-2.317,2011,2,No
11N036I,33.238,-2.603,2011,2,No
11N036M,33.192,-3.106,2011,3,No
11N037A,33.364,-2.674,2011,3,No
11N037D,33.093,-4.709,2011,2,No
11N037F,32.743,-2.485,2011,2,No
11N037I,33.272,-2.584,2011,2,No
11N037M,33.708,-2.905,2011,2,No
11N038A,33.312,-2.901,2011,3,No
11N038B,33.270,-2.562,2011,3,No
11N038F,32.936,-2.537,2011,2,No
11N038I,33.232,-2.958,2011,3,No
11N038M,33.128,-4.693,2011,2,No
11N039A,33.158,-3.002,2011,2,No
11N039B,33.273,-2.559,2011,2,No
11N039F,33.064,-2.494,2011,2,No
11N039I,32.992,-3.009,2011,2,No
11N039M,33.118,-4.664,2011,1,No
11N03AE,32.880,-3.952,2011,2,No
11N03AZ,33.416,-2.750,2011,3,No
11N03DB,32.283,-2.248,2011,2,No
11N03H,33.294,-2.705,2011,2,No
11N03HJ,33.549,-2.704,2011,3,No
11N03Q,33.090,-4.534,2011,2,No
11N03RK,33.556,-2.672,2011,2,No
11N03T,32.546,-2.546,2011,2,No
11N03U,33.257,-2.726,2011,1,No
11N040A,33.035,-3.121,2011,3,No
11N040B,33.244,-2.651,2011,3,No
11N040D,33.111,-4.487,2011,2,No
11N040F,33.276,-2.570,2011,3,No
11N040I,33.268,-2.630,2011,1,No
11N040M,33.602,-3.071,2011,3,No
11N041A,33.028,-3.105,2011,2,No
11N041B,33.302,-2.855,2011,3,No
11N041D,33.113,-4.686,2011,3,No
11N041F,33.386,-2.650,2011,2,No
11N041I,33.147,-2.559,2011,3,No
11N041M,33.172,-3.094,2011,2,No
11N042A,33.085,-3.188,2011,2,No
11N042B,33.336,-2.944,2011,3,No
11N042D,32.992,-3.887,2011,2,No
11N042F,33.293,-2.889,2011,2,No
11N042I,33.510,-2.814,2011,3,No
11N042M,33.411,-2.959,2011,2,No
11N043A,33.664,-2.837,2011,3,No
11N043B,33.368,-3.003,2011,2,No
11N043D,32.990,-3.875,2011,3,No
11N043F,33.302,-2.886,2011,2,No
11N043I,33.175,-2.273,2011,2,No
11N043M,33.647,-3.103,2011,2,No
11N044A,33.637,-2.868,2011,3,No
11N044B,33.352,-3.013,2011,3,No
11N044D,32.978,-3.617,2011,2,No
11N044F,33.201,-2.414,2011,2,No
11N044I,33.016,-2.083,2011,3,No
11N044M,33.544,-2.934,2011,2,No
11N045A,33.635,-2.928,2011,3,No
11N045B,33.376,-2.947,2011,2,No
11N045D,33.133,-4.680,2011,3,No
11N045F,32.774,-2.274,2011,2,No
11N045I,32.677,-2.417,2011,3,No
11N045M,33.614,-3.073,2011,2,No
11N046A,33.395,-2.927,2011,2,No
11N046B,33.305,-3.010,2011,2,No
11N046D,33.132,-4.673,2011,2,No
11N046F,32.841,-2.265,2011,2,No
11N046I,32.999,-2.118,2011,3,No
11N046M,33.623,-3.070,2011,2,No
11N047A,33.337,-3.007,2011,2,No
11N047B,33.259,-2.594,2011,3,No
11N047D,33.070,-4.541,2011,2,No
11N047F,32.733,-2.272,2011,2,No
11N047I,32.845,-2.315,2011,3,No
11N047M,33.673,-3.135,2011,2,No
11N048A,33.401,-2.889,2011,2,No
11N048B,33.126,-2.485,2011,2,No
11N048D,33.099,-4.481,2011,3,No
11N048F,32.710,-2.526,2011,2,No
11N048I,32.682,-2.473,2011,2,No
11N048M,33.609,-3.055,2011,2,No
11N049A,33.587,-2.857,2011,3,No
11N049B,33.183,-2.560,2011,2,No
11N049D,33.177,-4.490,2011,3,No
11N049F,32.439,-2.802,2011,2,No
11N049I,32.684,-2.441,2011,2,No
11N049M,33.246,-3.245,2011,2,No
11N04AE,33.271,-2.678,2011,2,No
11N04AZ,33.079,-4.583,2011,3,No
11N04H,33.254,-2.666,2011,2,No
11N04HH,33.935,-2.304,2011,2,No
11N04HJ,33.294,-2.696,2011,3,No
11N04MK,33.171,-2.663,2011,3,No
11N04Q,33.039,-4.512,2011,2,No
11N04RK,33.166,-2.673,2011,3,No
11N04T,32.392,-2.297,2011,2,No
11N04U,33.257,-2.726,2011,2,No
11N050A,33.619,-2.896,2011,3,No
11N050B,32.685,-2.130,2011,3,No
11N050D,33.014,-3.954,2011,2,No
11N050F,32.434,-2.801,2011,2,No
11N050I,32.695,-2.278,2011,3,No
11N050M,33.298,-3.199,2011,2,No
11N051A,33.623,-2.895,2011,2,No
11N051B,32.666,-2.187,2011,3,No
11N051D,33.130,-4.677,2011,3,No
11N051F,32.571,-2.311,2011,1,No
11N051I,32.702,-2.269,2011,3,No
11N051M,33.286,-3.180,2011,2,No
11N052A,33.762,-2.809,2011,2,No
11N052B,33.004,-2.092,2011,2,No
11N052D,33.120,-4.695,2011,2,No
11N052F,32.438,-2.742,2011,2,No
11N052I,32.774,-2.101,2011,3,No
11N052M,33.323,-3.062,2011,2,No
11N053B,33.000,-2.070,2011,3,No
11N053D,33.114,-4.696,2011,3,No
11N053F,32.960,-2.842,2011,2,No
11N053I,32.780,-2.114,2011,3,No
11N053M,33.362,-3.111,2011,1,No
11N054A,33.968,-2.354,2011,2,No
11N054B,33.146,-2.166,2011,3,No
11N054D,33.104,-4.686,2011,2,No
11N054F,32.978,-2.846,2011,2,No
11N054I,32.772,-2.123,2011,2,No
11N054M,33.362,-3.170,2011,2,No
11N055A,33.957,-2.328,2011,3,No
11N055B,33.276,-2.561,2011,2,No
11N055D,32.986,-3.882,2011,2,No
11N055F,33.036,-3.090,2011,2,No
11N055I,32.798,-2.135,2011,3,No
11N055M,33.448,-3.151,2011,2,No
11N056A,33.953,-2.334,2011,2,No
11N056B,33.269,-2.582,2011,2,No
11N056D,32.937,-3.708,2011,2,No
11N056F,33.097,-3.067,2011,3,No
11N056I,32.796,-2.248,2011,3,No
11N056M,33.677,-3.079,2011,2,No
11N057A,33.848,-2.296,2011,3,No
11N057B,33.266,-2.657,2011,2,No
11N057D,33.104,-4.492,2011,2,No
11N057F,33.129,-2.884,2011,2,No
11N057I,32.799,-2.235,2011,3,No
11N057M,33.596,-3.068,2011,2,No
11N058A,33.796,-2.434,2011,1,No
11N058B,33.328,-2.755,2011,3,No
11N058D,33.126,-4.709,2011,2,No
11N058F,33.235,-2.873,2011,2,No
11N058I,32.772,-2.162,2011,2,No
11N058M,33.269,-3.687,2011,2,No
11N059A,33.828,-2.534,2011,3,No
11N059B,32.658,-2.025,2011,3,No
11N059D,32.978,-3.897,2011,3,No
11N059F,33.122,-2.915,2011,3,No
11N059I,32.734,-2.613,2011,3,No
11N059M,33.384,-3.121,2011,2,No
11N05AE,33.286,-2.806,2011,3,No
11N05AZ,33.178,-2.899,2011,3,No
11N05H,33.281,-2.593,2011,2,No
11N05HH,33.260,-2.645,2011,3,No
11N05HJ,33.269,-2.602,2011,3,No
11N05MK,33.291,-2.695,2011,2,No
11N05Q,32.891,-4.892,2011,3,No
11N05T,32.433,-2.099,2011,2,No
11N060A,33.696,-2.699,2011,3,No
11N060B,33.421,-2.809,2011,3,No
11N060D,32.987,-3.881,2011,2,No
11N060F,33.126,-3.060,2011,2,No
11N060I,32.701,-2.607,2011,3,No
11N060M,33.644,-3.179,2011,2,No
11N061A,33.696,-2.617,2011,2,No
11N061B,33.298,-2.889,2011,2,No
11N061D,32.973,-3.902,2011,3,No
11N061F,33.108,-3.204,2011,2,No
11N061I,32.674,-2.436,2011,2,No
11N061M,33.040,-4.728,2011,2,No
11N062A,33.735,-2.573,2011,2,No
11N062B,33.128,-2.915,2011,2,No
11N062D,33.081,-4.614,2011,2,No
11N062F,33.111,-3.201,2011,3,No
11N062I,32.672,-2.448,2011,2,No
11N062M,33.056,-4.694,2011,2,No
11N063A,33.822,-2.522,2011,3,No
11N063B,33.110,-2.953,2011,1,No
11N063D,33.076,-4.609,2011,2,No
11N063F,33.101,-3.206,2011,1,No
11N063I,33.587,-2.959,2011,3,No
11N063M,33.080,-4.717,2011,3,No
11N064A,33.835,-2.521,2011,2,No
11N064B,33.088,-3.070,2011,3,No
11N064D,33.196,-4.479,2011,3,No
11N064F,32.934,-2.489,2011,2,No
11N064I,33.223,-2.350,2011,3,No
11N064M,33.386,-3.097,2011,2,No
11N065A,33.821,-2.485,2011,2,No
11N065B,32.101,-3.206,2011,1,No
11N065D,33.167,-4.482,2011,3,No
11N065F,32.916,-2.501,2011,2,No
11N065I,33.103,-2.317,2011,2,No
11N065M,33.180,-3.121,2011,3,No
11N066A,33.858,-2.476,2011,3,No
11N066B,33.091,-3.182,2011,2,No
11N066D,32.987,-3.654,2011,2,No
11N066F,32.995,-2.091,2011,3,No
11N066I,32.921,-2.479,2011,2,No
11N066M,33.406,-2.951,2011,1,No
11N067A,33.965,-2.303,2011,2,No
11N067B,33.087,-3.160,2011,2,No
11N067D,33.097,-4.515,2011,3,No
11N067F,32.987,-2.075,2011,2,No
11N067I,32.922,-2.480,2011,1,No
11N067M,33.196,-4.480,2011,2,No
11N068A,33.965,-2.285,2011,3,No
11N068B,33.104,-3.137,2011,2,No
11N068D,33.109,-4.513,2011,2,No
11N068F,33.247,-2.603,2011,2,No
11N068I,32.766,-2.594,2011,3,No
11N068M,33.102,-4.707,2011,2,No
11N069A,33.955,-2.273,2011,2,No
11N069B,33.373,-3.005,2011,2,No
11N069D,33.112,-4.491,2011,2,No
11N069F,33.263,-2.657,2011,3,No
11N069I,32.654,-2.541,2011,3,No
11N069M,33.056,-4.600,2011,2,No
11N06AE,33.315,-2.773,2011,2,No
11N06AZ,33.535,-2.534,2011,3,No
11N06H,33.190,-2.603,2011,2,No
11N06HJ,33.248,-2.528,2011,3,No
11N06MK,33.122,-2.487,2011,2,No
11N06Q,32.866,-4.821,2011,2,No
11N06RK,33.260,-2.650,2011,2,No
11N06T,32.289,-1.588,2011,2,No
11N070A,33.578,-2.826,2011,2,No
11N070B,33.204,-3.010,2011,2,No
11N070D,33.111,-4.493,2011,1,No
11N070F,33.282,-2.750,2011,2,No
11N070I,32.870,-2.140,2011,3,No
11N070M,33.068,-4.616,2011,2,No
11N071B,33.228,-3.029,2011,2,No
11N071D,33.101,-4.544,2011,2,No
11N071F,33.259,-2.776,2011,2,No
11N071I,32.866,-2.144,2011,3,No
11N071M,33.128,-4.673,2011,2,No
11N072A,33.656,-2.864,2011,2,No
11N072B,32.672,-2.440,2011,2,No
11N072D,32.924,-3.770,2011,2,No
11N072F,33.242,-2.741,2011,2,No
11N072I,32.874,-2.213,2011,3,No
11N072M,33.587,-3.082,2011,3,No
11N073A,33.578,-2.769,2011,3,No
11N073B,33.356,-2.531,2011,3,No
11N073D,32.852,-3.762,2011,2,No
11N073F,33.188,-2.222,2011,3,No
11N073I,32.782,-2.075,2011,2,No
11N073M,33.359,-2.961,2011,2,No
11N074A,33.622,-2.856,2011,2,No
11N074B,33.255,-2.552,2011,2,No
11N074D,32.902,-3.636,2011,3,No
11N074F,32.762,-2.515,2011,3,No
11N074I,33.192,-2.450,2011,3,No
11N074M,33.176,-3.104,2011,3,No
11N075A,33.672,-2.896,2011,2,No
11N075B,33.298,-2.900,2011,2,No
11N075D,32.931,-3.688,2011,2,No
11N075F,32.647,-2.479,2011,3,No
11N075I,33.104,-2.293,2011,2,No
11N075M,33.348,-2.993,2011,2,No
11N076A,33.627,-2.870,2011,3,No
11N076B,33.333,-2.943,2011,3,No
11N076D,33.018,-3.919,2011,2,No
11N076F,32.369,-2.255,2011,2,No
11N076I,33.016,-2.212,2011,3,No
11N076M,33.380,-3.161,2011,2,No
11N077B,33.324,-2.844,2011,3,No
11N077D,33.130,-4.711,2011,2,No
11N077F,33.272,-2.591,2011,2,No
11N077I,32.908,-2.132,2011,3,No
11N077M,33.627,-2.876,2011,3,No
11N078A,33.653,-2.917,2011,2,No
11N078B,33.255,-2.629,2011,2,No
11N078D,33.118,-4.510,2011,1,No
11N078F,33.386,-2.824,2011,2,No
11N078I,32.797,-2.338,2011,2,No
11N078M,33.574,-2.832,2011,3,No
11N079A,33.667,-2.967,2011,2,No
11N079B,33.221,-2.563,2011,2,No
11N079D,33.117,-4.543,2011,2,No
11N079F,33.314,-2.521,2011,3,No
11N079I,32.805,-2.329,2011,2,No
11N07AZ,33.142,-4.678,2011,3,No
11N07H,33.314,-2.816,2011,2,No
11N07HJ,33.256,-2.924,2011,3,No
11N07MK,32.815,-4.006,2011,1,No
11N07RK,33.215,-4.475,2011,2,No
11N07ST,32.650,-1.499,2011,2,No
11N080A,33.654,-2.845,2011,2,No
11N080B,33.106,-2.513,2011,2,No
11N080D,33.086,-4.555,2011,2,No
11N080F,32.483,-2.886,2011,2,No
11N080I,32.741,-2.186,2011,3,No
11N080M,33.270,-2.562,2011,2,No
11N081A,33.547,-2.834,2011,2,No
11N081B,32.693,-2.174,2011,3,No
11N081D,33.084,-4.550,2011,1,No
11N081F,32.750,-2.510,2011,2,No
11N081I,32.763,-2.131,2011,3,No
11N081M,33.272,-2.556,2011,3,No
11N082A,33.817,-2.519,2011,2,No
11N082B,32.773,-2.309,2011,3,No
11N082D,32.771,-3.908,2011,2,No
11N082F,32.765,-2.517,2011,3,No
11N082I,32.784,-2.187,2011,2,No
11N082M,33.287,-2.558,2011,2,No
11N083A,33.848,-2.522,2011,2,No
11N083B,32.775,-2.276,2011,3,No
11N083D,33.074,-4.551,2011,3,No
11N083F,33.002,-2.089,2011,2,No
11N083I,32.785,-2.096,2011,3,No
11N083M,33.296,-2.538,2011,3,No
11N084A,33.846,-2.521,2011,3,No
11N084B,32.735,-2.501,2011,2,No
11N084D,33.130,-4.463,2011,3,No
11N084F,33.283,-2.590,2011,2,No
11N084I,32.689,-2.096,2011,2,No
11N084M,33.041,-4.618,2011,2,No
11N085A,33.956,-2.319,2011,2,No
11N085B,33.171,-2.945,2011,2,No
11N085D,32.973,-3.904,2011,2,No
11N085F,33.269,-2.567,2011,2,No
11N085I,32.978,-2.062,2011,3,No
11N085M,33.111,-4.520,2011,2,No
11N086A,33.959,-2.318,2011,3,No
11N086B,33.257,-2.910,2011,2,No
11N086D,32.967,-3.626,2011,3,No
11N086F,33.169,-2.596,2011,2,No
11N086I,32.976,-2.173,2011,2,No
11N086M,33.062,-4.550,2011,2,No
11N087A,33.612,-2.902,2011,3,No
11N087B,33.340,-2.916,2011,2,No
11N087D,32.997,-3.882,2011,2,No
11N087F,33.245,-2.641,2011,3,No
11N087I,32.950,-2.183,2011,2,No
11N087M,33.103,-4.726,2011,2,No
11N088A,33.718,-2.599,2011,2,No
11N088B,33.082,-2.301,2011,3,No
11N088D,32.844,-4.028,2011,2,No
11N088F,33.090,-2.512,2011,2,No
11N088I,33.058,-2.213,2011,3,No
11N088M,33.367,-2.980,2011,1,No
11N089A,33.859,-2.283,2011,3,No
11N089B,32.752,-2.509,2011,2,No
11N089D,33.120,-4.672,2011,2,No
11N089F,33.045,-2.460,2011,3,No
11N089I,32.795,-2.333,2011,2,No
11N089M,33.422,-2.957,2011,1,No
11N08AZ,33.047,-2.428,2011,3,No
11N08HJ,33.240,-2.540,2011,3,No
11N08RK,33.128,-4.546,2011,3,No
11N08ST,32.346,-1.684,2011,2,No
11N090A,33.388,-2.603,2011,2,No
11N090B,32.674,-2.454,2011,3,No
11N090D,33.119,-4.693,2011,3,No
11N090F,32.979,-2.400,2011,3,No
11N090I,32.787,-2.298,2011,2,No
11N090M,33.443,-2.967,2011,2,No
11N091A,33.379,-2.521,2011,3,No
11N091B,32.691,-2.477,2011,3,No
11N091D,33.125,-4.685,2011,3,No
11N091F,32.808,-2.483,2011,3,No
11N091I,32.723,-2.149,2011,3,No
11N091M,33.362,-3.097,2011,2,No
11N092A,33.707,-2.600,2011,1,No
11N092B,32.695,-2.469,2011,3,No
11N092D,32.966,-3.897,2011,3,No
11N092F,33.159,-3.042,2011,2,No
11N092I,32.785,-2.285,2011,2,No
11N092M,33.381,-3.082,2011,2,No
11N093A,33.674,-2.781,2011,3,No
11N093B,33.081,-3.178,2011,3,No
11N093D,32.983,-3.902,2011,2,No
11N093F,33.110,-2.963,2011,1,No
11N093I,32.799,-2.287,2011,3,No
11N093M,33.469,-3.065,2011,2,No
11N094A,33.646,-2.764,2011,3,No
11N094B,33.026,-3.108,2011,2,No
11N094D,33.072,-4.538,2011,2,No
11N094F,33.120,-2.971,2011,2,No
11N094I,32.694,-2.147,2011,3,No
11N094M,33.317,-2.908,2011,2,No
11N095A,33.591,-2.675,2011,2,No
11N095B,32.951,-2.835,2011,1,No
11N095D,33.067,-4.536,2011,3,No
11N095F,33.133,-2.943,2011,3,No
11N095I,32.645,-2.143,2011,2,No
11N095M,33.287,-2.570,2011,1,No
11N096A,33.642,-2.753,2011,2,No
11N096B,33.234,-2.528,2011,2,No
11N096D,33.075,-4.531,2011,3,No
11N096F,33.057,-3.181,2011,1,No
11N096I,32.710,-2.360,2011,3,No
11N096M,33.268,-2.571,2011,1,No
11N097A,33.568,-2.749,2011,2,No
11N097B,33.180,-2.715,2011,2,No
11N097D,33.083,-4.531,2011,2,No
11N097F,33.079,-3.187,2011,3,No
11N097I,32.650,-2.461,2011,2,No
11N097M,33.376,-2.988,2011,2,No
11N098A,33.484,-2.898,2011,2,No
11N098B,32.884,-2.527,2011,2,No
11N098D,33.111,-4.491,2011,2,No
11N098F,33.021,-3.080,2011,3,No
11N098I,32.680,-2.473,2011,3,No
11N098M,33.077,-4.540,2011,2,No
11N099A,33.678,-3.055,2011,2,No
11N099B,32.775,-2.249,2011,3,No
11N099D,33.059,-4.553,2011,2,No
11N099F,33.062,-2.984,2011,1,No
11N099I,32.728,-2.391,2011,3,No
11N099M,33.073,-4.540,2011,2,No
11N09AZ,33.349,-2.797,2011,3,No
11N09HJ,33.696,-3.062,2011,3,No
11N09RK,33.230,-2.449,2011,3,No
11N09ST,32.568,-2.268,2011,2,No
11N100A,33.897,-2.526,2011,2,No
11N100B,32.772,-2.267,2011,3,No
11N100D,32.866,-3.646,2011,3,No
11N100F,32.834,-3.228,2011,2,No
11N100I,33.048,-2.197,2011,3,No
11N100M,33.074,-4.523,2011,2,No
11N101A,33.642,-2.710,2011,3,No
11N101B,33.170,-2.568,2011,1,No
11N101D,32.941,-3.746,2011,2,No
11N101F,32.777,-2.378,2011,3,No
11N101I,33.023,-2.177,2011,2,No
11N101M,33.078,-4.532,2011,3,No
11N102A,33.630,-2.785,2011,1,No
11N102B,33.114,-2.906,2011,3,No
11N102D,32.892,-3.794,2011,2,No
11N102F,32.785,-2.372,2011,2,No
11N102I,33.207,-2.367,2011,3,No
11N102M,33.074,-4.548,2011,3,No
11N103A,33.533,-2.842,2011,2,No
11N103B,33.134,-2.929,2011,1,No
11N103D,32.864,-3.768,2011,2,No
11N103F,32.739,-2.424,2011,3,No
11N103I,32.744,-2.597,2011,2,No
11N103M,33.078,-4.555,2011,2,No
11N104A,33.557,-2.816,2011,3,No
11N104B,33.111,-3.018,2011,4,No
11N104D,32.850,-3.758,2011,2,No
11N104F,32.777,-2.589,2011,3,No
11N104I,32.673,-2.095,2011,2,No
11N104M,33.202,-4.564,2011,3,No
11N105A,33.815,-2.427,2011,2,No
11N105B,33.114,-2.974,2011,2,No
11N105D,32.939,-3.637,2011,1,No
11N105F,32.778,-2.617,2011,2,No
11N105I,33.290,-2.884,2011,3,No
11N105M,33.287,-2.522,2011,2,No
11N106A,33.711,-2.367,2011,3,No
11N106B,33.122,-2.916,2011,3,No
11N106D,33.155,-4.603,2011,3,No
11N106F,32.769,-2.555,2011,2,No
11N106I,33.303,-2.855,2011,3,No
11N106M,33.317,-2.585,2011,2,No
11N107A,33.703,-2.376,2011,3,No
11N107B,33.137,-2.893,2011,3,No
11N107D,33.155,-4.610,2011,3,No
11N107F,32.780,-2.523,2011,2,No
11N107I,33.320,-2.874,2011,2,No
11N107M,33.342,-3.232,2011,2,No
11N108A,33.698,-2.396,2011,3,No
11N108B,33.260,-2.577,2011,3,No
11N108D,33.116,-4.674,2011,2,No
11N108F,32.788,-2.512,2011,2,No
11N108I,33.301,-2.829,2011,3,No
11N108M,33.405,-2.933,2011,2,No
11N109A,33.700,-2.398,2011,2,No
11N109B,33.256,-2.573,2011,2,No
11N109D,33.118,-4.664,2011,3,No
11N109F,32.784,-2.533,2011,2,No
11N109I,33.304,-2.785,2011,3,No
11N109M,33.407,-2.679,2011,2,No
11N10HJ,33.150,-2.904,2011,3,No
11N10RK,33.250,-2.729,2011,2,No
11N10ST,32.558,-2.321,2011,2,No
11N110A,33.688,-2.653,2011,2,No
11N110B,32.630,-2.387,2011,2,No
11N110D,33.109,-4.654,2011,2,No
11N110F,32.888,-2.493,2011,3,No
11N110I,33.146,-2.602,2011,3,No
11N110M,33.210,-3.095,2011,1,No
11N111A,33.628,-2.865,2011,3,No
11N111B,32.626,-2.368,2011,3,No
11N111D,33.073,-4.668,2011,2,No
11N111F,32.983,-2.069,2011,2,No
11N111I,33.134,-2.577,2011,3,No
11N111M,33.140,-4.692,2011,2,No
11N112A,33.527,-2.831,2011,1,No
11N112B,32.774,-2.302,2011,3,No
11N112D,32.990,-4.582,2011,2,No
11N112F,32.978,-2.079,2011,3,No
11N112I,32.770,-2.282,2011,3,No
11N112M,33.128,-4.685,2011,3,No
11N113A,33.422,-2.682,2011,2,No
11N113B,32.783,-2.302,2011,2,No
11N113D,33.075,-4.529,2011,2,No
11N113F,32.901,-2.534,2011,3,No
11N113I,32.692,-2.076,2011,3,No
11N113M,33.107,-4.614,2011,2,No
11N114A,33.458,-2.516,2011,1,No
11N114B,32.757,-2.270,2011,3,No
11N114D,33.081,-4.524,2011,3,No
11N114F,32.928,-2.503,2011,3,No
11N114I,33.006,-2.127,2011,3,No
11N114M,33.103,-4.676,2011,2,No
11N115A,33.498,-2.702,2011,2,No
11N115B,32.736,-2.111,2011,3,No
11N115D,32.983,-3.910,2011,2,No
11N115F,32.942,-2.538,2011,2,No
11N115I,33.005,-2.135,2011,3,No
11N115M,33.103,-4.685,2011,2,No
11N116A,33.518,-2.718,2011,2,No
11N116B,32.713,-2.289,2011,3,No
11N116D,33.068,-4.548,2011,3,No
11N116F,32.827,-2.632,2011,2,No
11N116I,32.907,-2.329,2011,3,No
11N117A,33.501,-2.883,2011,2,No
11N117B,33.018,-2.854,2011,2,No
11N117D,33.185,-4.578,2011,3,No
11N117F,32.735,-2.502,2011,2,No
11N117I,32.964,-2.219,2011,3,No
11N117M,33.186,-4.487,2011,2,No
11N118A,33.652,-2.872,2011,2,No
11N118B,33.007,-2.854,2011,2,No
11N118D,33.175,-4.592,2011,2,No
11N118F,32.705,-2.455,2011,3,No
11N118I,32.937,-2.267,2011,2,No
11N118M,33.125,-4.677,2011,2,No
11N119A,33.840,-2.432,2011,2,No
11N119B,33.057,-2.852,2011,3,No
11N119D,33.141,-4.674,2011,2,No
11N119F,32.708,-2.464,2011,3,No
11N119I,32.776,-2.302,2011,2,No
11N119M,33.086,-4.701,2011,1,No
11N11HJ,33.295,-2.888,2011,3,No
11N11RK,33.257,-2.726,2011,2,No
11N11ST,32.569,-2.330,2011,1,No
11N120A,33.967,-2.361,2011,2,No
11N120B,33.670,-2.537,2011,3,No
11N120D,33.138,-4.670,2011,2,No
11N120F,32.754,-2.538,2011,2,No
11N120I,32.824,-2.317,2011,3,No
11N120M,33.130,-4.708,2011,2,No
11N121A,33.809,-2.653,2011,3,No
11N121B,33.222,-2.520,2011,3,No
11N121D,33.134,-4.669,2011,2,No
11N121F,32.750,-2.719,2011,2,No
11N121I,32.871,-2.328,2011,3,No
11N121M,33.108,-4.672,2011,2,No
11N122A,33.717,-2.619,2011,2,No
11N122B,33.132,-2.530,2011,2,No
11N122D,33.041,-4.766,2011,2,No
11N122F,33.099,-2.314,2011,2,No
11N122I,32.935,-2.379,2011,3,No
11N122M,33.601,-3.079,2011,1,No
11N123A,33.622,-2.623,2011,3,No
11N123B,33.135,-2.536,2011,3,No
11N123D,33.106,-4.619,2011,3,No
11N123F,33.236,-2.332,2011,3,No
11N123I,32.876,-2.601,2011,3,No
11N123M,33.510,-3.081,2011,2,No
11N124A,33.504,-2.692,2011,3,No
11N124B,33.162,-2.919,2011,2,No
11N124D,33.097,-4.616,2011,1,No
11N124I,32.781,-2.680,2011,2,No
11N124M,33.670,-3.113,2011,1,No
11N125A,33.417,-2.369,2011,3,No
11N125B,33.144,-2.942,2011,3,No
11N125D,33.089,-4.611,2011,2,No
11N125F,33.128,-2.897,2011,2,No
11N125I,32.740,-2.965,2011,3,No
11N125M,33.295,-3.032,2011,1,No
11N126A,33.575,-2.814,2011,2,No
11N126B,33.121,-2.917,2011,3,No
11N126D,33.075,-4.546,2011,3,No
11N126F,33.193,-3.039,2011,2,No
11N126I,32.804,-2.299,2011,3,No
11N126M,33.296,-2.911,2011,2,No
11N127A,33.438,-2.839,2011,3,No
11N127B,33.111,-2.949,2011,2,No
11N127F,33.118,-2.970,2011,2,No
11N127I,32.803,-2.308,2011,3,No
11N127M,33.073,-4.542,2011,3,No
11N128A,33.380,-2.822,2011,3,No
11N128B,33.086,-3.185,2011,2,No
11N128D,32.890,-3.776,2011,2,No
11N128F,33.116,-3.187,2011,3,No
11N128I,33.055,-2.515,2011,2,No
11N128M,33.080,-4.546,2011,3,No
11N129A,33.388,-2.792,2011,3,No
11N129B,33.092,-3.167,2011,2,No
11N129D,32.852,-3.756,2011,2,No
11N129F,33.053,-2.951,2011,3,No
11N129I,32.718,-2.230,2011,3,No
11N129M,33.087,-4.558,2011,3,No
11N12HJ,33.382,-2.629,2011,3,No
11N12RK,33.358,-2.593,2011,3,No
11N12ST,32.592,-1.455,2011,3,No
11N130A,33.525,-2.729,2011,2,No
11N130B,33.152,-3.067,2011,2,No
11N130D,33.174,-3.746,2011,2,No
11N130F,33.082,-2.804,2011,2,No
11N130I,32.784,-2.255,2011,1,No
11N130M,33.151,-4.611,2011,2,No
11N131A,33.635,-2.772,2011,2,No
11N131B,33.217,-3.031,2011,3,No
11N131D,33.150,-3.844,2011,2,No
11N131F,33.026,-2.777,2011,2,No
11N131I,32.789,-2.353,2011,3,No
11N131M,33.159,-4.608,2011,3,No
11N132A,33.638,-2.795,2011,3,No
11N132B,33.214,-2.893,2011,3,No
11N132D,32.999,-3.874,2011,2,No
11N132F,33.029,-2.743,2011,2,No
11N132I,32.785,-2.260,2011,2,No
11N132M,33.156,-4.604,2011,1,No
11N133A,33.651,-2.759,2011,2,No
11N133B,33.110,-1.981,2011,3,No
11N133D,33.037,-3.938,2011,2,No
11N133F,32.441,-2.823,2011,2,No
11N133I,32.770,-2.310,2011,2,No
11N133M,33.305,-2.822,2011,2,No
11N134A,33.610,-2.895,2011,3,No
11N134B,33.228,-2.533,2011,3,No
11N134D,33.006,-3.880,2011,2,No
11N134F,33.106,-2.332,2011,3,No
11N134I,32.791,-2.349,2011,2,No
11N134M,33.150,-4.639,2011,2,No
11N135A,33.575,-2.681,2011,2,No
11N135B,33.353,-2.849,2011,2,No
11N135D,32.958,-3.655,2011,3,No
11N135F,33.274,-2.555,2011,2,No
11N135I,32.758,-2.399,2011,3,No
11N135M,33.105,-4.620,2011,3,No
11N136A,33.577,-2.691,2011,2,No
11N136B,33.355,-2.623,2011,2,No
11N136D,33.130,-4.469,2011,2,No
11N136F,33.121,-2.914,2011,2,No
11N136I,32.696,-2.449,2011,4,No
11N136M,33.151,-4.629,2011,2,No
11N137A,33.825,-2.872,2011,2,No
11N137B,33.365,-2.586,2011,3,No
11N137F,33.160,-2.950,2011,2,No
11N137I,32.666,-2.705,2011,2,No
11N137M,33.132,-4.532,2011,2,No
11N138A,33.820,-2.523,2011,3,No
11N138B,33.345,-2.434,2011,2,No
11N138F,33.117,-2.977,2011,2,No
11N138I,32.726,-2.172,2011,3,No
11N138M,33.176,-4.500,2011,2,No
11N139A,33.956,-2.354,2011,3,No
11N139B,33.340,-2.449,2011,2,No
11N139F,33.001,-2.999,2011,2,No
11N139I,32.839,-2.206,2011,3,No
11N13HJ,33.218,-2.931,2011,3,No
11N13RK,33.244,-2.467,2011,2,No
11N13ST,32.591,-1.454,2011,1,No
11N140A,33.682,-2.451,2011,2,No
11N140B,33.351,-2.534,2011,2,No
11N140D,33.127,-4.719,2011,2,No
11N140F,32.797,-2.556,2011,3,No
11N140I,32.884,-2.149,2011,1,No
11N141A,33.705,-2.623,2011,3,No
11N141B,33.346,-2.550,2011,2,No
11N141D,33.164,-4.669,2011,2,No
11N141F,32.796,-2.563,2011,2,No
11N141I,33.298,-2.349,2011,2,No
11N142A,33.639,-2.774,2011,2,No
11N142B,33.274,-2.584,2011,2,No
11N142D,33.163,-4.664,2011,2,No
11N142F,32.748,-2.498,2011,2,No
11N142I,32.644,-2.972,2011,2,No
11N143A,33.638,-2.782,2011,2,No
11N143B,33.194,-2.581,2011,3,No
11N143D,32.998,-3.872,2011,3,No
11N143F,32.763,-2.481,2011,3,No
11N143I,32.700,-2.452,2011,2,No
11N144A,33.587,-2.757,2011,2,No
11N144B,33.176,-2.581,2011,3,No
11N144D,33.078,-4.534,2011,3,No
11N144F,32.428,-2.640,2011,2,No
11N144I,32.689,-2.447,2011,3,No
11N145A,33.589,-2.756,2011,3,No
11N145B,32.509,-2.697,2011,2,No
11N145D,33.080,-4.532,2011,3,No
11N145F,32.751,-2.334,2011,2,No
11N145I,32.692,-2.465,2011,3,No
11N146A,33.707,-2.644,2011,3,No
11N146B,32.511,-2.670,2011,2,No
11N146D,33.071,-4.524,2011,3,No
11N146F,32.733,-2.356,2011,1,No
11N146I,32.692,-2.411,2011,2,No
11N147A,33.571,-2.570,2011,3,No
11N147B,32.471,-3.049,2011,2,No
11N147D,33.085,-4.547,2011,3,No
11N147F,32.709,-2.429,2011,2,No
11N147I,32.686,-2.510,2011,3,No
11N148A,33.790,-2.514,2011,2,No
11N148B,32.572,-2.331,2011,2,No
11N148D,33.152,-4.673,2011,2,No
11N148F,32.701,-2.452,2011,2,No
11N148I,32.741,-2.590,2011,3,No
11N149A,33.677,-2.616,2011,1,No
11N149B,33.114,-1.982,2011,3,No
11N149D,33.146,-4.660,2011,2,No
11N149F,32.766,-2.508,2011,2,No
11N149I,32.762,-2.306,2011,3,No
11N14HJ,33.341,-2.550,2011,3,No
11N14ST,32.591,-1.444,2011,2,No
11N150A,33.545,-2.673,2011,3,No
11N150B,33.449,-2.628,2011,3,No
11N150D,32.982,-3.898,2011,2,No
11N150F,32.766,-2.559,2011,2,No
11N150I,32.670,-2.275,2011,3,No
11N151A,33.657,-2.950,2011,2,No
11N151B,33.432,-2.642,2011,3,No
11N151D,32.986,-3.886,2011,2,No
11N151F,33.206,-2.534,2011,3,No
11N151I,32.818,-2.275,2011,3,No
11N152A,33.272,-2.584,2011,3,No
11N152B,33.125,-2.607,2011,3,No
11N152D,33.268,-3.684,2011,2,No
11N152F,33.010,-3.014,2011,2,No
11N152I,32.817,-2.279,2011,2,No
11N153A,33.354,-2.545,2011,2,No
11N153B,33.202,-2.524,2011,3,No
11N153D,33.217,-4.569,2011,1,No
11N153F,33.178,-3.072,2011,2,No
11N153I,33.322,-2.524,2011,2,No
11N154A,33.342,-2.545,2011,2,No
11N154B,32.556,-2.357,2011,2,No
11N154D,32.965,-3.906,2011,2,No
11N154F,33.223,-3.020,2011,2,No
11N154I,33.346,-2.562,2011,2,No
11N155A,33.501,-2.693,2011,2,No
11N155B,32.551,-2.626,2011,2,No
11N155D,32.981,-3.875,2011,1,No
11N155F,33.142,-2.942,2011,2,No
11N155I,32.795,-2.504,2011,3,No
11N156A,33.492,-2.699,2011,2,No
11N156B,32.434,-2.758,2011,3,No
11N156D,32.988,-3.879,2011,2,No
11N156F,32.454,-2.708,2011,2,No
11N156I,32.853,-2.525,2011,3,No
11N157A,33.840,-2.288,2011,2,No
11N157B,32.666,-2.052,2011,3,No
11N157D,33.065,-4.602,2011,2,No
11N157F,32.453,-2.712,2011,2,No
11N157I,32.788,-2.609,2011,2,No
11N158A,33.843,-2.275,2011,2,No
11N158B,32.672,-2.053,2011,3,No
11N158F,32.886,-2.927,2011,3,No
11N158I,32.689,-2.481,2011,3,No
11N159A,33.863,-2.577,2011,2,No
11N159B,33.245,-2.557,2011,3,No
11N159D,33.075,-4.609,2011,3,No
11N159F,33.033,-3.113,2011,2,No
11N159I,33.310,-2.214,2011,3,No
11N15HJ,33.439,-2.604,2011,2,No
11N15ST,32.612,-1.465,2011,2,No
11N160A,33.597,-3.114,2011,3,No
11N160B,33.299,-2.849,2011,3,No
11N160D,33.079,-4.600,2011,3,No
11N160F,32.414,-2.575,2011,2,No
11N160I,33.158,-2.016,2011,2,No
11N161A,33.747,-2.783,2011,2,No
11N161B,33.297,-2.822,2011,3,No
11N161D,32.979,-3.915,2011,2,No
11N161F,32.413,-2.633,2011,2,No
11N161I,33.187,-2.143,2011,3,No
11N162A,33.709,-2.779,2011,2,No
11N162B,33.249,-2.922,2011,3,No
11N162D,32.976,-3.909,2011,1,No
11N162F,32.342,-2.300,2011,3,No
11N162I,32.763,-2.605,2011,3,No
11N163A,33.628,-2.780,2011,1,No
11N163B,33.256,-2.906,2011,2,No
11N163D,32.893,-4.024,2011,2,No
11N163F,33.249,-2.602,2011,3,No
11N163I,32.905,-2.074,2011,2,No
11N164A,33.623,-2.768,2011,3,No
11N164B,33.287,-2.557,2011,3,No
11N164D,33.131,-4.683,2011,2,No
11N164F,33.114,-2.920,2011,2,No
11N164I,33.169,-2.528,2011,2,No
11N165A,33.841,-2.300,2011,3,No
11N165B,33.097,-2.332,2011,3,No
11N165D,33.125,-4.495,2011,2,No
11N165F,33.100,-3.155,2011,3,No
11N165I,33.095,-2.547,2011,3,No
11N166A,33.841,-2.283,2011,3,No
11N166B,32.694,-2.143,2011,2,No
11N166D,32.848,-4.024,2011,1,No
11N166F,33.138,-2.608,2011,2,No
11N166I,32.667,-2.598,2011,3,No
11N167A,33.260,-2.584,2011,3,No
11N167B,33.149,-2.620,2011,2,No
11N167F,33.302,-2.497,2011,3,No
11N167I,32.692,-2.550,2011,3,No
11N168A,33.259,-2.572,2011,2,No
11N168B,33.087,-2.667,2011,3,No
11N168F,32.461,-2.691,2011,1,No
11N168I,32.876,-2.128,2011,3,No
11N169A,33.822,-2.930,2011,2,No
11N169B,33.293,-2.895,2011,3,No
11N169F,32.449,-2.694,2011,1,No
11N169I,32.873,-2.132,2011,2,No
11N16HJ,33.306,-2.770,2011,3,No
11N16ST,32.565,-2.296,2011,2,No
11N170A,33.667,-2.822,2011,2,No
11N170B,33.106,-2.920,2011,2,No
11N170F,32.321,-2.272,2011,2,No
11N170I,32.782,-2.107,2011,3,No
11N171A,33.707,-2.795,2011,2,No
11N171B,33.110,-3.156,2011,2,No
11N171F,33.150,-2.656,2011,2,No
11N171I,33.158,-2.262,2011,3,No
11N172A,33.584,-2.761,2011,2,No
11N172B,33.035,-3.106,2011,1,No
11N172F,33.206,-2.686,2011,2,No
11N173A,33.632,-2.730,2011,2,No
11N173B,33.121,-2.948,2011,2,No
11N173F,33.085,-2.779,2011,2,No
11N174A,33.558,-2.686,2011,2,No
11N174B,33.093,-2.520,2011,3,No
11N174F,32.312,-2.237,2011,2,No
11N175A,33.640,-2.859,2011,1,No
11N175B,32.762,-2.243,2011,2,No
11N176A,33.601,-2.630,2011,1,No
11N176B,32.804,-2.246,2011,3,No
11N177A,33.456,-2.671,2011,1,No
11N177B,32.541,-2.544,2011,2,No
11N178A,33.507,-2.779,2011,3,No
11N178B,32.687,-2.548,2011,3,No
11N179A,33.502,-2.798,2011,2,No
11N179B,33.043,-2.461,2011,2,No
11N17HJ,33.236,-2.532,2011,3,No
11N17ST,32.305,-1.607,2011,3,No
11N180A,33.342,-2.919,2011,3,No
11N180B,33.355,-2.523,2011,2,No
11N181A,33.446,-2.677,2011,3,No
11N181B,33.223,-2.776,2011,2,No
11N182A,33.478,-2.501,2011,3,No
11N182B,33.142,-2.893,2011,2,No
11N183A,33.821,-2.492,2011,2,No
11N183B,32.788,-2.595,2011,3,No
11N184A,33.842,-2.489,2011,2,No
11N184B,33.132,-1.988,2011,3,No
11N185A,33.712,-2.725,2011,2,No
11N185B,33.025,-2.087,2011,3,No
11N186A,33.283,-2.274,2011,1,No
11N186B,32.940,-2.467,2011,3,No
11N187A,33.321,-2.494,2011,2,No
11N187B,32.769,-2.461,2011,3,No
11N188A,33.321,-2.490,2011,3,No
11N188B,32.755,-2.352,2011,3,No
11N189A,33.358,-2.666,2011,3,No
11N189B,32.316,-2.271,2011,2,No
11N18HJ,33.240,-2.513,2011,3,No
11N18ST,32.597,-1.447,2011,2,No
11N190A,33.584,-2.487,2011,3,No
11N191A,33.602,-2.473,2011,3,No
11N192A,33.601,-2.461,2011,2,No
11N193A,33.404,-2.774,2011,2,No
11N194A,33.470,-3.117,2011,3,No
11N195A,33.582,-2.767,2011,2,No
11N196A,33.653,-2.772,2011,3,No
11N197A,33.832,-2.532,2011,2,No
11N198A,33.707,-2.604,2011,2,No
11N199A,33.646,-2.758,2011,2,No
11N19HJ,33.231,-2.944,2011,3,No
11N19ST,32.290,-1.581,2011,2,No
11N200A,33.707,-2.656,2011,3,No
11N201A,33.691,-2.621,2011,2,No
11N202A,33.621,-2.609,2011,3,No
11N203A,33.710,-2.673,2011,2,No
11N204A,33.639,-2.782,2011,2,No
11N205A,33.621,-2.764,2011,3,No
11N206A,33.636,-2.741,2011,2,No
11N207A,33.573,-2.748,2011,3,No
11N208A,33.666,-2.700,2011,2,No
11N209A,33.426,-2.366,2011,3,No
11N20HJ,33.266,-2.769,2011,3,No
11N20ST,32.476,-1.527,2011,2,No
11N210A,33.774,-2.782,2011,2,No
11N211A,33.679,-3.055,2011,2,No
11N212A,33.749,-3.005,2011,3,No
11N213A,33.760,-2.838,2011,2,No
11N214A,33.410,-2.395,2011,2,No
11N215A,33.461,-2.484,2011,2,No
11N216A,33.637,-2.774,2011,2,No
11N217A,33.799,-2.772,2011,3,No
11N218A,33.621,-2.766,2011,1,No
11N219A,33.566,-2.740,2011,2,No
11N21HJ,33.263,-2.662,2011,2,No
11N21ST,32.466,-1.631,2011,2,No
11N220A,33.643,-2.679,2011,2,No
11N221A,33.628,-2.786,2011,2,No
11N222A,33.721,-2.649,2011,3,No
11N223A,33.420,-2.401,2011,1,No
11N22HJ,33.253,-2.665,2011,2,No
11N22ST,32.448,-2.412,2011,2,No
11N23HJ,33.158,-2.460,2011,3,No
11N23ST,32.492,-1.539,2011,3,No
11N24HJ,33.137,-2.727,2011,3,No
11N24ST,32.439,-2.659,2011,3,No
11N25HJ,33.163,-2.891,2011,3,No
11N25ST,32.512,-1.696,2011,3,No
11N26HJ,33.216,-2.548,2011,3,No
11N26ST,32.532,-1.631,2011,2,No
11N27ST,32.456,-2.616,2011,2,No
11N28HJ,33.273,-2.775,2011,2,No
11N28ST,32.457,-2.043,2011,2,No
11N29HJ,33.250,-2.537,2011,3,No
11N29ST,32.290,-1.594,2011,3,No
11N30HJ,33.168,-2.442,2011,3,No
11N30ST,32.313,-1.589,2011,3,No
11N31HJ,33.564,-2.831,2011,3,No
11N31ST,32.542,-1.491,2011,3,No
11N32HJ,33.139,-2.510,2011,3,No
11N32ST,32.493,-1.516,2011,2,No
11N33HJ,33.445,-2.659,2011,3,No
11N33ST,32.496,-1.551,2011,3,No
11N34HJ,33.127,-2.478,2011,3,No
11N34ST,32.630,-2.537,2011,2,No
11N35HJ,33.159,-2.876,2011,3,No
11N36HJ,33.232,-2.392,2011,2,No
11N37HJ,33.156,-2.724,2011,3,No
11N38HJ,33.518,-2.774,2011,3,No
11N999B,33.141,-2.916,2011,3,No
11N99AZ,33.467,-2.688,2011,2,No
12N001A,33.388,-2.964,2012,2,No
12N001B,32.754,-2.431,2012,3,No
12N001D,32.826,-3.898,2012,2,No
12N001F,32.242,-2.827,2012,2,No
12N001I,32.996,-2.108,2012,3,No
12N001M,33.307,-3.059,2012,2,No
12N001M05,33.108,-3.734,2012,3,No
12N001M06,32.853,-4.822,2012,2,No
12N001M10,32.288,-2.422,2012,2,No
12N001M20,33.026,-3.930,2012,2,No
12N001M30,32.937,-2.048,2012,2,No
12N002A,33.386,-2.960,2012,2,No
12N002B,32.748,-2.493,2012,3,No
12N002D,33.111,-4.702,2012,2,No
12N002F,32.372,-2.843,2012,2,No
12N002I,32.980,-2.078,2012,3,No
12N002M,33.020,-3.163,2012,2,No
12N002M06,32.501,-2.461,2012,3,No
12N002M10,32.336,-2.306,2012,2,No
12N002M14,33.060,-2.127,2012,2,No
12N002M20,32.962,-3.627,2012,1,No
12N002M30,33.448,-2.654,2012,2,No
12N003A,33.377,-2.943,2012,2,No
12N003B,32.734,-2.498,2012,3,No
12N003D,32.784,-3.893,2012,3,No
12N003F,32.416,-2.595,2012,3,No
12N003M,33.049,-3.120,2012,3,No
12N003M06,33.222,-4.501,2012,3,No
12N003M10,32.325,-2.307,2012,3,No
12N003M25,32.950,-1.999,2012,3,No
12N003M30,33.105,-2.467,2012,3,No
12N004A,33.882,-2.385,2012,3,No
12N004B,32.768,-2.606,2012,3,No
12N004D,32.829,-3.910,2012,2,No
12N004F,32.474,-2.344,2012,2,No
12N004M,33.006,-2.999,2012,3,No
12N004M06,33.088,-4.706,2012,2,No
12N004M10,32.330,-2.349,2012,2,No
12N004M30,33.316,-2.508,2012,2,No
12N005A,33.965,-2.547,2012,3,No
12N005B,32.891,-2.538,2012,2,No
12N005D,32.893,-3.875,2012,2,No
12N005F,32.425,-2.654,2012,2,No
12N005M,33.239,-2.873,2012,3,No
12N005M06,33.156,-2.510,2012,3,No
12N005M10,32.353,-2.177,2012,2,No
12N005M22,32.511,-2.071,2012,2,No
12N005M30,33.452,-2.645,2012,3,No
12N006A,33.910,-2.213,2012,2,No
12N006B,32.877,-2.543,2012,3,No
12N006D,33.128,-4.708,2012,3,No
12N006F,32.410,-2.599,2012,2,No
12N006M,33.315,-2.815,2012,3,No
12N006M06,33.902,-2.473,2012,3,No
12N006M10,32.525,-2.234,2012,3,No
12N006M22,32.493,-2.692,2012,2,No
12N006M30,33.198,-4.482,2012,3,No
12N007A,33.821,-2.508,2012,2,No
12N007B,32.744,-2.485,2012,3,No
12N007D,33.049,-4.696,2012,3,No
12N007F,32.389,-2.649,2012,3,No
12N007I,32.941,-2.315,2012,3,No
12N007M,33.362,-2.829,2012,2,No
12N007M06,33.910,-2.427,2012,2,No
12N007M10,32.518,-2.229,2012,2,No
12N007M30,33.039,-3.669,2012,2,No
12N008A,33.988,-2.279,2012,3,No
12N008B,32.693,-2.515,2012,3,No
12N008D,32.845,-3.731,2012,3,No
12N008F,32.682,-2.396,2012,3,No
12N008I,32.880,-2.669,2012,2,No
12N008M,33.459,-2.990,2012,2,No
12N008M06,33.898,-2.515,2012,3,No
12N008M10,32.320,-2.301,2012,2,No
12N009A,33.283,-2.594,2012,2,No
12N009B,32.317,-2.320,2012,2,No
12N009D,32.866,-3.768,2012,2,No
12N009F,32.697,-2.433,2012,3,No
12N009I,32.895,-2.679,2012,3,No
12N009M,33.133,-2.608,2012,2,No
12N009M06,33.884,-2.543,2012,3,No
12N009M10,32.341,-2.277,2012,3,No
12N010A,33.399,-2.589,2012,2,No
12N010B,32.232,-2.439,2012,2,No
12N010D,32.933,-3.867,2012,3,No
12N010F,32.535,-2.364,2012,2,No
12N010I,33.047,-2.126,2012,3,No
12N010M,33.638,-3.195,2012,3,No
12N010M06,32.863,-2.674,2012,3,No
12N010M10,32.337,-2.285,2012,3,No
12N010M17,33.228,-2.498,2012,3,No
12N011A,33.605,-2.590,2012,3,No
12N011B,32.388,-2.298,2012,2,No
12N011D,32.838,-4.022,2012,3,No
12N011F,32.588,-2.273,2012,2,No
12N011I,33.073,-2.643,2012,3,No
12N011M,33.348,-3.232,2012,2,No
12N011M06,32.853,-2.672,2012,3,No
12N011M10,32.338,-2.297,2012,2,No
12N012A,33.844,-2.299,2012,3,No
12N012B,32.349,-2.118,2012,2,No
12N012F,32.498,-2.161,2012,1,No
12N012I,32.904,-2.515,2012,2,No
12N012M,33.496,-3.118,2012,2,No
12N012M06,32.728,-2.517,2012,3,No
12N012M10,32.335,-2.313,2012,2,No
12N013A,33.897,-2.219,2012,3,No
12N013B,32.760,-2.348,2012,3,No
12N013D,32.857,-4.737,2012,2,No
12N013F,32.411,-2.599,2012,2,No
12N013I,33.141,-2.523,2012,3,No
12N013M,33.182,-3.119,2012,2,No
12N013M06,32.865,-2.551,2012,3,No
12N013M10,32.324,-2.316,2012,4,No
12N014A,33.918,-2.584,2012,3,No
12N014B,32.774,-2.631,2012,3,No
12N014D,32.914,-4.724,2012,2,No
12N014F,32.395,-2.668,2012,2,No
12N014I,33.151,-2.534,2012,1,No
12N014M,33.093,-3.244,2012,2,No
12N014M06,33.915,-2.350,2012,3,No
12N014M10,32.327,-2.354,2012,3,No
12N015A,33.885,-2.584,2012,3,No
12N015B,32.842,-2.695,2012,3,No
12N015D,33.108,-3.725,2012,2,No
12N015F,32.402,-2.676,2012,3,No
12N015I,33.187,-2.632,2012,3,No
12N015M,33.014,-3.125,2012,3,No
12N015M06,33.123,-4.523,2012,3,No
12N015M10,32.472,-2.313,2012,3,No
12N016A,33.690,-2.749,2012,3,No
12N016B,32.646,-2.513,2012,2,No
12N016D,33.174,-3.758,2012,2,No
12N016F,32.273,-2.309,2012,2,No
12N016I,33.170,-2.634,2012,2,No
12N016M,33.453,-3.030,2012,3,No
12N016M06,33.116,-4.639,2012,3,No
12N016M10,32.468,-2.303,2012,3,No
12N016M32,33.521,-2.817,2012,3,No
12N017A,33.613,-2.780,2012,3,No
12N017B,32.654,-2.533,2012,2,No
12N017D,33.145,-3.718,2012,2,No
12N017F,32.314,-2.324,2012,2,No
12N017I,33.089,-2.512,2012,3,No
12N017M,33.627,-3.044,2012,3,No
12N017M06,33.122,-4.468,2012,3,No
12N017M10,32.343,-2.222,2012,1,No
12N017M32,33.367,-2.738,2012,3,No
12N018A,33.441,-2.557,2012,2,No
12N018B,33.193,-2.486,2012,2,No
12N018D,33.136,-3.710,2012,2,No
12N018F,32.395,-2.621,2012,3,No
12N018I,33.001,-2.091,2012,3,No
12N018M,33.259,-2.772,2012,2,No
12N018M06,33.253,-2.587,2012,3,No
12N018M10,32.721,-2.173,2012,3,No
12N018M32,33.288,-2.651,2012,3,No
12N019A,33.325,-2.758,2012,2,No
12N019B,33.191,-2.484,2012,3,No
12N019D,32.843,-4.009,2012,3,No
12N019F,32.392,-2.630,2012,2,No
12N019I,32.997,-2.103,2012,3,No
12N019M,33.300,-2.847,2012,3,No
12N019M10,32.311,-2.319,2012,3,No
12N019M15,33.277,-2.716,2012,3,No
12N01M03,33.273,-2.758,2012,3,No
12N01M04,33.269,-2.601,2012,3,No
12N01M11,33.290,-2.704,2012,3,No
12N01M14,32.862,-4.812,2012,2,No
12N01M15,33.118,-2.591,2012,3,No
12N01M17,33.199,-2.537,2012,3,No
12N01M22,32.478,-2.300,2012,2,No
12N01M23,33.274,-3.979,2012,2,No
12N01M25,33.259,-2.721,2012,3,No
12N01M26,33.251,-3.887,2012,2,No
12N020A,33.393,-2.554,2012,3,No
12N020B,33.166,-2.492,2012,2,No
12N020D,32.824,-4.003,2012,3,No
12N020F,32.553,-2.413,2012,2,No
12N020I,33.158,-2.262,2012,3,No
12N020M,33.341,-2.924,2012,2,No
12N020M10,32.398,-2.143,2012,2,No
12N020M15,33.119,-2.088,2012,3,No
12N021A,33.701,-2.602,2012,3,No
12N021B,33.094,-2.422,2012,2,No
12N021D,33.132,-4.685,2012,3,No
12N021F,32.324,-1.673,2012,3,No
12N021I,33.204,-2.227,2012,3,No
12N021M,33.283,-2.914,2012,3,No
12N021M10,32.302,-2.307,2012,3,No
12N021M15,33.006,-2.054,2012,3,No
12N022A,33.706,-2.350,2012,3,No
12N022B,32.784,-2.614,2012,3,No
12N022D,33.125,-4.719,2012,2,No
12N022F,32.402,-2.655,2012,3,No
12N022I,33.093,-2.428,2012,3,No
12N022M,33.171,-3.104,2012,3,No
12N022M10,32.330,-2.299,2012,3,No
12N022M15,33.659,-2.675,2012,3,No
12N023A,33.848,-2.287,2012,3,No
12N023B,32.367,-2.193,2012,3,No
12N023D,33.123,-3.743,2012,3,No
12N023F,32.530,-2.580,2012,2,No
12N023I,33.081,-2.421,2012,2,No
12N023M,33.113,-3.131,2012,3,No
12N023M10,32.460,-2.718,2012,3,No
12N023M15,33.255,-2.575,2012,3,No
12N024A,33.820,-2.486,2012,2,No
12N024B,32.299,-2.344,2012,3,No
12N024D,33.167,-3.756,2012,2,No
12N024F,32.403,-2.587,2012,3,No
12N024I,33.263,-2.255,2012,3,No
12N024M,33.110,-3.131,2012,2,No
12N024M10,32.460,-2.915,2012,3,No
12N024M15,33.260,-2.563,2012,2,No
12N025A,33.556,-2.669,2012,2,No
12N025B,33.022,-2.454,2012,3,No
12N025D,33.159,-3.725,2012,2,No
12N025F,32.533,-2.563,2012,2,No
12N025I,33.200,-2.517,2012,3,No
12N025M,33.109,-2.921,2012,3,No
12N025M10,32.325,-1.588,2012,3,No
12N025M32,33.168,-2.181,2012,4,No
12N026A,33.543,-2.677,2012,3,No
12N026B,32.909,-2.538,2012,3,No
12N026D,33.135,-3.702,2012,2,No
12N026F,32.533,-2.367,2012,3,No
12N026I,33.109,-2.573,2012,3,No
12N026M,33.118,-2.911,2012,2,No
12N026M10,32.311,-1.632,2012,3,No
12N026M32,33.269,-2.757,2012,3,No
12N027A,33.407,-2.529,2012,3,No
12N027B,32.772,-2.608,2012,2,No
12N027D,33.182,-3.764,2012,2,No
12N027F,32.557,-2.366,2012,2,No
12N027I,33.067,-2.533,2012,2,No
12N027M,33.121,-2.908,2012,3,No
12N027M10,32.331,-1.633,2012,3,No
12N027M32,33.311,-2.827,2012,3,No
12N028A,33.185,-2.437,2012,3,No
12N028B,32.763,-2.604,2012,3,No
12N028D,32.983,-3.902,2012,2,No
12N028F,32.293,-2.283,2012,3,No
12N028I,33.046,-2.550,2012,4,No
12N028M,33.132,-2.916,2012,3,No
12N028M10,32.295,-1.603,2012,3,No
12N028M32,33.498,-2.729,2012,3,No
12N029A,33.349,-2.839,2012,2,No
12N029B,32.709,-2.457,2012,2,No
12N029D,33.107,-4.655,2012,3,No
12N029F,32.437,-2.742,2012,3,No
12N029I,32.765,-2.251,2012,3,No
12N029M,33.142,-2.887,2012,3,No
12N029M10,32.343,-1.618,2012,3,No
12N029M32,33.060,-2.082,2012,3,No
12N02M03,33.291,-2.685,2012,3,No
12N02M04,33.284,-2.566,2012,3,No
12N02M11,33.382,-2.961,2012,3,No
12N02M15,33.150,-2.994,2012,3,No
12N02M17,33.204,-4.059,2012,2,No
12N02M22,32.722,-2.181,2012,3,No
12N02M23,33.237,-3.841,2012,2,No
12N02M26,33.142,-4.024,2012,2,No
12N030A,33.864,-2.488,2012,3,No
12N030B,32.758,-2.397,2012,2,No
12N030D,33.136,-4.674,2012,3,No
12N030F,32.357,-2.821,2012,2,No
12N030I,32.770,-2.445,2012,3,No
12N030M,33.366,-2.842,2012,3,No
12N030M10,32.355,-1.632,2012,3,No
12N030M32,33.207,-2.544,2012,3,No
12N031A,33.898,-2.241,2012,3,No
12N031B,32.895,-2.529,2012,3,No
12N031D,33.105,-4.690,2012,1,No
12N031F,32.282,-2.815,2012,2,No
12N031I,32.750,-2.583,2012,3,No
12N031M,33.649,-3.126,2012,3,No
12N031M10,32.367,-1.625,2012,3,No
12N031M32,32.751,-2.462,2012,3,No
12N032A,33.903,-2.216,2012,2,No
12N032B,32.825,-2.451,2012,4,No
12N032D,32.905,-4.654,2012,2,No
12N032F,32.197,-2.407,2012,3,No
12N032I,32.863,-2.561,2012,3,No
12N032M,33.621,-3.065,2012,3,No
12N032M10,32.404,-1.637,2012,3,No
12N032M15,33.515,-2.668,2012,3,No
12N033A,33.853,-2.340,2012,3,No
12N033B,32.753,-2.473,2012,3,No
12N033D,32.894,-4.685,2012,2,No
12N033F,32.485,-2.170,2012,2,No
12N033I,32.932,-2.525,2012,3,No
12N033M,33.651,-3.147,2012,2,No
12N033M10,32.320,-2.313,2012,3,No
12N033M15,33.003,-2.444,2012,4,No
12N034A,33.719,-2.618,2012,3,No
12N034B,32.246,-2.238,2012,2,No
12N034D,32.842,-3.915,2012,3,No
12N034F,32.400,-2.668,2012,2,No
12N034I,33.020,-2.561,2012,1,No
12N034M,33.441,-3.043,2012,2,No
12N034M10,32.309,-2.324,2012,3,No
12N034M15,33.579,-2.677,2012,3,No
12N034M32,33.170,-2.522,2012,3,No
12N035A,33.520,-2.902,2012,3,No
12N035B,32.440,-2.203,2012,3,No
12N035D,32.804,-3.901,2012,2,No
12N035F,32.436,-2.596,2012,3,No
12N035I,33.024,-2.551,2012,3,No
12N035M,33.175,-3.116,2012,3,No
12N035M10,32.516,-2.580,2012,2,No
12N036A,33.188,-2.446,2012,2,No
12N036B,32.545,-2.399,2012,3,No
12N036D,32.963,-3.913,2012,2,No
12N036F,32.475,-2.640,2012,3,No
12N036I,33.053,-2.559,2012,3,No
12N036M,33.293,-3.062,2012,2,No
12N036M32,33.071,-2.392,2012,2,No
12N037A,33.312,-2.584,2012,3,No
12N037B,32.541,-2.401,2012,3,No
12N037D,32.890,-4.090,2012,2,No
12N037F,32.733,-2.145,2012,3,No
12N037I,33.064,-2.569,2012,1,No
12N037M,33.307,-3.082,2012,3,No
12N037M32,33.826,-2.522,2012,3,No
12N038A,33.352,-2.526,2012,3,No
12N038B,32.635,-2.490,2012,3,No
12N038D,32.855,-3.908,2012,2,No
12N038F,32.778,-2.284,2012,3,No
12N038I,33.100,-2.500,2012,3,No
12N038M,33.390,-3.130,2012,3,No
12N038M15,33.143,-2.509,2012,3,No
12N039A,33.338,-2.531,2012,3,No
12N039B,32.756,-2.638,2012,3,No
12N039D,32.817,-3.898,2012,2,No
12N039F,32.771,-2.307,2012,3,No
12N039I,33.197,-2.473,2012,3,No
12N039M,33.460,-3.175,2012,2,No
12N039M15,33.345,-2.738,2012,3,No
12N03M03,33.262,-2.656,2012,3,No
12N03M04,33.323,-2.548,2012,3,No
12N03M11,33.081,-2.934,2012,2,No
12N03M15,33.197,-2.402,2012,2,No
12N03M22,32.408,-2.636,2012,3,No
12N03M23,33.005,-4.089,2012,2,No
12N03M26,33.185,-4.094,2012,3,No
12N040A,33.586,-2.755,2012,3,No
12N040B,32.740,-2.727,2012,4,No
12N040D,32.819,-3.750,2012,3,No
12N040F,32.704,-2.453,2012,1,No
12N040I,33.220,-2.504,2012,3,No
12N040M,33.312,-2.894,2012,3,No
12N040M15,33.197,-2.939,2012,3,No
12N041A,33.854,-2.586,2012,3,No
12N041B,32.859,-2.678,2012,3,No
12N041D,32.999,-3.883,2012,2,No
12N041F,32.738,-2.406,2012,4,No
12N041I,33.202,-2.534,2012,3,No
12N041M,33.319,-2.958,2012,2,No
12N041M15,33.427,-2.745,2012,3,No
12N042A,33.923,-2.571,2012,2,No
12N042B,32.244,-2.301,2012,3,No
12N042D,32.999,-3.883,2012,3,No
12N042F,32.745,-2.415,2012,3,No
12N042I,33.001,-2.075,2012,3,No
12N042M,33.583,-3.107,2012,3,No
12N042M15,33.186,-2.529,2012,2,No
12N043A,33.901,-2.399,2012,2,No
12N043B,32.287,-2.293,2012,2,No
12N043D,32.978,-3.917,2012,1,No
12N043F,32.717,-2.442,2012,3,No
12N043I,33.036,-2.101,2012,3,No
12N043M,33.598,-3.050,2012,2,No
12N043M32,33.148,-2.500,2012,3,No
12N044A,33.971,-2.277,2012,3,No
12N044B,33.259,-2.415,2012,3,No
12N044D,32.849,-3.900,2012,3,No
12N044F,32.872,-2.665,2012,3,No
12N044I,33.019,-2.112,2012,3,No
12N044M,33.485,-3.062,2012,2,No
12N044M32,33.301,-2.709,2012,2,No
12N045A,33.950,-2.369,2012,3,No
12N045B,33.193,-2.736,2012,3,No
12N045D,32.891,-3.666,2012,3,No
12N045F,32.903,-2.666,2012,3,No
12N045I,33.001,-2.097,2012,1,No
12N045M,33.353,-2.993,2012,2,No
12N045M32,33.329,-2.661,2012,3,No
12N046A,33.706,-2.605,2012,3,No
12N046B,33.090,-2.787,2012,3,No
12N046D,32.968,-3.880,2012,2,No
12N046F,32.664,-2.414,2012,2,No
12N046I,33.004,-2.105,2012,2,No
12N046M,33.334,-3.161,2012,2,No
12N046M32,33.025,-2.101,2012,3,No
12N047A,33.689,-2.447,2012,2,No
12N047B,33.146,-2.643,2012,2,No
12N047D,32.864,-3.768,2012,2,No
12N047F,32.693,-2.395,2012,3,No
12N047I,33.004,-2.106,2012,1,No
12N047M,33.107,-3.741,2012,3,No
12N047M32,33.189,-2.529,2012,3,No
12N048A,33.552,-2.550,2012,3,No
12N048B,33.105,-2.297,2012,3,No
12N048D,33.040,-3.899,2012,3,No
12N048F,32.678,-2.325,2012,3,No
12N048I,33.132,-2.129,2012,3,No
12N048M,33.106,-3.744,2012,2,No
12N048M32,33.171,-2.443,2012,3,No
12N049A,33.367,-2.679,2012,2,No
12N049B,32.203,-2.332,2012,3,No
12N049D,32.997,-3.873,2012,2,No
12N049F,32.696,-2.332,2012,3,No
12N049I,33.113,-2.596,2012,3,No
12N049M,33.108,-3.761,2012,3,No
12N049M15,33.153,-2.723,2012,3,No
12N04M03,33.194,-2.725,2012,2,No
12N04M04,33.258,-2.724,2012,3,No
12N04M11,32.869,-3.666,2012,2,No
12N04M15,33.246,-2.418,2012,2,No
12N04M17,33.128,-4.019,2012,3,No
12N04M22,32.392,-2.634,2012,2,No
12N04M23,33.287,-3.937,2012,2,No
12N04M26,33.131,-4.016,2012,2,No
12N050A,33.189,-2.633,2012,2,No
12N050B,32.185,-2.391,2012,2,No
12N050D,32.987,-3.864,2012,3,No
12N050F,32.477,-2.639,2012,3,No
12N050I,33.136,-2.284,2012,3,No
12N050M,33.104,-3.747,2012,2,No
12N050M15,33.135,-2.377,2012,3,No
12N051A,33.284,-2.587,2012,3,No
12N051B,32.169,-2.552,2012,3,No
12N051D,33.114,-3.729,2012,3,No
12N051F,32.399,-2.682,2012,2,No
12N051I,32.926,-2.487,2012,1,No
12N051M,33.119,-3.751,2012,3,No
12N052A,33.496,-2.768,2012,3,No
12N052B,32.208,-2.904,2012,3,No
12N052D,33.116,-3.724,2012,2,No
12N052F,32.405,-2.587,2012,2,No
12N052I,32.826,-2.611,2012,3,No
12N052M,33.333,-3.654,2012,2,No
12N053A,33.530,-2.450,2012,2,No
12N053B,32.512,-2.311,2012,3,No
12N053D,33.078,-3.730,2012,1,No
12N053F,32.352,-2.207,2012,2,No
12N053I,32.793,-2.294,2012,3,No
12N053M,33.050,-3.139,2012,2,No
12N054A,33.531,-2.458,2012,3,No
12N054B,32.680,-2.443,2012,3,No
12N054D,33.124,-3.770,2012,2,No
12N054F,32.429,-2.720,2012,3,No
12N054I,32.821,-2.268,2012,3,No
12N054M,33.004,-3.019,2012,3,No
12N055A,33.867,-2.284,2012,3,No
12N055B,33.221,-2.518,2012,3,No
12N055D,32.873,-4.640,2012,3,No
12N055F,32.388,-2.618,2012,1,No
12N055I,33.148,-2.671,2012,2,No
12N055M,32.992,-2.999,2012,3,No
12N056A,33.823,-2.528,2012,3,No
12N056B,33.168,-2.496,2012,3,No
12N056D,33.129,-4.671,2012,3,No
12N056F,32.362,-2.733,2012,2,No
12N056I,33.031,-2.531,2012,4,No
12N056M,33.147,-3.033,2012,3,No
12N057A,33.834,-2.517,2012,2,No
12N057B,33.199,-2.780,2012,3,No
12N057D,33.017,-3.916,2012,2,No
12N057F,32.460,-2.906,2012,2,No
12N057I,33.014,-2.470,2012,3,No
12N057M,33.283,-3.133,2012,3,No
12N058A,33.915,-2.224,2012,3,No
12N058B,33.149,-2.908,2012,2,No
12N058D,32.978,-3.651,2012,1,No
12N058F,32.545,-2.558,2012,2,No
12N058I,32.972,-2.460,2012,3,No
12N058M,33.324,-2.889,2012,3,No
12N059A,33.902,-2.236,2012,3,No
12N059B,33.086,-2.923,2012,3,No
12N059D,32.978,-3.650,2012,1,No
12N059F,32.714,-2.429,2012,3,No
12N059I,33.052,-2.217,2012,3,No
12N059M,32.996,-2.822,2012,3,No
12N05M03,33.326,-2.534,2012,2,No
12N05M04,33.268,-2.757,2012,3,No
12N05M11,32.945,-3.642,2012,1,No
12N05M15,33.074,-2.666,2012,3,No
12N05M17,33.493,-2.468,2012,3,No
12N05M23,33.007,-4.100,2012,3,No
12N060A,33.313,-2.805,2012,2,No
12N060B,33.127,-2.987,2012,3,No
12N060D,32.976,-3.647,2012,3,No
12N060F,32.737,-2.508,2012,3,No
12N060I,32.936,-2.289,2012,3,No
12N060M,33.321,-3.657,2012,3,No
12N061A,33.218,-2.610,2012,3,No
12N061B,33.097,-3.085,2012,2,No
12N061D,32.976,-3.649,2012,2,No
12N061F,32.713,-2.795,2012,3,No
12N061I,32.925,-2.274,2012,4,No
12N061M,33.220,-3.071,2012,2,No
12N062A,33.359,-2.582,2012,3,No
12N062B,33.155,-3.063,2012,3,No
12N062D,32.973,-3.647,2012,2,No
12N062F,32.642,-2.551,2012,3,No
12N062I,32.869,-2.257,2012,3,No
12N062M,33.158,-3.222,2012,2,No
12N063A,33.434,-2.519,2012,3,No
12N063B,33.159,-3.194,2012,2,No
12N063D,32.950,-3.639,2012,3,No
12N063F,32.320,-2.419,2012,2,No
12N063I,32.809,-2.208,2012,4,No
12N063M,33.187,-3.246,2012,3,No
12N064A,33.582,-2.496,2012,3,No
12N064B,33.040,-3.084,2012,3,No
12N064D,33.028,-3.934,2012,3,No
12N064F,32.377,-2.715,2012,2,No
12N064I,32.786,-2.188,2012,3,No
12N064M,33.128,-3.750,2012,3,No
12N065A,33.926,-2.197,2012,3,No
12N065B,33.054,-3.136,2012,3,No
12N065D,33.036,-3.942,2012,2,No
12N065F,32.442,-2.741,2012,3,No
12N065I,32.856,-2.212,2012,3,No
12N065M,33.113,-3.754,2012,2,No
12N066A,33.894,-2.255,2012,2,No
12N066B,32.997,-2.991,2012,3,No
12N066D,33.031,-3.941,2012,3,No
12N066F,32.546,-2.531,2012,2,No
12N066I,32.990,-2.098,2012,3,No
12N066M,33.110,-3.747,2012,2,No
12N067A,33.910,-2.356,2012,3,No
12N067B,32.930,-2.859,2012,3,No
12N067D,32.985,-3.911,2012,2,No
12N067F,32.253,-2.299,2012,2,No
12N067I,32.998,-2.063,2012,1,No
12N067M,33.115,-3.745,2012,2,No
12N068A,33.852,-2.479,2012,2,No
12N068B,32.918,-2.791,2012,3,No
12N068D,32.805,-3.903,2012,2,No
12N068F,32.180,-2.578,2012,2,No
12N068I,33.237,-2.751,2012,3,No
12N068M,33.141,-3.771,2012,2,No
12N069A,33.826,-2.488,2012,3,No
12N069B,32.862,-2.943,2012,3,No
12N069D,33.108,-4.479,2012,2,No
12N069F,32.168,-2.576,2012,1,No
12N069I,33.158,-2.657,2012,3,No
12N069M,32.905,-3.644,2012,2,No
12N06M03,33.891,-2.245,2012,,No
12N06M15,33.020,-2.641,2012,3,No
12N06M17,33.196,-4.476,2012,2,No
12N06M23,33.107,-4.498,2012,2,No
12N070A,33.728,-2.773,2012,4,No
12N070B,32.847,-2.796,2012,3,No
12N070D,33.068,-4.514,2012,3,No
12N070F,32.460,-1.631,2012,3,No
12N070I,32.941,-2.170,2012,3,No
12N070M,32.901,-3.643,2012,3,No
12N071A,33.642,-2.779,2012,2,No
12N071B,32.838,-2.801,2012,3,No
12N071D,33.089,-4.532,2012,3,No
12N071F,32.520,-2.684,2012,3,No
12N071I,33.218,-2.518,2012,2,No
12N071M,32.898,-3.626,2012,2,No
12N072A,33.625,-2.778,2012,3,No
12N072B,32.319,-2.323,2012,2,No
12N072D,33.074,-4.548,2012,2,No
12N072F,32.510,-2.689,2012,3,No
12N072I,33.160,-2.510,2012,2,No
12N072M,33.141,-4.676,2012,3,No
12N073A,33.710,-2.653,2012,3,No
12N073B,32.388,-2.301,2012,3,No
12N073D,33.065,-4.536,2012,1,No
12N073F,32.508,-2.695,2012,3,No
12N073I,33.149,-2.543,2012,3,No
12N073M,33.149,-4.666,2012,2,No
12N074A,33.694,-3.106,2012,3,No
12N074B,32.436,-2.343,2012,3,No
12N074D,33.040,-4.678,2012,3,No
12N074F,32.452,-2.708,2012,2,No
12N074I,33.208,-2.537,2012,3,No
12N074M,33.121,-4.712,2012,3,No
12N075A,33.889,-2.404,2012,3,No
12N075B,32.348,-2.242,2012,2,No
12N075D,32.908,-4.671,2012,2,No
12N075F,32.449,-2.695,2012,2,No
12N075I,33.237,-2.552,2012,2,No
12N075M,33.116,-4.712,2012,2,No
12N076A,33.952,-2.298,2012,3,No
12N076B,33.117,-2.040,2012,3,No
12N076D,32.795,-4.012,2012,2,No
12N076F,32.256,-2.733,2012,3,No
12N076I,33.235,-2.607,2012,3,No
12N076M,33.259,-2.771,2012,2,No
12N077A,33.474,-2.909,2012,3,No
12N077B,33.101,-2.086,2012,3,No
12N077D,32.843,-4.020,2012,2,No
12N077F,32.686,-2.393,2012,2,No
12N077I,33.243,-2.566,2012,3,No
12N077M,33.310,-2.742,2012,3,No
12N078A,33.232,-2.507,2012,3,No
12N078B,33.172,-2.738,2012,3,No
12N078D,33.091,-3.741,2012,2,No
12N078F,32.908,-2.509,2012,3,No
12N078I,33.067,-2.527,2012,2,No
12N078M,33.307,-2.914,2012,2,No
12N079A,33.235,-2.503,2012,3,No
12N079B,33.089,-2.670,2012,3,No
12N079D,33.220,-3.744,2012,2,No
12N079F,32.852,-2.736,2012,3,No
12N079I,33.020,-2.565,2012,3,No
12N079M,33.569,-3.129,2012,2,No
12N07M04,33.006,-4.090,2012,3,No
12N07M11,33.676,-3.434,2012,2,No
12N07M15,33.147,-2.553,2012,3,No
12N07M17,33.275,-2.566,2012,2,No
12N07M23,33.131,-4.467,2012,3,No
12N080A,33.336,-2.635,2012,3,No
12N080B,33.129,-2.588,2012,3,No
12N080D,32.973,-3.908,2012,2,No
12N080F,32.842,-2.729,2012,3,No
12N080I,32.985,-2.508,2012,3,No
12N080M,33.566,-3.187,2012,2,No
12N081A,33.602,-2.471,2012,2,No
12N081B,33.040,-2.544,2012,3,No
12N081D,32.964,-3.911,2012,2,No
12N081F,32.831,-2.728,2012,2,No
12N081I,32.815,-2.203,2012,3,No
12N081M,33.407,-3.000,2012,2,No
12N082A,33.597,-2.522,2012,3,No
12N082B,32.923,-2.651,2012,3,No
12N082D,32.923,-3.848,2012,2,No
12N082F,32.894,-2.690,2012,3,No
12N082I,33.140,-2.624,2012,4,No
12N082M,33.355,-2.788,2012,3,No
12N083A,33.717,-2.273,2012,3,No
12N083B,32.917,-2.864,2012,2,No
12N083D,33.123,-3.745,2012,2,No
12N083F,32.869,-2.662,2012,2,No
12N083I,33.091,-2.597,2012,3,No
12N083M,33.577,-3.070,2012,3,No
12N084A,33.707,-2.609,2012,2,No
12N084B,32.985,-2.814,2012,3,No
12N084D,33.148,-3.691,2012,2,No
12N084F,32.890,-2.643,2012,2,No
12N084I,33.163,-2.597,2012,2,No
12N084M,33.094,-4.712,2012,2,No
12N085A,33.772,-2.506,2012,3,No
12N085B,33.007,-2.866,2012,3,No
12N085D,32.858,-3.917,2012,3,No
12N085F,32.457,-2.598,2012,2,No
12N085I,33.155,-2.659,2012,2,No
12N085M,33.112,-4.663,2012,3,No
12N086A,33.310,-2.586,2012,3,No
12N086B,32.889,-2.524,2012,3,No
12N086D,32.866,-3.917,2012,2,No
12N086F,32.459,-2.589,2012,1,No
12N086I,33.169,-2.671,2012,3,No
12N086M,33.107,-4.651,2012,3,No
12N087A,33.502,-2.883,2012,1,No
12N087B,32.849,-2.526,2012,3,No
12N087D,32.752,-3.932,2012,2,No
12N087F,32.420,-2.585,2012,2,No
12N087I,32.768,-2.172,2012,2,No
12N087M,33.130,-4.675,2012,2,No
12N088A,33.529,-2.838,2012,2,No
12N088B,32.326,-2.299,2012,2,No
12N088D,32.850,-3.947,2012,2,No
12N088F,32.472,-2.688,2012,3,No
12N088I,32.810,-2.256,2012,3,No
12N088M,33.134,-4.696,2012,2,No
12N089A,33.481,-2.926,2012,3,No
12N089B,32.333,-2.316,2012,3,No
12N089D,32.840,-3.949,2012,3,No
12N089F,32.416,-1.634,2012,3,No
12N089I,33.216,-2.529,2012,3,No
12N089M,33.165,-4.663,2012,3,No
12N08M03,33.238,-3.838,2012,2,No
12N08M04,33.111,-2.426,2012,3,No
12N08M11,33.135,-3.942,2012,2,No
12N08M15,33.159,-2.527,2012,3,No
12N08M17,33.275,-2.574,2012,2,No
12N08M23,33.127,-4.487,2012,3,No
12N090A,33.364,-2.940,2012,3,No
12N090B,32.333,-2.310,2012,3,No
12N090D,33.216,-3.741,2012,2,No
12N090F,32.444,-1.631,2012,3,No
12N090I,33.216,-2.536,2012,3,No
12N090M,33.061,-4.665,2012,3,No
12N091A,33.937,-2.567,2012,3,No
12N091B,32.325,-2.312,2012,3,No
12N091D,33.220,-3.752,2012,2,No
12N091F,32.478,-2.717,2012,2,No
12N091I,33.151,-2.640,2012,2,No
12N091M,33.481,-3.268,2012,3,No
12N092A,33.971,-2.542,2012,2,No
12N092B,32.217,-2.335,2012,2,No
12N092D,33.135,-3.815,2012,3,No
12N092F,32.485,-2.713,2012,3,No
12N092I,32.817,-2.471,2012,3,No
12N092M,33.068,-2.925,2012,3,No
12N093A,33.919,-2.290,2012,3,No
12N093B,32.773,-2.166,2012,3,No
12N093D,32.999,-3.654,2012,2,No
12N093F,32.487,-2.716,2012,2,No
12N093I,33.015,-2.095,2012,3,No
12N093M,33.093,-2.981,2012,3,No
12N094A,33.955,-2.536,2012,2,No
12N094B,32.761,-2.359,2012,4,No
12N094D,33.012,-3.667,2012,1,No
12N094F,32.487,-2.688,2012,2,No
12N094I,32.847,-2.527,2012,3,No
12N094M,33.162,-3.122,2012,3,No
12N095A,33.952,-2.555,2012,3,No
12N095B,32.752,-2.569,2012,3,No
12N095D,33.002,-3.671,2012,2,No
12N095F,32.539,-2.631,2012,2,No
12N095I,32.875,-2.551,2012,3,No
12N095M,33.099,-4.515,2012,2,No
12N096A,33.640,-2.903,2012,2,No
12N096B,32.828,-2.695,2012,3,No
12N096D,33.011,-3.646,2012,2,No
12N096F,32.394,-2.665,2012,1,No
12N096I,33.234,-2.549,2012,3,No
12N096M,33.085,-4.532,2012,3,No
12N097A,33.264,-2.577,2012,3,No
12N097B,32.879,-2.539,2012,3,No
12N097D,32.977,-3.645,2012,3,No
12N097F,32.316,-2.348,2012,2,No
12N097I,32.820,-2.090,2012,3,No
12N097M,33.058,-4.521,2012,2,No
12N098A,33.327,-2.536,2012,3,No
12N098B,33.196,-2.560,2012,2,No
12N098D,32.978,-3.921,2012,2,No
12N098F,32.827,-2.593,2012,3,No
12N098I,33.003,-2.067,2012,4,No
12N098M,33.073,-4.523,2012,3,No
12N099A,33.462,-2.827,2012,2,No
12N099B,33.155,-2.559,2012,4,No
12N099D,32.963,-3.906,2012,2,No
12N099F,32.849,-2.548,2012,2,No
12N099I,33.051,-2.242,2012,2,No
12N099M,33.135,-4.539,2012,3,No
12N09M03,33.156,-3.905,2012,3,No
12N09M15,33.157,-2.243,2012,3,No
12N09M17,33.327,-2.684,2012,1,No
12N09M23,33.908,-2.250,2012,3,No
12N09M32,33.222,-2.893,2012,3,No
12N100A,33.625,-2.780,2012,3,No
12N100B,33.107,-2.457,2012,3,No
12N100D,33.023,-3.922,2012,2,No
12N100F,32.885,-2.550,2012,3,No
12N100I,33.201,-2.452,2012,3,No
12N100M,33.136,-4.662,2012,3,No
12N101A,33.702,-2.663,2012,3,No
12N101B,32.862,-2.682,2012,3,No
12N101D,33.028,-4.255,2012,2,No
12N101F,32.966,-2.527,2012,3,No
12N101I,33.198,-2.543,2012,3,No
12N101M,33.127,-4.663,2012,2,No
12N102A,33.817,-2.512,2012,3,No
12N102B,32.448,-2.350,2012,3,No
12N102D,33.031,-4.265,2012,3,No
12N102F,32.933,-2.469,2012,4,No
12N102I,33.146,-2.548,2012,3,No
12N102M,33.563,-3.063,2012,2,No
12N103A,33.824,-2.445,2012,3,No
12N103B,32.428,-2.348,2012,3,No
12N103D,32.896,-4.025,2012,2,No
12N103F,33.105,-2.709,2012,2,No
12N103I,33.138,-2.455,2012,2,No
12N103M,33.526,-3.158,2012,2,No
12N104A,33.843,-2.269,2012,3,No
12N104B,32.850,-2.545,2012,3,No
12N104D,32.825,-3.956,2012,3,No
12N104F,33.084,-2.796,2012,3,No
12N104I,33.066,-2.410,2012,2,No
12N104M,33.388,-2.992,2012,2,No
12N105A,33.714,-2.848,2012,2,No
12N105B,33.057,-2.542,2012,3,No
12N105D,33.215,-3.744,2012,2,No
12N105F,33.087,-2.786,2012,3,No
12N105I,33.078,-2.399,2012,4,No
12N105M,33.297,-2.934,2012,3,No
12N106A,33.597,-2.842,2012,2,No
12N106B,33.135,-2.549,2012,2,No
12N106D,33.023,-4.125,2012,2,No
12N106F,33.048,-2.651,2012,2,No
12N106I,33.075,-2.391,2012,4,No
12N106M,33.202,-3.113,2012,2,No
12N107A,33.552,-2.661,2012,3,No
12N107B,33.069,-2.663,2012,3,No
12N107D,33.003,-3.666,2012,3,No
12N107F,32.537,-2.682,2012,2,No
12N107I,33.157,-2.214,2012,3,No
12N107M,33.080,-4.647,2012,3,No
12N108A,33.474,-2.627,2012,3,No
12N108B,33.093,-2.576,2012,3,No
12N108D,33.011,-3.761,2012,2,No
12N108F,32.542,-2.685,2012,2,No
12N108I,32.990,-2.129,2012,3,No
12N108M,33.127,-4.713,2012,3,No
12N109A,33.254,-2.657,2012,2,No
12N109B,32.363,-2.173,2012,3,No
12N109D,33.069,-3.838,2012,3,No
12N109F,32.501,-2.710,2012,2,No
12N109I,33.138,-2.459,2012,3,No
12N109M,33.057,-3.761,2012,2,No
12N10M03,33.188,-4.171,2012,2,No
12N10M23,33.573,-2.700,2012,1,No
12N10M32,33.273,-2.787,2012,3,No
12N110A,33.266,-2.598,2012,1,No
12N110B,32.224,-2.297,2012,2,No
12N110D,33.100,-3.824,2012,2,No
12N110F,32.503,-2.722,2012,1,No
12N110I,33.114,-2.444,2012,3,No
12N110M,33.098,-3.761,2012,2,No
12N111A,33.623,-2.734,2012,2,No
12N111B,32.157,-2.578,2012,2,No
12N111D,33.004,-3.885,2012,2,No
12N111F,32.520,-2.906,2012,3,No
12N111I,33.135,-2.606,2012,3,No
12N111M,32.987,-3.758,2012,3,No
12N112A,33.692,-2.732,2012,3,No
12N112B,32.760,-2.300,2012,3,No
12N112D,32.992,-3.886,2012,2,No
12N112F,32.514,-2.944,2012,3,No
12N112I,33.106,-2.445,2012,2,No
12N112M,33.086,-3.795,2012,3,No
12N113A,33.739,-2.761,2012,3,No
12N113B,32.694,-2.454,2012,3,No
12N113D,33.046,-3.911,2012,2,No
12N113F,32.412,-2.583,2012,3,No
12N113I,33.152,-2.505,2012,3,No
12N113M,33.000,-3.086,2012,3,No
12N114A,33.810,-2.884,2012,3,No
12N114B,32.705,-2.484,2012,3,No
12N114D,33.047,-3.909,2012,2,No
12N114F,32.455,-1.627,2012,3,No
12N114I,33.127,-2.607,2012,2,No
12N114M,33.017,-3.164,2012,2,No
12N115A,33.825,-2.511,2012,3,No
12N115B,32.645,-2.565,2012,2,No
12N115D,33.042,-3.904,2012,2,No
12N115F,32.531,-2.746,2012,3,No
12N115I,33.222,-2.491,2012,3,No
12N115M,33.305,-2.719,2012,2,No
12N116A,33.881,-2.394,2012,3,No
12N116B,32.680,-2.625,2012,3,No
12N116D,32.831,-4.208,2012,2,No
12N116F,32.437,-1.652,2012,2,No
12N116I,33.195,-2.213,2012,3,No
12N116M,32.975,-3.152,2012,3,No
12N117A,33.889,-2.380,2012,3,No
12N117B,32.690,-2.756,2012,3,No
12N117D,32.755,-3.929,2012,2,No
12N117F,32.545,-2.684,2012,3,No
12N117I,33.000,-2.097,2012,3,No
12N117M,33.049,-3.175,2012,2,No
12N118A,33.918,-2.406,2012,3,No
12N118B,32.714,-2.730,2012,3,No
12N118D,33.001,-3.680,2012,1,No
12N118F,32.318,-2.401,2012,2,No
12N118I,32.798,-2.331,2012,3,No
12N118M,33.124,-3.222,2012,2,No
12N119A,33.914,-2.426,2012,3,No
12N119B,32.762,-2.389,2012,3,No
12N119D,32.956,-3.608,2012,1,No
12N119F,32.545,-2.725,2012,3,No
12N119I,32.954,-2.337,2012,3,No
12N119M,33.197,-3.092,2012,2,No
12N11M03,33.572,-2.778,2012,2,No
12N11M23,33.590,-2.722,2012,3,No
12N11M32,33.174,-2.727,2012,3,No
12N120A,33.683,-3.047,2012,3,No
12N120B,32.721,-2.513,2012,4,No
12N120D,32.947,-3.631,2012,2,No
12N120F,32.869,-2.910,2012,2,No
12N120I,32.851,-2.270,2012,3,No
12N120M,33.127,-4.708,2012,2,No
12N121A,33.521,-2.834,2012,3,No
12N121B,33.023,-3.131,2012,2,No
12N121D,32.956,-3.634,2012,2,No
12N121F,32.872,-2.673,2012,3,No
12N121I,32.827,-2.070,2012,3,No
12N121M,33.077,-4.670,2012,2,No
12N122A,33.271,-2.603,2012,2,No
12N122B,33.008,-3.179,2012,2,No
12N122D,32.849,-3.758,2012,3,No
12N122F,32.738,-2.498,2012,3,No
12N122I,33.241,-2.562,2012,3,No
12N122M,33.080,-4.537,2012,3,No
12N123A,33.278,-2.581,2012,3,No
12N123B,33.087,-3.182,2012,3,No
12N123D,32.845,-3.756,2012,3,No
12N123F,32.693,-2.894,2012,3,No
12N123I,33.003,-2.079,2012,2,No
12N123M,33.083,-4.526,2012,2,No
12N124A,33.270,-2.552,2012,3,No
12N124B,32.988,-3.035,2012,3,No
12N124D,32.885,-3.740,2012,2,No
12N124F,32.519,-2.672,2012,3,No
12N124I,33.210,-2.622,2012,2,No
12N124M,33.168,-4.663,2012,2,No
12N125A,33.275,-2.561,2012,3,No
12N125B,32.868,-2.928,2012,3,No
12N125D,33.114,-4.534,2012,1,No
12N125F,32.522,-2.667,2012,1,No
12N125I,33.286,-2.566,2012,2,No
12N125M,33.581,-3.066,2012,2,No
12N126A,33.322,-2.524,2012,3,No
12N126B,32.868,-2.901,2012,3,No
12N126D,33.110,-4.490,2012,2,No
12N126F,32.495,-2.667,2012,2,No
12N126I,33.028,-2.492,2012,3,No
12N126M,33.321,-2.757,2012,3,No
12N127A,33.357,-2.531,2012,3,No
12N127B,32.764,-2.357,2012,3,No
12N127D,33.104,-4.520,2012,3,No
12N127F,32.482,-2.642,2012,1,No
12N127I,32.938,-2.054,2012,3,No
12N127M,33.262,-2.918,2012,2,No
12N128A,33.355,-2.572,2012,3,No
12N128B,32.350,-2.134,2012,2,No
12N128D,33.083,-4.520,2012,3,No
12N128F,32.401,-2.621,2012,3,No
12N128I,33.288,-2.275,2012,3,No
12N128M,33.117,-2.956,2012,3,No
12N129A,33.627,-2.740,2012,2,No
12N129B,32.515,-2.483,2012,1,No
12N129D,33.063,-4.537,2012,2,No
12N129F,33.134,-2.896,2012,3,No
12N129M,33.158,-2.946,2012,3,No
12N12M32,33.216,-2.685,2012,3,No
12N130A,33.902,-2.369,2012,3,No
12N130B,32.646,-2.553,2012,2,No
12N130D,33.054,-4.763,2012,2,No
12N130F,33.062,-3.109,2012,2,No
12N130M,33.105,-2.915,2012,2,No
12N131A,33.729,-2.762,2012,3,No
12N131B,32.851,-2.564,2012,3,No
12N131D,33.024,-3.657,2012,2,No
12N131F,32.920,-2.935,2012,3,No
12N131M,33.166,-3.712,2012,1,No
12N132A,33.623,-2.650,2012,3,No
12N132B,32.751,-2.334,2012,3,No
12N132D,33.010,-3.935,2012,2,No
12N132F,32.919,-2.946,2012,4,No
12N132M,33.676,-3.065,2012,2,No
12N133A,33.652,-2.610,2012,3,No
12N133B,32.444,-2.327,2012,2,No
12N133D,33.037,-3.936,2012,2,No
12N133F,33.010,-2.770,2012,3,No
12N133M,33.418,-2.839,2012,2,No
12N134A,33.395,-2.726,2012,3,No
12N134B,32.768,-2.176,2012,1,No
12N134D,33.035,-3.933,2012,2,No
12N134F,32.740,-2.403,2012,3,No
12N134M,32.853,-2.639,2012,3,No
12N135A,33.409,-2.695,2012,3,No
12N135B,32.686,-2.348,2012,3,No
12N135D,33.024,-3.920,2012,2,No
12N135F,32.740,-2.414,2012,3,No
12N135M,33.112,-4.711,2012,2,No
12N136A,33.445,-2.650,2012,3,No
12N136B,32.243,-2.319,2012,1,No
12N136D,33.031,-3.922,2012,1,No
12N136F,32.485,-1.489,2012,3,No
12N136M,33.125,-3.747,2012,2,No
12N137A,33.437,-2.647,2012,3,No
12N137B,32.685,-2.453,2012,2,No
12N137D,32.809,-3.974,2012,2,No
12N137F,32.541,-2.410,2012,2,No
12N137M,33.081,-3.028,2012,2,No
12N138A,33.359,-2.306,2012,2,No
12N138B,32.693,-2.473,2012,3,No
12N138D,33.015,-3.629,2012,2,No
12N138F,32.871,-2.621,2012,3,No
12N138M,33.104,-2.986,2012,2,No
12N139A,33.288,-2.444,2012,3,No
12N139B,32.436,-2.313,2012,2,No
12N139D,33.102,-3.738,2012,2,No
12N139F,32.857,-2.624,2012,3,No
12N139M,33.049,-4.650,2012,1,No
12N13M32,33.434,-2.659,2012,3,No
12N140A,33.296,-2.627,2012,3,No
12N140B,32.547,-2.340,2012,2,No
12N140D,33.150,-4.687,2012,3,No
12N140F,32.713,-2.526,2012,3,No
12N140M,33.117,-4.539,2012,3,No
12N141A,33.343,-2.655,2012,3,No
12N141B,32.699,-2.534,2012,2,No
12N141D,33.141,-4.691,2012,3,No
12N141F,32.712,-2.511,2012,3,No
12N141M,33.104,-4.611,2012,2,No
12N142A,33.363,-2.651,2012,2,No
12N142B,33.058,-2.530,2012,2,No
12N142D,33.103,-4.616,2012,3,No
12N142F,32.495,-2.671,2012,3,No
12N143A,33.892,-2.334,2012,3,No
12N143B,33.055,-2.533,2012,3,No
12N143D,33.178,-4.519,2012,3,No
12N143F,32.415,-2.701,2012,1,No
12N144A,33.950,-2.339,2012,3,No
12N144B,33.064,-2.698,2012,3,No
12N144D,32.839,-3.976,2012,2,No
12N144F,32.331,-2.189,2012,2,No
12N145A,33.949,-2.332,2012,3,No
12N145B,33.053,-2.674,2012,3,No
12N145D,32.897,-4.056,2012,2,No
12N145F,32.545,-2.578,2012,2,No
12N146A,33.980,-2.283,2012,4,No
12N146B,32.737,-2.504,2012,3,No
12N146D,32.821,-3.909,2012,2,No
12N146F,32.676,-2.633,2012,3,No
12N147A,33.965,-2.296,2012,1,No
12N147B,32.740,-2.517,2012,3,No
12N147D,32.836,-3.764,2012,2,No
12N147F,32.707,-2.791,2012,3,No
12N148A,33.853,-2.519,2012,3,No
12N148B,32.904,-2.508,2012,3,No
12N148D,32.943,-3.621,2012,2,No
12N148F,32.887,-2.653,2012,3,No
12N149A,33.887,-2.584,2012,3,No
12N149B,33.096,-2.759,2012,2,No
12N149D,32.893,-4.778,2012,2,No
12N149F,32.853,-2.633,2012,3,No
12N14M15,33.428,-2.111,2012,3,No
12N150A,33.913,-2.591,2012,2,No
12N150B,33.154,-2.556,2012,2,No
12N150D,32.838,-3.807,2012,2,No
12N150F,32.448,-2.780,2012,2,No
12N151A,33.669,-2.742,2012,3,No
12N151B,33.209,-2.522,2012,3,No
12N151D,33.137,-4.672,2012,3,No
12N151F,32.481,-2.734,2012,2,No
12N152A,33.221,-2.195,2012,3,No
12N152B,33.071,-2.576,2012,3,No
12N152D,33.151,-4.682,2012,2,No
12N152F,32.514,-2.713,2012,2,No
12N153A,33.916,-2.204,2012,3,No
12N153B,32.864,-2.150,2012,3,No
12N153D,32.822,-3.999,2012,1,No
12N153F,32.494,-2.674,2012,1,No
12N154A,33.865,-2.492,2012,3,No
12N154B,32.240,-2.367,2012,3,No
12N154D,32.813,-4.003,2012,2,No
12N154F,32.448,-2.320,2012,1,No
12N155A,33.642,-2.780,2012,3,No
12N155B,32.486,-2.728,2012,2,No
12N155D,32.856,-3.924,2012,2,No
12N155F,32.452,-2.318,2012,2,No
12N156A,33.944,-2.570,2012,3,No
12N156B,32.536,-2.594,2012,2,No
12N156D,32.968,-3.664,2012,3,No
12N156F,32.247,-2.281,2012,2,No
12N157A,33.977,-2.532,2012,3,No
12N157B,32.515,-2.603,2012,2,No
12N157D,33.111,-4.533,2012,2,No
12N157F,33.201,-2.699,2012,2,No
12N158A,33.925,-2.566,2012,2,No
12N158B,32.857,-2.531,2012,3,No
12N158D,33.120,-4.462,2012,2,No
12N158F,33.067,-2.548,2012,3,No
12N159A,33.895,-2.520,2012,3,No
12N159B,32.760,-2.589,2012,3,No
12N159D,33.141,-4.536,2012,2,No
12N159F,32.925,-2.650,2012,2,No
12N160A,33.886,-2.524,2012,3,No
12N160B,32.762,-2.597,2012,2,No
12N160D,33.131,-4.463,2012,2,No
12N160F,32.932,-2.638,2012,2,No
12N161A,33.890,-2.541,2012,3,No
12N161B,32.701,-2.452,2012,2,No
12N161D,32.929,-3.638,2012,2,No
12N161F,32.787,-2.621,2012,3,No
12N162A,33.914,-2.463,2012,3,No
12N162B,32.442,-2.361,2012,2,No
12N162F,32.354,-2.798,2012,2,No
12N163A,33.843,-2.495,2012,2,No
12N163B,32.676,-2.565,2012,1,No
12N163F,32.369,-2.841,2012,2,No
12N164A,33.870,-2.585,2012,3,No
12N164B,32.740,-2.548,2012,3,No
12N164F,32.425,-2.630,2012,1,No
12N165A,33.395,-2.708,2012,3,No
12N165B,32.765,-2.355,2012,2,No
12N165F,32.440,-1.643,2012,3,No
12N166A,33.354,-2.686,2012,2,No
12N166B,32.770,-2.351,2012,2,No
12N166F,33.072,-2.784,2012,2,No
12N167A,33.661,-2.792,2012,3,No
12N167B,32.758,-2.307,2012,3,No
12N167F,32.902,-2.663,2012,1,No
12N168A,33.689,-2.720,2012,2,No
12N168B,32.808,-2.286,2012,3,No
12N168F,32.888,-2.537,2012,3,No
12N169A,33.469,-2.542,2012,2,No
12N169B,32.775,-2.282,2012,3,No
12N169F,32.890,-2.536,2012,1,No
12N170A,33.477,-2.540,2012,3,No
12N170B,32.771,-2.281,2012,3,No
12N170F,32.544,-2.586,2012,2,No
12N171A,33.281,-2.273,2012,3,No
12N171B,32.777,-2.334,2012,3,No
12N171F,32.244,-2.838,2012,1,No
12N172A,33.675,-3.056,2012,2,No
12N172B,32.762,-2.328,2012,3,No
12N172F,32.411,-2.581,2012,2,No
12N173A,33.859,-2.567,2012,3,No
12N173B,33.245,-2.793,2012,3,No
12N173F,32.403,-2.643,2012,2,No
12N174A,33.837,-2.510,2012,2,No
12N174B,33.115,-2.990,2012,2,No
12N174F,32.494,-2.680,2012,3,No
12N175A,33.826,-2.522,2012,3,No
12N175B,33.101,-3.074,2012,1,No
12N175F,32.509,-2.670,2012,2,No
12N176A,33.823,-2.490,2012,3,No
12N176B,33.081,-3.119,2012,2,No
12N176F,32.387,-2.647,2012,1,No
12N177A,33.847,-2.471,2012,2,No
12N177B,32.878,-2.916,2012,2,No
12N177F,32.401,-2.646,2012,2,No
12N178A,33.870,-2.305,2012,2,No
12N178B,32.896,-2.908,2012,3,No
12N178F,32.446,-2.505,2012,3,No
12N179A,33.849,-2.369,2012,3,No
12N179B,32.875,-2.906,2012,3,No
12N179F,32.412,-2.692,2012,2,No
12N180A,33.359,-2.879,2012,2,No
12N180B,32.633,-2.432,2012,2,No
12N180F,33.077,-2.923,2012,2,No
12N181A,33.346,-2.547,2012,3,No
12N181B,32.291,-2.328,2012,2,No
12N181F,33.017,-3.114,2012,2,No
12N182A,33.377,-2.504,2012,3,No
12N182B,32.471,-2.309,2012,2,No
12N182F,32.962,-3.128,2012,3,No
12N183A,33.584,-2.860,2012,3,No
12N183B,32.668,-2.968,2012,2,No
12N183F,33.100,-3.226,2012,2,No
12N184A,33.668,-2.714,2012,1,No
12N184B,32.880,-2.923,2012,2,No
12N184F,32.413,-2.634,2012,2,No
12N185A,33.762,-2.809,2012,3,No
12N185B,33.105,-3.191,2012,3,No
12N185F,32.372,-2.790,2012,3,No
12N186A,33.836,-2.456,2012,3,No
12N186B,33.128,-3.268,2012,2,No
12N186F,32.526,-2.482,2012,2,No
12N187A,33.869,-2.343,2012,3,No
12N187B,33.134,-3.010,2012,2,No
12N187F,32.522,-2.686,2012,2,No
12N188A,33.695,-2.348,2012,3,No
12N188B,33.064,-2.948,2012,2,No
12N188F,32.537,-2.395,2012,1,No
12N189A,33.711,-2.341,2012,1,No
12N189B,33.128,-2.941,2012,2,No
12N190A,33.698,-2.410,2012,2,No
12N190B,32.208,-2.314,2012,3,No
12N191A,33.708,-2.407,2012,3,No
12N191B,32.684,-2.463,2012,3,No
12N192A,33.668,-2.952,2012,3,No
12N192B,32.701,-2.475,2012,2,No
12N193A,33.469,-2.512,2012,2,No
12N193B,32.712,-2.508,2012,2,No
12N194A,33.335,-2.559,2012,2,No
12N194B,32.853,-2.562,2012,2,No
12N195A,33.634,-2.840,2012,3,No
12N195B,32.828,-2.579,2012,2,No
12N196A,33.794,-2.585,2012,2,No
12N196B,32.478,-2.309,2012,2,No
12N197A,33.822,-2.450,2012,2,No
12N197B,32.305,-2.280,2012,3,No
12N198A,33.807,-2.415,2012,1,No
12N198B,32.786,-2.299,2012,3,No
12N199A,33.227,-2.509,2012,2,No
12N199B,32.747,-2.318,2012,2,No
12N200A,33.301,-2.441,2012,3,No
12N200B,32.733,-2.747,2012,3,No
12N201A,33.352,-2.688,2012,2,No
12N201B,32.912,-2.944,2012,2,No
12N202A,33.341,-2.678,2012,1,No
12N202B,32.914,-2.925,2012,2,No
12N203A,33.470,-2.508,2012,3,No
12N203B,32.892,-2.935,2012,3,No
12N204A,33.659,-2.726,2012,3,No
12N204B,32.368,-2.148,2012,3,No
12N205A,33.884,-2.575,2012,3,No
12N205B,32.471,-2.316,2012,2,No
12N206A,33.879,-2.575,2012,2,No
12N206B,32.267,-2.155,2012,2,No
12N207A,33.882,-2.614,2012,2,No
12N207B,32.296,-2.286,2012,3,No
12N208A,33.932,-2.577,2012,3,No
12N208B,32.686,-2.454,2012,2,No
12N209A,33.927,-2.356,2012,2,No
12N209B,32.852,-2.532,2012,3,No
12N210A,33.654,-2.811,2012,2,No
12N210B,33.081,-2.676,2012,2,No
12N211A,33.714,-2.617,2012,3,No
12N211B,33.048,-2.579,2012,2,No
12N212A,33.742,-2.634,2012,2,No
12N213A,33.459,-2.527,2012,1,No
12N214A,33.313,-2.492,2012,2,No
12N215A,33.530,-2.920,2012,2,No
12N216A,33.907,-2.421,2012,1,No
12N217A,33.573,-2.571,2012,2,No
12N218A,33.717,-2.744,2012,3,No
12N219A,33.911,-2.582,2012,3,No
12N220A,33.938,-2.573,2012,3,No
12N221A,33.865,-2.350,2012,3,No
12N222A,33.883,-2.346,2012,3,No
12N223A,33.708,-2.380,2012,3,No
12N224A,33.697,-2.401,2012,3,No
12N225A,33.928,-2.205,2012,3,No
12N226A,34.091,-2.219,2012,3,No
12N227A,33.677,-2.727,2012,2,No
12N228A,33.643,-2.711,2012,2,No
12N229A,33.642,-2.776,2012,2,No
12N230A,33.947,-2.553,2012,1,No
12N231A,33.853,-2.365,2012,2,No
12N232A,33.807,-2.488,2012,2,No
12N233A,33.549,-2.734,2012,1,No
12N234A,33.830,-2.878,2012,1,No
12N235A,33.788,-2.816,2012,2,No
12N236A,33.707,-2.654,2012,2,No
12N237A,33.489,-2.496,2012,2,No
12N238A,33.944,-2.488,2012,2,No
12N239A,33.623,-2.558,2012,2,No
12N240A,33.910,-2.221,2012,3,No
13N001A,33.725,-3.096,2013,4,No
13N001B,32.339,-2.284,2013,3,No
13N001D,33.311,-3.352,2013,2,No
13N001F,32.886,-2.553,2013,2,No
13N001I,32.700,-2.571,2013,3,No
13N001M,33.264,-3.299,2013,3,No
13N001Y,29.959,-7.456,2013,2,No
13N002A,33.588,-2.931,2013,2,Yes
13N002B,32.288,-2.312,2013,2,No
13N002D,33.272,-3.265,2013,3,No
13N002F,32.857,-2.519,2013,3,Yes
13N002I,32.759,-2.599,2013,2,No
13N002M,33.164,-3.274,2013,1,No
13N002Y,29.912,-7.454,2013,2,No
13N003A,33.903,-2.408,2013,3,Yes
13N003B,32.675,-2.665,2013,3,No
13N003D,33.317,-3.149,2013,2,No
13N003F,32.823,-2.450,2013,3,No
13N003I,32.684,-2.401,2013,3,No
13N003M,33.510,-3.289,2013,3,No
13N003X,30.092,-7.249,2013,2,No
13N003Y,30.185,-6.706,2013,2,No
13N004A,33.905,-2.255,2013,3,Yes
13N004B,32.666,-2.980,2013,3,No
13N004D,33.322,-3.149,2013,3,No
13N004F,32.682,-2.661,2013,3,Yes
13N004I,32.827,-2.145,2013,4,No
13N004M,33.457,-3.251,2013,3,No
13N004Y,30.147,-6.737,2013,2,No
13N005A,33.994,-2.499,2013,3,Yes
13N005B,32.732,-2.626,2013,3,No
13N005D,33.582,-3.208,2013,3,No
13N005F,32.644,-2.465,2013,3,No
13N005I,32.805,-2.230,2013,3,No
13N005M,33.585,-3.177,2013,3,No
13N005X,30.008,-7.330,2013,2,No
13N005Y,30.075,-6.652,2013,2,No
13N006A,33.676,-2.885,2013,2,No
13N006B,32.487,-1.496,2013,2,No
13N006D,33.598,-3.137,2013,3,No
13N006F,32.735,-2.500,2013,3,Yes
13N006I,32.807,-2.289,2013,2,No
13N006M,33.579,-3.197,2013,3,No
13N006X,30.007,-7.552,2013,1,No
13N006Y,29.770,-7.458,2013,2,No
13N007A,33.182,-2.437,2013,2,No
13N007B,32.757,-2.340,2013,3,No
13N007D,32.846,-4.684,2013,3,No
13N007F,32.354,-2.222,2013,3,No
13N007I,32.874,-2.642,2013,3,No
13N007M,33.642,-3.182,2013,3,No
13N007X,30.014,-7.551,2013,2,No
13N007Y,29.756,-7.357,2013,1,No
13N008A,33.110,-2.145,2013,3,No
13N008B,32.775,-2.594,2013,3,No
13N008D,32.850,-3.687,2013,2,No
13N008F,32.887,-2.278,2013,3,No
13N008I,33.109,-2.531,2013,3,No
13N008M,33.366,-3.103,2013,3,Yes
13N008X,30.154,-7.414,2013,2,No
13N008Y,29.739,-7.393,2013,1,No
13N009B,32.859,-2.527,2013,3,No
13N009D,32.971,-4.629,2013,3,No
13N009F,32.755,-2.401,2013,3,No
13N009I,33.175,-2.513,2013,3,No
13N009M,33.322,-3.100,2013,3,No
13N009X,29.968,-7.516,2013,2,No
13N009Y,29.743,-7.380,2013,3,No
13N010A,33.595,-3.160,2013,3,No
13N010B,32.862,-2.522,2013,3,No
13N010D,32.909,-4.693,2013,3,No
13N010F,32.384,-2.310,2013,3,Yes
13N010I,32.368,-2.144,2013,3,Yes
13N010M,33.312,-3.176,2013,3,No
13N010X,30.007,-7.370,2013,1,No
13N010Y,29.979,-7.057,2013,2,No
13N011A,33.832,-2.880,2013,3,No
13N011B,32.685,-2.893,2013,2,No
13N011D,33.037,-4.580,2013,2,No
13N011F,32.314,-2.312,2013,3,Yes
13N011I,32.985,-2.085,2013,4,No
13N011M,33.173,-3.118,2013,3,Yes
13N011X,30.042,-7.742,2013,2,No
13N011Y,30.172,-6.731,2013,1,No
13N012A,33.768,-3.004,2013,3,No
13N012B,32.537,-1.437,2013,3,No
13N012D,33.044,-4.593,2013,3,No
13N012F,32.783,-2.314,2013,3,Yes
13N012I,33.088,-2.175,2013,3,No
13N012M,33.536,-3.162,2013,3,No
13N012X,30.016,-7.425,2013,3,No
13N013A,33.885,-2.510,2013,3,No
13N013B,32.532,-1.431,2013,3,No
13N013D,32.974,-3.919,2013,2,Yes
13N013F,32.792,-2.318,2013,3,No
13N013I,33.109,-2.265,2013,3,No
13N013M,33.461,-3.172,2013,3,No
13N013X,30.006,-7.372,2013,1,No
13N014A,33.870,-2.446,2013,3,No
13N014B,32.473,-1.489,2013,3,No
13N014D,33.107,-3.741,2013,2,Yes
13N014F,32.795,-2.252,2013,3,Yes
13N014I,32.987,-2.091,2013,3,No
13N014M,33.291,-3.329,2013,3,No
13N014X,29.934,-7.333,2013,2,No
13N015A,33.792,-2.526,2013,3,No
13N015B,32.750,-2.527,2013,3,No
13N015D,33.105,-3.717,2013,2,Yes
13N015F,32.749,-2.476,2013,3,No
13N015I,32.703,-2.130,2013,3,No
13N015M,33.274,-3.299,2013,3,No
13N015X,29.954,-7.496,2013,3,No
13N016A,33.505,-2.889,2013,3,No
13N016B,32.767,-2.563,2013,3,No
13N016D,33.104,-2.990,2013,2,Yes
13N016F,32.748,-2.547,2013,3,No
13N016I,32.902,-2.130,2013,2,No
13N016M,33.204,-3.217,2013,2,No
13N017A,33.831,-2.776,2013,3,No
13N017B,32.814,-2.626,2013,3,No
13N017D,33.116,-2.970,2013,3,No
13N017F,32.931,-2.491,2013,3,No
13N017I,32.649,-2.594,2013,3,No
13N017M,33.141,-3.199,2013,3,No
13N018A,33.843,-2.430,2013,3,No
13N018B,33.095,-2.336,2013,3,No
13N018D,33.123,-3.064,2013,2,No
13N018F,33.043,-2.458,2013,3,Yes
13N018I,32.699,-2.792,2013,3,No
13N018M,33.189,-3.263,2013,3,No
13N019A,33.952,-2.334,2013,2,No
13N019B,32.777,-2.295,2013,3,No
13N019D,33.162,-3.062,2013,3,No
13N019F,32.865,-2.629,2013,3,No
13N019I,32.739,-2.759,2013,2,No
13N019M,33.479,-3.134,2013,2,No
13N01M01,33.004,-4.088,2013,2,No
13N01M05,33.269,-1.995,2013,2,No
13N01M06,33.203,-4.493,2013,3,Yes
13N01M10,32.491,-2.569,2013,2,No
13N01M11,33.023,-2.862,2013,2,No
13N01M14,33.271,-3.699,2013,2,Yes
13N01M15,33.364,-3.063,2013,3,Yes
13N01M17,33.075,-4.545,2013,1,No
13N01M18,33.222,-3.908,2013,2,Yes
13N01M20,32.849,-2.497,2013,3,No
13N01M21,29.911,-7.488,2013,2,No
13N01M22,32.403,-2.281,2013,3,No
13N01M23,33.469,-3.104,2013,2,No
13N01M25,33.196,-4.051,2013,1,Yes
13N01M26,33.032,-4.585,2013,3,No
13N01M27,33.110,-3.786,2013,1,Yes
13N01M28,33.423,-2.903,2013,3,No
13N01M30,32.837,-3.785,2013,3,No
13N020A,33.381,-2.503,2013,2,No
13N020B,32.797,-2.348,2013,3,No
13N020D,33.136,-3.179,2013,3,Yes
13N020F,32.402,-2.714,2013,2,No
13N020I,32.680,-2.157,2013,3,No
13N020M,33.328,-3.165,2013,3,No
13N021A,33.757,-2.927,2013,3,No
13N021B,32.803,-2.351,2013,3,No
13N021D,33.108,-3.736,2013,2,Yes
13N021F,32.379,-2.608,2013,3,Yes
13N021I,32.703,-2.136,2013,2,No
13N021M,33.326,-3.162,2013,3,No
13N022A,33.193,-2.108,2013,3,No
13N022B,32.799,-2.338,2013,3,No
13N022D,33.166,-3.600,2013,2,No
13N022F,32.244,-2.918,2013,2,No
13N022I,32.763,-2.150,2013,2,No
13N022M,33.291,-3.030,2013,2,No
13N023A,33.192,-2.112,2013,3,No
13N023B,32.775,-2.354,2013,3,No
13N023D,32.850,-3.912,2013,2,Yes
13N023F,33.125,-1.982,2013,3,No
13N023I,33.006,-2.095,2013,3,Yes
13N023M,33.481,-3.174,2013,3,No
13N024A,33.193,-2.105,2013,2,No
13N024B,32.686,-2.103,2013,3,No
13N024D,32.898,-4.072,2013,2,No
13N024F,32.808,-2.179,2013,2,No
13N024I,32.846,-2.517,2013,3,No
13N024M,33.500,-3.204,2013,2,No
13N025A,33.349,-2.808,2013,3,No
13N025B,32.322,-2.305,2013,2,No
13N025D,33.120,-3.752,2013,2,No
13N025F,32.305,-2.341,2013,3,No
13N025I,32.767,-2.585,2013,3,No
13N025M,33.464,-2.867,2013,3,No
13N026A,33.875,-2.570,2013,3,No
13N026B,32.766,-2.286,2013,3,No
13N026D,33.120,-3.745,2013,2,No
13N026F,32.731,-2.451,2013,3,No
13N026I,32.961,-2.118,2013,2,No
13N026M,33.287,-2.919,2013,2,No
13N027A,33.873,-2.555,2013,3,No
13N027B,32.809,-2.358,2013,2,No
13N027D,33.111,-3.749,2013,2,No
13N027F,32.709,-2.424,2013,3,No
13N027I,32.956,-2.129,2013,3,No
13N027M,33.572,-3.406,2013,3,No
13N028A,33.874,-2.550,2013,3,No
13N028B,32.699,-2.365,2013,3,No
13N028D,33.118,-3.720,2013,2,No
13N028F,32.467,-2.444,2013,1,No
13N028I,32.817,-2.563,2013,3,No
13N028M,33.513,-3.299,2013,2,No
13N029A,33.904,-2.529,2013,3,No
13N029B,32.856,-2.531,2013,3,No
13N029D,33.114,-3.780,2013,3,Yes
13N029F,32.404,-2.619,2013,3,Yes
13N029I,32.412,-2.261,2013,3,No
13N029M,33.509,-3.168,2013,3,No
13N02M01,33.928,-2.355,2013,3,No
13N02M10,32.215,-2.356,2013,3,Yes
13N02M14,33.431,-3.116,2013,3,Yes
13N02M15,33.683,-3.131,2013,2,Yes
13N02M17,32.920,-3.667,2013,2,No
13N02M21,30.171,-6.732,2013,3,No
13N02M22,32.749,-2.342,2013,3,Yes
13N02M23,33.348,-2.917,2013,2,Yes
13N02M25,33.242,-3.696,2013,2,No
13N02M26,33.030,-4.596,2013,3,No
13N02M28,33.467,-3.108,2013,2,Yes
13N02M30,33.066,-4.590,2013,1,No
13N030A,33.425,-2.923,2013,3,No
13N030B,33.109,-2.321,2013,3,No
13N030D,33.044,-4.586,2013,2,No
13N030F,32.452,-2.908,2013,3,No
13N030I,32.985,-2.097,2013,3,No
13N030M,33.316,-3.344,2013,3,No
13N031A,33.284,-2.974,2013,3,No
13N031B,32.361,-2.194,2013,3,No
13N031D,32.849,-4.737,2013,3,No
13N031F,32.424,-2.684,2013,2,No
13N031I,33.059,-2.142,2013,2,No
13N031M,33.319,-3.238,2013,2,No
13N032A,33.286,-2.996,2013,3,No
13N032B,33.139,-1.999,2013,3,No
13N032D,32.990,-3.873,2013,2,No
13N032F,32.487,-2.710,2013,3,No
13N032I,33.059,-2.217,2013,4,No
13N032M,33.315,-3.203,2013,3,No
13N033A,33.766,-2.791,2013,3,No
13N033B,33.280,-2.064,2013,3,No
13N033D,33.032,-4.597,2013,3,No
13N033F,32.707,-2.177,2013,3,No
13N033I,33.115,-2.065,2013,3,No
13N033M,33.315,-3.235,2013,3,No
13N034A,33.771,-2.996,2013,2,Yes
13N034B,32.848,-2.200,2013,3,No
13N034D,32.887,-3.846,2013,2,Yes
13N034F,32.377,-2.137,2013,2,Yes
13N034I,32.951,-2.049,2013,3,No
13N034M,33.292,-3.301,2013,3,No
13N035A,33.882,-2.510,2013,3,No
13N035B,32.826,-2.195,2013,3,No
13N035D,32.859,-3.913,2013,3,Yes
13N035F,32.408,-2.291,2013,3,No
13N035I,32.830,-2.127,2013,2,Yes
13N035M,33.484,-3.143,2013,3,No
13N036A,33.894,-2.441,2013,3,Yes
13N036B,32.239,-2.360,2013,2,Yes
13N036D,33.047,-3.909,2013,2,Yes
13N036F,32.436,-2.601,2013,2,No
13N036I,32.822,-2.190,2013,2,No
13N036M,33.028,-3.106,2013,3,No
13N037A,33.910,-2.434,2013,3,No
13N037B,32.317,-2.338,2013,3,No
13N037D,33.125,-3.731,2013,2,Yes
13N037F,32.459,-2.756,2013,2,No
13N037I,32.769,-2.178,2013,3,No
13N037M,33.026,-3.106,2013,3,No
13N038A,33.852,-2.441,2013,3,No
13N038B,32.332,-2.315,2013,2,Yes
13N038D,33.121,-3.720,2013,2,No
13N038F,32.498,-2.732,2013,3,Yes
13N038I,33.020,-2.076,2013,3,No
13N038M,32.993,-3.007,2013,3,No
13N039A,33.768,-2.901,2013,3,No
13N039B,32.925,-2.485,2013,3,No
13N039D,33.131,-3.719,2013,2,Yes
13N039F,32.519,-2.661,2013,2,No
13N039I,33.222,-2.147,2013,3,No
13N039M,33.190,-2.957,2013,2,No
13N03M01,33.955,-2.394,2013,3,No
13N03M10,32.277,-1.577,2013,3,No
13N03M14,33.585,-3.269,2013,2,No
13N03M15,33.594,-3.158,2013,3,No
13N03M21,30.164,-6.863,2013,2,No
13N03M22,32.763,-2.357,2013,2,Yes
13N03M23,33.584,-3.244,2013,3,No
13N03M25,33.982,-2.467,2013,2,Yes
13N03M26,33.044,-4.603,2013,3,No
13N03M28,33.459,-3.126,2013,2,Yes
13N040A,33.663,-2.937,2013,3,No
13N040B,32.877,-2.560,2013,3,No
13N040D,33.139,-3.722,2013,2,No
13N040F,32.672,-2.400,2013,2,Yes
13N040I,33.268,-2.312,2013,3,No
13N040M,33.206,-3.003,2013,3,No
13N041A,33.962,-2.485,2013,4,No
13N041B,32.884,-2.664,2013,3,No
13N041D,33.138,-3.754,2013,2,Yes
13N041F,32.715,-2.432,2013,3,Yes
13N041I,33.155,-2.444,2013,3,No
13N041M,33.158,-3.017,2013,3,No
13N042A,33.971,-2.478,2013,3,No
13N042B,32.772,-2.325,2013,2,No
13N042D,32.826,-3.765,2013,2,No
13N042F,32.310,-2.430,2013,3,No
13N042I,32.953,-2.144,2013,3,No
13N042M,33.162,-3.023,2013,2,No
13N043A,34.014,-2.336,2013,3,No
13N043B,32.338,-2.272,2013,2,No
13N043D,33.031,-4.568,2013,3,Yes
13N043F,32.443,-2.629,2013,2,No
13N043I,32.640,-1.999,2013,2,Yes
13N043M,33.109,-2.960,2013,3,No
13N044A,33.920,-2.194,2013,3,No
13N044B,32.850,-2.563,2013,3,No
13N044D,33.004,-3.885,2013,2,No
13N044F,32.539,-2.595,2013,3,No
13N044I,32.639,-2.967,2013,3,No
13N044M,33.351,-3.119,2013,2,No
13N045A,33.987,-2.489,2013,3,No
13N045B,32.906,-2.943,2013,3,No
13N045D,32.946,-3.875,2013,2,No
13N045F,32.455,-2.922,2013,2,No
13N045I,32.726,-2.140,2013,2,No
13N045M,33.495,-3.125,2013,3,No
13N046A,33.368,-2.986,2013,3,No
13N046B,32.865,-2.948,2013,3,No
13N046D,32.918,-3.872,2013,2,No
13N046F,32.718,-2.406,2013,3,No
13N046I,33.005,-2.070,2013,2,No
13N046M,33.626,-3.045,2013,3,No
13N047A,33.370,-2.962,2013,2,No
13N047B,32.912,-2.845,2013,3,No
13N047D,33.124,-3.769,2013,2,No
13N047F,32.665,-2.418,2013,3,No
13N047I,33.003,-2.082,2013,1,No
13N047M,32.858,-4.737,2013,3,No
13N048A,33.351,-2.913,2013,3,No
13N048B,33.007,-2.860,2013,3,No
13N048D,33.149,-3.759,2013,3,Yes
13N048F,32.863,-2.943,2013,3,No
13N048I,33.205,-2.318,2013,3,No
13N048M,32.884,-4.752,2013,3,No
13N049A,33.179,-2.432,2013,3,No
13N049B,33.022,-2.770,2013,3,No
13N049D,33.144,-3.792,2013,3,No
13N049F,32.879,-2.930,2013,2,No
13N049I,33.216,-2.529,2013,3,No
13N049M,32.831,-4.888,2013,1,No
13N04M01,33.877,-2.510,2013,1,No
13N04M10,32.267,-1.587,2013,2,No
13N04M14,33.465,-3.101,2013,3,Yes
13N04M15,33.391,-3.103,2013,2,No
13N04M21,30.174,-6.859,2013,2,No
13N04M22,32.768,-2.370,2013,3,Yes
13N04M23,33.927,-2.302,2013,3,Yes
13N04M25,32.897,-4.855,2013,2,No
13N04M26,33.045,-4.585,2013,2,Yes
13N04M28,33.566,-3.205,2013,2,No
13N050A,33.793,-2.524,2013,2,No
13N050B,33.096,-2.099,2013,3,No
13N050D,32.899,-4.076,2013,2,Yes
13N050F,32.546,-2.545,2013,3,No
13N050I,33.093,-2.613,2013,3,No
13N050M,33.113,-4.655,2013,3,No
13N051A,34.057,-2.254,2013,3,No
13N051B,32.596,-2.278,2013,2,No
13N051D,32.906,-4.004,2013,1,No
13N051F,32.465,-2.796,2013,3,No
13N051I,32.888,-2.160,2013,2,No
13N051M,33.239,-3.258,2013,2,No
13N052A,33.968,-2.337,2013,3,No
13N052B,33.249,-2.161,2013,3,No
13N052D,32.833,-3.905,2013,1,Yes
13N052F,32.192,-2.928,2013,2,No
13N052I,33.207,-2.365,2013,2,No
13N052M,33.197,-3.225,2013,3,No
13N053A,33.969,-2.269,2013,3,No
13N053B,32.496,-2.872,2013,2,No
13N053D,32.759,-3.868,2013,2,No
13N053F,32.501,-2.675,2013,3,No
13N053I,32.999,-2.410,2013,3,No
13N053M,33.187,-3.249,2013,2,No
13N054A,33.640,-2.779,2013,2,No
13N054B,32.459,-2.888,2013,1,No
13N054D,32.963,-4.533,2013,3,No
13N054F,32.546,-2.698,2013,3,No
13N054I,32.708,-2.547,2013,2,No
13N054M,33.564,-3.232,2013,2,Yes
13N055A,33.597,-2.693,2013,3,No
13N055B,32.724,-2.113,2013,3,No
13N055D,33.007,-4.570,2013,2,No
13N055F,32.487,-2.653,2013,2,No
13N055I,32.785,-2.709,2013,3,No
13N055M,33.485,-3.028,2013,3,No
13N056A,33.709,-2.611,2013,3,No
13N056B,32.764,-2.633,2013,3,No
13N056D,32.788,-3.998,2013,2,No
13N056F,32.693,-2.498,2013,3,No
13N056I,32.783,-2.256,2013,3,Yes
13N056M,33.215,-3.144,2013,3,No
13N057A,33.870,-2.470,2013,3,Yes
13N057B,32.765,-2.533,2013,3,No
13N057D,33.080,-4.536,2013,2,No
13N057F,32.637,-2.509,2013,2,No
13N057I,32.726,-2.363,2013,2,No
13N057M,33.287,-3.122,2013,2,No
13N058A,33.635,-2.717,2013,3,No
13N058B,32.671,-2.654,2013,3,No
13N058D,33.072,-4.627,2013,3,No
13N058F,32.642,-2.512,2013,3,Yes
13N058I,32.749,-2.493,2013,2,Yes
13N058M,33.290,-2.921,2013,3,No
13N059A,33.714,-2.677,2013,3,No
13N059B,32.437,-2.701,2013,3,Yes
13N059D,33.130,-4.650,2013,3,No
13N059F,32.753,-2.506,2013,3,No
13N059I,32.710,-2.503,2013,2,Yes
13N059M,33.088,-3.189,2013,2,No
13N05M10,32.487,-1.493,2013,3,No
13N05M14,33.064,-4.256,2013,2,No
13N05M15,33.300,-2.909,2013,2,No
13N05M21,29.992,-7.442,2013,3,No
13N05M22,32.753,-2.375,2013,3,No
13N05M23,33.353,-2.614,2013,3,Yes
13N05M28,33.442,-3.117,2013,3,No
13N060A,33.825,-2.449,2013,2,No
13N060B,32.442,-2.695,2013,2,No
13N060D,32.961,-3.629,2013,3,No
13N060F,32.782,-2.600,2013,3,No
13N060I,32.640,-2.523,2013,3,No
13N060M,33.097,-3.206,2013,3,No
13N061A,33.896,-2.523,2013,1,No
13N061B,32.449,-2.662,2013,2,Yes
13N061D,32.875,-3.652,2013,2,No
13N061F,32.782,-2.622,2013,3,Yes
13N061I,33.084,-2.815,2013,2,No
13N061M,33.116,-3.206,2013,3,No
13N062A,33.908,-2.440,2013,3,No
13N062B,33.155,-2.495,2013,3,Yes
13N062D,32.774,-3.960,2013,2,No
13N062F,32.801,-2.667,2013,3,No
13N062I,33.241,-2.159,2013,1,No
13N062M,33.116,-3.160,2013,2,No
13N063A,33.965,-2.501,2013,3,Yes
13N063B,33.126,-2.516,2013,2,Yes
13N063D,33.106,-2.920,2013,1,No
13N063F,32.485,-2.635,2013,2,Yes
13N063I,32.827,-2.455,2013,2,No
13N063M,33.123,-3.168,2013,2,No
13N064A,33.888,-2.592,2013,2,Yes
13N064B,33.128,-2.541,2013,3,No
13N064D,33.093,-2.926,2013,3,No
13N064F,32.546,-2.535,2013,2,Yes
13N064I,32.544,-2.519,2013,1,No
13N064M,33.050,-3.137,2013,2,No
13N065A,33.759,-2.833,2013,3,No
13N065B,33.086,-2.324,2013,2,No
13N065D,32.919,-4.064,2013,2,No
13N065F,32.536,-2.605,2013,2,No
13N065I,32.901,-2.509,2013,2,No
13N065M,33.000,-3.182,2013,2,No
13N066A,33.844,-2.465,2013,2,Yes
13N066B,32.359,-2.167,2013,2,Yes
13N066D,32.891,-4.086,2013,2,Yes
13N066F,32.435,-2.636,2013,2,No
13N066I,32.795,-2.295,2013,2,No
13N066M,32.971,-3.128,2013,3,No
13N067A,33.891,-2.327,2013,3,No
13N067B,32.354,-2.149,2013,2,No
13N067D,32.889,-4.089,2013,2,No
13N067F,32.444,-2.735,2013,1,No
13N067I,32.762,-2.307,2013,3,No
13N067M,33.035,-3.093,2013,2,No
13N068A,33.693,-2.589,2013,2,No
13N068B,32.507,-2.499,2013,2,Yes
13N068D,32.892,-4.088,2013,2,No
13N068F,32.451,-2.676,2013,3,No
13N068M,33.133,-4.688,2013,3,No
13N069A,33.421,-2.837,2013,3,No
13N069B,32.205,-2.333,2013,3,No
13N069D,32.840,-4.911,2013,3,No
13N069F,32.541,-2.700,2013,3,No
13N069M,33.133,-4.701,2013,3,No
13N06M10,32.519,-1.417,2013,2,No
13N06M14,33.045,-4.600,2013,2,No
13N06M15,33.333,-2.914,2013,3,No
13N06M21,30.204,-6.658,2013,2,No
13N06M22,32.644,-2.172,2013,3,No
13N06M23,33.644,-2.733,2013,4,No
13N06M28,33.362,-3.115,2013,3,Yes
13N070A,33.680,-3.164,2013,3,No
13N070B,32.458,-2.495,2013,1,No
13N070D,32.851,-4.916,2013,2,No
13N070F,32.541,-2.707,2013,2,No
13N070M,33.112,-4.715,2013,3,Yes
13N071A,33.662,-3.178,2013,3,No
13N071B,32.441,-2.510,2013,2,No
13N071D,33.127,-4.486,2013,3,No
13N071F,32.519,-2.680,2013,2,No
13N071M,33.472,-3.123,2013,3,No
13N072A,33.573,-3.024,2013,3,No
13N072B,32.437,-2.239,2013,3,No
13N072D,33.112,-4.479,2013,2,No
13N072F,32.508,-2.714,2013,2,No
13N072M,33.354,-3.128,2013,3,No
13N073A,33.480,-2.864,2013,3,No
13N073B,32.741,-2.404,2013,3,No
13N073D,33.094,-4.488,2013,3,No
13N073F,32.642,-2.457,2013,3,No
13N073M,33.312,-3.219,2013,3,No
13N074A,33.263,-2.655,2013,3,No
13N074B,32.744,-2.410,2013,3,No
13N074D,33.070,-4.513,2013,3,No
13N074F,32.479,-2.698,2013,3,Yes
13N074M,33.559,-3.084,2013,3,No
13N075A,33.826,-2.487,2013,3,No
13N075B,32.730,-2.362,2013,2,No
13N075D,33.022,-4.618,2013,3,Yes
13N075F,32.740,-2.360,2013,3,No
13N075M,33.354,-2.981,2013,3,No
13N076A,33.795,-2.491,2013,3,No
13N076B,32.771,-2.353,2013,3,No
13N076D,32.850,-3.765,2013,2,No
13N076F,32.679,-2.377,2013,3,No
13N076M,33.338,-3.022,2013,2,No
13N077A,33.862,-2.476,2013,3,No
13N077B,32.756,-2.242,2013,3,No
13N077D,32.922,-4.704,2013,2,No
13N077F,32.731,-2.414,2013,3,No
13N077M,33.159,-4.670,2013,2,No
13N078A,33.923,-2.289,2013,3,No
13N078B,32.812,-2.203,2013,3,No
13N078D,33.041,-4.763,2013,2,No
13N078F,32.737,-2.413,2013,2,No
13N078M,33.288,-3.318,2013,3,No
13N079A,33.861,-2.484,2013,3,No
13N079B,32.767,-2.279,2013,2,No
13N079D,33.119,-4.713,2013,2,No
13N079F,32.659,-2.964,2013,2,No
13N079M,33.187,-3.229,2013,2,No
13N07M10,32.465,-1.474,2013,3,No
13N07M14,33.886,-2.513,2013,2,No
13N07M21,30.154,-6.704,2013,2,No
13N07M22,32.540,-2.605,2013,1,No
13N07M23,33.929,-2.412,2013,2,Yes
13N07M28,33.617,-3.134,2013,3,Yes
13N07M32,32.987,-2.105,2013,3,No
13N080A,33.899,-2.530,2013,3,No
13N080B,33.181,-2.109,2013,3,No
13N080D,33.046,-4.594,2013,2,No
13N080F,32.396,-2.266,2013,2,No
13N080M,33.397,-3.347,2013,3,No
13N081A,33.838,-2.424,2013,3,No
13N081B,32.919,-2.507,2013,2,No
13N081D,33.092,-3.736,2013,2,No
13N081F,32.537,-2.569,2013,2,No
13N081M,33.048,-4.572,2013,3,Yes
13N082A,33.947,-2.551,2013,3,No
13N082B,32.941,-2.487,2013,3,No
13N082D,33.109,-3.744,2013,2,Yes
13N082F,32.529,-2.680,2013,2,Yes
13N082M,33.012,-4.572,2013,3,No
13N083A,33.937,-2.550,2013,3,No
13N083B,32.951,-2.513,2013,2,No
13N083D,33.118,-4.529,2013,2,No
13N083F,32.272,-2.703,2013,2,No
13N083M,33.135,-4.672,2013,3,No
13N084A,33.622,-2.763,2013,4,No
13N084B,32.900,-2.509,2013,3,Yes
13N084D,33.102,-4.543,2013,3,No
13N084F,32.461,-2.693,2013,3,Yes
13N084M,33.120,-4.710,2013,3,No
13N085A,33.635,-2.622,2013,3,Yes
13N085B,32.805,-2.454,2013,3,No
13N085D,33.079,-4.506,2013,3,No
13N085F,32.494,-2.680,2013,1,No
13N085M,33.571,-3.178,2013,3,No
13N086A,33.881,-2.450,2013,3,No
13N086B,32.800,-2.525,2013,3,No
13N086D,32.865,-4.707,2013,2,No
13N086F,32.537,-2.761,2013,2,No
13N086M,33.592,-3.149,2013,2,No
13N087A,33.866,-2.445,2013,3,No
13N087B,32.701,-2.476,2013,2,No
13N087D,32.850,-4.704,2013,2,No
13N087F,32.987,-2.454,2013,3,Yes
13N087M,33.405,-3.227,2013,2,No
13N088A,33.722,-2.721,2013,2,No
13N088B,32.709,-2.481,2013,3,No
13N088D,33.049,-4.833,2013,3,Yes
13N088F,32.475,-2.736,2013,1,No
13N088M,33.405,-3.100,2013,2,No
13N089A,33.732,-2.715,2013,3,No
13N089B,32.437,-2.252,2013,3,No
13N089D,33.047,-4.850,2013,3,No
13N089F,32.499,-2.863,2013,3,No
13N089M,33.366,-3.139,2013,3,No
13N08M10,32.273,-1.589,2013,3,No
13N08M21,29.994,-7.422,2013,2,No
13N08M22,32.387,-2.664,2013,3,Yes
13N08M28,33.006,-4.090,2013,3,No
13N08M32,33.348,-2.657,2013,3,Yes
13N090A,33.914,-2.214,2013,3,No
13N090B,32.793,-2.709,2013,3,No
13N090D,33.067,-4.529,2013,2,No
13N090F,32.212,-2.497,2013,1,No
13N090M,33.317,-3.048,2013,2,No
13N091A,33.973,-2.533,2013,4,No
13N091B,32.776,-2.695,2013,3,No
13N091D,32.873,-4.630,2013,1,No
13N091F,32.217,-2.337,2013,2,No
13N091M,33.210,-3.339,2013,3,No
13N092A,33.914,-2.508,2013,3,No
13N092B,32.774,-2.694,2013,3,No
13N092D,32.873,-4.629,2013,2,No
13N092F,32.265,-2.383,2013,2,Yes
13N092M,33.175,-3.112,2013,3,No
13N093A,33.879,-2.579,2013,3,No
13N093B,32.872,-2.625,2013,2,No
13N093D,32.983,-3.760,2013,2,No
13N093F,32.488,-2.643,2013,2,No
13N093M,33.108,-3.193,2013,2,No
13N094A,33.844,-2.357,2013,3,Yes
13N094B,32.944,-2.484,2013,3,Yes
13N094D,33.168,-4.510,2013,2,No
13N094F,32.325,-2.204,2013,2,No
13N094M,33.131,-3.109,2013,3,No
13N095A,33.936,-2.375,2013,3,No
13N095B,32.756,-2.363,2013,3,No
13N095D,32.862,-4.728,2013,2,No
13N095F,33.074,-2.937,2013,3,No
13N095M,33.308,-3.149,2013,2,No
13N096A,33.927,-2.378,2013,2,Yes
13N096B,32.777,-2.163,2013,3,No
13N096F,33.164,-3.035,2013,1,No
13N096M,33.512,-3.287,2013,3,No
13N097A,33.923,-2.394,2013,3,No
13N097B,33.075,-2.415,2013,3,No
13N097F,33.154,-3.011,2013,3,No
13N097M,32.859,-4.642,2013,3,No
13N098A,33.939,-2.378,2013,3,No
13N098B,33.079,-2.418,2013,2,No
13N098F,33.116,-3.186,2013,2,No
13N098M,32.845,-4.726,2013,2,No
13N099A,33.987,-2.300,2013,3,No
13N099B,32.752,-2.467,2013,3,Yes
13N099F,32.980,-3.135,2013,2,No
13N099M,32.865,-4.651,2013,2,Yes
13N09M10,32.294,-1.590,2013,2,No
13N09M21,30.016,-7.296,2013,2,No
13N09M22,32.425,-2.630,2013,1,No
13N09M28,32.742,-2.325,2013,3,Yes
13N09M32,33.339,-2.727,2013,3,Yes
13N100A,33.608,-2.792,2013,4,No
13N100B,32.854,-2.652,2013,3,No
13N100F,33.001,-3.086,2013,3,No
13N100M,33.132,-4.700,2013,2,No
13N101A,33.576,-2.739,2013,2,No
13N101B,32.861,-2.941,2013,2,No
13N101F,32.959,-3.127,2013,2,No
13N101M,33.351,-3.260,2013,2,No
13N102A,33.678,-2.419,2013,1,Yes
13N102B,32.774,-2.306,2013,3,No
13N102F,32.672,-2.618,2013,3,No
13N102M,33.314,-3.260,2013,1,No
13N103A,33.919,-2.409,2013,3,Yes
13N103B,32.757,-2.328,2013,2,No
13N103F,32.530,-2.590,2013,2,No
13N103M,33.303,-2.853,2013,3,No
13N104A,33.911,-2.403,2013,1,No
13N104B,33.157,-2.437,2013,3,No
13N104F,32.517,-2.079,2013,2,Yes
13N104M,33.306,-2.868,2013,3,Yes
13N105A,33.958,-2.405,2013,3,No
13N105B,33.144,-2.459,2013,3,No
13N105F,32.444,-2.718,2013,2,No
13N105M,33.259,-2.921,2013,2,Yes
13N106A,33.876,-2.482,2013,2,No
13N106B,32.457,-2.321,2013,2,Yes
13N106F,33.005,-3.077,2013,2,No
13N106M,33.659,-3.134,2013,2,No
13N107A,33.708,-3.081,2013,2,No
13N107B,32.560,-2.239,2013,2,No
13N107F,33.245,-2.152,2013,2,No
13N107M,33.308,-3.344,2013,3,No
13N108A,33.938,-2.397,2013,4,No
13N108B,32.772,-2.266,2013,3,Yes
13N108F,32.919,-2.653,2013,2,No
13N108M,33.109,-4.524,2013,3,Yes
13N109A,33.314,-2.816,2013,2,No
13N109B,32.521,-1.433,2013,3,No
13N109F,32.443,-2.715,2013,2,No
13N109M,33.115,-4.534,2013,3,No
13N10M10,32.542,-1.423,2013,3,No
13N10M21,30.008,-7.376,2013,2,No
13N10M22,32.490,-2.710,2013,2,No
13N10M28,32.686,-2.660,2013,3,Yes
13N10M32,32.945,-2.866,2013,3,No
13N110A,33.270,-2.856,2013,2,No
13N110B,32.400,-2.149,2013,3,Yes
13N110M,33.448,-3.039,2013,2,No
13N111A,33.223,-2.867,2013,3,No
13N111B,32.396,-2.147,2013,2,No
13N111M,33.401,-3.101,2013,2,No
13N112A,33.232,-2.875,2013,3,No
13N112B,32.683,-2.830,2013,2,No
13N112M,33.191,-3.254,2013,2,No
13N113A,33.916,-2.541,2013,3,No
13N113B,32.718,-2.439,2013,3,Yes
13N113M,33.160,-3.195,2013,2,No
13N114A,33.882,-2.573,2013,2,No
13N114B,32.201,-2.380,2013,3,No
13N114M,33.366,-3.247,2013,2,No
13N115A,33.697,-2.588,2013,2,No
13N115B,32.580,-2.323,2013,2,No
13N115M,33.139,-4.674,2013,2,No
13N116A,33.478,-2.779,2013,3,No
13N116B,32.838,-2.751,2013,1,No
13N116M,33.101,-3.203,2013,1,No
13N117A,33.830,-2.507,2013,2,No
13N117B,33.265,-2.145,2013,2,No
13N117M,33.179,-2.975,2013,2,Yes
13N118A,33.819,-2.457,2013,2,No
13N118B,32.678,-2.389,2013,2,No
13N118M,33.214,-2.964,2013,2,No
13N119A,34.121,-2.234,2013,3,No
13N119B,33.167,-2.496,2013,3,No
13N119M,33.294,-2.868,2013,2,No
13N11M10,32.977,-2.086,2013,3,No
13N11M21,30.004,-7.372,2013,2,No
13N11M22,32.487,-1.487,2013,3,No
13N11M28,32.465,-2.719,2013,2,No
13N11M32,32.922,-2.837,2013,3,No
13N120A,33.944,-2.323,2013,3,Yes
13N120B,32.850,-2.555,2013,1,No
13N120M,33.126,-4.700,2013,2,No
13N121A,33.716,-3.095,2013,3,No
13N121B,32.783,-2.240,2013,3,No
13N122A,33.274,-2.956,2013,2,No
13N122B,32.760,-2.355,2013,3,No
13N123A,33.695,-2.732,2013,3,No
13N123B,32.877,-2.641,2013,3,Yes
13N124A,33.662,-2.752,2013,3,No
13N124B,32.384,-2.292,2013,2,Yes
13N125A,33.618,-3.044,2013,1,No
13N125B,33.057,-2.519,2013,2,No
13N126A,33.611,-2.617,2013,2,Yes
13N126B,32.832,-2.447,2013,2,No
13N127A,33.758,-2.836,2013,2,No
13N127B,32.941,-2.482,2013,2,No
13N128A,33.753,-2.999,2013,2,No
13N128B,32.742,-2.473,2013,2,No
13N129A,33.684,-3.059,2013,3,No
13N129B,32.792,-2.357,2013,3,No
13N12M10,32.314,-1.634,2013,3,No
13N12M15,32.725,-2.625,2013,3,No
13N12M21,30.122,-6.645,2013,2,No
13N12M28,33.073,-3.735,2013,2,Yes
13N130A,33.687,-2.935,2013,1,No
13N130B,32.697,-2.439,2013,1,No
13N131A,33.781,-2.921,2013,2,No
13N131B,32.796,-2.351,2013,2,No
13N132A,33.907,-2.580,2013,3,No
13N132B,32.878,-2.537,2013,2,No
13N133A,33.907,-2.536,2013,3,Yes
13N134A,33.914,-2.403,2013,2,No
13N135A,33.909,-2.401,2013,3,No
13N136A,33.975,-2.301,2013,3,No
13N137A,33.750,-2.990,2013,3,No
13N138A,33.387,-2.935,2013,3,No
13N139A,33.974,-2.524,2013,2,No
13N13M10,32.334,-1.639,2013,3,No
13N13M15,33.325,-3.119,2013,2,No
13N13M21,30.118,-6.665,2013,3,No
13N13M28,33.172,-4.522,2013,2,Yes
13N140A,33.981,-2.319,2013,3,No
13N141A,33.983,-2.283,2013,3,No
13N142A,33.811,-2.450,2013,2,No
13N143A,33.691,-2.665,2013,3,No
13N144A,33.754,-2.529,2013,3,No
13N145A,33.805,-2.455,2013,2,No
13N146A,33.918,-2.230,2013,3,Yes
13N147A,33.932,-2.241,2013,3,No
13N148A,33.936,-2.226,2013,2,No
13N149A,33.936,-2.247,2013,2,No
13N14M10,32.218,-1.735,2013,3,No
13N14M21,30.029,-7.444,2013,2,No
13N14M32,33.292,-2.700,2013,3,No
13N150A,33.823,-2.543,2013,3,No
13N151A,33.923,-2.400,2013,3,No
13N152A,33.901,-2.603,2013,3,No
13N153A,33.895,-2.441,2013,2,Yes
13N154A,33.950,-2.232,2013,2,Yes
13N155A,33.850,-2.478,2013,2,No
13N156A,33.695,-2.652,2013,2,Yes
13N157A,33.714,-2.724,2013,2,No
13N158A,33.249,-2.117,2013,3,Yes
13N159A,33.719,-2.481,2013,2,No
13N15M10,32.333,-1.588,2013,3,No
13N15M21,29.979,-7.460,2013,3,No
13N15M32,33.081,-2.664,2013,3,No
13N160A,33.356,-2.870,2013,2,Yes
13N161A,33.936,-2.209,2013,2,No
13N162A,33.822,-2.484,2013,3,No
13N163A,33.809,-3.149,2013,2,No
13N164A,33.714,-2.851,2013,2,No
13N165A,33.774,-3.032,2013,2,No
13N166A,33.741,-2.720,2013,2,Yes
13N167A,33.924,-2.408,2013,2,No
13N168A,33.931,-2.415,2013,2,No
13N169A,33.489,-2.762,2013,2,No
13N16M10,32.756,-2.219,2013,3,No
13N16M21,30.094,-6.657,2013,1,No
13N16M32,33.138,-2.729,2013,3,No
13N170A,33.916,-2.366,2013,2,No
13N171A,33.987,-2.299,2013,2,Yes
13N172A,33.221,-2.409,2013,1,No
13N173A,33.884,-2.328,2013,2,No
13N174A,33.987,-2.296,2013,3,No
13N175A,33.838,-2.495,2013,2,No
13N176A,33.696,-3.089,2013,2,No
13N177A,33.873,-2.458,2013,2,No
13N17M21,29.906,-7.507,2013,3,No
13N17M32,33.191,-2.446,2013,3,No
13N18M21,29.957,-7.462,2013,3,No
13N18M32,32.946,-2.038,2013,3,No
13N19M21,30.092,-6.675,2013,2,No
13N19M32,32.706,-2.479,2013,3,No
13N20M21,29.957,-7.351,2013,2,No
13N20M32,32.689,-2.462,2013,3,No
13N21M21,30.020,-7.375,2013,2,No
13N21M32,32.704,-2.460,2013,3,No
13N22M32,33.302,-2.714,2013,2,No
13N23M32,33.309,-2.723,2013,3,No
13N24M15,32.677,-2.451,2013,3,No
13N25M15,32.711,-2.468,2013,3,No
13N26M32,33.122,-2.993,2013,3,No
13N27M32,33.101,-2.210,2013,3,No
13N28M32,33.164,-2.011,2013,3,No
13N29M15,32.996,-2.436,2013,3,No
13N30M15,33.171,-2.117,2013,3,No
13N31M32,33.155,-2.724,2013,3,No
13N32M32,32.830,-2.482,2013,3,No
13N33M32,33.453,-2.201,2013,2,No
13N34M32,33.239,-2.077,2013,3,No
13N35M15,33.107,-2.357,2013,3,No
13N36M15,32.752,-2.477,2013,2,No
13N37M15,32.745,-2.485,2013,2,No
13N38M15,33.107,-2.618,2013,3,No
13N39M32,33.263,-2.657,2013,1,Yes
13N999F,32.503,-2.721,2013,1,No
14N001A,33.747,-3.149,2014,2,No
14N001B,32.971,-2.123,2014,2,No
14N001C,34.036,-2.263,2014,3,No
14N001D,32.873,-4.229,2014,2,No
14N001F,32.926,-2.915,2014,2,No
14N001G01,33.328,-3.642,2014,2,No
14N001G02,33.147,-4.669,2014,3,No
14N001G03,33.309,-2.984,2014,2,No
14N001G04,33.992,-2.498,2014,2,No
14N001G05,33.093,-2.006,2014,3,No
14N001G06,32.742,-2.518,2014,3,No
14N001G07,32.549,-2.991,2014,2,No
14N001G08,32.415,-2.593,2014,2,No
14N001I,32.997,-2.067,2014,3,No
14N001K,32.809,-2.547,2014,2,No
14N001M,33.153,-4.668,2014,3,No
14N002A,33.759,-3.154,2014,2,Yes
14N002B,32.864,-2.263,2014,2,No
14N002C,33.924,-2.566,2014,2,No
14N002D,32.829,-3.912,2014,1,No
14N002F,33.112,-2.911,2014,2,No
14N002G01,33.216,-3.692,2014,2,No
14N002G02,33.055,-4.695,2014,2,Yes
14N002G03,33.612,-2.779,2014,2,No
14N002G04,33.279,-2.372,2014,2,No
14N002G05,33.112,-2.281,2014,2,No
14N002G06,33.229,-2.438,2014,2,No
14N002G07,32.525,-2.543,2014,2,Yes
14N002G08,32.700,-2.361,2014,2,Yes
14N002I,32.893,-2.295,2014,2,Yes
14N002K,32.845,-2.534,2014,2,No
14N002M,33.138,-4.685,2014,3,Yes
14N003A,33.569,-3.106,2014,3,Yes
14N003B,32.963,-2.326,2014,3,No
14N003C,33.842,-2.302,2014,2,No
14N003D,32.900,-3.622,2014,2,No
14N003F,33.151,-2.997,2014,3,No
14N003G01,33.254,-3.303,2014,2,No
14N003G02,33.129,-4.484,2014,2,No
14N003G03,33.625,-2.744,2014,2,No
14N003G04,33.868,-2.292,2014,2,No
14N003G05,32.810,-2.465,2014,3,No
14N003G06,32.892,-2.909,2014,2,Yes
14N003G07,33.163,-2.572,2014,2,No
14N003G08,33.055,-2.243,2014,2,No
14N003I,32.935,-2.326,2014,2,Yes
14N003K,32.621,-2.407,2014,2,No
14N003M,33.133,-4.682,2014,2,Yes
14N004A,33.901,-2.373,2014,3,No
14N004B,32.852,-2.173,2014,2,No
14N004C,33.922,-2.387,2014,3,Yes
14N004D,33.101,-3.740,2014,2,No
14N004F,33.118,-3.114,2014,2,No
14N004G01,33.206,-3.253,2014,3,No
14N004G02,32.994,-4.617,2014,2,No
14N004G03,33.895,-2.343,2014,3,No
14N004G04,33.899,-2.316,2014,2,No
14N004G05,32.801,-2.459,2014,2,No
14N004G06,32.643,-2.457,2014,2,No
14N004G07,32.501,-2.732,2014,2,No
14N004I,32.856,-2.532,2014,3,No
14N004K,32.909,-2.521,2014,2,No
14N004M,33.132,-4.701,2014,3,Yes
14N005A,33.893,-2.493,2014,2,No
14N005B,32.846,-2.218,2014,2,No
14N005C,33.943,-2.292,2014,3,No
14N005D,33.110,-3.742,2014,2,Yes
14N005F,33.046,-3.100,2014,2,No
14N005G01,33.214,-3.230,2014,2,No
14N005G02,33.104,-4.502,2014,2,No
14N005G03,33.900,-2.492,2014,2,Yes
14N005G04,33.921,-2.431,2014,3,Yes
14N005G05,32.839,-2.756,2014,2,No
14N005G06,32.938,-2.338,2014,2,No
14N005I,32.696,-2.417,2014,2,No
14N005K,32.440,-2.805,2014,2,No
14N005M,32.890,-4.682,2014,2,No
14N006A,33.777,-2.698,2014,3,No
14N006B,33.215,-2.570,2014,2,No
14N006C,33.939,-2.364,2014,3,Yes
14N006D,33.013,-3.644,2014,2,No
14N006F,33.035,-3.061,2014,2,No
14N006G01,32.962,-3.607,2014,2,No
14N006G02,32.928,-4.731,2014,3,Yes
14N006G03,33.159,-3.172,2014,2,No
14N006G04,33.850,-2.577,2014,3,No
14N006G05,32.844,-2.102,2014,2,No
14N006G06,33.041,-2.457,2014,2,No
14N006I,32.901,-2.670,2014,3,No
14N006K,33.062,-2.704,2014,2,No
14N006M,33.136,-4.687,2014,2,No
14N007A,33.873,-2.456,2014,2,No
14N007B,33.114,-2.186,2014,2,No
14N007C,33.916,-2.413,2014,2,No
14N007D,32.863,-3.766,2014,2,No
14N007F,32.800,-2.659,2014,2,No
14N007G01,33.128,-3.008,2014,1,No
14N007G02,33.124,-4.500,2014,2,No
14N007G03,33.153,-3.189,2014,2,No
14N007G04,33.524,-2.451,2014,2,No
14N007G05,32.808,-2.460,2014,2,No
14N007I,32.902,-2.888,2014,2,No
14N007K,33.056,-2.706,2014,2,No
14N007M,33.134,-4.475,2014,3,No
14N008A,33.736,-2.860,2014,2,Yes
14N008B,33.253,-2.974,2014,2,No
14N008C,33.919,-2.409,2014,2,No
14N008D,33.014,-3.640,2014,2,No
14N008F,32.862,-2.949,2014,2,No
14N008G01,33.156,-3.074,2014,2,No
14N008G02,33.224,-4.619,2014,4,No
14N008G03,33.641,-2.820,2014,3,No
14N008G04,33.749,-2.231,2014,3,No
14N008G05,32.847,-2.476,2014,2,No
14N008I,32.866,-2.939,2014,2,No
14N008K,32.894,-2.502,2014,3,No
14N008M,33.134,-4.479,2014,3,No
14N009A,33.783,-2.561,2014,2,No
14N009B,33.141,-2.932,2014,3,No
14N009C,33.939,-2.372,2014,3,Yes
14N009D,33.005,-3.714,2014,3,No
14N009F,33.012,-2.844,2014,2,No
14N009G01,33.199,-3.119,2014,2,No
14N009G02,33.239,-4.601,2014,3,No
14N009G03,33.710,-2.672,2014,2,No
14N009G04,33.250,-2.165,2014,2,No
14N009G05,32.854,-2.533,2014,2,No
14N009I,32.737,-2.154,2014,3,Yes
14N009K,33.152,-3.066,2014,2,No
14N009M,33.128,-4.482,2014,2,No
14N010A,33.726,-2.780,2014,2,Yes
14N010B,32.207,-2.428,2014,2,No
14N010C,33.309,-2.533,2014,2,No
14N010D,32.930,-3.483,2014,2,No
14N010F,33.219,-2.580,2014,2,No
14N010G01,33.134,-4.699,2014,2,No
14N010G02,33.079,-4.697,2014,2,No
14N010G03,33.942,-2.541,2014,2,No
14N010G04,33.822,-2.336,2014,2,Yes
14N010G05,33.111,-2.304,2014,3,No
14N010I,33.103,-2.182,2014,3,No
14N010K,33.037,-3.080,2014,2,No
14N010M,33.210,-3.356,2014,3,No
14N011A,33.481,-3.126,2014,2,No
14N011B,32.202,-2.902,2014,2,No
14N011C,33.386,-2.562,2014,2,No
14N011D,32.897,-3.988,2014,2,No
14N011F,33.193,-2.430,2014,2,No
14N011G01,33.136,-4.699,2014,2,No
14N011G02,32.930,-4.746,2014,2,No
14N011G03,33.315,-2.873,2014,2,No
14N011G04,33.938,-2.368,2014,3,No
14N011G05,32.994,-2.088,2014,2,No
14N011I,32.922,-2.337,2014,2,No
14N011K,32.820,-2.431,2014,2,No
14N011M,33.191,-3.245,2014,2,No
14N012A,33.933,-2.552,2014,2,No
14N012B,32.700,-2.441,2014,2,Yes
14N012C,33.380,-2.580,2014,2,No
14N012D,32.881,-3.980,2014,2,No
14N012F,33.131,-2.996,2014,2,No
14N012G02,33.131,-4.711,2014,3,Yes
14N012G03,33.647,-2.723,2014,2,No
14N012G04,33.925,-2.190,2014,3,No
14N012G05,33.100,-2.093,2014,3,No
14N012I,32.793,-2.339,2014,2,Yes
14N012K,32.951,-2.630,2014,3,No
14N012M,33.238,-3.255,2014,1,No
14N013A,33.759,-2.888,2014,3,Yes
14N013B,32.789,-2.568,2014,2,No
14N013C,33.882,-2.187,2014,3,No
14N013D,32.878,-4.011,2014,2,No
14N013F,33.165,-2.941,2014,2,Yes
14N013G02,33.134,-4.671,2014,3,No
14N013G03,33.552,-2.669,2014,2,No
14N013G04,33.280,-2.144,2014,3,No
14N013G05,33.061,-2.230,2014,1,No
14N013I,32.791,-2.346,2014,2,Yes
14N013K,33.056,-2.215,2014,2,No
14N013M,33.113,-2.916,2014,3,No
14N014A,33.320,-3.096,2014,2,No
14N014B,32.793,-2.331,2014,2,Yes
14N014C,33.977,-2.311,2014,3,No
14N014D,32.873,-4.017,2014,2,No
14N014F,33.112,-3.039,2014,2,No
14N014G02,33.179,-4.500,2014,2,Yes
14N014G03,33.797,-2.641,2014,3,No
14N014G04,33.855,-2.363,2014,2,No
14N014G05,32.889,-2.914,2014,2,No
14N014I,33.128,-2.568,2014,2,No
14N014K,32.865,-2.953,2014,2,No
14N014M,33.128,-4.660,2014,3,No
14N015A,33.339,-2.974,2014,2,No
14N015B,33.263,-2.654,2014,2,No
14N015C,33.842,-2.386,2014,3,No
14N015F,33.081,-3.189,2014,2,No
14N015G02,33.176,-4.478,2014,2,No
14N015G03,33.658,-2.755,2014,2,No
14N015G04,34.035,-2.332,2014,2,No
14N015G05,32.789,-2.252,2014,2,No
14N015I,33.246,-2.586,2014,2,Yes
14N015K,33.138,-3.286,2014,1,No
14N015M,33.133,-4.694,2014,2,Yes
14N016A,33.463,-3.134,2014,2,No
14N016B,32.239,-2.394,2014,2,No
14N016C,33.857,-2.369,2014,2,No
14N016F,33.102,-2.321,2014,2,No
14N016G02,33.103,-4.482,2014,2,No
14N016G03,33.323,-2.872,2014,2,No
14N016G04,33.920,-2.385,2014,2,Yes
14N016G05,32.785,-2.253,2014,2,No
14N016I,33.243,-2.579,2014,2,Yes
14N016K,33.080,-3.266,2014,3,No
14N016M,33.137,-4.678,2014,3,Yes
14N017A,33.750,-2.743,2014,2,No
14N017B,32.915,-2.336,2014,2,No
14N017C,33.830,-2.398,2014,3,No
14N017F,32.672,-2.095,2014,2,No
14N017G02,33.002,-4.581,2014,2,No
14N017G03,33.407,-2.953,2014,2,No
14N017G04,33.313,-2.448,2014,3,No
14N017G05,32.983,-2.149,2014,1,No
14N017I,33.042,-2.615,2014,3,No
14N017K,33.167,-2.924,2014,2,Yes
14N017M,33.137,-4.674,2014,3,Yes
14N018A,33.484,-3.065,2014,2,No
14N018C,33.960,-2.320,2014,3,No
14N018F,32.204,-2.358,2014,2,No
14N018G02,32.982,-4.568,2014,2,Yes
14N018G03,33.582,-2.664,2014,2,No
14N018G04,33.260,-2.551,2014,3,No
14N018G05,33.079,-2.058,2014,2,No
14N018I,33.021,-2.593,2014,2,No
14N018K,33.120,-3.073,2014,3,No
14N018M,32.848,-4.722,2014,2,No
14N019A,33.304,-3.127,2014,2,No
14N019C,33.968,-2.367,2014,3,No
14N019F,32.197,-2.362,2014,2,No
14N019G02,32.949,-3.604,2014,1,No
14N019G03,33.869,-2.599,2014,2,No
14N019G04,33.624,-2.572,2014,2,Yes
14N019I,32.901,-2.533,2014,2,No
14N019K,33.201,-2.446,2014,2,Yes
14N019M,32.837,-4.703,2014,2,No
14N01M01,33.006,-4.090,2014,3,No
14N01M03,33.240,-3.898,2014,2,Yes
14N01M04,33.382,-3.155,2014,2,No
14N01M05,32.741,-4.020,2014,2,No
14N01M06,32.819,-3.990,2014,2,Yes
14N01M09,33.144,-3.992,2014,2,Yes
14N01M10,33.103,-2.203,2014,2,Yes
14N01M11,33.929,-2.279,2014,3,Yes
14N01M14,33.298,-2.704,2014,2,No
14N01M17,33.975,-2.294,2014,3,Yes
14N01M20,33.234,-3.006,2014,2,No
14N01M21,29.356,-8.304,2014,2,No
14N01M22,32.456,-2.819,2014,1,No
14N01M23,33.714,-2.774,2014,2,Yes
14N01M25,33.048,-4.839,2014,3,No
14N01M28,32.885,-2.628,2014,2,Yes
14N01M30,33.200,-3.971,2014,2,Yes
14N01M32,33.142,-1.997,2014,3,Yes
14N020A,33.306,-3.119,2014,2,No
14N020C,33.911,-2.400,2014,2,No
14N020G02,33.129,-4.684,2014,2,No
14N020G03,33.900,-2.553,2014,2,Yes
14N020G04,33.375,-2.565,2014,2,No
14N020I,32.859,-2.173,2014,2,Yes
14N020M,32.872,-4.741,2014,2,No
14N021A,33.878,-2.578,2014,1,No
14N021C,33.904,-2.410,2014,2,No
14N021G02,32.931,-4.780,2014,1,No
14N021G03,33.885,-2.578,2014,2,Yes
14N021G04,33.348,-2.164,2014,2,No
14N021I,32.883,-2.282,2014,3,Yes
14N021M,33.068,-4.526,2014,3,No
14N022A,33.891,-2.495,2014,2,No
14N022C,33.860,-2.286,2014,3,No
14N022G02,33.130,-4.704,2014,2,Yes
14N022G04,33.989,-2.296,2014,2,No
14N022I,32.872,-2.254,2014,3,No
14N022M,33.057,-4.507,2014,3,No
14N023A,33.875,-2.318,2014,3,No
14N023C,33.899,-2.232,2014,2,No
14N023G03,33.726,-2.729,2014,1,No
14N023G04,33.844,-2.324,2014,2,Yes
14N023I,32.808,-2.476,2014,2,No
14N023M,33.139,-4.692,2014,3,No
14N024A,33.498,-3.122,2014,2,No
14N024C,33.946,-2.399,2014,2,No
14N024G03,33.824,-2.449,2014,2,No
14N024G04,33.758,-2.693,2014,2,No
14N024I,33.026,-2.627,2014,2,No
14N024M,33.065,-4.693,2014,3,Yes
14N025A,33.707,-2.779,2014,3,Yes
14N025C,33.948,-2.399,2014,2,No
14N025G03,33.458,-3.089,2014,2,No
14N025G04,33.971,-2.353,2014,2,Yes
14N025I,32.902,-2.518,2014,2,No
14N025M,33.112,-4.722,2014,2,No
14N026A,33.619,-2.769,2014,2,No
14N026C,33.910,-2.315,2014,2,No
14N026D,32.908,-4.716,2014,2,Yes
14N026G03,33.452,-3.095,2014,1,No
14N026G04,33.899,-2.384,2014,2,Yes
14N026I,32.652,-2.496,2014,2,No
14N026M,33.021,-3.649,2014,1,Yes
14N027A,33.622,-2.762,2014,2,No
14N027C,33.940,-2.304,2014,3,No
14N027D,32.874,-4.806,2014,3,Yes
14N027G03,33.890,-2.558,2014,2,No
14N027I,32.687,-2.449,2014,2,No
14N027M,33.010,-3.653,2014,2,Yes
14N028A,33.506,-3.160,2014,2,No
14N028C,33.945,-2.384,2014,3,No
14N028G03,33.894,-2.328,2014,3,No
14N028I,32.689,-2.450,2014,2,No
14N028M,33.205,-3.689,2014,1,Yes
14N029A,33.903,-2.603,2014,3,No
14N029C,33.962,-2.385,2014,2,No
14N029I,32.688,-2.453,2014,2,No
14N029M,32.855,-3.919,2014,2,No
14N02M01,33.005,-4.087,2014,2,No
14N02M03,33.248,-4.021,2014,2,Yes
14N02M04,33.253,-3.186,2014,2,No
14N02M05,32.832,-4.722,2014,2,No
14N02M06,33.185,-4.057,2014,2,No
14N02M10,32.697,-2.252,2014,3,Yes
14N02M11,33.322,-2.912,2014,2,No
14N02M14,33.313,-2.751,2014,2,No
14N02M17,33.896,-2.571,2014,3,Yes
14N02M20,33.258,-2.923,2014,2,No
14N02M22,32.731,-2.235,2014,3,No
14N02M23,33.004,-4.092,2014,2,Yes
14N02M25,32.902,-4.847,2014,2,No
14N02M30,33.147,-3.087,2014,2,No
14N02M32,33.028,-2.613,2014,2,No
14N030A,33.453,-3.102,2014,2,No
14N030C,33.906,-2.415,2014,3,No
14N030I,32.783,-2.260,2014,3,No
14N031A,33.375,-3.073,2014,2,No
14N031C,33.893,-2.402,2014,3,Yes
14N031I,32.705,-2.792,2014,2,No
14N032A,33.351,-2.998,2014,2,No
14N032C,33.896,-2.399,2014,2,No
14N032I,32.783,-2.597,2014,2,Yes
14N033A,33.635,-2.914,2014,2,No
14N033C,33.925,-2.479,2014,3,No
14N033I,32.796,-2.569,2014,1,Yes
14N034A,33.671,-2.833,2014,2,Yes
14N034C,33.908,-2.438,2014,3,No
14N034I,33.081,-2.614,2014,2,No
14N035A,33.721,-2.856,2014,2,No
14N035C,33.936,-2.375,2014,2,Yes
14N035I,33.096,-2.612,2014,1,No
14N036A,33.717,-2.730,2014,2,Yes
14N036C,33.898,-2.181,2014,3,No
14N036I,33.126,-2.560,2014,2,No
14N037A,33.730,-2.824,2014,2,No
14N037C,33.966,-2.469,2014,3,No
14N037I,33.153,-2.562,2014,2,Yes
14N038A,33.724,-2.827,2014,2,Yes
14N038C,33.881,-2.323,2014,3,No
14N038I,32.901,-2.511,2014,1,No
14N039A,33.515,-2.914,2014,2,No
14N039C,33.850,-2.290,2014,1,No
14N039I,33.078,-2.184,2014,3,No
14N03M01,33.103,-4.457,2014,3,Yes
14N03M05,33.078,-4.559,2014,3,No
14N03M06,33.094,-3.788,2014,2,Yes
14N03M10,33.979,-2.329,2014,3,Yes
14N03M11,33.106,-4.465,2014,3,No
14N03M14,33.305,-2.764,2014,2,Yes
14N03M15,33.106,-2.298,2014,2,No
14N03M17,33.657,-2.862,2014,2,No
14N03M20,33.279,-2.762,2014,2,No
14N03M22,32.764,-2.357,2014,1,Yes
14N03M25,33.131,-4.014,2014,2,Yes
14N03M28,33.154,-3.047,2014,2,No
14N03M30,33.122,-2.975,2014,2,No
14N040A,33.766,-2.920,2014,2,No
14N040C,33.858,-2.298,2014,2,No
14N041A,33.766,-2.792,2014,2,No
14N041C,33.620,-2.464,2014,2,No
14N042A,33.908,-2.537,2014,3,No
14N042C,33.948,-2.308,2014,3,No
14N043A,33.876,-2.557,2014,3,No
14N043C,33.638,-2.624,2014,3,No
14N044A,33.869,-2.599,2014,2,No
14N044C,33.922,-2.211,2014,2,No
14N045A,33.490,-3.109,2014,2,No
14N045C,33.887,-2.266,2014,3,No
14N046A,33.720,-3.081,2014,2,Yes
14N046C,33.838,-2.395,2014,2,Yes
14N047A,33.900,-2.600,2014,3,No
14N047C,33.907,-2.237,2014,3,No
14N048A,33.884,-2.574,2014,3,No
14N048C,33.872,-2.265,2014,2,No
14N049A,33.338,-3.128,2014,2,No
14N049C,33.687,-2.433,2014,2,No
14N04M05,32.878,-4.725,2014,2,No
14N04M06,33.300,-2.742,2014,2,No
14N04M10,33.979,-2.328,2014,3,Yes
14N04M11,33.142,-3.724,2014,2,No
14N04M14,33.080,-2.947,2014,2,No
14N04M15,33.081,-3.028,2014,3,No
14N04M17,33.886,-2.572,2014,2,Yes
14N04M20,33.265,-2.938,2014,2,No
14N04M22,32.756,-2.354,2014,3,Yes
14N04M25,32.799,-3.924,2014,2,No
14N04M28,33.241,-2.582,2014,2,Yes
14N050A,33.310,-3.182,2014,2,No
14N050C,33.280,-2.064,2014,2,No
14N051A,33.727,-2.834,2014,2,No
14N051C,33.947,-2.372,2014,2,Yes
14N052A,33.827,-2.497,2014,1,No
14N052C,33.918,-2.414,2014,2,No
14N053A,33.821,-2.652,2014,3,Yes
14N054A,33.883,-2.464,2014,2,No
14N05M05,32.873,-4.808,2014,3,No
14N05M06,33.193,-3.072,2014,2,No
14N05M10,33.178,-2.912,2014,2,Yes
14N05M11,33.140,-3.709,2014,2,No
14N05M14,33.050,-2.955,2014,2,Yes
14N05M15,33.169,-3.088,2014,2,No
14N05M17,33.067,-2.931,2014,2,Yes
14N05M20,32.991,-3.888,2014,2,Yes
14N05M22,32.706,-2.460,2014,2,No
14N05M25,33.325,-2.687,2014,2,No
14N06M05,32.887,-4.689,2014,3,No
14N06M06,33.170,-3.082,2014,3,No
14N06M10,32.722,-2.114,2014,3,Yes
14N06M11,33.128,-3.704,2014,1,Yes
14N06M14,33.120,-4.497,2014,1,No
14N06M15,33.030,-2.773,2014,2,Yes
14N06M17,33.265,-2.622,2014,3,No
14N06M20,32.845,-3.756,2014,3,No
14N06M22,32.851,-2.249,2014,2,No
14N06M25,33.913,-2.296,2014,3,No
14N07M05,32.868,-4.712,2014,2,Yes
14N07M06,33.265,-2.577,2014,2,No
14N07M10,32.773,-2.333,2014,2,Yes
14N07M11,33.120,-3.719,2014,2,Yes
14N07M14,33.109,-4.522,2014,2,Yes
14N07M15,33.035,-2.841,2014,2,No
14N07M20,33.121,-4.473,2014,3,Yes
14N07M22,32.913,-2.477,2014,3,No
14N07M25,32.886,-4.082,2014,2,Yes
14N08M05,32.907,-4.712,2014,2,Yes
14N08M06,33.420,-2.649,2014,3,No
14N08M10,32.848,-2.554,2014,3,Yes
14N08M11,33.116,-3.720,2014,3,Yes
14N08M15,33.773,-2.911,2014,2,Yes
14N08M20,32.905,-4.887,2014,2,No
14N08M22,32.883,-2.169,2014,3,Yes
14N08M25,32.816,-4.149,2014,2,No
14N09M06,33.155,-1.992,2014,2,Yes
14N09M10,33.042,-2.085,2014,3,No
14N09M11,33.118,-3.723,2014,1,Yes
14N09M15,33.785,-2.913,2014,2,Yes
14N09M20,33.220,-2.046,2014,2,No
14N09M22,32.704,-2.277,2014,2,No
14N10M06,33.220,-2.434,2014,2,No
14N10M10,32.755,-2.309,2014,3,No
14N10M11,33.118,-3.725,2014,2,Yes
14N10M15,33.925,-2.277,2014,2,Yes
14N10M22,32.836,-2.195,2014,3,No
14N10M25,33.083,-3.009,2014,3,No
14N11M06,32.859,-3.968,2014,2,No
14N11M10,32.710,-2.429,2014,3,Yes
14N11M11,33.067,-4.570,2014,3,No
14N11M15,33.870,-2.492,2014,2,Yes
14N11M22,32.905,-2.513,2014,3,No
14N11M25,33.622,-2.545,2014,3,No
14N12M06,33.408,-3.109,2014,2,No
14N12M10,32.661,-2.423,2014,2,Yes
14N12M11,33.050,-4.597,2014,3,Yes
14N12M15,33.145,-2.629,2014,2,No
14N12M22,32.846,-2.497,2014,2,No
14N12M25,33.122,-4.719,2014,2,No
14N13M06,33.426,-3.148,2014,2,No
14N13M10,32.793,-2.571,2014,2,No
14N13M11,32.895,-4.841,2014,3,No
14N13M22,32.772,-2.267,2014,2,No
14N13M25,33.020,-4.604,2014,1,No
14N13M32,34.161,-3.071,2014,3,No
14N14M10,32.876,-2.647,2014,2,No
14N14M11,32.861,-4.707,2014,2,Yes
14N14M22,32.727,-2.273,2014,2,No
14N14M32,33.089,-2.664,2014,2,No
14N15M10,33.016,-2.106,2014,3,No
14N15M11,32.870,-4.701,2014,3,No
14N15M22,32.745,-2.337,2014,2,No
14N15M32,33.152,-2.590,2014,,No
14N16M10,32.986,-2.094,2014,3,No
14N16M11,32.887,-4.676,2014,2,Yes
14N16M22,32.756,-2.366,2014,2,No
14N16M32,33.232,-2.557,2014,2,Yes
14N17M10,32.678,-2.414,2014,2,No
14N17M11,32.845,-4.683,2014,2,No
14N17M22,32.938,-2.483,2014,2,No
14N17M32,33.149,-2.628,2014,2,Yes
14N18M10,33.003,-2.098,2014,2,No
14N18M11,32.849,-4.707,2014,3,Yes
14N18M22,32.793,-2.332,2014,3,No
14N18M32,33.147,-2.942,2014,3,No
14N19M10,32.951,-2.481,2014,2,No
14N19M11,33.124,-4.489,2014,3,No
14N19M32,33.200,-2.988,2014,2,No
14N20M10,32.777,-2.297,2014,2,No
14N20M11,33.125,-4.489,2014,2,No
14N20M32,33.192,-3.054,2014,3,No
14N21M10,33.129,-2.215,2014,3,No
14N21M11,33.216,-4.604,2014,3,No
14N21M32,33.263,-2.880,2014,3,No
14N22M10,32.640,-2.027,2014,3,Yes
14N22M11,33.093,-4.712,2014,2,Yes
14N22M32,33.550,-1.981,2014,3,Yes
14N23M10,32.197,-2.361,2014,2,No
14N23M11,33.097,-4.714,2014,1,No
14N23M32,33.196,-2.433,2014,2,No
14N24M10,32.200,-2.326,2014,2,No
14N24M11,33.914,-2.427,2014,2,No
14N24M32,33.183,-2.402,2014,3,No
14N25M11,33.799,-2.701,2014,3,No
14N25M32,33.218,-2.461,2014,2,No
14N26M11,33.480,-3.094,2014,2,No
14N26M32,33.083,-2.814,2014,3,No
14N27M32,33.060,-2.841,2014,2,No
14N28M32,33.060,-2.822,2014,3,No
14N29M15,33.134,-2.928,2014,2,No
14N30M15,33.014,-2.628,2014,3,No
14N31M15,33.013,-2.621,2014,3,No
14N32M15,33.007,-2.629,2014,3,No
14N33M15,33.028,-2.599,2014,3,No
14N34M15,33.164,-2.893,2014,3,No
14N35M15,33.212,-2.336,2014,3,No
14N36M15,33.173,-2.156,2014,1,No
14N37M15,33.153,-2.723,2014,3,No
14N38M32,34.151,-3.097,2014,2,No
14N39M32,33.449,-1.994,2014,3,No
14N40M32,33.074,-2.647,2014,2,No
14N41M32,32.936,-2.870,2014,3,No
14N42M15,33.169,-1.998,2014,3,No
14N43M15,33.200,-2.664,2014,2,No
14N44M32,33.125,-2.054,2014,3,Yes
14N45M32,33.056,-2.854,2014,2,No
14N46M15,33.202,-2.439,2014,3,No
14N993M,33.134,-3.732,2014,2,Yes
14N994M,33.275,-3.264,2014,2,No
14N995M,32.879,-3.833,2014,2,No
14N996M,33.274,-3.266,2014,1,No
14N997D,33.121,-3.719,2014,2,No
14N997M,32.833,-3.759,2014,2,No
14N998D,32.847,-3.914,2014,2,No
14N998M,33.064,-3.826,2014,2,No
14N999D,32.773,-3.888,2014,2,No
14N999M,33.069,-3.841,2014,2,Yes
14N99M05,32.743,-4.017,2014,2,No
15N001A,29.675,-7.377,2015,3,No
15N001G01,32.869,-3.665,2015,3,No
15N001G02,33.226,-3.358,2015,2,No
15N001G03,33.724,-3.093,2015,3,No
15N001G04,33.354,-2.573,2015,3,No
15N001G05,32.658,-2.028,2015,3,Yes
15N001G06,32.209,-2.324,2015,3,Yes
15N001G07,32.657,-2.550,2015,3,Yes
15N001G08,32.551,-2.534,2015,3,Yes
15N001G09,32.220,-2.905,2015,3,No
15N002G01,33.131,-4.701,2015,2,Yes
15N002G02,33.267,-3.261,2015,2,No
15N002G03,33.313,-3.105,2015,3,No
15N002G04,33.955,-2.413,2015,3,No
15N002G05,32.664,-2.408,2015,3,Yes
15N002G06,32.166,-2.680,2015,3,No
15N002G07,32.695,-2.448,2015,3,No
15N002G08,32.774,-2.750,2015,3,Yes
15N002G09,32.545,-2.527,2015,3,No
15N003G01,33.189,-3.239,2015,3,No
15N003G02,33.297,-3.313,2015,3,No
15N003G03,33.291,-3.139,2015,3,Yes
15N003G04,33.802,-2.321,2015,2,No
15N003G05,32.677,-2.401,2015,3,No
15N003G06,32.193,-2.922,2015,2,No
15N003G07,32.654,-2.190,2015,2,No
15N003G08,32.860,-2.893,2015,3,No
15N003G09,32.502,-2.572,2015,2,Yes
15N004G01,33.189,-3.242,2015,3,No
15N004G02,33.136,-3.287,2015,2,No
15N004G03,33.434,-3.106,2015,3,No
15N004G04,33.818,-2.320,2015,3,No
15N004G05,33.055,-2.704,2015,3,No
15N004G06,33.023,-2.985,2015,3,No
15N004G07,32.641,-2.125,2015,3,Yes
15N004G08,32.479,-2.633,2015,3,Yes
15N004G09,32.687,-2.888,2015,3,Yes
15N005G01,33.202,-3.216,2015,2,No
15N005G02,33.190,-3.215,2015,3,Yes
15N005G03,33.340,-3.045,2015,2,Yes
15N005G04,33.809,-2.314,2015,3,No
15N005G05,32.207,-2.913,2015,3,No
15N005G06,32.658,-2.682,2015,3,Yes
15N005G07,32.423,-2.589,2015,3,No
15N005G08,32.171,-2.828,2015,3,No
15N005G09,32.522,-2.407,2015,3,No
15N006G01,33.225,-3.215,2015,3,No
15N006G02,33.223,-3.236,2015,3,No
15N006G03,33.264,-2.656,2015,3,Yes
15N006G04,33.918,-2.428,2015,2,No
15N006G05,32.147,-2.711,2015,1,No
15N006G06,32.682,-2.142,2015,3,No
15N006G07,32.655,-2.701,2015,3,No
15N006G08,32.450,-2.901,2015,3,No
15N006G09,32.171,-2.640,2015,2,No
15N007G01,33.277,-3.267,2015,3,No
15N007G02,33.579,-3.281,2015,3,Yes
15N007G03,33.742,-2.878,2015,3,No
15N007G04,33.845,-2.272,2015,3,No
15N007G05,32.660,-2.431,2015,3,No
15N007G06,32.695,-2.414,2015,3,No
15N007G07,32.840,-2.806,2015,3,No
15N007G08,32.562,-2.964,2015,2,No
15N007G09,32.162,-2.639,2015,3,No
15N008G01,33.533,-3.068,2015,2,Yes
15N008G02,33.575,-3.385,2015,2,No
15N008G03,33.323,-3.058,2015,2,Yes
15N008G04,33.845,-2.291,2015,2,No
15N008G05,32.621,-2.408,2015,3,No
15N008G06,32.678,-2.322,2015,3,Yes
15N008G07,32.908,-2.949,2015,3,No
15N008G08,32.214,-2.938,2015,3,No
15N008G09,32.179,-2.653,2015,3,No
15N009G01,33.136,-4.675,2015,2,No
15N009G02,33.570,-3.177,2015,3,No
15N009G03,33.528,-3.186,2015,2,No
15N009G04,33.928,-2.216,2015,3,No
15N009G05,32.519,-2.536,2015,3,No
15N009G06,32.212,-2.314,2015,3,No
15N009G07,33.025,-3.050,2015,3,No
15N009G08,32.342,-2.215,2015,3,Yes
15N009G09,32.152,-2.726,2015,3,No
15N010G01,32.902,-3.627,2015,3,Yes
15N010G02,33.171,-3.251,2015,2,No
15N010G03,33.297,-3.053,2015,3,Yes
15N010G04,33.804,-2.251,2015,3,No
15N010G05,32.788,-2.142,2015,3,No
15N010G06,32.170,-2.679,2015,2,No
15N010G07,33.023,-3.061,2015,3,No
15N010G08,33.127,-3.018,2015,3,No
15N010G09,32.143,-2.674,2015,2,No
15N011G01,32.836,-3.790,2015,3,No
15N011G02,33.191,-3.270,2015,3,No
15N011G03,33.305,-2.998,2015,2,No
15N011G04,33.892,-2.327,2015,3,No
15N011G05,32.688,-2.097,2015,3,No
15N011G06,32.171,-2.677,2015,2,No
15N011G07,32.945,-2.883,2015,3,No
15N011G08,33.159,-3.064,2015,3,No
15N011G09,32.147,-2.604,2015,2,No
15N012G01,32.848,-3.776,2015,3,No
15N012G02,33.160,-3.386,2015,3,No
15N012G03,33.724,-2.833,2015,3,No
15N012G04,33.758,-2.247,2015,3,No
15N012G05,32.306,-2.339,2015,3,No
15N012G06,32.682,-2.751,2015,3,No
15N012G07,32.914,-2.844,2015,3,Yes
15N012G08,33.019,-3.172,2015,3,No
15N012G09,32.171,-2.685,2015,3,No
15N013G01,32.857,-4.701,2015,3,No
15N013G02,33.117,-2.972,2015,3,No
15N013G03,33.625,-2.905,2015,2,No
15N013G04,33.371,-2.586,2015,3,No
15N013G05,32.644,-2.186,2015,4,Yes
15N013G06,32.266,-2.203,2015,3,No
15N013G07,32.248,-2.904,2015,1,No
15N013G08,32.513,-2.922,2015,3,Yes
15N013G09,32.178,-2.692,2015,3,No
15N014G01,32.845,-4.685,2015,2,Yes
15N014G02,33.124,-3.062,2015,2,No
15N014G03,33.323,-3.131,2015,3,No
15N014G04,33.341,-2.681,2015,3,Yes
15N014G05,32.697,-2.795,2015,3,No
15N014G06,32.203,-2.341,2015,2,No
15N014G07,32.234,-2.915,2015,3,No
15N014G08,33.079,-2.018,2015,3,No
15N014G09,32.181,-2.639,2015,3,No
15N015G01,33.003,-3.641,2015,3,No
15N015G02,33.213,-3.107,2015,3,No
15N015G03,33.274,-3.147,2015,2,No
15N015G04,33.848,-2.422,2015,2,No
15N015G05,32.655,-2.690,2015,1,No
15N015G06,32.200,-2.556,2015,3,No
15N015G07,32.424,-2.484,2015,1,No
15N015G08,32.800,-2.070,2015,3,No
15N015G09,32.778,-2.728,2015,2,No
15N016G01,33.045,-3.902,2015,2,Yes
15N016G02,33.586,-3.169,2015,3,No
15N016G03,33.228,-2.650,2015,3,No
15N016G04,33.928,-2.197,2015,2,No
15N016G05,32.812,-2.202,2015,3,No
15N016G06,32.159,-2.759,2015,3,No
15N016G07,32.301,-2.336,2015,2,No
15N016G08,32.172,-2.870,2015,1,No
15N016G09,33.126,-2.947,2015,3,Yes
15N017G01,33.094,-4.482,2015,3,Yes
15N017G02,33.392,-3.163,2015,3,Yes
15N017G03,33.360,-2.932,2015,2,No
15N017G04,33.839,-2.275,2015,3,Yes
15N017G05,32.739,-2.751,2015,3,No
15N017G06,32.201,-2.390,2015,7,Yes
15N017G07,32.229,-2.321,2015,2,No
15N017G08,32.663,-2.179,2015,3,Yes
15N017G09,33.161,-3.008,2015,3,No
15N018G01,32.985,-3.910,2015,2,No
15N018G02,33.366,-3.005,2015,3,Yes
15N018G03,33.658,-2.755,2015,3,No
15N018G04,33.806,-2.347,2015,2,No
15N018G05,32.241,-2.375,2015,3,No
15N018G06,32.811,-2.149,2015,3,Yes
15N018G07,32.254,-2.754,2015,3,No
15N018G08,32.655,-2.174,2015,3,No
15N018G09,32.424,-2.109,2015,3,Yes
15N019G01,32.972,-3.904,2015,2,No
15N019G02,33.342,-2.985,2015,2,No
15N019G03,33.920,-2.566,2015,3,No
15N019G04,33.710,-2.535,2015,3,No
15N019G05,32.141,-2.723,2015,3,No
15N019G06,32.643,-2.198,2015,3,No
15N019G07,32.561,-2.329,2015,3,No
15N019G08,32.775,-2.734,2015,3,No
15N019G09,32.187,-2.694,2015,3,No
15N01B,29.871,-6.749,2015,3,No
15N01C,29.575,-8.307,2015,2,No
15N01E,29.746,-7.346,2015,4,No
15N01F,29.680,-7.376,2015,3,No
15N01M01,33.012,-4.094,2015,3,Yes
15N01M03,33.386,-2.970,2015,2,No
15N01M04,28.909,-8.959,2015,3,No
15N01M05,32.785,-4.004,2015,3,Yes
15N01M06,33.413,-2.977,2015,3,No
15N01M10,32.203,-2.327,2015,4,Yes
15N01M11,33.273,-2.930,2015,3,No
15N01M12,28.896,-8.945,2015,3,No
15N01M13,29.643,-7.374,2015,3,No
15N01M14,33.279,-2.664,2015,3,No
15N01M17,33.148,-3.722,2015,3,Yes
15N01M18,33.022,-3.670,2015,2,No
15N01M20,33.086,-3.020,2015,2,No
15N01M22,32.205,-2.352,2015,3,Yes
15N01M23,33.132,-3.711,2015,2,Yes
15N01M25,32.899,-3.630,2015,1,No
15N01M26,33.284,-3.986,2015,3,No
15N01M28,32.697,-2.404,2015,3,Yes
15N01M30,33.338,-2.991,2015,3,No
15N01M32,33.161,-2.666,2015,3,Yes
15N020G01,33.075,-3.831,2015,2,Yes
15N020G02,33.421,-2.940,2015,3,Yes
15N020G03,33.953,-2.410,2015,4,No
15N020G04,33.791,-2.307,2015,3,No
15N020G05,32.693,-2.395,2015,2,No
15N020G06,32.643,-2.193,2015,3,No
15N020G07,32.448,-2.805,2015,1,No
15N020G08,32.718,-2.789,2015,3,No
15N020G09,32.175,-2.654,2015,3,No
15N021G01,32.837,-3.635,2015,3,No
15N021G02,33.275,-3.249,2015,3,No
15N021G03,33.921,-2.565,2015,2,No
15N021G04,33.508,-1.986,2015,2,No
15N021G05,32.699,-2.387,2015,2,No
15N021G06,32.172,-2.712,2015,3,Yes
15N021G07,32.734,-2.394,2015,3,No
15N021G08,32.520,-2.918,2015,3,No
15N021G09,32.222,-2.921,2015,3,No
15N022G01,33.003,-3.665,2015,3,Yes
15N022G02,33.066,-4.531,2015,4,No
15N022G03,33.904,-2.409,2015,3,No
15N022G04,33.793,-2.300,2015,2,No
15N022G05,32.687,-2.757,2015,3,No
15N022G06,32.285,-2.212,2015,2,No
15N022G07,32.888,-3.120,2015,3,No
15N022G08,32.733,-2.747,2015,2,No
15N022G09,32.716,-2.245,2015,3,No
15N023G01,33.243,-3.718,2015,3,No
15N023G02,32.868,-4.819,2015,3,No
15N023G03,33.928,-2.207,2015,2,No
15N023G04,33.849,-2.291,2015,2,No
15N023G05,32.731,-2.695,2015,3,No
15N023G06,32.519,-2.094,2015,2,No
15N023G07,33.048,-3.118,2015,3,No
15N023G08,32.772,-2.414,2015,3,No
15N023G09,32.754,-2.421,2015,3,No
15N024G01,33.043,-4.236,2015,3,No
15N024G02,32.859,-4.662,2015,2,No
15N024G03,33.428,-3.142,2015,3,No
15N024G04,33.736,-2.399,2015,2,No
15N024G05,32.680,-2.699,2015,3,No
15N024G06,32.202,-2.366,2015,3,No
15N024G07,33.133,-3.000,2015,3,No
15N024G08,32.530,-2.990,2015,2,No
15N024G09,32.880,-2.646,2015,4,No
15N025G01,33.032,-3.943,2015,3,No
15N025G02,32.898,-4.686,2015,3,No
15N025G03,33.293,-3.155,2015,2,No
15N025G04,33.356,-2.623,2015,3,No
15N025G05,32.777,-2.626,2015,3,No
15N025G06,32.205,-2.385,2015,3,No
15N025G07,32.677,-2.528,2015,3,No
15N025G08,32.189,-2.927,2015,3,No
15N025G09,33.053,-2.645,2015,3,No
15N026G01,33.100,-4.484,2015,3,Yes
15N026G02,33.358,-3.615,2015,2,No
15N026G03,33.466,-3.005,2015,2,No
15N026G04,33.376,-2.568,2015,3,No
15N026G05,32.951,-2.887,2015,4,No
15N026G06,32.758,-2.589,2015,1,Yes
15N026G07,32.680,-2.087,2015,4,No
15N026G08,32.224,-2.909,2015,3,No
15N026G09,32.355,-2.126,2015,3,Yes
15N027G01,32.855,-3.820,2015,2,No
15N027G02,33.368,-3.350,2015,3,No
15N027G03,33.924,-2.549,2015,2,No
15N027G04,33.833,-2.289,2015,3,No
15N027G05,32.999,-3.013,2015,3,No
15N027G06,33.106,-2.618,2015,3,No
15N027G07,32.533,-2.412,2015,3,No
15N027G08,33.041,-3.229,2015,2,No
15N027G09,32.245,-2.025,2015,3,No
15N028G01,32.890,-4.682,2015,2,No
15N028G02,33.308,-3.060,2015,2,No
15N028G03,33.218,-3.097,2015,3,No
15N028G04,33.893,-2.305,2015,3,No
15N028G05,33.167,-2.636,2015,3,No
15N028G06,33.066,-2.677,2015,3,No
15N028G07,32.447,-2.442,2015,3,No
15N028G08,33.222,-2.947,2015,3,No
15N028G09,32.287,-2.215,2015,3,No
15N029G01,33.020,-3.912,2015,3,Yes
15N029G02,33.280,-3.074,2015,2,No
15N029G03,33.869,-2.239,2015,2,No
15N029G04,33.895,-2.336,2015,3,No
15N029G05,33.081,-2.663,2015,4,No
15N029G06,33.149,-2.738,2015,3,No
15N029G07,32.440,-2.424,2015,2,No
15N029G08,32.856,-2.924,2015,3,No
15N029G09,32.671,-2.441,2015,2,No
15N02A,29.231,-8.476,2015,3,No
15N02B,29.854,-6.875,2015,3,No
15N02C,30.158,-6.691,2015,2,No
15N02E,29.748,-7.363,2015,3,No
15N02F,29.767,-7.327,2015,3,No
15N02H,29.992,-7.436,2015,3,No
15N02M01,33.013,-4.096,2015,3,No
15N02M03,33.133,-3.089,2015,3,No
15N02M05,33.198,-4.070,2015,3,No
15N02M06,33.145,-3.283,2015,3,No
15N02M10,32.191,-2.929,2015,3,Yes
15N02M11,33.107,-3.740,2015,3,Yes
15N02M12,28.907,-8.947,2015,1,No
15N02M13,29.773,-6.450,2015,3,No
15N02M14,33.290,-3.927,2015,3,No
15N02M15,33.145,-2.748,2015,3,No
15N02M17,32.977,-3.920,2015,2,Yes
15N02M20,33.161,-3.069,2015,3,No
15N02M21,29.760,-7.326,2015,3,No
15N02M22,32.201,-2.339,2015,3,No
15N02M25,32.904,-3.979,2015,3,No
15N02M28,32.708,-2.431,2015,3,No
15N02M30,33.310,-2.637,2015,3,No
15N030G01,32.951,-3.605,2015,2,Yes
15N030G02,33.196,-3.099,2015,4,No
15N030G03,33.371,-2.888,2015,3,Yes
15N030G04,33.709,-2.349,2015,3,No
15N030G05,32.965,-2.471,2015,3,No
15N030G06,32.305,-2.237,2015,3,Yes
15N030G07,32.322,-2.347,2015,2,Yes
15N030G08,32.864,-2.951,2015,3,Yes
15N030G09,32.642,-2.398,2015,3,Yes
15N031G01,33.248,-3.668,2015,2,Yes
15N031G02,33.195,-3.231,2015,3,No
15N031G03,33.248,-2.921,2015,3,No
15N031G04,33.866,-2.260,2015,3,No
15N031G05,32.921,-2.487,2015,3,Yes
15N031G06,32.213,-2.872,2015,2,No
15N031G07,32.326,-2.343,2015,2,Yes
15N031G08,32.899,-2.954,2015,3,No
15N031G09,32.676,-2.459,2015,3,No
15N032G01,33.119,-4.495,2015,3,No
15N032G02,33.175,-3.112,2015,1,No
15N032G03,33.230,-3.021,2015,3,No
15N032G04,33.205,-2.395,2015,3,Yes
15N032G05,32.681,-2.440,2015,3,No
15N032G06,32.208,-2.922,2015,2,No
15N032G07,32.181,-2.717,2015,3,No
15N032G08,32.535,-2.403,2015,3,No
15N032G09,32.336,-2.215,2015,2,No
15N033G01,33.034,-3.735,2015,3,No
15N033G02,33.035,-2.938,2015,3,No
15N033G03,33.261,-2.764,2015,3,No
15N033G04,33.530,-2.004,2015,2,No
15N033G05,32.835,-2.491,2015,2,No
15N033G06,32.881,-2.955,2015,3,No
15N033G07,32.447,-2.433,2015,2,No
15N033G08,32.458,-2.744,2015,3,Yes
15N033G09,32.156,-2.925,2015,3,Yes
15N034G01,33.096,-3.733,2015,2,Yes
15N034G02,33.012,-2.970,2015,2,No
15N034G03,33.287,-2.761,2015,2,No
15N034G04,33.808,-2.350,2015,3,No
15N034G05,32.764,-2.708,2015,3,No
15N034G06,32.881,-2.942,2015,3,No
15N034G07,32.427,-2.449,2015,1,No
15N034G08,32.526,-2.404,2015,3,No
15N034G09,32.345,-2.208,2015,3,No
15N035G01,32.958,-3.612,2015,3,No
15N035G02,33.140,-2.886,2015,3,No
15N035G03,33.265,-2.872,2015,3,Yes
15N035G04,33.796,-2.296,2015,2,No
15N035G05,32.742,-2.737,2015,3,No
15N035G06,32.938,-2.861,2015,4,No
15N035G07,32.452,-2.507,2015,2,No
15N035G08,32.553,-2.358,2015,3,No
15N035G09,32.746,-2.337,2015,3,No
15N036G01,32.985,-3.627,2015,3,No
15N036G02,33.157,-2.952,2015,3,No
15N036G03,33.569,-3.027,2015,3,Yes
15N036G04,33.860,-2.325,2015,3,No
15N036G05,32.773,-2.608,2015,2,Yes
15N036G06,32.735,-2.747,2015,3,No
15N036G07,32.543,-2.685,2015,2,No
15N036G08,32.263,-2.810,2015,3,No
15N036G09,32.707,-2.423,2015,2,No
15N037G01,33.024,-3.671,2015,3,No
15N037G02,33.127,-3.018,2015,2,No
15N037G03,33.649,-2.848,2015,3,Yes
15N037G04,33.273,-2.432,2015,3,Yes
15N037G05,33.130,-2.658,2015,4,No
15N037G06,32.424,-2.335,2015,3,No
15N037G07,32.457,-2.601,2015,2,No
15N037G08,32.463,-2.802,2015,3,Yes
15N037G09,32.444,-2.422,2015,2,No
15N038G01,33.050,-3.885,2015,2,No
15N038G02,33.234,-3.260,2015,3,No
15N038G03,33.636,-2.717,2015,3,No
15N038G04,33.246,-2.364,2015,3,Yes
15N038G05,33.177,-2.476,2015,3,No
15N038G06,33.159,-3.148,2015,2,No
15N038G07,32.542,-2.405,2015,3,No
15N038G08,32.717,-2.098,2015,3,No
15N038G09,32.443,-2.431,2015,2,No
15N039G01,32.976,-3.914,2015,3,No
15N039G02,33.410,-3.176,2015,2,No
15N039G03,33.875,-2.382,2015,3,No
15N039G04,33.477,-2.123,2015,2,No
15N039G05,32.764,-2.598,2015,3,Yes
15N039G06,33.075,-2.945,2015,2,No
15N039G07,32.541,-2.537,2015,1,No
15N039G08,32.658,-2.967,2015,3,No
15N039G09,32.710,-2.391,2015,3,No
15N03B,29.913,-6.474,2015,3,No
15N03E,29.699,-7.335,2015,3,No
15N03H,29.743,-7.354,2015,3,No
15N03M03,33.134,-2.508,2015,3,No
15N03M04,29.994,-7.423,2015,3,No
15N03M05,33.124,-4.012,2015,3,No
15N03M06,33.355,-2.662,2015,3,No
15N03M10,32.182,-2.930,2015,2,Yes
15N03M11,33.088,-3.737,2015,3,Yes
15N03M12,29.117,-8.342,2015,1,No
15N03M13,30.019,-6.836,2015,2,No
15N03M14,33.158,-4.072,2015,3,No
15N03M17,32.914,-3.898,2015,3,No
15N03M20,33.170,-3.082,2015,3,No
15N03M21,29.623,-8.311,2015,3,No
15N03M22,32.364,-2.842,2015,2,No
15N03M25,33.197,-3.221,2015,2,No
15N03M28,32.523,-2.921,2015,3,Yes
15N03M30,33.714,-2.372,2015,3,No
15N03M32,33.181,-2.733,2015,3,No
15N040G01,33.009,-3.655,2015,2,No
15N040G02,33.215,-2.957,2015,2,No
15N040G03,33.872,-2.380,2015,2,No
15N040G04,33.893,-2.252,2015,2,No
15N040G06,33.127,-3.009,2015,4,No
15N040G07,32.362,-2.210,2015,2,No
15N040G08,32.478,-2.719,2015,2,No
15N040G09,32.166,-2.743,2015,3,Yes
15N041G01,33.001,-3.656,2015,3,Yes
15N041G02,33.247,-3.039,2015,3,No
15N041G03,33.921,-2.404,2015,2,No
15N041G04,33.894,-2.394,2015,2,No
15N041G05,32.548,-2.497,2015,2,No
15N041G06,33.222,-3.019,2015,3,No
15N041G07,33.004,-3.052,2015,3,No
15N041G08,32.272,-2.805,2015,3,No
15N041G09,32.206,-2.332,2015,4,No
15N042G01,33.005,-3.585,2015,3,No
15N042G02,33.491,-3.274,2015,3,No
15N042G03,33.848,-2.471,2015,3,Yes
15N042G04,33.843,-2.303,2015,4,No
15N042G05,33.114,-2.443,2015,3,No
15N042G06,32.922,-2.871,2015,3,No
15N042G07,33.153,-3.001,2015,3,No
15N042G08,32.236,-2.911,2015,1,No
15N042G09,32.378,-2.235,2015,3,No
15N043G01,33.124,-4.477,2015,3,No
15N043G02,33.476,-3.115,2015,3,No
15N043G03,33.894,-2.570,2015,3,No
15N043G04,33.720,-2.304,2015,3,No
15N043G05,32.717,-2.731,2015,3,No
15N043G06,32.427,-2.333,2015,2,No
15N043G07,33.211,-3.011,2015,2,No
15N043G08,32.424,-2.106,2015,3,No
15N043G09,32.345,-2.247,2015,3,No
15N044G01,33.125,-4.473,2015,3,No
15N044G02,33.529,-3.166,2015,3,No
15N044G03,33.812,-2.421,2015,3,No
15N044G04,33.727,-2.293,2015,3,No
15N044G05,33.215,-2.512,2015,1,No
15N044G06,32.423,-2.340,2015,2,No
15N044G07,33.121,-2.972,2015,3,No
15N044G08,32.440,-2.795,2015,2,No
15N044G09,32.649,-2.393,2015,3,No
15N045G01,33.130,-4.481,2015,2,No
15N045G02,33.630,-3.138,2015,3,No
15N045G03,33.905,-2.334,2015,3,Yes
15N045G04,33.719,-2.359,2015,2,No
15N045G05,32.643,-2.181,2015,3,Yes
15N045G06,32.204,-2.360,2015,2,Yes
15N045G07,33.131,-2.895,2015,3,No
15N045G08,32.312,-2.330,2015,3,No
15N045G09,32.687,-2.361,2015,3,No
15N046G01,32.843,-3.791,2015,1,No
15N046G02,33.243,-3.209,2015,3,No
15N046G03,33.966,-2.534,2015,3,No
15N046G04,33.454,-2.601,2015,3,No
15N046G05,32.805,-2.452,2015,3,No
15N046G06,32.323,-2.343,2015,2,No
15N046G07,32.352,-2.185,2015,2,No
15N046G08,32.257,-2.764,2015,3,No
15N046G09,32.681,-2.395,2015,3,No
15N047G01,32.842,-3.800,2015,3,No
15N047G02,33.121,-4.461,2015,3,No
15N047G03,33.918,-2.435,2015,3,No
15N047G04,33.854,-2.251,2015,3,No
15N047G05,32.924,-2.500,2015,3,Yes
15N047G06,32.310,-2.294,2015,2,No
15N047G07,32.512,-2.571,2015,2,No
15N047G08,32.522,-2.919,2015,3,No
15N047G09,32.695,-2.347,2015,3,No
15N048G01,32.788,-3.853,2015,3,No
15N048G02,33.135,-4.703,2015,3,Yes
15N048G03,33.264,-2.800,2015,3,No
15N048G04,33.899,-2.226,2015,3,No
15N048G05,33.158,-2.578,2015,3,No
15N048G06,33.062,-2.936,2015,3,Yes
15N048G07,32.240,-2.919,2015,3,No
15N048G08,32.199,-2.968,2015,3,No
15N048G09,32.688,-2.432,2015,3,No
15N049G01,32.922,-3.801,2015,3,No
15N049G02,33.111,-4.722,2015,3,No
15N049G03,33.326,-2.843,2015,3,No
15N049G04,33.922,-2.210,2015,3,No
15N049G05,32.974,-2.101,2015,4,No
15N049G06,33.001,-3.011,2015,3,No
15N049G07,32.471,-2.668,2015,2,No
15N049G09,32.816,-2.144,2015,4,No
15N04E,29.965,-7.149,2015,2,No
15N04M03,33.300,-2.689,2015,3,No
15N04M04,29.758,-7.204,2015,3,No
15N04M05,32.523,-2.097,2015,2,No
15N04M06,33.789,-2.472,2015,2,No
15N04M10,32.183,-2.930,2015,1,No
15N04M11,33.136,-3.730,2015,3,Yes
15N04M12,30.026,-7.488,2015,3,No
15N04M13,29.831,-6.415,2015,3,No
15N04M14,33.204,-4.093,2015,2,No
15N04M20,33.376,-2.673,2015,3,Yes
15N04M21,29.836,-6.566,2015,2,No
15N04M22,32.289,-2.769,2015,3,Yes
15N04M25,33.020,-3.655,2015,3,Yes
15N04M28,32.524,-2.915,2015,3,Yes
15N04M30,32.836,-3.835,2015,2,Yes
15N04M32,33.072,-2.691,2015,3,No
15N050G01,32.923,-3.695,2015,3,Yes
15N050G02,32.871,-4.714,2015,3,No
15N050G03,33.333,-2.915,2015,3,No
15N050G04,33.750,-2.359,2015,3,No
15N050G05,32.771,-2.157,2015,3,No
15N050G06,33.004,-3.100,2015,3,Yes
15N050G07,32.849,-2.619,2015,3,No
15N050G09,32.809,-2.280,2015,2,No
15N051G01,32.892,-3.673,2015,3,No
15N051G02,32.869,-4.642,2015,3,No
15N051G03,33.413,-2.958,2015,3,No
15N051G04,33.752,-2.338,2015,3,No
15N051G05,32.830,-2.534,2015,2,No
15N051G06,33.124,-3.085,2015,3,No
15N051G07,32.978,-2.851,2015,2,No
15N051G09,32.329,-2.340,2015,2,No
15N052G01,32.998,-3.659,2015,2,Yes
15N052G02,32.873,-4.630,2015,3,No
15N052G03,33.909,-2.599,2015,3,No
15N052G04,33.768,-2.328,2015,3,No
15N052G05,32.853,-2.508,2015,3,Yes
15N052G06,32.664,-2.038,2015,2,No
15N052G07,33.186,-2.133,2015,3,Yes
15N052G09,32.334,-2.333,2015,1,No
15N053G01,33.036,-3.662,2015,3,Yes
15N053G02,33.298,-3.201,2015,2,No
15N053G03,33.527,-2.916,2015,3,No
15N053G04,33.744,-2.330,2015,3,No
15N053G05,32.687,-2.744,2015,3,No
15N053G06,32.336,-2.248,2015,2,No
15N053G09,32.373,-2.194,2015,1,No
15N054G01,33.009,-3.709,2015,2,No
15N054G02,33.006,-3.016,2015,2,No
15N054G03,33.652,-2.772,2015,2,No
15N054G04,33.788,-2.291,2015,3,No
15N054G05,32.851,-2.658,2015,2,No
15N054G06,32.642,-2.113,2015,2,No
15N054G09,32.486,-2.300,2015,2,No
15N055G01,32.839,-3.776,2015,2,No
15N055G02,32.885,-3.102,2015,3,No
15N055G03,33.645,-2.738,2015,3,No
15N055G04,33.845,-2.299,2015,2,No
15N055G05,33.267,-2.376,2015,3,Yes
15N055G06,32.331,-2.347,2015,2,No
15N055G09,32.420,-2.232,2015,1,No
15N056G01,32.837,-3.774,2015,3,No
15N056G02,33.461,-3.244,2015,3,No
15N056G03,33.660,-2.710,2015,3,No
15N056G04,33.547,-2.035,2015,2,No
15N056G05,33.237,-2.370,2015,3,Yes
15N056G06,32.333,-2.309,2015,3,No
15N056G09,32.218,-2.325,2015,2,No
15N057G01,32.939,-3.606,2015,3,No
15N057G02,33.130,-4.568,2015,3,No
15N057G03,33.716,-3.093,2015,3,No
15N057G04,33.542,-2.011,2015,3,No
15N057G05,32.735,-2.606,2015,3,No
15N057G06,32.565,-2.308,2015,2,No
15N057G09,33.158,-2.928,2015,1,No
15N058G01,32.943,-3.602,2015,3,No
15N058G02,33.138,-4.678,2015,3,No
15N058G03,33.880,-2.578,2015,3,No
15N058G04,33.711,-2.463,2015,3,No
15N058G05,32.759,-2.364,2015,3,Yes
15N058G06,32.392,-2.274,2015,2,No
15N058G09,33.139,-2.940,2015,3,Yes
15N059G01,32.900,-3.551,2015,3,No
15N059G02,33.142,-4.659,2015,3,Yes
15N059G04,33.696,-2.542,2015,2,No
15N059G05,32.771,-2.596,2015,3,No
15N059G06,32.546,-2.371,2015,3,Yes
15N059G09,32.986,-3.036,2015,2,No
15N05M03,33.571,-2.921,2015,2,No
15N05M04,32.200,-2.347,2015,2,Yes
15N05M05,32.767,-2.392,2015,2,Yes
15N05M06,33.918,-2.430,2015,3,No
15N05M10,32.158,-2.869,2015,3,Yes
15N05M11,33.102,-3.762,2015,2,Yes
15N05M12,29.143,-8.370,2015,1,No
15N05M13,29.827,-6.767,2015,3,No
15N05M14,33.151,-3.216,2015,3,No
15N05M17,33.322,-3.125,2015,2,No
15N05M20,33.348,-2.657,2015,3,Yes
15N05M21,29.926,-8.196,2015,3,No
15N05M22,32.173,-2.869,2015,1,No
15N05M25,33.772,-2.318,2015,2,Yes
15N05M28,32.927,-2.858,2015,2,Yes
15N05M30,33.025,-3.654,2015,2,Yes
15N05M32,33.259,-2.646,2015,3,No
15N060G01,32.907,-4.684,2015,3,No
15N060G02,33.043,-4.516,2015,2,No
15N060G03,33.970,-2.496,2015,3,No
15N060G04,33.687,-2.543,2015,2,No
15N060G05,33.121,-2.472,2015,3,No
15N060G06,32.234,-2.318,2015,2,No
15N060G09,32.923,-2.865,2015,3,No
15N061G01,32.891,-4.672,2015,2,No
15N061G02,33.279,-3.229,2015,4,No
15N061G03,33.927,-2.361,2015,3,Yes
15N061G04,33.228,-2.418,2015,4,Yes
15N061G05,33.064,-2.535,2015,3,No
15N061G06,33.155,-2.381,2015,2,No
15N061G09,32.858,-2.941,2015,3,Yes
15N062G01,32.940,-3.884,2015,2,No
15N062G02,32.860,-4.668,2015,3,No
15N062G03,33.678,-3.134,2015,3,No
15N062G04,33.422,-2.400,2015,3,No
15N062G05,32.755,-2.350,2015,2,No
15N062G06,32.961,-3.195,2015,2,No
15N062G09,32.707,-2.450,2015,3,No
15N063G01,32.939,-3.612,2015,3,Yes
15N063G02,32.905,-4.652,2015,3,No
15N063G03,33.437,-3.103,2015,3,No
15N063G04,33.846,-2.388,2015,3,No
15N063G05,33.118,-2.075,2015,3,No
15N063G06,33.089,-2.998,2015,2,No
15N063G09,32.693,-2.439,2015,3,No
15N064G01,32.832,-4.732,2015,2,No
15N064G02,32.898,-4.670,2015,2,No
15N064G03,33.251,-3.126,2015,3,No
15N064G04,33.902,-2.370,2015,3,No
15N064G05,33.105,-2.273,2015,3,Yes
15N064G06,33.074,-2.989,2015,2,No
15N065G01,32.938,-4.743,2015,3,Yes
15N065G02,32.898,-4.675,2015,3,No
15N065G03,33.853,-2.437,2015,3,Yes
15N065G04,33.853,-2.298,2015,2,No
15N065G05,33.109,-2.275,2015,2,No
15N066G01,32.915,-4.748,2015,3,Yes
15N066G02,32.888,-4.680,2015,3,No
15N066G03,33.909,-2.311,2015,3,No
15N066G04,33.840,-2.396,2015,4,No
15N066G05,33.183,-2.302,2015,3,No
15N067G01,33.094,-4.705,2015,3,Yes
15N067G02,32.928,-4.770,2015,3,No
15N067G03,33.907,-2.248,2015,3,No
15N067G04,33.827,-2.390,2015,2,No
15N067G05,32.900,-2.507,2015,3,No
15N068G01,33.018,-3.947,2015,2,No
15N068G02,33.232,-3.683,2015,3,No
15N068G03,33.889,-2.409,2015,3,No
15N068G04,33.849,-2.277,2015,3,No
15N068G05,33.032,-2.597,2015,2,No
15N069G01,32.845,-3.754,2015,2,Yes
15N069G02,33.402,-3.125,2015,3,No
15N069G03,33.857,-2.362,2015,3,No
15N069G04,33.759,-2.121,2015,2,No
15N069G05,32.906,-2.503,2015,2,No
15N06M03,33.294,-2.987,2015,2,No
15N06M04,33.323,-3.066,2015,2,Yes
15N06M05,33.016,-3.949,2015,2,Yes
15N06M06,32.874,-4.773,2015,3,No
15N06M10,32.179,-2.648,2015,1,No
15N06M11,33.136,-3.740,2015,3,Yes
15N06M12,29.233,-8.652,2015,2,No
15N06M13,29.738,-6.448,2015,3,No
15N06M14,33.135,-2.897,2015,2,No
15N06M15,33.544,-1.975,2015,1,No
15N06M17,32.842,-2.562,2015,3,No
15N06M20,33.106,-3.760,2015,2,Yes
15N06M21,29.921,-7.498,2015,3,No
15N06M22,32.207,-2.905,2015,3,No
15N06M25,33.870,-2.364,2015,2,No
15N06M30,33.889,-2.314,2015,2,Yes
15N070G01,33.001,-3.652,2015,2,Yes
15N070G02,33.283,-2.917,2015,3,No
15N070G03,33.317,-2.863,2015,2,No
15N070G04,33.570,-2.430,2015,3,No
15N070G05,32.844,-2.640,2015,3,No
15N071G01,33.046,-3.703,2015,3,No
15N071G02,33.183,-2.881,2015,3,No
15N071G03,33.289,-2.921,2015,3,No
15N071G04,33.413,-2.395,2015,3,No
15N071G05,32.854,-2.695,2015,3,No
15N072G01,33.038,-3.668,2015,3,No
15N072G02,32.837,-4.692,2015,3,No
15N072G03,33.286,-2.941,2015,3,No
15N072G04,33.234,-2.376,2015,2,No
15N072G05,32.843,-2.664,2015,3,No
15N073G01,32.935,-3.865,2015,1,Yes
15N073G02,32.859,-4.629,2015,2,No
15N073G03,33.558,-2.659,2015,2,No
15N073G04,33.229,-2.039,2015,2,No
15N073G05,32.849,-2.800,2015,3,No
15N074G01,32.841,-4.006,2015,1,No
15N074G02,32.872,-4.654,2015,2,No
15N074G03,33.318,-2.816,2015,3,No
15N074G04,33.893,-2.333,2015,2,No
15N074G05,32.723,-3.167,2015,3,No
15N075G01,33.238,-4.602,2015,3,No
15N075G02,32.933,-4.642,2015,3,No
15N075G03,33.873,-2.547,2015,3,No
15N075G04,33.738,-2.318,2015,3,No
15N075G05,32.751,-2.349,2015,2,No
15N076G01,33.126,-3.797,2015,3,Yes
15N076G02,32.922,-4.643,2015,3,No
15N076G03,33.865,-2.454,2015,3,No
15N076G04,33.293,-2.899,2015,3,No
15N076G05,32.752,-2.350,2015,1,No
15N077G01,32.938,-3.706,2015,4,No
15N077G02,32.918,-4.638,2015,2,No
15N077G03,33.578,-3.192,2015,3,No
15N077G04,33.291,-2.893,2015,3,Yes
15N077G05,32.759,-2.351,2015,2,Yes
15N078G01,32.885,-3.930,2015,3,No
15N078G02,32.913,-4.641,2015,2,No
15N078G03,33.581,-3.202,2015,3,No
15N078G04,33.262,-2.658,2015,3,No
15N078G05,32.639,-2.412,2015,1,No
15N079G01,33.019,-3.950,2015,3,No
15N079G02,33.092,-4.532,2015,3,No
15N079G03,33.575,-3.220,2015,3,No
15N079G04,33.266,-2.447,2015,2,No
15N079G05,33.290,-2.369,2015,3,No
15N07M03,33.306,-2.713,2015,1,No
15N07M05,33.206,-4.070,2015,2,Yes
15N07M06,33.132,-4.483,2015,3,Yes
15N07M10,32.400,-2.283,2015,3,Yes
15N07M11,33.124,-3.792,2015,3,Yes
15N07M12,29.098,-9.109,2015,3,No
15N07M13,29.719,-7.342,2015,4,No
15N07M14,33.413,-2.774,2015,3,No
15N07M17,32.849,-2.803,2015,3,No
15N07M20,33.010,-3.653,2015,3,Yes
15N07M21,29.988,-7.467,2015,3,No
15N07M22,32.176,-2.922,2015,3,No
15N07M25,33.898,-2.429,2015,2,No
15N07M30,32.947,-3.915,2015,3,No
15N07M32,33.244,-2.670,2015,3,No
15N080G01,33.030,-3.696,2015,3,No
15N080G02,32.901,-4.928,2015,3,No
15N080G03,33.587,-3.093,2015,2,No
15N080G04,33.702,-2.341,2015,2,No
15N080G05,33.117,-2.651,2015,2,No
15N081G01,32.838,-4.026,2015,3,No
15N081G02,32.862,-4.625,2015,3,No
15N081G03,33.688,-3.171,2015,3,No
15N081G04,33.696,-2.325,2015,3,No
15N081G05,33.028,-2.440,2015,2,No
15N082G01,32.883,-3.931,2015,2,No
15N082G02,32.866,-4.641,2015,2,No
15N082G03,33.664,-3.180,2015,2,No
15N082G04,33.758,-2.353,2015,2,No
15N082G05,33.080,-2.100,2015,3,No
15N083G01,32.824,-4.021,2015,2,No
15N083G02,32.881,-4.736,2015,2,No
15N083G03,33.583,-3.160,2015,3,No
15N083G04,33.770,-2.324,2015,3,No
15N083G05,32.774,-2.353,2015,2,No
15N084G01,32.880,-3.917,2015,2,No
15N084G02,33.145,-3.770,2015,2,No
15N084G03,33.506,-3.039,2015,1,No
15N084G04,33.265,-2.450,2015,3,No
15N084G05,32.651,-2.541,2015,2,No
15N085G01,33.184,-3.737,2015,3,No
15N085G02,33.192,-3.762,2015,2,No
15N085G03,33.702,-2.603,2015,3,No
15N085G04,33.377,-2.408,2015,2,No
15N085G05,32.674,-2.559,2015,3,No
15N086G01,33.046,-4.269,2015,2,No
15N086G02,33.582,-3.344,2015,3,No
15N086G03,33.763,-2.598,2015,3,No
15N086G04,33.860,-2.229,2015,1,No
15N086G05,32.826,-2.090,2015,3,No
15N087G01,33.397,-3.169,2015,3,No
15N087G02,33.337,-3.282,2015,1,No
15N087G03,33.780,-2.565,2015,2,No
15N087G04,33.789,-2.294,2015,2,No
15N087G05,33.131,-1.990,2015,2,No
15N088G01,33.129,-3.718,2015,3,No
15N088G02,33.398,-3.177,2015,2,No
15N088G03,33.873,-2.452,2015,2,No
15N088G04,33.595,-2.537,2015,2,No
15N088G05,33.233,-2.563,2015,2,No
15N089G01,33.097,-3.772,2015,2,Yes
15N089G02,32.902,-4.747,2015,3,No
15N089G03,33.928,-2.553,2015,2,No
15N089G04,33.618,-2.537,2015,3,No
15N089G05,33.124,-2.397,2015,3,No
15N08M03,33.296,-2.887,2015,3,Yes
15N08M05,33.206,-3.880,2015,2,Yes
15N08M06,33.120,-4.504,2015,2,Yes
15N08M10,32.410,-2.286,2015,1,No
15N08M11,33.121,-3.719,2015,2,No
15N08M12,32.874,-4.067,2015,2,No
15N08M13,29.846,-6.601,2015,3,No
15N08M14,33.156,-2.883,2015,2,No
15N08M17,32.927,-2.869,2015,3,No
15N08M20,33.004,-3.647,2015,3,Yes
15N08M21,29.593,-8.295,2015,3,No
15N08M22,32.787,-2.730,2015,2,No
15N08M25,33.888,-2.424,2015,2,Yes
15N08M30,32.981,-4.541,2015,2,No
15N08M32,32.717,-2.756,2015,3,Yes
15N090G01,33.110,-3.739,2015,3,No
15N090G02,33.045,-4.246,2015,3,No
15N090G03,33.865,-2.242,2015,3,No
15N090G04,33.849,-2.260,2015,2,No
15N090G05,32.151,-2.933,2015,2,No
15N091G01,32.943,-3.705,2015,2,No
15N091G02,33.656,-3.513,2015,4,No
15N091G03,33.890,-2.380,2015,2,No
15N091G04,33.626,-2.527,2015,3,No
15N091G05,33.125,-2.268,2015,2,Yes
15N092G01,32.911,-3.677,2015,2,No
15N092G02,33.172,-3.106,2015,2,No
15N092G03,33.905,-2.373,2015,4,No
15N092G04,33.607,-2.578,2015,2,No
15N093G01,33.067,-4.244,2015,3,No
15N093G02,33.336,-3.005,2015,3,No
15N093G03,33.902,-2.388,2015,3,No
15N093G04,33.997,-2.311,2015,3,No
15N094G01,33.204,-4.472,2015,3,No
15N094G02,33.387,-3.166,2015,2,No
15N094G03,33.768,-2.470,2015,3,No
15N094G04,33.500,-2.508,2015,3,No
15N095G01,32.877,-3.922,2015,2,No
15N095G02,33.216,-4.613,2015,2,No
15N095G03,33.638,-3.165,2015,3,No
15N095G04,33.268,-2.588,2015,2,Yes
15N096G01,33.090,-3.846,2015,3,No
15N096G02,33.214,-4.607,2015,3,No
15N096G03,33.827,-2.575,2015,3,No
15N096G04,33.706,-2.415,2015,4,No
15N097G01,33.035,-3.719,2015,2,No
15N097G02,32.884,-4.728,2015,2,No
15N097G03,33.860,-2.244,2015,2,No
15N098G01,32.950,-3.613,2015,2,No
15N098G02,32.833,-4.848,2015,2,No
15N098G03,33.879,-2.378,2015,3,No
15N099G01,32.903,-4.024,2015,2,No
15N099G02,33.660,-3.507,2015,2,No
15N099G03,33.646,-2.910,2015,3,No
15N09M03,33.378,-2.992,2015,3,No
15N09M05,33.194,-3.904,2015,2,No
15N09M06,32.887,-4.730,2015,3,No
15N09M10,32.693,-2.810,2015,3,No
15N09M11,33.109,-3.728,2015,3,Yes
15N09M13,30.168,-6.744,2015,2,No
15N09M14,33.117,-3.776,2015,2,No
15N09M17,33.282,-3.886,2015,2,No
15N09M20,32.992,-3.609,2015,2,Yes
15N09M21,30.009,-7.393,2015,3,No
15N09M22,32.450,-2.921,2015,3,No
15N09M25,33.135,-3.670,2015,3,Yes
15N09M30,33.110,-4.674,2015,3,Yes
15N09M32,33.127,-2.391,2015,3,No
15N100G01,33.136,-3.725,2015,3,No
15N100G02,33.144,-3.234,2015,2,No
15N100G03,33.710,-3.111,2015,1,No
15N101G01,32.801,-3.853,2015,3,No
15N101G02,33.126,-4.666,2015,3,No
15N101G03,33.683,-3.175,2015,3,No
15N102G01,33.136,-3.816,2015,2,No
15N102G02,33.123,-4.694,2015,2,No
15N102G03,33.706,-2.803,2015,3,Yes
15N103G01,33.012,-3.713,2015,2,No
15N103G02,33.200,-4.492,2015,2,Yes
15N103G03,33.682,-2.618,2015,3,No
15N104G01,32.832,-3.751,2015,3,No
15N104G02,33.099,-4.516,2015,2,No
15N104G03,33.767,-2.569,2015,3,No
15N105G01,33.008,-3.742,2015,3,No
15N105G03,33.785,-2.472,2015,3,No
15N106G01,33.001,-3.882,2015,2,No
15N106G03,33.858,-2.434,2015,3,No
15N107G01,33.050,-3.683,2015,2,No
15N107G03,33.810,-2.884,2015,3,No
15N108G01,33.118,-4.478,2015,2,Yes
15N108G03,33.724,-2.872,2015,2,No
15N109G01,33.091,-4.541,2015,2,No
15N109G03,33.598,-2.595,2015,3,No
15N10M03,33.316,-3.130,2015,3,No
15N10M04,32.919,-2.511,2015,3,Yes
15N10M05,33.856,-2.457,2015,2,No
15N10M06,33.734,-2.874,2015,3,No
15N10M10,32.213,-2.908,2015,2,Yes
15N10M11,33.139,-3.711,2015,2,No
15N10M13,29.908,-7.016,2015,2,No
15N10M14,33.240,-3.901,2015,3,No
15N10M17,33.297,-3.901,2015,3,No
15N10M20,33.310,-2.648,2015,3,No
15N10M21,30.006,-7.318,2015,3,No
15N10M22,32.799,-2.496,2015,2,No
15N10M25,33.155,-3.711,2015,2,No
15N10M30,33.099,-4.729,2015,3,Yes
15N10M32,33.195,-2.541,2015,4,No
15N110G01,32.975,-4.534,2015,3,No
15N110G03,33.864,-2.323,2015,3,No
15N111G01,33.201,-4.511,2015,2,No
15N111G03,33.565,-2.736,2015,3,No
15N112G01,33.048,-3.675,2015,2,No
15N112G03,33.707,-2.903,2015,3,No
15N113G01,33.116,-3.722,2015,2,No
15N113G03,33.846,-2.562,2015,3,No
15N114G01,33.141,-3.705,2015,2,No
15N114G03,33.982,-2.498,2015,3,No
15N115G01,32.987,-3.731,2015,2,No
15N115G03,33.917,-2.192,2015,3,No
15N116G01,33.008,-3.733,2015,3,No
15N116G03,33.692,-2.408,2015,3,No
15N117G01,32.923,-3.684,2015,2,No
15N117G03,33.582,-2.543,2015,3,No
15N118G01,32.905,-3.542,2015,2,No
15N118G03,33.631,-2.911,2015,3,No
15N119G01,32.953,-3.599,2015,1,No
15N119G03,33.311,-2.896,2015,3,No
15N11M03,33.304,-2.868,2015,2,Yes
15N11M04,32.772,-2.352,2015,2,No
15N11M05,33.211,-4.074,2015,3,No
15N11M06,33.969,-2.316,2015,1,Yes
15N11M10,32.798,-2.107,2015,3,No
15N11M11,33.299,-2.707,2015,3,No
15N11M13,29.920,-6.991,2015,2,No
15N11M14,33.237,-3.844,2015,3,No
15N11M17,32.970,-3.904,2015,3,No
15N11M20,33.081,-2.716,2015,2,No
15N11M21,29.579,-8.306,2015,2,No
15N11M22,32.151,-2.698,2015,2,No
15N11M25,32.959,-3.614,2015,2,No
15N11M30,33.057,-3.680,2015,2,Yes
15N11M32,33.193,-2.506,2015,3,No
15N120G01,33.025,-3.661,2015,3,No
15N120G03,33.302,-2.971,2015,3,Yes
15N121G01,32.889,-4.063,2015,3,No
15N121G03,33.288,-2.977,2015,3,No
15N122G01,32.873,-4.023,2015,3,No
15N122G03,33.662,-3.129,2015,3,No
15N123G01,32.943,-3.849,2015,2,No
15N123G03,33.908,-2.538,2015,3,No
15N124G01,32.833,-3.748,2015,3,No
15N124G03,33.698,-2.589,2015,2,No
15N125G01,32.998,-4.580,2015,2,No
15N125G03,33.689,-2.590,2015,3,No
15N126G01,33.100,-4.677,2015,3,No
15N126G03,33.648,-2.607,2015,3,No
15N127G01,32.937,-3.692,2015,3,No
15N127G03,33.734,-2.767,2015,3,Yes
15N128G01,32.904,-4.085,2015,2,No
15N128G03,33.744,-2.848,2015,3,No
15N129G01,32.905,-4.084,2015,3,No
15N129G03,33.581,-2.888,2015,3,No
15N12M03,33.278,-2.880,2015,3,Yes
15N12M04,32.777,-2.355,2015,4,No
15N12M05,33.110,-3.831,2015,1,No
15N12M06,32.845,-4.668,2015,3,No
15N12M10,32.403,-2.280,2015,3,No
15N12M11,33.792,-2.458,2015,2,No
15N12M13,30.057,-7.021,2015,2,No
15N12M15,33.165,-2.639,2015,3,No
15N12M17,32.979,-3.896,2015,1,Yes
15N12M20,32.906,-4.800,2015,2,Yes
15N12M21,29.592,-8.301,2015,3,No
15N12M22,32.643,-2.175,2015,2,No
15N12M25,32.878,-4.008,2015,2,No
15N12M30,33.123,-3.810,2015,3,No
15N130G01,32.845,-3.814,2015,2,No
15N130G03,33.391,-2.659,2015,3,Yes
15N131G01,32.905,-3.684,2015,2,No
15N131G03,33.378,-2.769,2015,3,No
15N132G01,32.954,-3.608,2015,1,No
15N132G03,33.518,-2.676,2015,2,No
15N133G01,33.050,-3.676,2015,2,No
15N133G03,33.654,-2.757,2015,3,Yes
15N134G01,33.063,-3.829,2015,2,No
15N134G03,33.877,-2.397,2015,3,No
15N135G01,33.069,-3.838,2015,3,Yes
15N135G03,33.846,-2.581,2015,3,Yes
15N136G01,32.962,-3.585,2015,2,No
15N136G03,33.886,-2.556,2015,3,No
15N137G03,33.512,-2.948,2015,2,No
15N138G01,33.126,-3.730,2015,2,No
15N138G03,33.907,-2.348,2015,3,No
15N139G01,32.939,-3.565,2015,2,No
15N139G03,33.234,-2.585,2015,3,No
15N13M03,33.258,-2.923,2015,2,Yes
15N13M04,33.292,-2.507,2015,2,Yes
15N13M05,33.047,-4.246,2015,3,No
15N13M06,33.036,-3.733,2015,3,No
15N13M10,32.292,-2.210,2015,2,No
15N13M11,33.136,-3.722,2015,2,No
15N13M13,29.693,-7.350,2015,2,No
15N13M15,33.917,-2.557,2015,2,No
15N13M17,33.421,-2.669,2015,1,No
15N13M20,32.885,-3.990,2015,3,No
15N13M21,29.663,-8.159,2015,2,No
15N13M22,32.823,-2.195,2015,2,No
15N13M25,33.166,-2.919,2015,2,No
15N13M30,33.134,-4.455,2015,2,Yes
15N140G01,32.899,-4.052,2015,3,No
15N140G03,33.549,-3.177,2015,3,No
15N141G01,32.878,-4.065,2015,3,No
15N141G03,33.577,-3.180,2015,2,No
15N142G01,32.760,-4.013,2015,3,No
15N142G03,33.343,-2.671,2015,1,No
15N143G01,32.876,-4.070,2015,3,No
15N143G03,33.580,-2.754,2015,2,Yes
15N144G01,32.957,-3.884,2015,2,No
15N144G03,33.714,-2.731,2015,3,Yes
15N145G03,33.856,-2.513,2015,3,No
15N146G03,33.913,-2.553,2015,3,No
15N147G03,33.298,-3.055,2015,3,No
15N148G03,33.293,-2.895,2015,2,No
15N149G03,33.299,-2.855,2015,3,No
15N14M03,33.263,-2.626,2015,2,Yes
15N14M05,33.043,-4.234,2015,2,No
15N14M06,33.052,-4.519,2015,1,No
15N14M10,32.465,-2.544,2015,3,No
15N14M11,33.223,-3.020,2015,2,No
15N14M13,33.254,-3.906,2015,2,No
15N14M15,33.296,-2.692,2015,3,No
15N14M17,33.068,-4.553,2015,3,No
15N14M20,33.850,-2.272,2015,2,No
15N14M21,32.964,-3.755,2015,3,Yes
15N14M22,32.695,-2.441,2015,2,No
15N14M25,32.907,-2.818,2015,2,No
15N14M30,32.909,-4.081,2015,3,No
15N150G03,33.578,-2.743,2015,3,Yes
15N151G03,33.624,-2.723,2015,3,No
15N152G03,33.837,-2.576,2015,3,No
15N153G03,33.894,-2.453,2015,3,No
15N154G03,33.888,-2.419,2015,3,No
15N155G03,33.855,-2.454,2015,3,No
15N156G03,33.658,-3.143,2015,3,No
15N157G03,33.632,-2.628,2015,3,No
15N158G03,33.867,-2.449,2015,3,No
15N159G03,33.657,-2.887,2015,3,No
15N15M06,33.711,-2.378,2015,2,No
15N15M11,33.397,-2.748,2015,2,No
15N15M17,33.075,-4.647,2015,2,No
15N15M20,33.374,-2.801,2015,2,No
15N15M21,29.588,-7.915,2015,3,No
15N15M22,32.700,-2.434,2015,2,No
15N15M25,33.164,-3.129,2015,2,No
15N15M30,33.727,-2.403,2015,3,No
15N15M32,33.846,-2.367,2015,3,Yes
15N160G03,33.471,-2.558,2015,2,No
15N161G03,33.549,-3.203,2015,3,Yes
15N162G03,33.746,-2.829,2015,2,No
15N163G03,33.636,-2.868,2015,2,No
15N164G03,33.697,-3.112,2015,3,Yes
15N165G03,33.906,-2.375,2015,3,No
15N166G03,33.537,-3.073,2015,2,No
15N167G03,33.628,-2.742,2015,3,No
15N168G03,33.527,-2.695,2015,3,No
15N169G03,33.740,-2.551,2015,3,No
15N16M06,33.648,-2.506,2015,3,Yes
15N16M11,33.119,-3.809,2015,1,No
15N16M17,32.969,-3.868,2015,2,No
15N16M20,33.247,-2.359,2015,3,No
15N16M21,32.896,-4.074,2015,3,No
15N16M25,33.847,-2.289,2015,3,No
15N16M32,33.207,-2.909,2015,3,No
15N170G03,33.582,-2.938,2015,2,No
15N171G03,33.363,-2.899,2015,3,No
15N172G03,33.564,-2.747,2015,2,No
15N173G03,33.902,-2.231,2015,3,No
15N174G03,33.691,-2.613,2015,1,No
15N175G03,33.657,-2.902,2015,2,No
15N176G03,33.577,-3.191,2015,3,No
15N177G03,33.648,-2.763,2015,3,No
15N178G03,33.912,-2.434,2015,3,No
15N179G03,33.606,-2.722,2015,2,No
15N17M06,32.979,-4.564,2015,3,No
15N17M11,33.032,-3.704,2015,2,No
15N17M17,33.010,-3.031,2015,2,No
15N17M25,33.843,-2.303,2015,2,No
15N17M32,33.162,-2.890,2015,3,No
15N18M06,33.125,-4.672,2015,2,Yes
15N18M11,33.160,-3.801,2015,2,No
15N18M17,33.217,-3.105,2015,3,No
15N18M21,30.191,-6.836,2015,1,No
15N18M32,33.192,-2.654,2015,3,No
15N19M06,32.741,-4.895,2015,3,No
15N19M11,32.895,-4.080,2015,2,No
15N19M17,33.038,-4.676,2015,3,No
15N19M25,33.023,-3.650,2015,2,No
15N19M32,33.415,-2.718,2015,3,No
15N20M06,32.924,-4.904,2015,3,Yes
15N20M11,32.976,-3.602,2015,2,No
15N20M17,32.977,-3.917,2015,2,No
15N20M20,33.067,-2.704,2015,2,Yes
15N20M32,33.228,-2.330,2015,2,No
15N21M06,33.216,-4.607,2015,3,No
15N21M11,33.034,-3.822,2015,3,No
15N21M17,33.094,-4.484,2015,3,No
15N21M20,32.831,-3.786,2015,2,No
15N21M32,33.099,-2.614,2015,3,No
15N22M06,33.240,-4.601,2015,3,No
15N22M11,33.817,-2.566,2015,3,Yes
15N22M15,33.178,-3.128,2015,3,No
15N22M20,33.703,-2.357,2015,2,Yes
15N22M32,32.992,-2.833,2015,3,No
15N23M06,33.161,-4.612,2015,2,No
15N23M11,33.969,-2.290,2015,3,No
15N23M32,33.392,-2.795,2015,3,Yes
15N24M06,33.117,-4.723,2015,2,No
15N24M11,33.886,-2.407,2015,3,Yes
15N24M32,33.353,-2.993,2015,2,Yes
15N25M06,33.140,-3.966,2015,3,No
15N25M11,33.131,-3.989,2015,3,Yes
15N25M32,33.337,-2.748,2015,3,No
15N26M06,33.232,-3.903,2015,3,No
15N26M11,33.052,-4.268,2015,2,No
15N26M32,33.481,-3.095,2015,3,Yes
15N27M06,33.831,-2.297,2015,3,No
15N27M32,33.662,-2.721,2015,,No
15N28M06,33.798,-2.394,2015,3,No
15N28M32,33.779,-2.796,2015,2,No
15N29M15,33.608,-2.591,2015,2,No
15N30M15,33.591,-2.590,2015,3,No
16N001G01,33.016,-3.645,2016,1,Yes
16N001G02,33.314,-3.583,2016,3,No
16N001G03,33.811,-2.433,2016,2,Yes
16N001G04,32.699,-2.250,2016,3,Yes
16N001G05,32.772,-2.273,2016,2,Yes
16N001G06,32.647,-2.490,2016,2,No
16N001G07,32.892,-2.065,2016,3,No
16N001G08,33.258,-2.561,2016,3,No
16N002G01,33.116,-3.785,2016,2,No
16N002G02,32.825,-4.049,2016,2,Yes
16N002G03,33.904,-2.389,2016,3,Yes
16N002G04,33.114,-2.241,2016,2,No
16N002G05,32.710,-2.131,2016,3,No
16N002G06,32.390,-2.649,2016,2,Yes
16N002G07,32.872,-2.167,2016,3,No
16N002G08,32.511,-2.725,2016,2,Yes
16N003G01,32.879,-4.087,2016,2,Yes
16N003G02,33.292,-3.284,2016,2,No
16N003G03,33.877,-2.472,2016,1,Yes
16N003G04,32.808,-2.457,2016,3,No
16N003G05,32.665,-2.408,2016,2,No
16N003G06,32.739,-2.115,2016,3,No
16N003G07,32.725,-2.139,2016,3,No
16N003G08,32.689,-2.433,2016,2,No
16N004G01,33.106,-3.738,2016,2,No
16N004G02,33.574,-3.019,2016,2,No
16N004G03,33.885,-2.436,2016,3,No
16N004G04,33.057,-2.796,2016,2,No
16N004G05,32.807,-2.167,2016,3,No
16N004G06,32.687,-2.419,2016,3,No
16N004G07,32.739,-2.164,2016,3,No
16N004G08,32.692,-2.427,2016,2,No
16N005G01,33.137,-3.703,2016,2,No
16N005G02,33.417,-3.056,2016,2,No
16N005G03,33.492,-3.075,2016,3,No
16N005G04,33.257,-2.662,2016,2,No
16N005G05,32.656,-2.175,2016,3,No
16N005G06,32.692,-2.406,2016,1,No
16N005G07,32.654,-2.383,2016,1,No
16N005G08,32.694,-2.404,2016,2,Yes
16N006G01,33.098,-3.729,2016,2,No
16N006G02,33.418,-3.056,2016,2,No
16N006G03,33.892,-2.340,2016,1,No
16N006G04,33.032,-2.102,2016,3,No
16N006G05,32.790,-2.243,2016,3,No
16N006G06,32.710,-2.132,2016,2,Yes
16N006G07,32.938,-2.478,2016,2,No
16N006G08,32.938,-2.484,2016,2,No
16N007G01,33.137,-3.708,2016,1,No
16N007G02,33.309,-3.056,2016,3,No
16N007G03,33.963,-2.504,2016,2,No
16N007G04,32.702,-2.185,2016,3,No
16N007G05,32.646,-2.408,2016,3,No
16N007G06,32.826,-2.631,2016,1,No
16N007G07,32.711,-2.137,2016,2,No
16N007G08,32.429,-2.617,2016,2,No
16N008G01,32.799,-4.064,2016,1,Yes
16N008G02,33.016,-3.949,2016,2,No
16N008G03,33.916,-2.412,2016,3,No
16N008G04,32.708,-2.128,2016,2,No
16N008G05,32.756,-2.361,2016,1,No
16N008G06,32.892,-2.973,2016,2,No
16N008G07,32.776,-2.145,2016,3,No
16N008G08,32.685,-2.359,2016,2,No
16N009G01,33.122,-3.724,2016,2,No
16N009G02,32.892,-4.068,2016,2,No
16N009G03,33.916,-2.374,2016,3,No
16N009G04,33.154,-2.483,2016,3,No
16N009G05,32.551,-2.111,2016,2,No
16N009G06,32.778,-2.169,2016,1,No
16N009G07,32.632,-1.532,2016,3,No
16N009G08,33.047,-2.331,2016,3,No
16N010G01,33.009,-3.650,2016,2,No
16N010G02,32.828,-4.037,2016,2,Yes
16N010G03,33.909,-2.599,2016,3,Yes
16N010G04,33.254,-2.646,2016,2,Yes
16N010G05,32.524,-2.092,2016,3,No
16N010G06,32.556,-1.472,2016,2,No
16N010G07,32.785,-2.150,2016,3,Yes
16N010G08,32.332,-2.316,2016,2,No
16N011G01,32.913,-3.568,2016,2,Yes
16N011G02,33.182,-3.808,2016,2,No
16N011G03,33.154,-3.019,2016,3,No
16N011G04,33.327,-2.883,2016,2,Yes
16N011G05,32.743,-2.486,2016,2,No
16N011G06,32.327,-2.354,2016,2,Yes
16N011G07,32.788,-2.251,2016,1,No
16N011G08,32.796,-2.701,2016,3,No
16N012G01,32.940,-3.598,2016,2,No
16N012G02,33.263,-3.228,2016,1,No
16N012G03,33.170,-3.082,2016,3,No
16N012G04,33.870,-2.321,2016,2,No
16N012G05,32.689,-2.463,2016,2,No
16N012G06,32.713,-2.130,2016,3,No
16N012G07,33.169,-2.148,2016,3,No
16N012G08,33.042,-2.590,2016,3,Yes
16N013G01,33.257,-3.698,2016,2,No
16N013G02,33.276,-3.189,2016,2,No
16N013G03,33.623,-2.917,2016,2,Yes
16N013G04,33.973,-2.353,2016,3,No
16N013G05,32.311,-2.334,2016,2,No
16N013G06,32.456,-2.681,2016,1,No
16N013G07,32.692,-1.883,2016,3,No
16N013G08,32.452,-2.737,2016,2,No
16N014G01,33.195,-3.716,2016,2,Yes
16N014G02,33.284,-3.131,2016,2,No
16N014G03,33.895,-2.398,2016,3,Yes
16N014G04,33.955,-2.295,2016,3,No
16N014G05,32.255,-2.380,2016,2,Yes
16N014G06,32.697,-2.438,2016,1,No
16N014G07,32.712,-1.699,2016,2,No
16N014G08,32.694,-2.432,2016,2,No
16N015G01,32.878,-4.078,2016,2,No
16N015G02,33.641,-3.142,2016,3,No
16N015G03,33.895,-2.392,2016,3,No
16N015G04,33.943,-2.366,2016,3,No
16N015G05,32.193,-2.883,2016,2,Yes
16N015G06,32.691,-2.513,2016,3,Yes
16N015G07,32.744,-1.682,2016,3,No
16N015G08,32.829,-2.551,2016,1,No
16N016G01,32.747,-3.873,2016,3,No
16N016G02,33.551,-3.009,2016,3,No
16N016G03,33.925,-2.528,2016,3,No
16N016G04,33.475,-2.534,2016,1,No
16N016G05,32.413,-1.666,2016,2,No
16N016G06,32.498,-2.732,2016,2,No
16N016G07,32.465,-1.481,2016,3,No
16N016G08,32.501,-2.724,2016,3,No
16N017G01,32.800,-3.904,2016,2,No
16N017G02,33.193,-3.234,2016,2,No
16N017G03,33.928,-2.556,2016,3,Yes
16N017G04,33.513,-2.665,2016,1,No
16N017G05,33.084,-2.023,2016,2,No
16N017G06,32.494,-2.730,2016,2,No
16N017G07,32.685,-1.896,2016,2,No
16N017G08,33.086,-2.190,2016,2,No
16N018G01,32.855,-3.821,2016,2,No
16N018G02,33.196,-3.220,2016,3,No
16N018G03,33.670,-2.722,2016,2,No
16N018G04,33.742,-2.770,2016,2,No
16N018G05,32.713,-2.137,2016,2,No
16N018G06,33.033,-2.615,2016,2,No
16N018G07,32.710,-2.131,2016,2,No
16N018G08,33.074,-3.022,2016,3,No
16N019G01,33.039,-3.663,2016,2,No
16N019G02,33.506,-3.051,2016,2,No
16N019G03,33.980,-2.511,2016,2,No
16N019G04,33.862,-2.325,2016,2,No
16N019G05,32.712,-2.133,2016,2,No
16N019G06,32.992,-3.033,2016,2,No
16N019G07,33.132,-2.494,2016,2,No
16N019G08,32.547,-2.540,2016,3,No
16N01LC,33.126,-4.009,2016,2,No
16N01M01,33.656,-2.750,2016,2,No
16N01M03,33.176,-2.696,2016,2,No
16N01M05,33.281,-2.760,2016,2,No
16N01M06,33.895,-2.405,2016,1,Yes
16N01M08,33.195,-2.706,2016,3,Yes
16N01M10,32.819,-2.154,2016,3,Yes
16N01M11,33.004,-4.090,2016,3,No
16N01M14,33.170,-3.914,2016,2,No
16N01M15,32.645,-2.179,2016,3,No
16N01M17,33.251,-3.669,2016,2,No
16N01M20,33.225,-3.880,2016,2,No
16N01M22,32.697,-2.409,2016,2,Yes
16N01M25,33.655,-2.753,2016,3,No
16N01M26,33.297,-3.860,2016,2,No
16N01M28,33.006,-4.091,2016,3,No
16N01M30,33.335,-3.857,2016,2,Yes
16N020G01,32.836,-3.773,2016,2,No
16N020G02,33.472,-3.039,2016,2,No
16N020G03,33.926,-2.550,2016,2,No
16N020G04,33.862,-2.257,2016,2,No
16N020G05,32.712,-2.131,2016,3,No
16N020G06,32.993,-3.040,2016,2,No
16N020G07,33.118,-2.508,2016,2,No
16N020G08,32.504,-2.676,2016,3,Yes
16N021G01,32.989,-3.612,2016,2,No
16N021G02,33.608,-3.131,2016,3,No
16N021G03,33.819,-2.466,2016,2,No
16N021G04,32.661,-2.642,2016,3,No
16N021G05,32.302,-2.340,2016,2,No
16N021G06,32.292,-2.191,2016,2,Yes
16N021G07,32.763,-2.694,2016,2,No
16N021G08,32.966,-3.215,2016,2,No
16N022G01,33.117,-3.728,2016,2,Yes
16N022G02,33.669,-3.128,2016,3,No
16N022G03,33.829,-2.449,2016,3,Yes
16N022G04,32.776,-2.374,2016,2,No
16N022G05,32.829,-2.170,2016,2,No
16N022G06,32.910,-2.797,2016,1,No
16N022G07,32.764,-2.695,2016,2,No
16N022G08,33.010,-3.021,2016,2,No
16N023G01,33.119,-3.719,2016,2,No
16N023G02,33.502,-3.194,2016,2,No
16N023G03,33.839,-2.301,2016,2,No
16N023G04,32.782,-2.323,2016,3,No
16N023G05,32.760,-2.375,2016,3,Yes
16N023G06,32.807,-2.458,2016,2,No
16N023G07,32.856,-2.174,2016,3,No
16N023G08,33.468,-2.526,2016,2,No
16N024G01,33.229,-3.672,2016,2,No
16N024G02,33.451,-3.074,2016,2,No
16N024G03,33.953,-2.464,2016,2,No
16N024G04,32.748,-2.342,2016,2,No
16N024G05,32.713,-2.131,2016,3,No
16N024G06,32.508,-2.671,2016,1,No
16N024G07,32.762,-2.241,2016,2,Yes
16N024G08,33.452,-2.512,2016,2,Yes
16N025G01,33.236,-3.670,2016,2,No
16N025G02,33.451,-3.064,2016,2,No
16N025G03,33.929,-2.548,2016,3,No
16N025G04,33.135,-2.469,2016,3,No
16N025G05,32.718,-2.117,2016,2,No
16N025G06,33.136,-2.894,2016,3,No
16N025G07,32.707,-2.132,2016,1,No
16N025G08,33.455,-2.539,2016,2,No
16N026G01,32.879,-4.022,2016,2,No
16N026G02,33.480,-3.124,2016,2,No
16N026G03,33.401,-2.592,2016,3,Yes
16N026G04,33.282,-2.221,2016,3,Yes
16N026G05,32.739,-2.111,2016,3,No
16N026G06,33.116,-2.953,2016,2,No
16N026G07,32.761,-2.123,2016,2,No
16N026G08,32.686,-2.433,2016,2,No
16N027G01,32.870,-4.005,2016,2,No
16N027G02,33.268,-3.180,2016,2,No
16N027G03,33.784,-2.400,2016,3,No
16N027G04,33.261,-2.220,2016,3,Yes
16N027G05,32.759,-2.378,2016,3,No
16N027G06,33.115,-3.017,2016,2,No
16N027G07,32.878,-2.164,2016,3,No
16N027G08,32.704,-2.436,2016,2,No
16N028G01,32.857,-3.819,2016,2,No
16N028G02,33.258,-3.129,2016,2,No
16N028G03,33.863,-2.534,2016,3,No
16N028G04,33.253,-2.659,2016,2,No
16N028G05,32.850,-2.517,2016,3,No
16N028G06,33.132,-3.097,2016,3,No
16N028G07,32.996,-2.084,2016,2,No
16N028G08,32.691,-2.458,2016,2,No
16N029G01,32.821,-4.030,2016,2,No
16N029G02,33.364,-3.082,2016,3,No
16N029G03,33.985,-2.310,2016,2,No
16N029G04,33.408,-2.429,2016,2,No
16N029G05,32.833,-2.553,2016,2,No
16N029G06,33.112,-3.086,2016,2,No
16N029G07,32.992,-2.100,2016,2,No
16N029G08,32.703,-2.124,2016,2,No
16N02LC,33.141,-3.717,2016,2,No
16N02M01,33.191,-3.794,2016,2,Yes
16N02M03,33.256,-2.648,2016,2,No
16N02M05,33.268,-3.891,2016,2,No
16N02M06,33.723,-2.383,2016,2,No
16N02M08,34.123,-2.233,2016,2,No
16N02M10,32.859,-2.176,2016,3,Yes
16N02M11,33.317,-3.883,2016,2,No
16N02M14,33.297,-2.860,2016,2,No
16N02M15,33.160,-3.020,2016,2,No
16N02M17,33.256,-3.755,2016,1,Yes
16N02M20,33.063,-3.837,2016,2,Yes
16N02M22,32.809,-2.455,2016,2,No
16N02M25,33.205,-4.098,2016,2,Yes
16N02M26,33.226,-4.015,2016,2,No
16N02M28,33.132,-4.481,2016,3,Yes
16N02M30,33.137,-3.672,2016,2,Yes
16N030G01,32.809,-3.893,2016,2,No
16N030G02,33.283,-3.194,2016,2,No
16N030G03,33.857,-2.448,2016,3,No
16N030G04,33.704,-2.320,2016,2,No
16N030G05,32.880,-2.501,2016,2,No
16N030G06,33.088,-3.001,2016,2,No
16N030G07,33.178,-2.209,2016,2,No
16N030G08,32.691,-2.424,2016,2,No
16N031G01,32.788,-3.843,2016,2,No
16N031G02,33.132,-3.705,2016,2,No
16N031G03,33.862,-2.439,2016,1,No
16N031G04,33.292,-2.893,2016,2,No
16N031G05,32.922,-2.488,2016,2,Yes
16N031G06,32.782,-2.595,2016,1,No
16N031G07,32.944,-2.397,2016,3,No
16N031G08,33.013,-2.835,2016,2,No
16N032G01,32.881,-3.664,2016,2,No
16N032G02,33.091,-4.526,2016,2,Yes
16N032G03,33.464,-3.060,2016,2,No
16N032G04,33.355,-2.466,2016,2,No
16N032G05,32.743,-2.137,2016,2,No
16N032G06,33.270,-2.532,2016,2,No
16N032G07,32.935,-2.489,2016,2,No
16N032G08,33.272,-2.422,2016,2,No
16N033G01,33.123,-3.802,2016,1,No
16N033G02,33.092,-4.531,2016,2,Yes
16N033G03,33.390,-3.063,2016,2,No
16N033G04,33.206,-2.328,2016,3,No
16N033G05,32.746,-2.132,2016,2,No
16N033G06,33.378,-2.380,2016,2,No
16N033G07,32.687,-2.393,2016,1,No
16N033G08,33.166,-2.575,2016,2,No
16N034G01,33.203,-3.705,2016,2,No
16N034G02,33.072,-4.704,2016,2,No
16N034G03,33.638,-2.904,2016,2,No
16N034G04,32.826,-2.197,2016,2,No
16N034G05,32.177,-2.936,2016,1,No
16N034G07,32.685,-2.401,2016,2,Yes
16N034G08,32.702,-2.654,2016,2,No
16N035G01,33.221,-3.686,2016,2,No
16N035G02,33.247,-3.070,2016,2,No
16N035G03,33.763,-2.599,2016,3,No
16N035G04,33.112,-1.976,2016,3,Yes
16N035G05,32.646,-1.545,2016,2,No
16N035G07,32.679,-2.415,2016,2,No
16N036G01,33.144,-3.688,2016,2,No
16N036G02,33.276,-3.061,2016,2,No
16N036G03,33.618,-2.857,2016,2,No
16N036G04,33.332,-2.913,2016,2,Yes
16N036G05,32.635,-1.534,2016,2,No
16N036G07,32.775,-2.302,2016,2,No
16N037G01,33.004,-3.646,2016,2,No
16N037G02,33.465,-3.039,2016,2,No
16N037G03,33.585,-2.736,2016,3,Yes
16N037G04,33.270,-2.926,2016,3,No
16N037G05,32.898,-2.630,2016,2,No
16N037G07,32.634,-1.829,2016,2,No
16N038G01,33.138,-3.703,2016,2,No
16N038G02,33.466,-3.035,2016,2,No
16N038G03,33.139,-2.930,2016,2,Yes
16N038G04,33.252,-2.920,2016,3,Yes
16N038G05,32.875,-2.926,2016,3,No
16N038G07,32.496,-2.682,2016,2,Yes
16N039G01,33.152,-3.706,2016,2,No
16N039G02,33.475,-3.024,2016,2,No
16N039G03,33.155,-3.011,2016,3,Yes
16N039G04,33.139,-2.940,2016,1,No
16N039G05,32.690,-2.882,2016,2,No
16N039G07,32.682,-2.462,2016,2,Yes
16N03LC,33.133,-3.716,2016,2,No
16N03M03,33.923,-2.421,2016,3,No
16N03M05,33.849,-2.280,2016,3,No
16N03M06,33.702,-2.355,2016,3,No
16N03M08,33.909,-2.433,2016,3,No
16N03M10,32.403,-2.280,2016,3,No
16N03M11,33.106,-2.264,2016,2,No
16N03M14,33.347,-2.672,2016,2,Yes
16N03M15,33.353,-2.598,2016,2,Yes
16N03M17,33.329,-3.761,2016,3,Yes
16N03M20,33.021,-3.660,2016,2,No
16N03M22,32.679,-1.884,2016,2,Yes
16N03M25,33.071,-3.843,2016,2,No
16N03M26,33.110,-4.692,2016,2,No
16N03M28,33.008,-4.089,2016,3,Yes
16N03M30,33.195,-3.887,2016,1,No
16N040G01,33.102,-3.735,2016,2,No
16N040G02,32.994,-4.601,2016,2,No
16N040G03,33.818,-2.458,2016,3,No
16N040G04,32.745,-2.359,2016,3,No
16N040G05,32.261,-2.267,2016,2,No
16N040G07,32.701,-2.448,2016,2,No
16N041G01,33.100,-4.484,2016,3,No
16N041G02,33.402,-3.352,2016,2,No
16N041G03,33.952,-2.340,2016,3,No
16N041G04,32.685,-2.443,2016,2,No
16N041G05,32.448,-2.740,2016,2,No
16N041G07,33.210,-3.005,2016,2,No
16N042G01,33.013,-3.912,2016,2,No
16N042G02,33.418,-3.225,2016,2,No
16N042G03,33.960,-2.333,2016,3,No
16N042G04,32.755,-2.480,2016,2,No
16N042G05,32.437,-2.755,2016,2,No
16N042G07,33.327,-2.875,2016,2,No
16N043G01,32.869,-3.649,2016,3,No
16N043G02,33.348,-3.003,2016,2,No
16N043G03,33.846,-2.343,2016,3,No
16N043G04,32.683,-2.751,2016,1,No
16N043G05,32.283,-2.182,2016,2,No
16N043G07,33.081,-3.027,2016,2,No
16N044G01,32.956,-3.852,2016,2,No
16N044G02,33.415,-2.960,2016,2,No
16N044G03,33.627,-2.617,2016,2,No
16N044G04,32.703,-2.187,2016,2,No
16N044G05,32.437,-2.747,2016,2,Yes
16N044G07,32.672,-1.826,2016,,No
16N045G01,33.016,-3.915,2016,2,No
16N045G02,33.512,-3.107,2016,3,No
16N045G03,33.650,-2.572,2016,3,No
16N045G04,32.812,-2.178,2016,2,No
16N045G05,32.455,-2.721,2016,1,No
16N046G01,33.150,-3.711,2016,2,Yes
16N046G02,33.444,-3.124,2016,2,No
16N046G03,33.897,-2.526,2016,3,No
16N046G04,33.079,-2.243,2016,3,Yes
16N046G05,33.153,-2.793,2016,2,No
16N047G01,33.123,-3.703,2016,2,No
16N047G02,33.486,-3.053,2016,3,No
16N047G03,33.937,-2.567,2016,3,No
16N047G04,33.942,-2.049,2016,3,No
16N047G05,33.141,-2.993,2016,3,No
16N048G01,33.163,-3.662,2016,1,No
16N048G02,33.419,-3.061,2016,2,No
16N048G03,33.897,-2.431,2016,2,No
16N048G04,33.978,-2.290,2016,2,No
16N048G05,33.095,-2.998,2016,3,No
16N049G01,33.055,-3.676,2016,2,No
16N049G02,33.217,-3.229,2016,3,No
16N049G03,33.842,-2.288,2016,2,No
16N049G04,33.975,-2.296,2016,3,No
16N049G05,33.157,-3.043,2016,2,No
16N04M03,33.311,-2.700,2016,3,No
16N04M06,33.170,-3.082,2016,2,No
16N04M08,33.167,-2.621,2016,2,No
16N04M10,32.727,-2.154,2016,3,No
16N04M11,33.419,-2.901,2016,2,No
16N04M14,33.321,-2.882,2016,2,Yes
16N04M15,33.792,-2.477,2016,3,No
16N04M17,33.132,-4.017,2016,3,No
16N04M20,33.337,-2.875,2016,2,No
16N04M22,32.811,-2.099,2016,3,Yes
16N04M25,33.086,-3.841,2016,1,No
16N04M26,32.840,-4.846,2016,2,Yes
16N04M30,33.120,-3.804,2016,2,No
16N050G01,33.050,-3.683,2016,2,No
16N050G02,33.245,-3.195,2016,2,No
16N050G03,33.977,-2.324,2016,3,No
16N050G04,33.951,-2.298,2016,2,No
16N050G05,33.172,-3.083,2016,3,No
16N051G01,33.041,-3.681,2016,2,No
16N051G02,32.857,-4.718,2016,2,Yes
16N051G03,33.881,-2.525,2016,3,Yes
16N051G04,33.917,-2.379,2016,3,No
16N052G01,33.044,-3.701,2016,2,No
16N052G02,32.875,-4.723,2016,2,Yes
16N052G03,33.302,-2.875,2016,2,Yes
16N052G04,33.885,-2.579,2016,3,No
16N052G05,32.736,-2.128,2016,,No
16N053G01,33.042,-3.704,2016,2,No
16N053G02,32.861,-4.708,2016,1,Yes
16N053G03,33.405,-2.443,2016,3,No
16N053G04,33.980,-2.510,2016,2,No
16N054G01,32.775,-4.010,2016,2,No
16N054G02,32.901,-4.669,2016,2,No
16N054G03,33.624,-2.710,2016,2,No
16N054G04,33.850,-2.466,2016,1,No
16N055G01,33.233,-3.657,2016,2,No
16N055G02,32.897,-4.650,2016,3,No
16N055G03,33.798,-2.383,2016,3,No
16N055G04,33.838,-2.479,2016,3,No
16N056G01,33.189,-3.649,2016,2,No
16N056G02,32.844,-4.703,2016,2,Yes
16N056G03,33.654,-2.907,2016,2,No
16N056G04,33.834,-2.458,2016,2,No
16N057G01,33.137,-3.676,2016,2,No
16N057G02,33.299,-3.652,2016,2,No
16N057G03,33.627,-2.893,2016,3,Yes
16N057G04,33.845,-2.471,2016,2,No
16N058G01,33.129,-3.710,2016,1,No
16N058G02,33.214,-3.105,2016,2,Yes
16N058G03,33.841,-2.286,2016,2,No
16N058G04,33.109,-2.229,2016,3,Yes
16N059G01,32.943,-3.600,2016,2,No
16N059G02,33.231,-3.178,2016,1,No
16N059G03,33.919,-2.427,2016,2,No
16N059G04,32.981,-2.051,2016,2,No
16N05M03,33.555,-2.915,2016,3,No
16N05M05,33.143,-2.093,2016,3,No
16N05M06,32.836,-3.780,2016,2,No
16N05M08,33.158,-2.718,2016,2,No
16N05M10,32.744,-2.148,2016,3,No
16N05M11,33.142,-3.732,2016,2,No
16N05M14,33.571,-2.916,2016,2,No
16N05M15,33.940,-2.312,2016,3,Yes
16N05M17,33.463,-2.891,2016,2,No
16N05M20,33.023,-3.672,2016,2,No
16N05M22,33.477,-2.902,2016,3,Yes
16N05M25,33.273,-3.993,2016,2,No
16N05M30,33.183,-3.791,2016,2,Yes
16N060G01,32.942,-3.611,2016,2,No
16N060G02,33.193,-3.114,2016,3,Yes
16N060G03,33.726,-2.382,2016,3,No
16N060G04,32.989,-2.078,2016,3,No
16N061G01,32.944,-3.616,2016,2,No
16N061G02,33.353,-3.297,2016,2,No
16N061G03,33.828,-2.318,2016,3,No
16N061G04,32.910,-2.193,2016,2,No
16N062G01,33.039,-3.654,2016,2,No
16N062G02,33.371,-3.275,2016,1,No
16N062G03,33.829,-2.307,2016,2,No
16N062G04,32.950,-2.146,2016,2,No
16N063G01,33.148,-3.697,2016,3,Yes
16N063G02,33.406,-2.971,2016,3,No
16N063G03,33.854,-2.365,2016,3,Yes
16N063G04,33.222,-3.021,2016,3,No
16N064G01,33.191,-3.763,2016,1,No
16N064G02,33.548,-3.179,2016,2,No
16N064G03,33.845,-2.288,2016,2,No
16N064G04,33.052,-2.931,2016,3,No
16N065G01,33.126,-3.732,2016,2,Yes
16N065G02,33.147,-3.690,2016,2,Yes
16N065G03,33.938,-2.351,2016,2,No
16N065G04,32.964,-2.895,2016,2,No
16N066G01,33.246,-3.687,2016,2,No
16N066G02,33.040,-3.655,2016,2,No
16N066G03,33.967,-2.497,2016,3,No
16N066G04,32.688,-2.145,2016,3,No
16N067G01,33.232,-3.691,2016,2,Yes
16N067G02,33.095,-4.518,2016,3,No
16N067G03,33.908,-2.516,2016,3,No
16N067G04,32.683,-2.156,2016,2,Yes
16N068G01,33.206,-3.674,2016,2,No
16N068G02,33.066,-4.514,2016,3,No
16N068G03,33.342,-2.830,2016,2,Yes
16N068G04,32.993,-2.059,2016,2,Yes
16N069G01,33.198,-3.647,2016,2,No
16N069G02,33.006,-4.569,2016,1,No
16N069G03,33.332,-2.946,2016,2,No
16N069G04,33.663,-2.217,2016,3,No
16N06M03,33.631,-2.615,2016,3,No
16N06M05,33.911,-2.400,2016,2,Yes
16N06M06,33.124,-4.021,2016,3,No
16N06M08,33.347,-2.664,2016,2,No
16N06M10,32.811,-2.139,2016,2,No
16N06M11,33.137,-3.708,2016,1,No
16N06M14,33.957,-2.514,2016,3,No
16N06M15,33.950,-2.320,2016,3,No
16N06M17,33.327,-2.801,2016,3,No
16N06M20,33.067,-3.844,2016,2,No
16N06M22,32.774,-2.329,2016,2,No
16N06M25,33.322,-2.913,2016,3,No
16N06M30,33.111,-2.052,2016,3,No
16N070G01,32.745,-3.993,2016,2,No
16N070G02,33.396,-3.325,2016,2,No
16N070G03,33.373,-2.447,2016,2,No
16N070G04,33.935,-2.258,2016,3,No
16N071G01,32.989,-3.612,2016,2,No
16N071G02,33.371,-3.370,2016,2,No
16N071G03,33.654,-2.560,2016,3,No
16N071G04,33.968,-2.309,2016,3,No
16N072G01,33.013,-3.735,2016,3,No
16N072G02,32.873,-4.630,2016,2,No
16N072G04,33.964,-2.462,2016,3,No
16N073G01,33.009,-3.667,2016,1,No
16N073G02,32.856,-4.625,2016,2,No
16N073G03,33.677,-2.570,2016,3,No
16N073G04,33.962,-2.509,2016,2,No
16N074G01,33.177,-3.671,2016,2,Yes
16N074G02,32.891,-4.680,2016,1,No
16N074G03,33.899,-2.315,2016,3,No
16N074G04,33.531,-2.671,2016,3,No
16N075G01,33.196,-3.689,2016,2,No
16N075G02,32.889,-4.674,2016,2,No
16N075G03,33.902,-2.210,2016,3,No
16N075G04,33.520,-2.658,2016,2,No
16N076G01,33.209,-3.681,2016,2,No
16N076G02,32.873,-4.700,2016,2,No
16N076G03,33.953,-2.489,2016,3,No
16N076G04,32.985,-2.065,2016,1,No
16N077G01,33.215,-3.670,2016,2,No
16N077G02,32.841,-4.718,2016,1,No
16N077G03,33.978,-2.491,2016,3,No
16N077G04,32.983,-2.085,2016,2,No
16N078G01,33.247,-3.701,2016,2,No
16N078G02,32.875,-4.760,2016,2,No
16N078G03,33.883,-2.463,2016,3,No
16N078G04,32.689,-2.149,2016,2,No
16N079G01,33.261,-3.689,2016,2,No
16N079G02,32.867,-4.818,2016,2,Yes
16N079G03,33.898,-2.530,2016,2,No
16N079G04,32.839,-2.756,2016,2,No
16N07M03,33.828,-2.417,2016,2,No
16N07M05,33.571,-2.932,2016,2,Yes
16N07M06,33.131,-4.037,2016,2,Yes
16N07M08,33.358,-2.663,2016,1,No
16N07M10,32.673,-2.576,2016,3,No
16N07M11,33.126,-3.719,2016,2,No
16N07M14,33.132,-3.991,2016,3,No
16N07M15,33.173,-2.717,2016,2,No
16N07M17,33.348,-2.673,2016,3,No
16N07M20,33.223,-3.901,2016,2,Yes
16N07M22,32.692,-2.425,2016,2,No
16N07M25,33.299,-2.867,2016,2,No
16N07M30,33.151,-3.749,2016,2,Yes
16N080G01,33.006,-3.881,2016,2,No
16N080G02,33.219,-3.330,2016,2,No
16N080G03,33.647,-2.844,2016,3,No
16N080G04,32.686,-2.746,2016,3,No
16N081G01,33.083,-3.818,2016,2,No
16N081G02,32.845,-4.008,2016,2,No
16N081G03,33.914,-2.430,2016,2,Yes
16N081G04,33.218,-2.556,2016,3,No
16N082G01,33.067,-3.827,2016,2,No
16N082G02,32.744,-3.875,2016,2,No
16N082G03,33.953,-2.461,2016,2,No
16N082G04,33.214,-2.587,2016,2,Yes
16N083G01,33.090,-3.797,2016,2,No
16N083G02,32.757,-3.889,2016,2,No
16N083G03,33.745,-2.561,2016,2,No
16N083G04,33.143,-2.738,2016,2,No
16N084G01,32.962,-3.645,2016,2,No
16N084G02,33.095,-4.514,2016,2,No
16N084G03,33.879,-2.471,2016,3,Yes
16N084G04,33.108,-2.250,2016,3,Yes
16N085G01,33.209,-3.639,2016,2,No
16N085G02,33.107,-4.475,2016,3,No
16N085G03,33.931,-2.402,2016,3,No
16N085G04,33.112,-2.312,2016,3,Yes
16N086G01,33.256,-3.685,2016,2,No
16N086G02,33.189,-4.578,2016,2,No
16N086G03,33.851,-2.254,2016,2,No
16N086G04,33.387,-2.460,2016,3,No
16N087G01,33.264,-3.684,2016,2,No
16N087G02,33.297,-3.053,2016,2,No
16N087G03,33.546,-3.175,2016,3,No
16N087G04,33.533,-2.677,2016,2,No
16N088G01,32.839,-3.846,2016,2,No
16N088G02,33.234,-3.043,2016,2,No
16N088G03,33.652,-3.144,2016,1,No
16N088G04,32.763,-2.022,2016,2,No
16N089G01,33.253,-3.680,2016,1,No
16N089G02,33.262,-3.031,2016,2,No
16N089G03,33.571,-2.766,2016,3,No
16N089G04,33.161,-2.016,2016,3,No
16N08M03,33.905,-2.413,2016,2,Yes
16N08M05,33.477,-3.098,2016,1,No
16N08M06,33.561,-2.922,2016,1,No
16N08M08,33.139,-2.617,2016,1,No
16N08M10,32.916,-2.143,2016,,No
16N08M11,33.889,-2.526,2016,3,Yes
16N08M14,33.185,-3.918,2016,2,Yes
16N08M17,33.330,-2.876,2016,1,No
16N08M20,33.089,-3.784,2016,1,No
16N08M22,32.509,-2.666,2016,2,No
16N08M25,33.391,-2.641,2016,3,No
16N08M30,33.131,-3.765,2016,3,Yes
16N08M32,33.307,-2.639,2016,2,No
16N090G01,32.896,-4.035,2016,2,No
16N090G02,33.246,-3.683,2016,2,No
16N090G03,33.673,-3.069,2016,2,No
16N090G04,33.197,-2.104,2016,2,No
16N091G02,33.176,-4.441,2016,3,No
16N091G03,33.881,-2.385,2016,2,No
16N091G04,33.058,-2.720,2016,2,No
16N092G02,33.218,-3.249,2016,2,No
16N092G03,33.900,-2.386,2016,3,No
16N092G04,32.809,-2.487,2016,2,No
16N093G02,33.205,-3.220,2016,1,No
16N093G03,33.914,-2.249,2016,3,No
16N093G04,33.132,-1.988,2016,3,No
16N094G02,32.865,-4.745,2016,2,No
16N094G03,33.941,-2.340,2016,3,No
16N094G04,33.974,-2.288,2016,3,No
16N095G03,33.925,-2.556,2016,2,No
16N095G04,33.973,-2.296,2016,3,No
16N096G03,33.566,-2.858,2016,3,No
16N096G04,33.947,-2.313,2016,3,No
16N097G03,33.714,-2.822,2016,3,No
16N097G04,33.825,-2.400,2016,2,No
16N098G03,33.652,-2.749,2016,2,No
16N098G04,33.900,-2.395,2016,3,No
16N099G03,33.900,-2.409,2016,3,No
16N099G04,33.913,-2.392,2016,3,No
16N09M03,33.878,-2.471,2016,3,No
16N09M05,32.745,-4.895,2016,,No
16N09M06,33.528,-2.959,2016,3,No
16N09M08,33.169,-2.678,2016,2,No
16N09M10,32.827,-2.166,2016,3,No
16N09M11,33.918,-2.540,2016,2,Yes
16N09M14,33.151,-4.066,2016,2,No
16N09M17,33.185,-2.706,2016,3,No
16N09M20,33.853,-2.508,2016,2,Yes
16N09M22,32.546,-2.373,2016,2,No
16N09M25,32.825,-4.167,2016,2,No
16N09M30,33.102,-3.741,2016,3,No
16N09M32,33.254,-2.627,2016,3,No
16N100G03,33.912,-2.394,2016,2,No
16N100G04,33.929,-2.417,2016,3,No
16N101G03,33.829,-2.574,2016,3,Yes
16N101G04,33.904,-2.531,2016,2,No
16N102G03,33.865,-2.601,2016,3,Yes
16N102G04,33.975,-2.524,2016,3,No
16N103G03,33.909,-2.542,2016,2,No
16N103G04,33.980,-2.499,2016,4,No
16N104G03,33.966,-2.535,2016,2,No
16N104G04,33.920,-2.409,2016,2,No
16N105G03,33.963,-2.489,2016,3,No
16N105G04,33.195,-2.505,2016,3,No
16N106G03,33.962,-2.501,2016,3,No
16N106G04,32.996,-2.114,2016,2,No
16N107G03,33.908,-2.438,2016,3,No
16N107G04,33.960,-2.295,2016,3,No
16N108G03,33.951,-2.410,2016,2,No
16N108G04,34.045,-2.256,2016,4,No
16N109G03,33.948,-2.417,2016,3,No
16N109G04,33.936,-2.381,2016,3,No
16N10M03,33.483,-2.920,2016,3,No
16N10M06,33.752,-2.818,2016,3,No
16N10M08,33.214,-2.655,2016,3,No
16N10M10,33.962,-2.501,2016,2,No
16N10M11,33.845,-2.365,2016,3,No
16N10M14,33.110,-2.281,2016,2,No
16N10M15,33.361,-2.970,2016,3,No
16N10M17,33.144,-2.659,2016,2,No
16N10M20,33.854,-2.464,2016,3,No
16N10M22,33.806,-2.444,2016,2,No
16N10M25,33.045,-3.669,2016,2,No
16N10M30,33.116,-3.749,2016,2,Yes
16N110G03,33.807,-2.386,2016,2,No
16N110G04,33.904,-2.388,2016,2,No
16N111G03,33.848,-2.317,2016,3,No
16N111G04,33.913,-2.395,2016,2,No
16N112G03,33.742,-2.752,2016,2,No
16N112G04,33.897,-2.411,2016,2,No
16N113G03,33.969,-2.280,2016,3,No
16N113G04,33.945,-2.329,2016,2,No
16N114G03,33.951,-2.209,2016,2,No
16N114G04,33.444,-2.516,2016,2,No
16N115G03,33.953,-2.227,2016,2,No
16N115G04,33.103,-2.450,2016,2,Yes
16N116G03,33.913,-2.406,2016,3,No
16N116G04,33.099,-2.480,2016,2,No
16N117G03,33.915,-2.403,2016,4,No
16N117G04,32.816,-2.460,2016,3,No
16N118G03,33.957,-2.414,2016,3,No
16N118G04,32.738,-2.015,2016,2,No
16N119G03,33.957,-2.402,2016,3,No
16N119G04,33.862,-2.253,2016,2,No
16N11M03,33.820,-2.750,2016,2,Yes
16N11M06,33.186,-4.490,2016,3,No
16N11M10,33.280,-2.925,2016,2,Yes
16N11M11,33.892,-2.341,2016,1,No
16N11M14,33.963,-2.362,2016,3,No
16N11M15,33.955,-2.304,2016,3,No
16N11M17,33.360,-2.682,2016,2,No
16N11M20,33.458,-2.930,2016,3,No
16N11M22,33.644,-2.847,2016,,No
16N11M25,32.845,-3.931,2016,2,No
16N11M30,33.143,-3.693,2016,2,No
16N120G03,33.908,-2.434,2016,3,No
16N120G04,33.954,-2.321,2016,3,No
16N121G03,33.922,-2.461,2016,,No
16N121G04,33.949,-2.329,2016,2,No
16N122G03,33.855,-2.514,2016,3,No
16N122G04,33.953,-2.336,2016,3,No
16N123G03,33.591,-2.861,2016,3,No
16N123G04,33.945,-2.325,2016,2,No
16N124G03,33.661,-2.748,2016,3,No
16N124G04,33.910,-2.438,2016,3,Yes
16N125G03,33.927,-2.427,2016,3,No
16N125G04,33.892,-2.446,2016,3,No
16N126G03,33.930,-2.431,2016,3,No
16N126G04,33.991,-2.501,2016,3,No
16N127G03,33.894,-2.346,2016,3,No
16N127G04,33.807,-2.368,2016,3,No
16N128G03,33.880,-2.356,2016,3,No
16N128G04,33.805,-2.380,2016,3,No
16N129G03,33.872,-2.325,2016,3,No
16N12M03,33.308,-3.754,2016,2,Yes
16N12M06,33.354,-3.840,2016,2,Yes
16N12M08,33.296,-3.941,2016,2,No
16N12M10,33.261,-2.934,2016,2,Yes
16N12M11,33.903,-2.349,2016,1,No
16N12M14,33.651,-2.503,2016,2,No
16N12M17,33.093,-4.520,2016,3,No
16N12M20,33.110,-3.798,2016,2,No
16N12M25,33.369,-2.817,2016,2,No
16N12M30,33.125,-4.669,2016,2,No
16N12M32,33.524,-2.772,2016,3,No
16N130G03,33.852,-2.463,2016,1,No
16N131G03,33.820,-2.431,2016,3,No
16N132G03,33.912,-2.387,2016,2,No
16N133G03,33.862,-2.479,2016,2,No
16N134G03,33.767,-2.925,2016,2,No
16N135G03,33.670,-2.565,2016,3,No
16N136G03,33.624,-2.601,2016,2,No
16N137G03,33.577,-2.599,2016,2,No
16N138G03,33.978,-2.539,2016,,No
16N139G03,33.919,-2.251,2016,3,No
16N13M03,33.273,-2.871,2016,2,Yes
16N13M06,33.254,-3.680,2016,2,No
16N13M08,33.308,-3.952,2016,2,No
16N13M10,33.130,-2.990,2016,3,Yes
16N13M11,33.110,-3.796,2016,2,No
16N13M14,33.340,-2.680,2016,2,No
16N13M17,33.123,-3.703,2016,1,No
16N13M20,33.138,-3.722,2016,2,Yes
16N13M25,33.198,-2.712,2016,3,No
16N13M30,33.922,-2.357,2016,3,No
16N13M32,33.291,-2.720,2016,3,No
16N140G03,33.849,-2.299,2016,3,No
16N141G03,33.849,-2.277,2016,2,No
16N142G03,33.919,-2.406,2016,2,No
16N143G03,33.963,-2.486,2016,3,No
16N144G03,33.896,-2.605,2016,3,No
16N145G03,33.470,-2.524,2016,2,No
16N146G03,33.449,-2.545,2016,2,No
16N147G03,33.455,-2.517,2016,2,No
16N148G03,33.640,-2.629,2016,3,No
16N149G03,33.676,-2.585,2016,3,No
16N14M03,33.850,-2.278,2016,2,No
16N14M06,33.188,-4.630,2016,3,No
16N14M08,33.251,-3.670,2016,,No
16N14M11,33.616,-3.519,2016,3,No
16N14M14,33.339,-2.656,2016,3,No
16N14M15,33.240,-2.675,2016,3,No
16N14M17,33.135,-3.731,2016,2,Yes
16N14M20,33.149,-3.704,2016,2,No
16N14M25,33.981,-2.311,2016,3,No
16N14M30,33.128,-3.773,2016,3,No
16N150G03,33.674,-2.897,2016,3,No
16N151G03,33.716,-2.862,2016,2,No
16N152G03,33.719,-2.732,2016,3,No
16N153G03,33.697,-3.168,2016,2,No
16N154G03,33.685,-2.419,2016,3,No
16N155G03,33.695,-2.407,2016,3,No
16N156G03,33.843,-2.289,2016,2,No
16N157G03,33.849,-2.283,2016,1,No
16N158G03,33.889,-2.384,2016,3,No
16N159G03,33.907,-2.384,2016,3,No
16N15M06,33.316,-2.708,2016,3,No
16N15M08,33.296,-3.947,2016,2,Yes
16N15M11,33.132,-3.813,2016,2,No
16N15M14,33.639,-2.527,2016,2,No
16N15M15,33.559,-2.745,2016,3,No
16N15M17,33.596,-2.662,2016,3,No
16N15M20,33.198,-3.926,2016,2,No
16N15M25,33.114,-3.723,2016,2,No
16N15M30,33.122,-3.716,2016,1,No
16N160G03,33.919,-2.433,2016,3,No
16N161G03,33.930,-2.543,2016,3,Yes
16N162G03,33.923,-2.537,2016,3,No
16N163G03,33.916,-2.543,2016,2,No
16N164G03,33.899,-2.428,2016,3,No
16N165G03,33.668,-2.880,2016,2,No
16N166G03,33.571,-2.625,2016,2,No
16N167G03,33.458,-2.408,2016,3,No
16N168G03,33.633,-2.730,2016,3,No
16N169G03,33.945,-2.371,2016,3,No
16N16M06,33.278,-2.602,2016,2,No
16N16M08,33.056,-2.852,2016,2,Yes
16N16M11,33.893,-2.405,2016,3,Yes
16N16M14,33.334,-2.707,2016,2,No
16N16M15,33.300,-2.856,2016,3,No
16N16M17,33.351,-2.661,2016,3,No
16N16M20,33.811,-2.423,2016,3,No
16N16M25,33.809,-2.439,2016,3,No
16N16M30,33.126,-3.737,2016,2,Yes
16N170G03,33.940,-2.379,2016,3,No
16N171G03,33.944,-2.401,2016,2,No
16N172G03,33.927,-2.345,2016,2,No
16N173G03,33.807,-2.600,2016,2,No
16N174G03,33.825,-2.488,2016,3,No
16N175G03,33.947,-2.497,2016,4,No
16N176G03,33.982,-2.509,2016,3,No
16N177G03,33.709,-2.784,2016,2,No
16N178G03,33.672,-2.365,2016,2,No
16N179G03,33.728,-2.404,2016,2,No
16N17M06,33.242,-2.410,2016,2,No
16N17M08,32.834,-2.168,2016,2,No
16N17M11,33.292,-2.881,2016,2,No
16N17M14,33.097,-3.816,2016,2,No
16N17M15,33.167,-2.614,2016,3,Yes
16N17M17,33.088,-4.564,2016,2,No
16N17M20,33.700,-3.095,2016,2,No
16N17M25,33.908,-2.388,2016,2,No
16N17M30,33.124,-3.738,2016,1,No
16N180G03,33.885,-2.440,2016,3,No
16N181G03,33.836,-2.403,2016,2,No
16N182G03,33.819,-2.432,2016,3,No
16N183G03,33.783,-2.440,2016,2,No
16N184G03,33.939,-2.256,2016,2,No
16N185G03,33.904,-2.426,2016,3,Yes
16N186G03,33.903,-2.537,2016,3,No
16N187G03,33.754,-2.429,2016,2,No
16N188G03,33.774,-2.424,2016,3,No
16N189G03,33.723,-2.380,2016,3,No
16N18M06,33.700,-2.876,2016,3,No
16N18M11,33.133,-3.820,2016,2,No
16N18M14,33.909,-2.429,2016,3,Yes
16N18M15,33.286,-2.771,2016,3,Yes
16N18M17,33.515,-2.923,2016,2,No
16N18M20,33.824,-2.426,2016,2,No
16N18M25,33.922,-2.513,2016,2,No
16N18M30,33.238,-2.395,2016,2,No
16N190G03,33.725,-2.364,2016,3,No
16N191G03,33.738,-2.383,2016,2,No
16N192G03,33.623,-2.727,2016,2,No
16N193G03,33.976,-2.494,2016,3,No
16N194G03,33.955,-2.390,2016,3,No
16N195G03,33.955,-2.369,2016,3,No
16N196G03,33.946,-2.339,2016,3,No
16N197G03,33.968,-2.344,2016,2,No
16N198G03,33.891,-2.397,2016,3,No
16N199G03,33.901,-2.436,2016,3,No
16N19M06,33.902,-2.338,2016,3,No
16N19M11,33.310,-2.652,2016,3,Yes
16N19M14,33.969,-2.363,2016,3,Yes
16N19M15,33.266,-2.772,2016,3,No
16N19M17,33.944,-2.373,2016,3,No
16N19M20,33.263,-2.660,2016,2,Yes
16N19M25,33.944,-2.343,2016,2,No
16N19M30,33.556,-2.674,2016,2,Yes
16N200G03,33.919,-2.250,2016,2,No
16N201G03,33.927,-2.264,2016,2,No
16N202G03,33.945,-2.358,2016,3,No
16N203G03,33.950,-2.344,2016,3,No
16N204G03,33.920,-2.380,2016,3,No
16N205G03,33.944,-2.399,2016,1,No
16N206G03,33.873,-2.428,2016,1,No
16N207G03,33.678,-2.362,2016,3,No
16N208G03,33.694,-2.311,2016,2,No
16N209G03,33.738,-2.199,2016,3,No
16N20M06,33.158,-3.699,2016,2,No
16N20M11,33.120,-4.004,2016,2,No
16N20M14,33.758,-2.829,2016,3,Yes
16N20M17,33.959,-2.366,2016,3,No
16N20M20,33.285,-2.868,2016,3,No
16N20M25,33.938,-2.315,2016,,No
16N20M30,33.135,-4.468,2016,3,No
16N20M32,33.434,-2.849,2016,2,No
16N210G03,33.786,-2.914,2016,2,Yes
16N211G03,33.821,-2.458,2016,2,No
16N212G03,33.816,-2.424,2016,2,No
16N213G03,33.912,-2.387,2016,2,No
16N214G03,33.946,-2.213,2016,3,No
16N215G03,33.752,-2.338,2016,3,No
16N216G03,33.564,-2.783,2016,3,No
16N217G03,33.744,-2.799,2016,3,No
16N218G03,33.646,-2.734,2016,3,No
16N219G03,33.636,-2.734,2016,2,Yes
16N21M06,33.218,-3.643,2016,2,No
16N21M11,33.204,-3.738,2016,2,No
16N21M14,33.253,-2.656,2016,2,No
16N21M17,33.162,-3.717,2016,2,No
16N21M20,33.281,-2.874,2016,2,No
16N21M25,33.709,-2.362,2016,2,Yes
16N21M30,33.124,-4.472,2016,2,Yes
16N21M32,33.289,-2.924,2016,3,No
16N220G03,33.624,-2.608,2016,2,Yes
16N221G03,33.889,-2.519,2016,3,No
16N222G03,33.962,-2.329,2016,3,No
16N223G03,33.959,-2.349,2016,3,No
16N224G03,33.965,-2.348,2016,3,No
16N225G03,33.857,-2.431,2016,3,No
16N226G03,33.825,-2.434,2016,2,No
16N227G03,33.793,-2.434,2016,3,No
16N228G03,33.775,-2.426,2016,3,No
16N229G03,33.709,-2.856,2016,3,Yes
16N22M06,33.041,-4.253,2016,3,No
16N22M11,33.200,-4.571,2016,,No
16N22M14,33.212,-4.584,2016,3,Yes
16N22M17,33.890,-2.554,2016,,No
16N22M20,33.206,-4.559,2016,3,No
16N22M25,33.778,-2.248,2016,2,No
16N22M32,33.307,-2.697,2016,2,No
16N230G03,33.903,-2.435,2016,2,No
16N231G03,33.903,-2.431,2016,3,No
16N232G03,33.888,-2.446,2016,2,No
16N233G03,33.675,-2.885,2016,2,Yes
16N234G03,33.488,-2.554,2016,2,No
16N235G03,33.620,-2.514,2016,2,No
16N236G03,33.616,-2.533,2016,3,No
16N237G03,33.612,-2.760,2016,2,No
16N238G03,33.732,-3.158,2016,3,No
16N239G03,33.824,-2.484,2016,3,No
16N23M06,33.047,-4.247,2016,2,No
16N23M11,33.068,-4.469,2016,2,No
16N23M14,33.162,-4.518,2016,2,No
16N23M20,33.082,-4.622,2016,1,No
16N23M25,33.336,-2.946,2016,2,No
16N23M30,33.112,-4.474,2016,2,Yes
16N23M32,33.179,-2.421,2016,3,No
16N240G03,33.936,-2.339,2016,2,No
16N241G03,33.792,-2.417,2016,2,No
16N242G03,33.696,-2.607,2016,3,No
16N243G03,33.500,-2.472,2016,2,No
16N244G03,33.630,-2.540,2016,2,Yes
16N245G03,33.688,-2.612,2016,1,No
16N246G03,33.690,-2.609,2016,2,No
16N247G03,33.761,-2.563,2016,3,No
16N248G03,33.956,-2.521,2016,3,No
16N249G03,33.899,-2.249,2016,2,No
16N24M06,33.166,-4.513,2016,2,No
16N24M11,33.104,-4.533,2016,2,No
16N24M14,33.161,-4.512,2016,3,No
16N24M15,33.820,-2.578,2016,2,Yes
16N24M17,33.983,-2.284,2016,3,Yes
16N24M20,33.092,-4.705,2016,2,No
16N24M25,33.692,-2.612,2016,3,Yes
16N24M30,33.187,-4.492,2016,3,No
16N250G03,33.899,-2.423,2016,3,No
16N251G03,33.728,-3.055,2016,3,No
16N252G03,33.815,-2.793,2016,3,No
16N253G03,33.656,-2.573,2016,2,Yes
16N254G03,33.624,-2.767,2016,3,No
16N255G03,33.639,-2.891,2016,2,No
16N256G03,33.567,-2.742,2016,2,Yes
16N257G03,33.962,-2.486,2016,2,Yes
16N258G03,33.925,-2.549,2016,2,Yes
16N259G03,33.704,-2.580,2016,1,No
16N25M06,33.182,-4.517,2016,3,No
16N25M11,32.987,-4.544,2016,2,No
16N25M15,33.625,-2.999,2016,3,No
16N25M17,33.810,-2.600,2016,3,No
16N25M20,32.745,-4.888,2016,2,No
16N25M25,33.267,-3.996,2016,1,Yes
16N25M30,33.177,-4.495,2016,2,No
16N260G03,33.643,-2.601,2016,3,No
16N261G03,33.886,-2.581,2016,2,No
16N262G03,33.908,-2.531,2016,2,No
16N263G03,33.899,-2.414,2016,2,No
16N264G03,33.931,-2.362,2016,2,No
16N265G03,33.878,-2.266,2016,3,No
16N266G03,33.639,-2.900,2016,2,No
16N267G03,33.629,-2.725,2016,2,No
16N268G03,33.640,-3.096,2016,2,No
16N269G03,33.836,-2.488,2016,2,No
16N26M06,32.874,-4.771,2016,3,No
16N26M11,32.841,-3.919,2016,2,No
16N26M15,33.896,-2.409,2016,3,No
16N26M17,34.007,-2.266,2016,3,No
16N26M20,33.642,-2.676,2016,2,No
16N26M25,33.013,-3.650,2016,,No
16N26M30,33.949,-2.375,2016,3,No
16N270G03,33.822,-2.486,2016,1,No
16N271G03,34.053,-2.271,2016,2,No
16N272G03,33.896,-2.377,2016,3,No
16N274G03,33.659,-2.659,2016,2,Yes
16N275G03,33.568,-2.911,2016,3,No
16N276G03,33.505,-2.718,2016,2,No
16N277G03,33.619,-2.712,2016,2,No
16N278G03,33.610,-2.727,2016,3,No
16N279G03,33.896,-2.405,2016,2,No
16N27M06,33.155,-4.030,2016,1,No
16N27M11,33.349,-3.105,2016,,No
16N27M15,33.258,-2.650,2016,2,Yes
16N27M17,33.981,-2.505,2016,2,Yes
16N27M20,33.704,-2.650,2016,2,Yes
16N27M25,32.969,-3.924,2016,,No
16N27M30,33.476,-3.047,2016,2,No
16N280G03,33.988,-2.493,2016,2,No
16N281G03,33.953,-2.489,2016,1,No
16N282G03,33.960,-2.314,2016,2,No
16N283G03,33.441,-3.100,2016,2,No
16N284G03,33.842,-2.279,2016,2,No
16N285G03,33.907,-2.412,2016,2,No
16N28M06,32.832,-4.732,2016,2,No
16N28M11,33.768,-2.812,2016,2,No
16N28M15,33.195,-2.520,2016,1,No
16N28M17,33.946,-2.519,2016,,No
16N28M20,32.925,-4.905,2016,,No
16N29M06,32.854,-4.724,2016,1,No
16N29M15,33.247,-2.258,2016,3,No
16N29M20,33.155,-4.613,2016,2,No
16N30M06,32.872,-4.734,2016,2,No
16N30M15,33.219,-2.389,2016,3,No
16N30M17,33.728,-2.345,2016,2,No
16N30M20,33.178,-4.616,2016,2,Yes
16N31M06,32.875,-4.729,2016,2,Yes
16N31M17,33.816,-2.457,2016,3,No
16N31M20,33.857,-2.364,2016,2,No
16N31M32,33.289,-2.698,2016,3,No
16N32M06,33.089,-4.525,2016,3,Yes
16N32M17,33.903,-2.368,2016,3,Yes
16N32M20,33.942,-2.310,2016,1,No
16N32M32,33.913,-2.310,2016,3,No
16N33M06,33.079,-4.515,2016,3,No
16N33M17,33.945,-2.368,2016,2,No
16N33M20,33.962,-2.299,2016,2,No
16N33M32,33.849,-2.544,2016,3,No
16N34M06,33.192,-4.621,2016,3,No
16N34M17,33.864,-2.333,2016,,No
16N35M06,32.902,-4.676,2016,2,No
16N35M15,33.945,-2.354,2016,2,No
16N35M17,33.859,-2.365,2016,2,No
16N36M06,32.844,-4.654,2016,2,No
16N36M15,33.845,-2.488,2016,2,No
16N36M17,33.849,-2.333,2016,2,No
16N37M06,33.562,-2.918,2016,2,No
16N37M15,33.075,-3.024,2016,3,Yes
16N37M17,33.202,-2.536,2016,2,No
16N38M06,33.306,-2.867,2016,1,Yes
16N38M15,33.091,-2.995,2016,2,No
16N38M17,33.106,-2.467,2016,2,Yes
16N39M06,33.545,-2.940,2016,3,No
16N39M15,33.101,-2.958,2016,3,No
16N39M17,33.034,-2.577,2016,1,Yes
16N40M06,33.260,-2.215,2016,3,No
16N40M32,33.283,-2.875,2016,2,No
16N41M06,33.980,-2.309,2016,,No
16N41M32,33.342,-2.712,2016,2,Yes
16N42M32,33.623,-2.546,2016,3,No
16N43M32,33.130,-2.926,2016,3,No
16N44M32,33.161,-2.891,2016,3,No
16N45M32,33.767,-2.496,2016,2,Yes
16N46M32,33.823,-2.426,2016,2,No
16N47M32,33.761,-2.744,2016,2,No
16N48M32,33.123,-3.005,2016,3,No
16N49M32,33.034,-3.103,2016,,No
16N50M15,33.876,-2.369,2016,2,No
16N51M15,33.860,-2.297,2016,2,No
16N52M15,33.870,-2.576,2016,3,No
16N53M15,33.115,-2.281,2016,2,No
17N001G01,32.832,-3.746,2017,3,Yes
17N001G02,33.471,-3.236,2017,3,No
17N001G03,33.638,-2.901,2017,3,No
17N001G04,32.687,-2.103,2017,3,No
17N001G05,32.783,-2.185,2017,2,No
17N001G06,32.459,-2.721,2017,2,No
17N001G07,32.209,-2.325,2017,3,No
17N001G08,32.697,-2.367,2017,3,No
17N001G11,29.868,-6.753,2017,2,No
17N001G12,30.180,-6.869,2017,1,No
17N002G01,32.934,-3.610,2017,2,No
17N002G02,33.476,-3.184,2017,3,No
17N002G03,33.896,-2.426,2017,3,No
17N002G04,32.366,-2.171,2017,3,Yes
17N002G05,32.679,-2.805,2017,3,No
17N002G06,32.206,-2.318,2017,3,No
17N002G07,32.205,-2.325,2017,3,No
17N002G08,32.689,-2.433,2017,3,No
17N002G11,29.857,-6.704,2017,2,No
17N003G01,32.863,-3.764,2017,2,Yes
17N003G02,33.365,-3.195,2017,2,No
17N003G03,33.717,-3.072,2017,3,No
17N003G04,32.861,-2.174,2017,3,No
17N003G05,32.674,-2.759,2017,2,No
17N003G06,32.418,-2.206,2017,2,No
17N003G07,32.202,-2.325,2017,2,No
17N003G08,32.690,-2.435,2017,3,No
17N003G11,29.816,-6.616,2017,2,Yes
17N004G01,32.799,-3.897,2017,2,No
17N004G02,33.266,-3.263,2017,3,No
17N004G03,33.382,-3.194,2017,3,No
17N004G04,32.361,-2.144,2017,3,No
17N004G05,32.556,-2.273,2017,3,Yes
17N004G06,32.683,-2.356,2017,3,No
17N004G07,32.238,-2.248,2017,4,Yes
17N004G08,32.883,-2.650,2017,3,No
17N004G11,29.867,-6.717,2017,2,No
17N005G01,33.034,-3.943,2017,2,Yes
17N005G02,33.226,-3.310,2017,3,No
17N005G03,33.366,-2.678,2017,3,No
17N005G04,32.679,-2.130,2017,3,No
17N005G05,32.180,-2.716,2017,2,No
17N005G06,32.684,-2.407,2017,3,No
17N005G07,32.455,-2.722,2017,3,No
17N005G08,32.736,-2.413,2017,2,No
17N005G11,29.829,-6.788,2017,2,Yes
17N006G01,32.746,-3.994,2017,2,No
17N006G02,33.250,-3.294,2017,3,No
17N006G03,33.919,-2.525,2017,3,No
17N006G04,32.679,-2.155,2017,3,No
17N006G05,32.708,-2.450,2017,3,No
17N006G06,33.014,-2.629,2017,2,No
17N006G07,32.232,-2.237,2017,3,No
17N006G08,32.761,-2.374,2017,3,No
17N006G11,29.908,-6.744,2017,2,Yes
17N007G01,33.137,-3.676,2017,3,No
17N007G02,33.374,-3.199,2017,3,No
17N007G03,33.966,-2.466,2017,3,No
17N007G04,32.810,-2.463,2017,3,No
17N007G05,33.055,-2.852,2017,3,No
17N007G06,32.881,-2.655,2017,3,Yes
17N007G07,32.645,-1.648,2017,2,No
17N007G08,32.622,-2.408,2017,3,No
17N007G11,29.749,-6.812,2017,2,No
17N008G01,32.847,-4.031,2017,3,No
17N008G02,33.452,-3.245,2017,3,No
17N008G03,33.554,-2.987,2017,3,No
17N008G04,32.814,-2.464,2017,3,No
17N008G05,33.044,-2.937,2017,2,No
17N008G06,32.790,-2.577,2017,3,Yes
17N008G07,32.460,-1.468,2017,3,No
17N008G08,32.618,-2.409,2017,3,No
17N008G11,29.868,-6.694,2017,2,Yes
17N009G01,32.890,-4.021,2017,2,No
17N009G02,33.282,-3.308,2017,3,No
17N009G03,33.329,-3.000,2017,3,No
17N009G04,32.787,-2.143,2017,3,No
17N009G05,32.697,-2.824,2017,3,No
17N009G06,32.563,-2.259,2017,2,No
17N009G07,32.268,-1.600,2017,2,No
17N009G08,32.622,-2.399,2017,2,No
17N010G01,32.956,-3.847,2017,,No
17N010G02,33.663,-3.508,2017,3,No
17N010G03,33.267,-2.472,2017,3,No
17N010G04,32.722,-2.164,2017,2,No
17N010G05,32.684,-2.811,2017,3,No
17N010G06,32.285,-2.298,2017,3,No
17N010G07,32.518,-1.412,2017,2,Yes
17N010G08,32.892,-2.655,2017,3,No
17N011G01,33.251,-3.686,2017,2,No
17N011G02,33.749,-3.497,2017,3,No
17N011G03,33.465,-2.544,2017,2,No
17N011G04,32.728,-2.140,2017,3,No
17N011G05,32.760,-2.389,2017,3,No
17N011G06,32.555,-2.342,2017,3,No
17N011G07,32.392,-2.276,2017,3,Yes
17N011G08,33.219,-2.504,2017,3,No
17N012G01,33.216,-3.641,2017,2,No
17N012G02,33.332,-3.642,2017,2,No
17N012G03,33.650,-3.147,2017,3,No
17N012G04,32.740,-2.112,2017,3,No
17N012G05,33.127,-3.008,2017,3,No
17N012G06,32.527,-1.418,2017,2,No
17N012G07,32.507,-1.414,2017,3,No
17N012G08,33.263,-2.657,2017,2,No
17N013G01,33.221,-3.657,2017,3,No
17N013G02,33.682,-3.435,2017,3,No
17N013G03,33.760,-2.928,2017,2,No
17N013G04,32.780,-2.159,2017,3,No
17N013G05,33.118,-3.034,2017,3,No
17N013G06,32.241,-2.260,2017,3,No
17N013G07,32.539,-1.388,2017,3,Yes
17N013G08,32.855,-2.555,2017,3,No
17N014G01,33.002,-3.666,2017,3,No
17N014G02,33.374,-3.204,2017,2,No
17N014G03,33.659,-2.732,2017,3,No
17N014G04,32.361,-2.168,2017,3,No
17N014G05,33.053,-3.064,2017,3,No
17N014G06,33.406,-2.417,2017,3,No
17N014G07,32.397,-2.669,2017,3,No
17N014G08,32.680,-2.398,2017,3,No
17N015G01,33.012,-3.646,2017,3,No
17N015G02,33.370,-3.112,2017,2,No
17N015G03,33.888,-2.411,2017,3,No
17N015G04,32.688,-2.350,2017,3,No
17N015G05,33.019,-3.057,2017,2,No
17N015G06,33.381,-2.895,2017,3,No
17N015G07,32.173,-2.930,2017,2,No
17N015G08,32.683,-2.452,2017,3,No
17N016G01,32.904,-3.555,2017,2,No
17N016G02,33.263,-3.228,2017,2,No
17N016G03,33.879,-2.450,2017,3,No
17N016G04,32.685,-2.342,2017,2,No
17N016G05,32.884,-3.102,2017,3,No
17N016G06,33.050,-2.645,2017,2,No
17N016G07,32.542,-1.390,2017,2,No
17N016G08,32.763,-2.372,2017,3,No
17N017G01,32.831,-4.023,2017,2,No
17N017G02,33.271,-3.295,2017,3,No
17N017G03,33.347,-3.045,2017,2,No
17N017G04,32.789,-2.470,2017,2,No
17N017G05,32.203,-2.321,2017,2,No
17N017G06,33.178,-2.722,2017,2,No
17N017G07,32.542,-1.416,2017,1,No
17N017G08,32.743,-2.412,2017,3,No
17N018G01,32.885,-4.050,2017,2,No
17N018G02,33.242,-3.322,2017,2,No
17N018G03,33.292,-2.881,2017,3,Yes
17N018G04,32.755,-2.285,2017,3,No
17N018G05,32.641,-1.673,2017,3,No
17N018G06,32.773,-2.619,2017,2,No
17N018G07,32.289,-1.639,2017,2,No
17N018G08,32.756,-2.432,2017,3,No
17N019G01,32.851,-3.918,2017,2,No
17N019G02,33.130,-3.717,2017,1,No
17N019G03,33.701,-3.127,2017,3,No
17N019G04,32.803,-2.151,2017,3,No
17N019G05,32.756,-2.705,2017,3,No
17N019G06,33.396,-2.657,2017,3,No
17N019G07,32.538,-1.406,2017,2,No
17N019G08,33.175,-2.523,2017,1,No
17N01LC,33.241,-3.657,2017,2,No
17N01M05,33.261,-3.688,2017,2,Yes
17N01M06,32.871,-4.717,2017,2,No
17N01M08,33.221,-4.058,2017,2,No
17N01M10,32.164,-2.936,2017,3,No
17N01M11,33.138,-4.007,2017,2,No
17N01M14,33.278,-3.803,2017,2,No
17N01M16,33.274,-3.969,2017,3,Yes
17N01M17,33.140,-4.015,2017,3,No
17N01M18,32.930,-4.901,2017,3,No
17N01M20,33.494,-3.569,2017,2,No
17N01M21,33.023,-4.816,2017,3,No
17N01M22,32.191,-2.852,2017,1,No
17N01M25,32.817,-4.174,2017,3,No
17N01M26,33.117,-4.483,2017,,No
17N01M30,33.233,-3.903,2017,2,No
17N01M32,33.078,-2.839,2017,2,No
17N020G01,32.828,-3.911,2017,2,No
17N020G02,33.318,-3.354,2017,3,No
17N020G03,33.670,-2.880,2017,2,No
17N020G04,32.850,-2.142,2017,3,No
17N020G05,32.713,-3.145,2017,3,No
17N020G06,32.419,-2.332,2017,3,No
17N020G07,32.454,-1.473,2017,2,No
17N020G08,33.218,-2.563,2017,3,Yes
17N021G01,32.827,-3.839,2017,3,No
17N021G02,33.264,-3.254,2017,3,No
17N021G03,33.674,-2.862,2017,3,No
17N021G04,32.852,-2.180,2017,3,No
17N021G05,32.971,-2.848,2017,3,No
17N021G06,32.771,-2.613,2017,2,No
17N021G07,32.531,-1.414,2017,1,No
17N021G08,32.644,-2.119,2017,2,No
17N022G01,32.868,-3.713,2017,2,No
17N022G02,33.302,-3.189,2017,3,No
17N022G03,33.800,-2.781,2017,2,No
17N022G04,32.726,-2.176,2017,3,No
17N022G05,32.951,-2.903,2017,3,No
17N022G06,33.067,-2.705,2017,3,No
17N022G07,32.442,-2.762,2017,3,No
17N022G08,32.668,-2.141,2017,2,No
17N023G01,33.004,-3.661,2017,3,No
17N023G02,33.364,-3.208,2017,3,No
17N023G03,33.883,-2.578,2017,3,No
17N023G04,32.706,-2.113,2017,3,No
17N023G05,33.132,-2.926,2017,2,No
17N023G06,33.374,-2.657,2017,3,No
17N023G07,32.503,-1.412,2017,3,No
17N023G08,32.686,-2.137,2017,3,No
17N024G01,33.160,-3.633,2017,2,No
17N024G02,33.365,-3.226,2017,2,No
17N024G03,33.889,-2.570,2017,3,Yes
17N024G04,32.805,-2.326,2017,3,No
17N024G05,33.127,-2.940,2017,3,No
17N024G06,33.027,-2.616,2017,2,No
17N024G07,33.259,-2.583,2017,2,No
17N024G08,32.678,-2.178,2017,2,No
17N025G01,33.229,-3.696,2017,2,No
17N025G02,33.279,-3.137,2017,2,No
17N025G03,33.887,-2.532,2017,3,No
17N025G04,32.988,-2.103,2017,3,No
17N025G05,33.179,-3.079,2017,3,No
17N025G06,32.194,-2.327,2017,1,No
17N025G07,33.263,-2.584,2017,1,No
17N025G08,32.778,-2.354,2017,3,No
17N026G01,33.096,-3.818,2017,2,No
17N026G02,33.270,-3.163,2017,2,No
17N026G03,33.557,-2.946,2017,3,Yes
17N026G04,32.728,-2.167,2017,3,No
17N026G05,33.317,-2.887,2017,3,No
17N026G06,32.598,-1.479,2017,3,No
17N026G07,32.294,-1.670,2017,2,No
17N026G08,32.776,-2.368,2017,2,No
17N027G01,33.216,-3.672,2017,2,No
17N027G02,33.288,-3.172,2017,3,No
17N027G03,33.639,-2.882,2017,3,No
17N027G04,33.000,-2.077,2017,3,No
17N027G05,32.304,-2.340,2017,3,No
17N027G06,33.057,-2.307,2017,3,No
17N027G07,32.544,-1.382,2017,3,No
17N027G08,32.779,-2.389,2017,2,No
17N028G01,33.221,-3.664,2017,3,No
17N028G02,33.755,-3.474,2017,3,No
17N028G03,33.822,-2.348,2017,3,No
17N028G04,32.829,-2.485,2017,2,No
17N028G05,32.442,-2.211,2017,2,No
17N028G06,33.052,-2.326,2017,3,No
17N028G07,32.538,-1.434,2017,2,No
17N028G08,32.786,-2.405,2017,3,No
17N029G01,33.038,-3.678,2017,3,No
17N029G02,33.217,-3.687,2017,2,No
17N029G03,33.935,-2.226,2017,3,No
17N029G04,32.800,-2.471,2017,2,No
17N029G05,32.945,-2.895,2017,3,No
17N029G06,33.044,-2.322,2017,3,No
17N029G07,32.546,-1.432,2017,2,No
17N029G08,32.758,-2.373,2017,3,No
17N02M05,33.294,-2.699,2017,3,Yes
17N02M06,32.855,-4.677,2017,2,No
17N02M08,33.293,-2.683,2017,2,No
17N02M10,32.738,-2.165,2017,2,No
17N02M11,33.795,-2.174,2017,3,No
17N02M14,33.380,-2.664,2017,2,No
17N02M16,33.013,-4.096,2017,2,No
17N02M17,33.144,-3.692,2017,1,No
17N02M18,33.102,-2.961,2017,,No
17N02M20,33.258,-3.678,2017,2,No
17N02M21,33.133,-4.677,2017,2,No
17N02M22,32.935,-2.143,2017,3,No
17N02M25,32.821,-3.750,2017,3,No
17N02M26,33.237,-3.933,2017,2,No
17N02M30,33.213,-3.770,2017,2,No
17N02M32,33.340,-2.924,2017,3,Yes
17N030G01,33.047,-3.679,2017,2,No
17N030G02,33.223,-3.679,2017,2,No
17N030G03,33.994,-2.208,2017,3,No
17N030G04,32.800,-2.488,2017,3,No
17N030G05,33.120,-3.230,2017,2,No
17N030G06,33.245,-2.292,2017,3,No
17N030G07,33.172,-2.019,2017,3,No
17N030G08,32.753,-2.376,2017,3,No
17N031G01,32.903,-3.574,2017,3,No
17N031G02,33.220,-3.676,2017,2,No
17N031G03,33.886,-2.514,2017,2,No
17N031G04,32.871,-2.937,2017,3,No
17N031G05,32.541,-2.405,2017,3,Yes
17N031G06,32.466,-2.896,2017,3,No
17N031G07,33.235,-2.416,2017,3,No
17N031G08,32.677,-2.431,2017,3,No
17N032G01,33.135,-4.468,2017,2,Yes
17N032G02,33.187,-3.621,2017,2,No
17N032G03,33.806,-2.445,2017,1,No
17N032G04,32.904,-2.803,2017,3,No
17N032G05,32.553,-2.257,2017,2,No
17N032G06,32.548,-2.685,2017,2,No
17N032G07,32.722,-2.142,2017,3,No
17N032G08,32.672,-2.438,2017,3,Yes
17N033G01,33.090,-4.604,2017,2,No
17N033G02,33.199,-3.691,2017,2,No
17N033G03,33.507,-2.660,2017,3,No
17N033G04,32.922,-2.834,2017,2,No
17N033G05,32.207,-2.321,2017,3,No
17N033G06,32.740,-2.610,2017,2,No
17N033G07,32.456,-1.474,2017,3,No
17N033G08,32.876,-2.629,2017,3,Yes
17N034G01,33.091,-3.743,2017,2,No
17N034G02,33.450,-3.152,2017,3,No
17N034G03,33.360,-2.593,2017,3,No
17N034G04,33.020,-2.851,2017,3,No
17N034G05,32.229,-2.307,2017,3,No
17N034G06,32.657,-2.592,2017,3,No
17N034G07,33.689,-2.346,2017,3,No
17N034G08,32.683,-2.140,2017,2,No
17N035G01,33.051,-3.690,2017,2,No
17N035G02,33.473,-3.193,2017,4,No
17N035G03,33.416,-2.926,2017,3,No
17N035G04,32.638,-2.176,2017,3,No
17N035G05,32.932,-2.495,2017,2,No
17N035G06,32.537,-2.338,2017,3,No
17N035G07,33.287,-2.141,2017,1,No
17N035G08,32.678,-2.149,2017,3,No
17N036G01,33.039,-3.689,2017,2,No
17N036G02,33.358,-2.988,2017,3,No
17N036G03,33.294,-2.987,2017,3,No
17N036G04,32.678,-2.161,2017,3,No
17N036G05,33.199,-2.605,2017,3,No
17N036G06,32.537,-2.696,2017,2,No
17N036G07,33.050,-2.278,2017,3,No
17N036G08,32.757,-2.580,2017,2,No
17N037G01,33.051,-3.664,2017,2,No
17N037G02,33.233,-3.136,2017,3,No
17N037G03,33.917,-2.546,2017,3,No
17N037G04,33.101,-1.990,2017,3,No
17N037G05,33.023,-2.780,2017,3,No
17N037G06,32.440,-2.921,2017,3,No
17N037G07,33.087,-2.189,2017,3,No
17N037G08,32.681,-2.414,2017,3,No
17N038G01,33.009,-3.650,2017,2,No
17N038G02,33.194,-3.079,2017,3,No
17N038G03,33.946,-2.499,2017,3,No
17N038G04,32.714,-2.161,2017,2,No
17N038G05,33.034,-3.080,2017,3,No
17N038G06,33.112,-2.074,2017,3,No
17N038G07,32.986,-2.096,2017,3,No
17N038G08,32.328,-2.323,2017,3,No
17N039G01,33.034,-3.645,2017,3,No
17N039G02,33.271,-3.177,2017,3,No
17N039G03,33.917,-2.605,2017,3,No
17N039G04,33.012,-2.208,2017,2,No
17N039G05,33.045,-3.124,2017,2,No
17N039G06,33.246,-2.558,2017,2,No
17N039G07,32.726,-2.147,2017,4,No
17N039G08,32.193,-2.357,2017,2,No
17N03M05,33.094,-4.720,2017,2,No
17N03M06,33.182,-4.055,2017,3,No
17N03M08,33.283,-2.659,2017,2,No
17N03M10,32.405,-2.281,2017,3,No
17N03M11,33.822,-2.230,2017,3,No
17N03M14,33.361,-2.627,2017,3,Yes
17N03M16,33.296,-3.915,2017,2,No
17N03M17,33.072,-3.830,2017,2,Yes
17N03M18,33.029,-3.190,2017,3,No
17N03M20,33.011,-3.734,2017,2,No
17N03M21,33.142,-4.583,2017,2,No
17N03M22,32.697,-2.420,2017,4,No
17N03M25,32.838,-3.836,2017,3,No
17N03M26,33.179,-4.049,2017,1,No
17N03M30,32.788,-4.095,2017,2,No
17N03M32,33.297,-2.859,2017,3,Yes
17N040G01,33.043,-3.897,2017,2,No
17N040G02,33.207,-3.305,2017,2,No
17N040G03,33.980,-2.305,2017,3,No
17N040G04,33.142,-2.904,2017,3,No
17N040G05,33.127,-3.018,2017,2,No
17N040G06,33.245,-2.803,2017,3,No
17N040G07,32.260,-1.595,2017,3,No
17N040G08,33.141,-1.999,2017,3,No
17N041G01,32.833,-3.961,2017,2,No
17N041G02,33.246,-3.328,2017,1,No
17N041G03,33.974,-2.294,2017,3,No
17N041G04,33.160,-2.884,2017,3,No
17N041G05,33.121,-3.004,2017,3,No
17N041G06,33.180,-2.473,2017,3,No
17N041G07,32.294,-1.585,2017,2,No
17N041G08,32.195,-2.325,2017,3,No
17N042G01,32.826,-3.798,2017,3,No
17N042G02,33.219,-3.316,2017,3,No
17N042G03,33.584,-2.738,2017,2,No
17N042G04,33.291,-2.881,2017,2,No
17N042G05,32.644,-1.561,2017,3,No
17N042G06,32.847,-2.608,2017,3,No
17N042G07,32.520,-1.487,2017,3,No
17N042G08,32.689,-2.451,2017,2,No
17N043G01,32.794,-3.790,2017,2,No
17N043G02,33.338,-3.647,2017,3,No
17N043G03,33.646,-2.898,2017,3,No
17N043G04,32.781,-2.098,2017,3,No
17N043G05,32.293,-2.783,2017,3,No
17N043G06,32.543,-2.577,2017,2,No
17N043G07,32.648,-2.170,2017,2,No
17N043G08,32.690,-2.414,2017,3,No
17N044G01,32.927,-3.905,2017,3,No
17N044G02,33.353,-3.344,2017,3,No
17N044G03,33.644,-2.889,2017,3,No
17N044G04,33.144,-1.991,2017,2,No
17N044G05,32.174,-2.803,2017,2,No
17N044G06,32.478,-2.516,2017,3,No
17N044G07,32.537,-1.390,2017,2,No
17N044G08,32.754,-2.413,2017,3,No
17N045G01,32.829,-4.019,2017,2,Yes
17N045G02,33.366,-3.284,2017,2,No
17N045G03,33.897,-2.530,2017,3,No
17N045G04,32.688,-2.164,2017,2,No
17N045G05,32.189,-2.698,2017,3,No
17N045G06,32.552,-2.723,2017,2,No
17N045G07,32.458,-1.478,2017,2,No
17N045G08,32.766,-2.598,2017,3,No
17N046G01,32.882,-4.019,2017,3,No
17N046G02,33.316,-3.235,2017,3,No
17N046G03,33.597,-2.648,2017,3,No
17N046G05,32.555,-2.388,2017,1,No
17N046G06,32.456,-2.785,2017,1,No
17N046G07,32.284,-1.578,2017,1,No
17N046G08,32.644,-2.433,2017,3,No
17N047G01,32.877,-4.023,2017,2,No
17N047G02,33.294,-3.282,2017,3,No
17N047G03,33.881,-2.272,2017,2,No
17N047G05,33.074,-2.944,2017,3,Yes
17N047G06,32.438,-2.749,2017,2,No
17N047G07,32.537,-1.421,2017,,No
17N047G08,32.692,-2.423,2017,3,No
17N048G01,32.917,-3.663,2017,2,No
17N048G02,33.721,-2.769,2017,3,No
17N048G03,33.491,-3.274,2017,3,No
17N048G05,33.039,-3.067,2017,1,No
17N048G06,32.250,-2.898,2017,3,No
17N048G07,32.438,-2.800,2017,3,No
17N048G08,32.697,-2.403,2017,3,No
17N049G01,32.941,-3.609,2017,2,No
17N049G02,33.508,-2.891,2017,2,No
17N049G03,33.483,-3.047,2017,3,No
17N049G05,33.065,-3.113,2017,1,No
17N049G06,32.162,-2.695,2017,2,No
17N049G07,32.294,-2.317,2017,3,No
17N049G08,32.926,-2.485,2017,3,No
17N04M05,32.851,-4.689,2017,1,No
17N04M06,33.284,-3.984,2017,3,No
17N04M08,33.373,-2.791,2017,3,No
17N04M10,32.431,-2.572,2017,3,No
17N04M11,33.245,-3.956,2017,3,No
17N04M14,32.882,-4.845,2017,2,No
17N04M16,33.290,-3.923,2017,2,No
17N04M17,33.067,-3.828,2017,2,Yes
17N04M18,33.297,-2.869,2017,3,No
17N04M20,32.944,-3.882,2017,3,No
17N04M21,33.146,-4.612,2017,3,No
17N04M22,32.640,-1.670,2017,1,No
17N04M25,32.828,-3.822,2017,3,No
17N04M26,33.215,-3.757,2017,1,Yes
17N04M30,33.133,-4.477,2017,2,No
17N04M32,33.590,-2.738,2017,2,No
17N050G01,32.973,-3.580,2017,2,No
17N050G02,33.465,-3.156,2017,3,No
17N050G03,33.416,-3.136,2017,2,No
17N050G05,33.230,-3.008,2017,2,No
17N050G06,32.197,-2.853,2017,2,No
17N050G07,32.441,-2.367,2017,2,No
17N050G08,33.087,-2.592,2017,3,No
17N051G01,32.926,-3.766,2017,2,No
17N051G02,33.332,-2.993,2017,3,No
17N051G03,33.453,-3.078,2017,2,No
17N051G05,33.145,-2.877,2017,3,No
17N051G06,33.149,-2.873,2017,2,No
17N051G07,32.422,-2.356,2017,2,No
17N051G08,33.205,-2.480,2017,3,No
17N052G01,32.906,-3.847,2017,2,No
17N052G02,33.146,-3.680,2017,2,No
17N052G03,33.414,-2.978,2017,3,No
17N052G05,32.338,-2.338,2017,3,No
17N052G06,33.035,-3.076,2017,2,No
17N052G07,32.538,-1.390,2017,1,No
17N052G08,32.385,-2.276,2017,3,No
17N053G01,33.116,-3.743,2017,3,No
17N053G02,33.177,-3.634,2017,2,No
17N053G03,33.716,-2.840,2017,3,No
17N053G05,32.666,-1.652,2017,3,No
17N053G06,33.040,-3.092,2017,1,No
17N053G07,32.542,-1.390,2017,2,No
17N053G08,32.728,-2.146,2017,3,No
17N054G01,33.147,-3.686,2017,2,No
17N054G02,33.261,-3.701,2017,2,No
17N054G03,33.728,-2.763,2017,2,No
17N054G05,32.333,-2.313,2017,2,No
17N054G06,32.841,-2.794,2017,3,No
17N054G07,33.257,-2.415,2017,2,No
17N054G08,32.257,-2.385,2017,2,No
17N055G01,33.180,-3.660,2017,2,No
17N055G02,33.142,-3.667,2017,3,No
17N055G03,33.377,-2.673,2017,3,No
17N055G05,32.311,-2.361,2017,3,No
17N055G06,32.751,-2.748,2017,3,No
17N055G07,33.265,-2.419,2017,3,No
17N055G08,32.192,-2.343,2017,2,No
17N056G01,32.719,-3.852,2017,3,No
17N056G02,32.981,-4.566,2017,2,No
17N056G03,33.541,-3.029,2017,3,No
17N056G05,32.388,-2.268,2017,3,No
17N056G06,32.850,-2.694,2017,3,No
17N056G07,33.391,-2.455,2017,2,No
17N056G08,32.223,-2.020,2017,3,No
17N057G01,32.824,-3.741,2017,3,No
17N057G02,32.909,-4.693,2017,3,No
17N057G03,33.913,-2.438,2017,2,No
17N057G05,32.391,-2.258,2017,2,No
17N057G06,32.765,-2.556,2017,3,No
17N057G07,33.432,-2.162,2017,2,No
17N057G08,32.400,-2.275,2017,3,No
17N058G01,32.898,-4.023,2017,1,No
17N058G02,32.914,-4.721,2017,3,No
17N058G03,33.789,-2.427,2017,2,No
17N058G05,32.581,-2.294,2017,2,No
17N058G06,32.284,-2.789,2017,2,No
17N058G07,33.567,-2.020,2017,3,No
17N058G08,33.015,-2.096,2017,3,No
17N059G01,32.875,-3.649,2017,2,No
17N059G02,32.851,-4.650,2017,2,No
17N059G03,33.958,-2.499,2017,3,No
17N059G05,33.128,-2.997,2017,3,No
17N059G06,32.370,-2.838,2017,1,No
17N059G07,33.001,-2.631,2017,1,No
17N059G08,33.131,-2.004,2017,2,No
17N05M05,32.787,-3.424,2017,2,No
17N05M06,33.360,-3.603,2017,2,Yes
17N05M08,33.164,-2.742,2017,3,No
17N05M10,32.547,-2.253,2017,2,Yes
17N05M11,32.902,-4.897,2017,2,No
17N05M14,33.130,-4.482,2017,2,No
17N05M16,33.265,-3.970,2017,2,No
17N05M17,32.843,-3.803,2017,2,Yes
17N05M18,33.301,-2.883,2017,2,No
17N05M20,33.029,-3.690,2017,2,No
17N05M21,33.009,-3.664,2017,1,Yes
17N05M22,32.691,-2.417,2017,2,No
17N05M25,33.960,-2.510,2017,3,No
17N05M30,33.225,-3.933,2017,2,No
17N05M32,33.414,-2.840,2017,3,No
17N060G01,32.933,-3.603,2017,3,No
17N060G02,32.843,-4.637,2017,3,No
17N060G03,33.973,-2.494,2017,3,No
17N060G05,33.119,-2.999,2017,2,No
17N060G06,32.464,-2.798,2017,3,No
17N060G07,33.007,-2.767,2017,3,No
17N060G08,33.255,-2.309,2017,2,No
17N061G01,32.942,-3.604,2017,2,No
17N061G02,32.901,-4.657,2017,2,No
17N061G03,33.896,-2.403,2017,3,No
17N061G05,32.696,-2.897,2017,3,No
17N061G06,32.503,-2.361,2017,1,No
17N061G07,32.912,-2.848,2017,2,No
17N061G08,33.230,-2.565,2017,3,No
17N062G01,33.117,-3.716,2017,2,No
17N062G02,33.227,-3.682,2017,2,No
17N062G03,33.883,-2.558,2017,3,No
17N062G05,32.790,-2.706,2017,2,No
17N062G06,32.770,-2.730,2017,2,No
17N062G07,33.106,-3.077,2017,3,No
17N062G08,33.127,-2.589,2017,3,No
17N063G01,33.108,-3.745,2017,2,No
17N063G02,33.244,-3.706,2017,2,No
17N063G03,33.482,-2.861,2017,3,Yes
17N063G05,32.260,-2.192,2017,2,No
17N063G06,33.034,-2.623,2017,2,No
17N063G07,33.074,-3.105,2017,3,No
17N063G08,33.076,-2.684,2017,3,No
17N064G01,32.982,-3.906,2017,2,No
17N064G02,33.203,-3.251,2017,3,No
17N064G03,33.432,-2.847,2017,3,No
17N064G05,32.237,-2.247,2017,3,No
17N064G06,33.078,-2.663,2017,3,No
17N064G07,33.033,-3.123,2017,2,No
17N064G08,33.023,-2.432,2017,3,No
17N065G01,32.838,-3.776,2017,2,No
17N065G02,33.212,-3.310,2017,3,No
17N065G03,33.912,-2.555,2017,3,No
17N065G05,32.283,-1.583,2017,2,No
17N065G06,33.011,-2.846,2017,2,No
17N065G07,33.035,-3.077,2017,3,No
17N065G08,32.861,-2.672,2017,3,No
17N066G01,32.827,-3.930,2017,2,No
17N066G02,32.871,-4.630,2017,2,No
17N066G03,33.920,-2.517,2017,3,No
17N066G05,32.254,-2.262,2017,2,No
17N066G06,32.986,-2.849,2017,3,No
17N066G07,32.902,-2.974,2017,3,No
17N066G08,32.742,-2.133,2017,3,No
17N067G01,32.734,-3.869,2017,3,No
17N067G02,32.902,-4.655,2017,3,No
17N067G03,33.917,-2.432,2017,3,No
17N067G05,32.703,-2.735,2017,3,No
17N067G06,32.911,-2.877,2017,3,No
17N067G07,32.738,-2.763,2017,2,No
17N067G08,32.619,-2.000,2017,3,No
17N068G01,32.824,-3.758,2017,2,No
17N068G02,32.926,-4.632,2017,3,No
17N068G03,33.927,-2.427,2017,3,No
17N068G05,32.729,-2.738,2017,3,No
17N068G06,33.074,-2.937,2017,3,No
17N068G07,33.188,-2.447,2017,3,No
17N068G08,32.707,-2.102,2017,3,No
17N069G01,32.838,-3.740,2017,3,No
17N069G02,32.893,-4.684,2017,2,No
17N069G03,33.903,-2.373,2017,1,No
17N069G05,33.017,-2.849,2017,3,No
17N069G06,33.115,-3.158,2017,2,No
17N069G07,33.354,-2.515,2017,3,No
17N069G08,32.720,-2.140,2017,3,No
17N06M05,33.891,-2.449,2017,3,No
17N06M06,33.044,-3.666,2017,3,No
17N06M10,31.902,-2.936,2017,3,No
17N06M11,33.525,-2.904,2017,3,No
17N06M14,33.170,-4.433,2017,,No
17N06M16,33.169,-3.791,2017,2,No
17N06M17,32.833,-3.766,2017,3,No
17N06M18,33.632,-2.900,2017,3,No
17N06M20,33.034,-3.692,2017,2,No
17N06M21,33.455,-3.783,2017,1,No
17N06M22,32.405,-2.282,2017,3,Yes
17N06M25,33.288,-2.657,2017,2,No
17N06M30,33.813,-2.557,2017,1,No
17N06M32,33.307,-2.826,2017,3,No
17N070G01,33.037,-3.649,2017,2,No
17N070G02,32.870,-4.644,2017,2,No
17N070G03,33.892,-2.383,2017,3,No
17N070G05,33.053,-2.848,2017,3,No
17N070G06,33.033,-3.112,2017,3,No
17N070G07,33.295,-2.919,2017,3,No
17N070G08,32.190,-2.356,2017,3,No
17N071G01,33.004,-3.646,2017,3,No
17N071G02,32.865,-4.643,2017,2,No
17N071G03,33.623,-2.739,2017,3,No
17N071G05,32.966,-2.905,2017,1,No
17N071G06,33.033,-3.094,2017,3,No
17N071G07,33.281,-2.911,2017,3,No
17N071G08,33.112,-2.280,2017,3,No
17N072G01,32.963,-3.639,2017,2,No
17N072G02,32.858,-4.677,2017,2,No
17N072G03,33.862,-2.344,2017,3,No
17N072G05,33.139,-2.940,2017,3,No
17N072G06,32.438,-2.743,2017,2,No
17N072G07,32.980,-2.081,2017,4,No
17N072G08,33.296,-2.888,2017,3,No
17N073G01,32.910,-3.625,2017,3,Yes
17N073G02,32.827,-4.762,2017,2,No
17N073G03,33.947,-2.314,2017,2,No
17N073G05,33.136,-2.947,2017,3,No
17N073G06,32.487,-2.732,2017,2,No
17N073G07,33.099,-2.405,2017,3,No
17N073G08,33.367,-2.891,2017,3,No
17N074G01,32.902,-3.571,2017,2,No
17N074G02,32.843,-4.910,2017,3,No
17N074G03,33.372,-3.209,2017,3,No
17N074G05,33.156,-2.937,2017,3,No
17N074G06,32.547,-2.702,2017,2,No
17N074G07,33.112,-2.423,2017,3,No
17N074G08,33.367,-2.829,2017,1,No
17N075G01,32.842,-4.630,2017,3,No
17N075G02,33.380,-3.182,2017,3,No
17N075G03,33.371,-3.216,2017,2,No
17N075G05,32.834,-3.227,2017,3,No
17N075G06,32.492,-2.851,2017,3,No
17N075G07,33.105,-2.444,2017,2,No
17N075G08,32.661,-2.407,2017,2,No
17N076G01,32.854,-4.631,2017,2,No
17N076G02,33.370,-3.209,2017,2,No
17N076G03,33.244,-3.040,2017,3,No
17N076G05,32.325,-2.345,2017,3,No
17N076G06,32.463,-2.909,2017,2,No
17N076G07,33.245,-2.356,2017,2,No
17N076G08,32.799,-2.476,2017,3,No
17N077G01,32.902,-4.649,2017,2,No
17N077G02,33.350,-3.213,2017,2,No
17N077G03,33.247,-3.075,2017,3,No
17N077G05,32.400,-2.138,2017,2,No
17N077G06,33.361,-2.820,2017,3,No
17N077G07,32.750,-1.668,2017,3,No
17N077G08,33.069,-2.686,2017,3,No
17N078G01,32.900,-4.670,2017,2,No
17N078G02,33.289,-3.172,2017,3,No
17N078G03,33.830,-2.493,2017,3,No
17N078G05,32.461,-2.363,2017,2,No
17N078G06,33.030,-2.090,2017,2,No
17N078G07,33.312,-2.876,2017,2,No
17N078G08,33.237,-2.556,2017,3,No
17N079G01,32.907,-4.682,2017,2,No
17N079G02,33.260,-3.128,2017,3,No
17N079G03,33.820,-2.447,2017,2,No
17N079G05,32.527,-1.397,2017,3,No
17N079G06,32.222,-2.901,2017,2,No
17N079G07,33.295,-2.878,2017,3,No
17N079G08,33.266,-2.577,2017,3,No
17N07M05,33.890,-2.459,2017,3,No
17N07M06,33.041,-3.702,2017,3,No
17N07M10,32.548,-2.235,2017,3,No
17N07M11,32.846,-2.471,2017,3,No
17N07M14,33.301,-3.914,2017,2,Yes
17N07M15,33.305,-2.704,2017,3,No
17N07M16,33.037,-3.691,2017,2,No
17N07M17,33.913,-2.470,2017,3,Yes
17N07M18,33.642,-2.916,2017,2,No
17N07M20,33.256,-3.671,2017,2,No
17N07M21,33.130,-4.550,2017,1,No
17N07M22,32.404,-2.215,2017,2,No
17N07M25,33.014,-3.941,2017,2,No
17N07M30,33.797,-2.493,2017,3,No
17N080G01,32.914,-4.625,2017,2,No
17N080G02,33.328,-3.093,2017,3,No
17N080G03,33.951,-2.497,2017,3,No
17N080G05,32.585,-1.433,2017,2,No
17N080G06,32.239,-2.914,2017,2,No
17N080G07,33.276,-2.963,2017,2,No
17N080G08,33.146,-1.989,2017,3,No
17N081G01,32.870,-4.713,2017,2,No
17N081G02,33.332,-3.008,2017,3,No
17N081G03,33.917,-2.424,2017,2,No
17N081G05,32.531,-1.443,2017,1,No
17N081G06,32.270,-2.806,2017,2,No
17N081G07,33.130,-3.011,2017,3,No
17N081G08,33.253,-2.309,2017,3,No
17N082G01,32.908,-4.768,2017,2,No
17N082G02,33.343,-2.975,2017,2,No
17N082G03,33.949,-2.360,2017,2,No
17N082G05,32.676,-2.632,2017,2,No
17N082G06,32.275,-2.792,2017,2,No
17N082G07,33.115,-3.203,2017,2,No
17N082G08,33.266,-2.567,2017,3,Yes
17N083G01,33.142,-3.729,2017,2,No
17N083G02,33.456,-3.066,2017,1,No
17N083G03,33.939,-2.320,2017,2,No
17N083G05,32.982,-2.440,2017,3,No
17N083G06,33.076,-2.576,2017,3,No
17N083G07,33.111,-3.009,2017,3,No
17N083G08,33.138,-2.624,2017,3,No
17N084G01,33.139,-3.710,2017,2,No
17N084G02,33.468,-3.058,2017,1,No
17N084G03,33.844,-2.288,2017,2,No
17N084G05,33.118,-2.463,2017,3,No
17N084G06,33.352,-2.661,2017,3,No
17N084G07,33.230,-2.791,2017,2,No
17N084G08,32.741,-2.360,2017,2,No
17N085G01,33.122,-3.779,2017,3,No
17N085G02,33.264,-3.705,2017,2,No
17N085G03,33.882,-2.396,2017,3,No
17N085G05,33.313,-2.726,2017,3,Yes
17N085G06,33.348,-2.663,2017,2,No
17N085G07,33.307,-2.640,2017,3,No
17N085G08,32.694,-2.429,2017,3,No
17N086G01,32.916,-3.619,2017,2,No
17N086G02,33.113,-3.282,2017,3,No
17N086G03,33.969,-2.358,2017,3,No
17N086G05,33.315,-2.844,2017,4,No
17N086G06,32.549,-2.544,2017,2,No
17N086G07,32.951,-2.473,2017,2,No
17N086G08,32.694,-2.389,2017,3,No
17N087G01,32.928,-3.687,2017,2,No
17N087G02,33.097,-3.258,2017,3,No
17N087G03,33.954,-2.085,2017,2,No
17N087G05,32.745,-2.373,2017,2,No
17N087G06,32.440,-2.503,2017,3,No
17N087G07,32.948,-2.470,2017,2,No
17N088G01,32.883,-4.063,2017,2,No
17N088G02,33.093,-3.249,2017,3,No
17N088G03,33.936,-2.464,2017,2,No
17N088G05,32.794,-2.339,2017,3,No
17N088G06,32.443,-2.770,2017,2,No
17N088G08,32.809,-2.464,2017,3,No
17N089G01,32.820,-3.999,2017,2,No
17N089G02,33.293,-3.290,2017,2,No
17N089G03,33.910,-2.391,2017,2,No
17N089G05,32.792,-2.343,2017,3,No
17N089G06,32.796,-2.474,2017,3,No
17N089G08,33.104,-2.464,2017,3,No
17N08M05,33.981,-2.288,2017,2,No
17N08M06,33.327,-2.771,2017,3,No
17N08M10,32.318,-2.351,2017,,No
17N08M11,32.846,-2.483,2017,2,No
17N08M14,33.242,-3.772,2017,2,Yes
17N08M15,33.157,-2.723,2017,3,No
17N08M16,32.747,-4.856,2017,3,Yes
17N08M17,32.697,-2.447,2017,3,No
17N08M18,33.658,-2.857,2017,2,No
17N08M20,33.140,-3.796,2017,2,No
17N08M21,32.888,-4.856,2017,1,No
17N08M22,32.654,-2.525,2017,,No
17N08M25,33.233,-4.061,2017,2,No
17N08M30,33.347,-3.249,2017,2,No
17N090G01,32.801,-3.851,2017,3,No
17N090G02,33.567,-3.249,2017,3,No
17N090G03,33.937,-2.315,2017,1,No
17N090G05,32.790,-2.342,2017,2,No
17N090G06,32.688,-2.146,2017,2,No
17N090G08,32.718,-2.177,2017,2,No
17N091G01,32.822,-3.775,2017,3,No
17N091G02,33.488,-3.135,2017,3,No
17N091G03,33.849,-2.296,2017,2,No
17N091G05,32.260,-2.185,2017,2,No
17N091G06,32.707,-2.131,2017,2,No
17N091G08,32.651,-2.163,2017,3,No
17N092G01,32.827,-3.781,2017,3,Yes
17N092G02,33.380,-2.965,2017,2,No
17N092G03,33.946,-2.348,2017,2,No
17N092G05,32.233,-2.235,2017,3,No
17N092G06,32.545,-2.372,2017,2,No
17N092G08,32.807,-2.450,2017,2,No
17N093G01,32.818,-3.791,2017,2,No
17N093G02,33.324,-3.126,2017,3,No
17N093G03,33.565,-3.173,2017,3,No
17N093G05,32.339,-2.335,2017,2,No
17N093G06,32.385,-2.610,2017,2,No
17N093G08,32.809,-2.453,2017,3,No
17N094G01,32.834,-3.750,2017,2,No
17N094G02,33.166,-3.276,2017,3,No
17N094G03,33.784,-2.783,2017,3,No
17N094G05,32.332,-2.338,2017,2,No
17N094G06,32.439,-2.811,2017,2,No
17N094G08,32.726,-2.416,2017,2,No
17N095G01,32.834,-3.710,2017,1,No
17N095G02,33.306,-3.630,2017,2,No
17N095G03,33.619,-2.604,2017,3,No
17N095G05,32.237,-2.400,2017,2,No
17N095G06,33.249,-2.095,2017,3,No
17N095G08,32.684,-2.334,2017,3,No
17N096G01,32.985,-3.738,2017,2,Yes
17N096G02,33.165,-3.657,2017,2,No
17N096G03,33.644,-2.883,2017,3,No
17N096G05,32.334,-2.388,2017,3,No
17N096G06,33.342,-2.120,2017,3,No
17N096G08,33.314,-2.722,2017,3,No
17N097G01,32.833,-3.785,2017,3,No
17N097G02,33.031,-4.596,2017,2,No
17N097G03,33.655,-2.880,2017,3,No
17N097G05,32.427,-2.399,2017,1,No
17N097G06,33.507,-2.219,2017,3,No
17N097G08,33.355,-2.696,2017,3,No
17N098G01,32.985,-3.918,2017,1,No
17N098G02,33.479,-3.117,2017,2,No
17N098G03,33.659,-2.805,2017,3,No
17N098G05,32.548,-2.421,2017,3,No
17N098G06,32.537,-2.398,2017,2,No
17N098G08,33.312,-2.689,2017,3,No
17N099G01,32.820,-4.016,2017,2,No
17N099G02,33.394,-3.165,2017,2,No
17N099G03,33.815,-2.420,2017,2,No
17N099G05,32.314,-2.347,2017,2,Yes
17N099G06,32.539,-2.397,2017,3,No
17N099G08,33.323,-2.720,2017,3,No
17N09M05,33.162,-3.706,2017,2,No
17N09M06,33.364,-2.807,2017,3,No
17N09M10,32.704,-2.280,2017,3,No
17N09M11,32.693,-2.740,2017,3,No
17N09M14,33.080,-4.707,2017,2,Yes
17N09M16,33.222,-3.652,2017,3,Yes
17N09M17,32.820,-2.100,2017,3,No
17N09M18,33.655,-2.861,2017,1,No
17N09M20,33.149,-3.705,2017,2,No
17N09M22,32.326,-2.249,2017,2,Yes
17N09M25,33.492,-2.688,2017,3,Yes
17N09M30,32.739,-4.891,2017,2,No
17N09M32,33.252,-2.670,2017,3,No
17N100G01,32.840,-3.959,2017,2,No
17N100G02,33.199,-3.242,2017,2,No
17N100G03,33.912,-2.360,2017,2,No
17N100G05,32.954,-2.886,2017,2,No
17N100G06,32.417,-2.706,2017,2,No
17N100G08,33.180,-2.497,2017,3,No
17N101G01,32.896,-3.926,2017,2,No
17N101G02,33.207,-3.337,2017,2,No
17N101G03,33.896,-2.243,2017,3,No
17N101G05,33.080,-3.090,2017,3,No
17N101G06,32.710,-2.532,2017,1,No
17N101G08,33.116,-2.439,2017,2,No
17N102G01,33.093,-3.726,2017,2,No
17N102G02,32.957,-3.618,2017,3,No
17N102G03,33.952,-2.088,2017,3,No
17N102G05,33.104,-3.063,2017,3,No
17N102G06,32.699,-2.451,2017,2,No
17N102G08,32.814,-2.449,2017,5,Yes
17N103G01,33.137,-3.701,2017,1,No
17N103G02,32.908,-3.574,2017,3,No
17N103G03,33.784,-2.820,2017,3,No
17N103G05,33.295,-2.885,2017,2,No
17N103G06,32.617,-2.419,2017,3,No
17N103G08,32.660,-2.430,2017,3,No
17N104G01,32.848,-3.835,2017,2,No
17N104G02,32.899,-3.878,2017,1,No
17N104G03,33.824,-2.751,2017,3,No
17N104G05,33.289,-2.575,2017,1,No
17N104G06,32.254,-2.253,2017,2,No
17N104G08,32.687,-2.458,2017,3,No
17N105G01,32.858,-3.648,2017,3,No
17N105G02,33.040,-3.688,2017,2,No
17N105G03,33.679,-2.572,2017,3,No
17N105G05,32.214,-2.311,2017,3,No
17N105G08,32.703,-2.588,2017,4,No
17N106G01,33.008,-3.646,2017,3,No
17N106G02,33.283,-3.292,2017,1,No
17N106G03,33.916,-2.398,2017,3,No
17N106G05,32.694,-3.122,2017,2,No
17N106G08,32.676,-2.469,2017,3,No
17N107G01,33.214,-3.640,2017,2,No
17N107G02,33.042,-4.513,2017,2,No
17N107G03,33.905,-2.440,2017,3,No
17N107G05,32.943,-2.882,2017,3,No
17N107G08,32.684,-2.475,2017,2,No
17N108G01,33.235,-3.650,2017,2,No
17N108G02,33.084,-4.699,2017,2,No
17N108G03,33.825,-2.488,2017,2,No
17N108G05,32.944,-2.847,2017,3,No
17N108G08,32.783,-2.287,2017,2,No
17N109G01,32.879,-4.089,2017,2,No
17N109G02,32.883,-4.728,2017,2,No
17N109G03,33.687,-2.816,2017,3,No
17N109G05,33.104,-3.158,2017,2,No
17N109G08,33.139,-2.581,2017,3,No
17N10M05,33.753,-2.468,2017,2,No
17N10M06,33.300,-2.916,2017,2,No
17N10M08,33.310,-3.915,2017,2,No
17N10M10,32.695,-2.314,2017,3,No
17N10M11,33.165,-2.672,2017,3,No
17N10M14,33.282,-3.985,2017,3,No
17N10M16,33.264,-3.728,2017,2,Yes
17N10M17,33.536,-2.820,2017,3,No
17N10M18,33.313,-2.583,2017,3,No
17N10M20,33.100,-3.740,2017,2,No
17N10M22,32.340,-2.252,2017,3,Yes
17N10M25,33.180,-2.755,2017,3,No
17N10M30,32.831,-3.639,2017,3,No
17N10M32,33.149,-2.737,2017,3,No
17N110G01,32.881,-4.078,2017,2,No
17N110G02,32.858,-4.632,2017,1,No
17N110G03,33.506,-2.718,2017,3,No
17N110G05,33.096,-3.059,2017,3,No
17N110G08,33.140,-2.582,2017,2,No
17N111G01,33.228,-3.647,2017,2,No
17N111G02,32.900,-4.696,2017,2,No
17N111G03,33.361,-2.588,2017,3,No
17N111G05,33.247,-2.904,2017,2,No
17N111G08,33.175,-2.510,2017,3,No
17N112G01,33.101,-3.745,2017,1,No
17N112G02,32.896,-4.677,2017,2,No
17N112G03,33.645,-2.569,2017,2,No
17N112G05,32.930,-2.845,2017,3,No
17N112G08,32.742,-2.413,2017,3,No
17N113G01,32.791,-3.847,2017,2,No
17N113G02,33.174,-3.119,2017,2,No
17N113G03,33.557,-2.955,2017,3,No
17N113G05,32.969,-2.870,2017,3,No
17N113G08,33.115,-2.668,2017,3,No
17N114G01,32.787,-3.845,2017,2,No
17N114G02,33.191,-3.086,2017,3,No
17N114G03,33.990,-2.213,2017,2,No
17N114G05,33.140,-2.942,2017,1,No
17N114G08,33.078,-2.697,2017,2,No
17N115G01,32.703,-3.846,2017,2,No
17N115G02,33.191,-3.082,2017,3,No
17N115G03,33.842,-2.307,2017,2,No
17N115G05,33.077,-3.034,2017,2,No
17N115G08,33.090,-2.686,2017,3,No
17N116G01,32.944,-3.627,2017,2,No
17N116G02,33.432,-3.145,2017,2,No
17N116G03,33.817,-2.382,2017,2,No
17N116G05,33.079,-3.077,2017,2,No
17N116G08,33.125,-2.617,2017,2,No
17N117G01,32.943,-3.601,2017,2,No
17N117G02,33.470,-3.110,2017,3,No
17N117G03,33.696,-2.398,2017,3,No
17N117G05,32.463,-2.310,2017,2,Yes
17N117G08,33.063,-2.396,2017,2,No
17N118G01,32.913,-4.695,2017,2,No
17N118G02,32.856,-4.715,2017,3,No
17N118G03,33.600,-2.556,2017,2,No
17N118G05,32.381,-2.195,2017,2,No
17N118G08,32.227,-2.379,2017,2,No
17N119G01,32.913,-4.726,2017,2,No
17N119G02,32.842,-4.692,2017,2,No
17N119G03,33.613,-2.653,2017,2,No
17N119G05,32.549,-2.252,2017,2,No
17N119G08,32.627,-2.414,2017,3,No
17N11M05,33.708,-2.774,2017,3,No
17N11M06,33.169,-2.622,2017,2,No
17N11M08,33.111,-4.534,2017,2,No
17N11M10,32.706,-2.110,2017,3,No
17N11M11,33.935,-2.375,2017,3,No
17N11M14,33.916,-2.554,2017,3,Yes
17N11M17,33.945,-2.518,2017,2,No
17N11M18,33.293,-2.888,2017,3,No
17N11M20,33.547,-2.672,2017,2,No
17N11M22,32.292,-2.247,2017,3,Yes
17N11M25,33.838,-2.248,2017,2,Yes
17N11M30,33.095,-4.482,2017,3,No
17N11M32,33.210,-2.588,2017,3,No
17N120G01,32.879,-4.702,2017,3,No
17N120G02,32.844,-4.912,2017,2,No
17N120G03,33.340,-2.899,2017,2,No
17N120G05,32.555,-2.128,2017,3,No
17N120G08,32.696,-2.439,2017,3,No
17N121G01,32.836,-4.725,2017,2,No
17N121G02,33.179,-3.609,2017,3,No
17N121G03,33.336,-2.897,2017,3,No
17N121G05,32.402,-2.213,2017,3,No
17N121G08,32.748,-2.365,2017,3,No
17N122G01,32.903,-4.832,2017,2,No
17N122G02,33.204,-3.338,2017,2,No
17N122G03,33.454,-2.538,2017,3,No
17N122G05,32.375,-2.146,2017,3,Yes
17N122G08,32.805,-2.453,2017,3,No
17N123G01,32.833,-3.760,2017,3,No
17N123G02,33.191,-3.240,2017,3,No
17N123G03,33.452,-2.534,2017,3,No
17N123G05,32.962,-2.864,2017,2,No
17N123G08,32.724,-2.171,2017,3,No
17N124G01,33.035,-3.732,2017,2,No
17N124G02,33.263,-3.247,2017,3,No
17N124G03,33.467,-2.412,2017,3,No
17N124G05,32.878,-2.943,2017,3,No
17N124G08,32.973,-2.084,2017,3,No
17N125G01,33.092,-4.530,2017,2,No
17N125G02,33.287,-3.180,2017,2,No
17N125G03,33.487,-2.218,2017,3,No
17N125G05,32.866,-2.955,2017,3,No
17N125G08,32.978,-2.106,2017,2,No
17N126G01,33.095,-4.516,2017,3,Yes
17N126G02,33.433,-3.121,2017,2,No
17N126G03,33.481,-2.215,2017,3,No
17N126G05,32.322,-3.258,2017,2,No
17N126G08,33.124,-2.273,2017,2,No
17N127G01,33.021,-4.553,2017,2,No
17N127G02,33.585,-3.168,2017,2,No
17N127G03,33.865,-2.481,2017,2,No
17N127G05,32.325,-2.272,2017,2,No
17N127G08,33.121,-2.244,2017,2,No
17N128G01,33.048,-4.579,2017,2,No
17N128G02,33.231,-3.233,2017,2,No
17N128G03,33.901,-2.372,2017,2,No
17N128G05,32.327,-2.271,2017,2,No
17N128G08,33.070,-2.394,2017,2,No
17N129G01,32.876,-3.650,2017,2,No
17N129G02,33.235,-3.247,2017,2,No
17N129G03,33.893,-2.330,2017,1,No
17N129G05,32.327,-2.347,2017,2,No
17N129G08,33.245,-2.421,2017,3,No
17N12M06,33.136,-3.004,2017,3,No
17N12M08,33.123,-4.534,2017,2,No
17N12M10,32.711,-2.158,2017,3,No
17N12M11,33.927,-2.360,2017,2,No
17N12M14,33.895,-2.401,2017,,No
17N12M17,33.459,-3.775,2017,2,No
17N12M18,33.063,-3.098,2017,3,No
17N12M20,33.768,-2.836,2017,3,No
17N12M22,32.418,-2.624,2017,,No
17N12M25,33.243,-2.637,2017,2,No
17N12M30,32.772,-4.085,2017,2,No
17N12M32,33.331,-2.687,2017,2,No
17N130G01,33.246,-3.676,2017,3,No
17N130G02,33.377,-3.195,2017,2,No
17N130G03,33.966,-2.500,2017,3,No
17N130G05,33.253,-2.634,2017,2,No
17N130G08,33.220,-2.517,2017,2,No
17N131G01,33.222,-3.657,2017,2,No
17N131G02,33.302,-3.146,2017,3,No
17N131G03,33.966,-2.475,2017,2,No
17N131G05,33.249,-2.899,2017,3,No
17N131G08,32.677,-2.975,2017,2,No
17N132G02,33.309,-3.034,2017,2,No
17N132G03,33.828,-2.276,2017,3,No
17N132G05,33.108,-3.084,2017,3,No
17N132G08,33.014,-2.811,2017,2,No
17N133G02,33.322,-2.994,2017,2,No
17N133G03,33.916,-2.204,2017,2,No
17N133G05,33.110,-3.199,2017,2,No
17N133G08,32.632,-2.420,2017,2,No
17N134G02,33.227,-3.031,2017,2,No
17N134G03,33.943,-2.230,2017,3,No
17N134G05,33.089,-3.160,2017,3,No
17N134G08,32.706,-2.512,2017,2,No
17N135G02,33.091,-4.536,2017,3,No
17N135G03,33.558,-2.636,2017,3,No
17N135G05,33.038,-3.225,2017,2,No
17N136G02,33.040,-4.519,2017,3,No
17N136G03,33.626,-2.600,2017,3,No
17N136G05,32.890,-3.290,2017,3,No
17N137G02,33.103,-4.616,2017,3,No
17N137G03,33.660,-2.573,2017,3,Yes
17N137G05,32.672,-2.652,2017,3,No
17N138G02,33.209,-3.306,2017,1,No
17N138G03,33.664,-2.568,2017,2,Yes
17N138G05,32.750,-2.312,2017,2,No
17N139G02,33.485,-3.207,2017,3,No
17N139G03,33.677,-2.624,2017,3,No
17N139G05,32.525,-1.393,2017,2,No
17N13M06,33.010,-3.670,2017,2,No
17N13M08,33.295,-2.846,2017,2,No
17N13M10,32.412,-2.199,2017,1,Yes
17N13M11,33.930,-2.342,2017,1,No
17N13M14,33.138,-2.250,2017,3,No
17N13M17,33.188,-3.787,2017,1,No
17N13M18,33.083,-3.126,2017,2,Yes
17N13M20,33.345,-2.921,2017,3,No
17N13M22,32.282,-2.211,2017,2,No
17N13M25,32.769,-4.016,2017,,No
17N13M30,32.923,-3.471,2017,2,No
17N13M32,33.442,-3.149,2017,2,No
17N140G02,32.873,-4.697,2017,2,No
17N140G03,33.674,-2.461,2017,3,No
17N140G05,32.529,-1.398,2017,2,No
17N141G02,32.850,-4.716,2017,3,No
17N141G03,33.779,-2.370,2017,2,No
17N141G05,32.224,-1.753,2017,3,No
17N142G02,32.878,-4.849,2017,2,No
17N142G03,33.742,-2.394,2017,3,No
17N142G05,32.998,-3.122,2017,3,No
17N143G02,32.878,-4.719,2017,2,No
17N143G03,33.543,-3.136,2017,3,No
17N143G05,33.098,-3.177,2017,2,No
17N144G02,33.242,-3.260,2017,3,No
17N144G03,33.473,-2.863,2017,2,No
17N144G05,33.096,-3.148,2017,2,No
17N145G02,33.182,-3.627,2017,2,Yes
17N145G03,33.348,-2.916,2017,2,No
17N145G05,33.105,-3.028,2017,2,No
17N146G02,33.050,-4.547,2017,2,No
17N146G03,33.382,-2.501,2017,2,No
17N146G05,33.340,-2.724,2017,2,No
17N147G02,33.206,-4.555,2017,1,Yes
17N147G03,33.646,-2.909,2017,1,No
17N147G05,32.382,-2.299,2017,2,No
17N148G03,33.730,-2.331,2017,3,No
17N148G05,32.255,-2.254,2017,2,No
17N149G03,33.704,-2.373,2017,3,No
17N149G05,33.335,-2.234,2017,2,No
17N14M06,33.143,-3.915,2017,1,Yes
17N14M08,33.365,-2.676,2017,2,No
17N14M10,32.434,-2.115,2017,3,No
17N14M11,33.926,-2.381,2017,3,No
17N14M14,32.883,-4.758,2017,2,No
17N14M15,33.063,-2.789,2017,3,No
17N14M17,32.851,-4.668,2017,2,No
17N14M18,33.116,-3.069,2017,2,No
17N14M20,33.400,-2.924,2017,3,No
17N14M22,32.269,-1.588,2017,2,No
17N14M25,32.806,-3.432,2017,2,No
17N14M30,33.371,-2.880,2017,2,No
17N150G03,33.797,-2.375,2017,3,No
17N150G05,33.348,-2.288,2017,3,No
17N151G03,33.982,-2.502,2017,2,No
17N151G05,33.354,-2.293,2017,2,No
17N152G03,33.990,-2.490,2017,2,No
17N152G05,33.380,-2.282,2017,2,No
17N153G03,33.898,-2.525,2017,3,No
17N154G03,33.476,-2.938,2017,2,No
17N155G03,33.780,-2.824,2017,3,No
17N156G03,33.988,-2.223,2017,3,No
17N157G03,33.894,-2.395,2017,2,No
17N158G03,33.796,-2.426,2017,2,No
17N159G03,33.856,-2.459,2017,2,No
17N15M06,32.862,-4.708,2017,2,No
17N15M08,33.275,-2.590,2017,3,Yes
17N15M10,32.323,-2.254,2017,3,No
17N15M11,33.796,-2.428,2017,3,No
17N15M14,33.337,-2.677,2017,3,Yes
17N15M15,33.163,-2.516,2017,3,No
17N15M17,33.131,-4.471,2017,3,Yes
17N15M18,33.126,-3.063,2017,2,No
17N15M20,33.692,-2.347,2017,2,Yes
17N15M22,32.644,-1.687,2017,1,No
17N15M25,32.659,-2.591,2017,2,No
17N15M30,33.377,-3.220,2017,,No
17N160G03,33.807,-2.454,2017,1,No
17N161G03,33.719,-2.359,2017,3,No
17N162G03,33.685,-2.344,2017,3,No
17N163G03,33.632,-2.561,2017,2,No
17N164G03,33.624,-2.562,2017,3,No
17N165G03,33.584,-2.755,2017,3,No
17N166G03,33.646,-2.733,2017,3,No
17N167G03,33.364,-2.789,2017,2,No
17N168G03,33.400,-2.698,2017,3,No
17N169G03,33.378,-2.669,2017,3,No
17N16M06,32.908,-4.694,2017,2,No
17N16M08,33.327,-2.732,2017,3,No
17N16M10,32.926,-1.826,2017,,No
17N16M11,33.330,-2.677,2017,,No
17N16M15,33.035,-2.437,2017,3,No
17N16M17,33.129,-4.673,2017,2,No
17N16M18,33.110,-3.010,2017,2,No
17N16M20,33.900,-2.406,2017,3,No
17N16M22,32.550,-2.241,2017,3,No
17N16M25,33.271,-2.858,2017,,No
17N16M30,33.901,-2.535,2017,3,No
17N170G03,33.458,-2.534,2017,3,No
17N171G03,33.469,-2.508,2017,3,No
17N172G03,33.512,-2.451,2017,3,No
17N173G03,33.514,-2.456,2017,3,No
17N174G03,33.552,-2.656,2017,3,No
17N175G03,33.639,-2.720,2017,2,No
17N176G03,33.634,-2.847,2017,3,No
17N177G03,33.686,-3.118,2017,2,No
17N178G03,33.772,-2.929,2017,3,No
17N179G03,33.754,-2.842,2017,3,No
17N17M06,33.130,-3.939,2017,3,No
17N17M08,33.674,-3.128,2017,3,No
17N17M11,33.336,-2.679,2017,2,No
17N17M17,32.899,-4.801,2017,2,No
17N17M18,33.168,-2.942,2017,2,No
17N17M20,33.812,-2.539,2017,2,No
17N17M22,32.393,-2.211,2017,3,No
17N17M25,33.651,-2.731,2017,1,No
17N17M30,33.957,-2.520,2017,3,No
17N17M32,33.206,-2.649,2017,3,No
17N180G03,33.758,-2.836,2017,,No
17N181G03,33.911,-2.436,2017,3,No
17N182G03,33.911,-2.419,2017,2,No
17N183G03,33.938,-2.348,2017,2,No
17N184G03,33.909,-2.353,2017,2,No
17N185G03,33.839,-2.291,2017,2,No
17N186G03,33.745,-2.380,2017,,No
17N187G03,33.732,-2.477,2017,3,No
17N188G03,33.700,-2.538,2017,3,No
17N189G03,33.740,-2.858,2017,2,No
17N18M06,32.848,-4.670,2017,2,No
17N18M08,33.378,-2.783,2017,3,No
17N18M11,32.845,-2.495,2017,2,Yes
17N18M17,33.186,-3.884,2017,1,No
17N18M18,33.284,-2.530,2017,3,Yes
17N18M20,32.955,-3.887,2017,2,Yes
17N18M22,32.305,-2.252,2017,2,No
17N18M25,33.289,-2.719,2017,3,Yes
17N18M30,33.570,-2.939,2017,3,No
17N18M32,33.270,-2.579,2017,3,No
17N190G03,33.699,-2.865,2017,2,No
17N191G03,33.451,-2.492,2017,3,No
17N192G03,33.429,-2.401,2017,2,No
17N193G03,33.415,-2.399,2017,1,No
17N194G03,33.373,-2.382,2017,3,No
17N195G03,33.856,-2.513,2017,3,No
17N196G03,33.918,-2.552,2017,3,No
17N197G03,33.916,-2.516,2017,2,No
17N198G03,33.929,-2.545,2017,3,No
17N199G03,33.939,-2.354,2017,2,No
17N19M06,32.834,-4.726,2017,2,No
17N19M08,33.212,-2.652,2017,2,No
17N19M11,32.846,-2.497,2017,2,Yes
17N19M17,33.112,-4.011,2017,1,No
17N19M18,33.140,-4.014,2017,2,No
17N19M20,33.762,-2.902,2017,3,Yes
17N19M22,32.381,-2.198,2017,2,No
17N19M25,33.294,-2.721,2017,1,No
17N19M30,33.395,-2.806,2017,3,No
17N19M32,33.027,-2.268,2017,2,No
17N200G03,33.924,-2.343,2017,2,No
17N201G03,33.720,-3.050,2017,2,No
17N202G03,33.817,-2.585,2017,3,No
17N203G03,33.908,-2.455,2017,2,No
17N204G03,33.901,-2.426,2017,2,No
17N205G03,33.552,-2.012,2017,3,No
17N206G03,33.720,-2.324,2017,3,No
17N207G03,33.816,-2.386,2017,2,No
17N208G03,33.654,-2.585,2017,3,No
17N209G03,33.700,-2.636,2017,3,No
17N20M06,33.231,-3.918,2017,2,No
17N20M08,33.345,-2.556,2017,3,No
17N20M11,32.786,-2.517,2017,2,No
17N20M17,33.850,-2.286,2017,3,No
17N20M18,33.273,-3.913,2017,2,Yes
17N20M20,33.152,-2.425,2017,,No
17N20M22,32.407,-2.694,2017,,No
17N20M25,33.496,-3.585,2017,1,No
17N20M30,33.086,-2.688,2017,3,Yes
17N20M32,33.171,-2.012,2017,3,No
17N210G03,33.941,-2.402,2017,2,No
17N211G03,33.905,-2.533,2017,2,No
17N212G03,33.343,-2.919,2017,2,No
17N213G03,33.428,-2.703,2017,2,No
17N214G03,33.717,-2.355,2017,2,No
17N215G03,33.838,-2.215,2017,3,No
17N216G03,33.836,-2.227,2017,3,No
17N217G03,33.645,-2.784,2017,2,No
17N218G03,33.624,-2.729,2017,3,No
17N219G03,33.665,-2.547,2017,2,No
17N21M06,33.237,-3.934,2017,2,No
17N21M08,33.104,-3.019,2017,4,No
17N21M11,32.871,-2.536,2017,3,No
17N21M15,33.054,-2.534,2017,3,No
17N21M17,33.851,-2.312,2017,3,No
17N21M20,32.689,-2.465,2017,2,No
17N21M22,32.545,-2.578,2017,,No
17N21M30,33.606,-3.388,2017,2,No
17N220G03,33.379,-2.388,2017,2,No
17N221G03,33.593,-2.601,2017,2,No
17N222G03,33.727,-2.793,2017,,No
17N223G03,33.811,-2.433,2017,2,No
17N224G03,33.808,-2.417,2017,3,No
17N225G03,33.797,-2.439,2017,2,No
17N226G03,33.767,-2.484,2017,3,No
17N227G03,33.336,-3.115,2017,2,No
17N228G03,33.694,-2.818,2017,3,No
17N229G03,33.710,-2.814,2017,1,No
17N22M06,32.901,-4.662,2017,2,No
17N22M08,33.251,-2.415,2017,1,No
17N22M11,33.870,-2.348,2017,2,No
17N22M15,33.089,-2.313,2017,3,No
17N22M17,33.250,-3.666,2017,2,No
17N22M20,33.438,-1.962,2017,1,No
17N22M22,32.565,-2.694,2017,2,No
17N22M30,33.656,-2.731,2017,2,No
17N230G03,33.842,-2.217,2017,2,No
17N231G03,33.838,-2.251,2017,2,No
17N232G03,33.946,-2.208,2017,3,No
17N233G03,33.765,-2.333,2017,2,No
17N234G03,33.693,-2.730,2017,1,No
17N235G03,33.706,-2.856,2017,3,No
17N236G03,33.646,-2.924,2017,2,No
17N237G03,33.603,-2.587,2017,2,No
17N238G03,33.701,-2.299,2017,3,No
17N239G03,33.717,-2.314,2017,3,No
17N23M06,33.274,-3.896,2017,1,Yes
17N23M11,33.719,-2.332,2017,3,No
17N23M15,33.541,-1.753,2017,2,No
17N23M17,33.244,-3.669,2017,2,No
17N23M20,33.454,-2.525,2017,2,No
17N23M22,32.298,-2.268,2017,2,No
17N23M30,33.359,-2.593,2017,3,Yes
17N240G03,33.871,-2.457,2017,3,No
17N241G03,33.531,-3.127,2017,3,No
17N242G03,33.331,-2.768,2017,3,No
17N243G03,33.872,-2.446,2017,2,No
17N244G03,33.793,-2.443,2017,3,No
17N245G03,33.935,-2.483,2017,2,No
17N246G03,33.919,-2.378,2017,3,No
17N247G03,33.800,-2.218,2017,3,No
17N248G03,33.853,-2.297,2017,2,No
17N249G03,33.740,-2.265,2017,3,No
17N24M06,33.528,-2.901,2017,2,Yes
17N24M11,33.731,-2.339,2017,2,No
17N24M15,32.688,-2.405,2017,3,No
17N24M17,33.203,-3.796,2017,2,No
17N24M20,33.378,-3.178,2017,2,No
17N24M22,32.562,-2.965,2017,2,Yes
17N24M25,33.815,-2.567,2017,2,Yes
17N24M30,33.174,-2.020,2017,2,Yes
17N250G03,33.706,-2.846,2017,2,No
17N251G03,33.648,-2.780,2017,2,No
17N252G03,33.889,-2.515,2017,3,No
17N253G03,33.880,-2.466,2017,2,No
17N254G03,33.815,-2.254,2017,1,No
17N255G03,33.814,-2.254,2017,3,No
17N256G03,33.995,-2.210,2017,4,No
17N257G03,33.999,-2.218,2017,2,No
17N258G03,33.989,-2.203,2017,3,Yes
17N259G03,33.565,-2.076,2017,2,No
17N25M06,33.628,-2.955,2017,3,No
17N25M11,33.734,-2.340,2017,2,No
17N25M17,32.741,-3.888,2017,2,No
17N25M20,33.255,-3.875,2017,2,No
17N25M22,32.545,-2.478,2017,2,No
17N25M25,33.945,-2.492,2017,2,No
17N25M30,33.446,-2.198,2017,2,No
17N25M32,33.246,-2.625,2017,3,No
17N260G03,33.538,-2.860,2017,1,No
17N261G03,33.704,-2.799,2017,2,No
17N262G03,33.737,-3.161,2017,2,No
17N263G03,33.979,-2.302,2017,2,No
17N264G03,33.594,-2.794,2017,1,No
17N265G03,33.854,-2.364,2017,2,No
17N26M06,33.655,-2.874,2017,2,No
17N26M11,33.762,-2.828,2017,3,No
17N26M15,33.250,-1.988,2017,3,No
17N26M17,33.255,-3.680,2017,2,No
17N26M20,33.306,-3.918,2017,2,Yes
17N26M22,32.331,-2.324,2017,2,No
17N26M25,33.890,-2.385,2017,3,Yes
17N26M30,33.237,-2.418,2017,2,No
17N27M06,32.682,-2.483,2017,1,Yes
17N27M11,33.700,-2.370,2017,1,No
17N27M15,33.441,-2.077,2017,2,No
17N27M17,33.256,-3.693,2017,1,No
17N27M20,32.871,-4.714,2017,3,No
17N27M22,32.806,-2.119,2017,3,No
17N27M25,33.882,-2.330,2017,3,No
17N27M30,33.687,-2.008,2017,3,No
17N28M11,33.816,-2.421,2017,3,No
17N28M15,32.853,-2.608,2017,,No
17N28M17,33.632,-2.888,2017,2,Yes
17N28M20,32.868,-4.821,2017,1,No
17N28M22,32.750,-2.333,2017,2,No
17N28M25,33.341,-2.678,2017,3,Yes
17N28M30,33.790,-2.469,2017,3,No
17N29M06,33.770,-2.830,2017,2,Yes
17N29M11,33.809,-2.449,2017,3,No
17N29M15,33.201,-3.973,2017,2,No
17N29M17,33.631,-2.888,2017,2,No
17N29M20,32.949,-3.586,2017,3,No
17N29M25,33.144,-2.001,2017,3,No
17N29M30,33.922,-2.549,2017,2,Yes
17N30M11,33.810,-2.444,2017,2,No
17N30M15,33.262,-2.882,2017,3,No
17N30M17,33.646,-2.909,2017,3,No
17N30M20,32.952,-3.585,2017,2,No
17N30M25,33.142,-1.999,2017,2,No
17N30M30,33.923,-2.556,2017,2,No
17N31M11,33.790,-2.419,2017,2,No
17N31M15,33.299,-2.898,2017,3,No
17N31M17,33.625,-2.714,2017,1,No
17N31M20,33.125,-3.702,2017,1,No
17N31M25,33.582,-2.683,2017,3,No
17N31M30,33.157,-3.717,2017,3,Yes
17N32M11,33.103,-4.722,2017,,No
17N32M15,33.234,-2.684,2017,3,No
17N32M17,33.725,-2.767,2017,2,Yes
17N32M20,33.120,-3.706,2017,2,Yes
17N32M25,33.041,-3.088,2017,2,No
17N32M30,33.135,-3.734,2017,2,No
17N33M15,33.250,-2.588,2017,3,No
17N33M17,33.729,-2.829,2017,3,No
17N33M20,33.535,-3.146,2017,2,No
17N33M25,33.130,-3.095,2017,3,No
17N33M30,33.160,-3.665,2017,2,Yes
17N34M15,33.219,-2.436,2017,3,No
17N34M17,33.130,-3.061,2017,2,No
17N34M20,33.975,-2.522,2017,2,No
17N34M25,33.101,-3.183,2017,3,No
17N34M30,33.165,-3.662,2017,2,No
17N35M15,33.243,-2.366,2017,2,No
17N35M17,33.566,-2.930,2017,2,No
17N35M20,33.989,-2.500,2017,3,No
17N35M25,33.086,-3.021,2017,2,No
17N35M30,33.184,-3.627,2017,2,No
17N36M15,33.242,-2.345,2017,2,No
17N36M17,33.316,-2.727,2017,2,No
17N36M20,33.889,-2.425,2017,2,No
17N36M25,33.158,-2.888,2017,3,No
17N36M30,33.369,-2.869,2017,2,Yes
17N37M15,33.201,-2.449,2017,2,No
17N37M20,33.402,-2.803,2017,2,No
17N37M30,33.176,-4.575,2017,2,Yes
17N38M15,33.183,-2.485,2017,3,No
17N38M20,32.931,-2.508,2017,2,No
17N38M30,32.906,-4.863,2017,2,No
17N39M20,33.197,-3.931,2017,1,No
17N39M30,33.280,-3.904,2017,2,Yes
17N39M32,33.240,-2.272,2017,3,No
17N40M20,33.207,-4.092,2017,2,No
17N40M32,33.167,-2.581,2017,3,No
17N41M32,33.272,-2.382,2017,2,No
17N42M25,32.969,-3.583,2017,2,Yes
17N42M32,33.386,-2.235,2017,3,No
17N43M25,32.931,-3.579,2017,2,No
17N43M32,33.632,-1.766,2017,,No
17N44M25,33.190,-4.074,2017,2,No
17N44M32,33.240,-2.880,2017,3,No
17N45M15,33.306,-2.884,2017,3,No
17N45M25,33.220,-4.057,2017,2,No
17N46M15,33.216,-2.672,2017,2,No
17N46M25,33.283,-3.863,2017,2,Yes
17N47M25,33.024,-3.099,2017,2,Yes
17N47M32,33.394,-2.793,2017,1,Yes
17N48M25,33.123,-3.121,2017,2,No
17N48M32,33.300,-2.878,2017,2,Yes
17N49M25,33.804,-2.346,2017,1,No
17N49M32,33.324,-3.123,2017,2,No
17N50M25,33.893,-2.502,2017,2,No
17N50M32,33.180,-2.427,2017,3,No
17N51M25,33.819,-2.423,2017,1,No
17N52M25,33.273,-2.131,2017,2,No
17N54M25,33.345,-3.617,2017,2,No
17N55M25,33.345,-3.618,2017,2,Yes
18N001G01,32.831,-3.769,2018,2,No
18N001G02,33.242,-3.260,2018,2,No
18N001G03,33.975,-2.473,2018,3,No
18N001G04,32.705,-2.110,2018,2,Yes
18N001G05,32.766,-2.277,2018,3,No
18N001G06,33.373,-3.205,2018,2,No
18N001G07,32.735,-2.150,2018,3,No
18N001G08,32.750,-2.494,2018,2,No
18N002G01,32.854,-3.685,2018,2,No
18N002G02,33.354,-3.126,2018,2,No
18N002G03,33.674,-2.892,2018,2,No
18N002G04,32.977,-2.090,2018,2,Yes
18N002G05,32.685,-2.740,2018,2,Yes
18N002G06,33.374,-3.198,2018,2,No
18N002G07,32.716,-2.127,2018,2,No
18N002G08,32.701,-2.140,2018,2,Yes
18N003G01,32.836,-3.784,2018,3,Yes
18N003G02,33.376,-3.193,2018,2,No
18N003G03,33.886,-2.524,2018,3,Yes
18N003G04,33.261,-2.661,2018,2,No
18N003G05,33.130,-2.948,2018,2,No
18N003G06,33.395,-3.189,2018,2,No
18N003G07,33.015,-2.089,2018,2,No
18N003G08,32.781,-2.179,2018,2,Yes
18N004G01,32.844,-3.644,2018,2,No
18N004G02,33.381,-3.188,2018,2,No
18N004G03,33.940,-2.349,2018,2,Yes
18N004G05,32.646,-2.140,2018,2,No
18N004G06,32.831,-3.729,2018,2,No
18N004G07,32.627,-1.991,2018,2,No
18N004G08,32.637,-2.024,2018,3,No
18N005G01,33.033,-3.933,2018,2,Yes
18N005G02,33.019,-4.574,2018,2,No
18N005G03,33.899,-2.580,2018,2,No
18N005G05,32.202,-2.653,2018,1,No
18N005G06,33.154,-2.930,2018,2,No
18N005G07,32.484,-1.509,2018,2,Yes
18N005G08,32.649,-2.043,2018,3,No
18N006G01,32.785,-3.933,2018,1,No
18N006G02,32.875,-4.809,2018,2,No
18N006G03,33.897,-2.572,2018,2,No
18N006G05,32.971,-2.834,2018,2,No
18N006G06,33.137,-2.945,2018,2,No
18N006G07,32.846,-2.195,2018,2,No
18N006G08,32.638,-2.141,2018,2,Yes
18N007G01,32.853,-3.803,2018,2,No
18N007G02,32.878,-4.792,2018,2,No
18N007G03,33.948,-2.358,2018,2,Yes
18N007G05,32.778,-2.375,2018,2,No
18N007G06,33.140,-2.875,2018,2,No
18N007G07,32.947,-2.357,2018,2,No
18N007G08,32.737,-2.149,2018,2,No
18N008G01,32.842,-3.807,2018,3,No
18N008G02,33.247,-3.329,2018,2,No
18N008G03,33.905,-2.526,2018,3,No
18N008G05,33.149,-2.005,2018,2,No
18N008G06,33.604,-2.957,2018,3,No
18N008G07,32.685,-1.698,2018,2,Yes
18N008G08,33.092,-2.028,2018,1,No
18N009G01,33.096,-4.518,2018,3,No
18N009G02,33.224,-3.227,2018,3,No
18N009G03,33.881,-2.559,2018,2,No
18N009G05,32.683,-2.129,2018,2,Yes
18N009G06,33.129,-2.934,2018,2,No
18N009G07,32.491,-1.512,2018,2,No
18N009G08,33.260,-2.637,2018,3,No
18N010G01,33.097,-4.501,2018,3,Yes
18N010G02,33.371,-3.223,2018,2,No
18N010G03,33.747,-3.122,2018,3,No
18N010G05,32.634,-2.031,2018,3,Yes
18N010G06,33.211,-3.009,2018,2,No
18N010G07,32.491,-1.502,2018,2,No
18N010G08,33.157,-2.885,2018,2,No
18N011G01,33.075,-3.848,2018,2,No
18N011G02,33.388,-3.218,2018,2,No
18N011G03,33.950,-2.353,2018,2,Yes
18N011G05,33.140,-2.001,2018,2,No
18N011G06,33.043,-3.059,2018,2,No
18N011G07,32.494,-1.506,2018,3,No
18N011G08,33.157,-3.017,2018,2,No
18N012G01,32.947,-3.486,2018,2,No
18N012G02,33.372,-3.185,2018,2,No
18N012G03,33.965,-2.531,2018,2,No
18N012G05,33.081,-2.382,2018,2,No
18N012G06,33.127,-3.056,2018,2,No
18N012G07,32.489,-1.498,2018,2,Yes
18N012G08,32.879,-3.108,2018,3,No
18N013G01,32.933,-3.579,2018,2,No
18N013G02,33.509,-3.317,2018,2,No
18N013G06,32.957,-3.227,2018,2,No
18N013G07,32.705,-2.546,2018,2,No
18N013G08,33.149,-2.735,2018,2,No
18N014G01,32.845,-3.792,2018,2,No
18N014G02,33.088,-4.386,2018,2,No
18N014G03,33.884,-2.453,2018,2,Yes
18N014G06,33.310,-3.065,2018,2,No
18N014G07,32.648,-1.741,2018,3,Yes
18N015G01,32.845,-3.754,2018,2,No
18N015G02,33.023,-4.576,2018,2,No
18N015G03,33.912,-2.564,2018,2,No
18N015G06,33.465,-3.102,2018,2,Yes
18N015G07,32.772,-2.372,2018,2,No
18N016G01,32.848,-4.711,2018,2,No
18N016G02,33.086,-4.719,2018,2,No
18N016G03,33.914,-2.564,2018,3,No
18N016G06,33.230,-3.231,2018,2,No
18N016G07,32.509,-1.415,2018,2,No
18N017G01,33.041,-4.274,2018,2,No
18N017G02,33.379,-3.210,2018,2,No
18N017G03,33.887,-2.592,2018,2,No
18N017G06,33.235,-3.228,2018,2,No
18N017G07,33.148,-2.882,2018,2,No
18N018G01,32.857,-4.012,2018,,No
18N018G03,33.930,-2.569,2018,2,No
18N018G06,33.375,-3.178,2018,2,No
18N018G07,33.156,-2.969,2018,2,No
18N019G01,33.209,-4.595,2018,3,No
18N019G02,32.893,-4.685,2018,2,No
18N019G03,33.925,-2.556,2018,2,No
18N019G06,33.086,-4.702,2018,2,Yes
18N019G07,33.126,-3.005,2018,2,Yes
18N01M06,33.137,-3.672,2018,2,No
18N01M08,33.322,-2.897,2018,2,No
18N01M09,33.898,-2.517,2018,2,No
18N01M11,33.095,-4.482,2018,2,No
18N01M15,33.945,-2.361,2018,2,Yes
18N01M16,33.295,-3.831,2018,2,No
18N01M17,33.067,-3.827,2018,2,No
18N01M18,33.295,-2.661,2018,,No
18N01M20,33.290,-3.923,2018,2,No
18N01M24,32.846,-4.640,2018,2,No
18N01M25,32.974,-4.359,2018,2,No
18N01M27,32.639,-2.141,2018,2,No
18N01M29,33.918,-2.504,2018,3,No
18N01M30,33.187,-4.066,2018,1,No
18N020G01,33.209,-4.597,2018,2,No
18N020G02,32.890,-4.680,2018,2,No
18N020G03,33.668,-2.882,2018,2,No
18N020G06,33.114,-4.656,2018,3,No
18N020G07,33.115,-3.223,2018,2,No
18N021G02,32.865,-4.642,2018,2,No
18N021G03,33.669,-2.821,2018,2,No
18N021G06,33.467,-3.067,2018,2,No
18N021G07,33.240,-2.847,2018,2,No
18N022G02,32.856,-4.628,2018,3,No
18N022G03,33.246,-2.912,2018,2,Yes
18N022G06,33.467,-3.079,2018,2,No
18N022G07,33.222,-2.837,2018,3,No
18N023G02,32.851,-4.652,2018,2,No
18N023G03,33.929,-2.571,2018,3,No
18N023G06,33.449,-3.076,2018,2,No
18N023G07,32.759,-2.148,2018,3,Yes
18N024G02,32.901,-4.688,2018,2,No
18N024G03,33.927,-2.568,2018,2,No
18N024G06,33.285,-3.044,2018,2,No
18N024G07,32.762,-2.146,2018,3,No
18N025G02,32.914,-4.745,2018,3,No
18N025G03,33.931,-2.559,2018,3,No
18N025G06,32.881,-4.052,2018,2,No
18N025G07,33.223,-2.517,2018,2,No
18N026G02,32.900,-4.743,2018,3,No
18N026G03,33.967,-2.461,2018,3,Yes
18N026G06,33.399,-3.204,2018,2,No
18N026G07,33.075,-2.932,2018,2,No
18N027G02,33.475,-3.149,2018,2,No
18N027G03,33.953,-2.514,2018,3,No
18N027G06,33.341,-3.138,2018,2,No
18N027G07,32.778,-2.304,2018,1,No
18N028G02,32.859,-4.627,2018,1,No
18N028G03,33.822,-2.587,2018,2,No
18N028G06,33.215,-3.194,2018,2,No
18N028G07,32.772,-2.308,2018,2,No
18N029G02,32.848,-4.717,2018,2,No
18N029G03,33.693,-2.995,2018,3,No
18N029G06,33.073,-4.545,2018,3,No
18N029G07,32.660,-1.930,2018,3,No
18N02M06,33.744,-3.142,2018,3,No
18N02M08,33.325,-2.911,2018,2,No
18N02M09,33.891,-2.564,2018,2,No
18N02M11,33.303,-2.729,2018,2,No
18N02M15,33.287,-2.706,2018,2,No
18N02M16,32.798,-4.063,2018,2,No
18N02M17,32.861,-4.704,2018,2,No
18N02M18,33.136,-2.933,2018,2,Yes
18N02M20,33.099,-4.568,2018,2,No
18N02M24,33.093,-4.512,2018,2,No
18N02M25,32.737,-4.882,2018,2,No
18N02M27,32.874,-2.500,2018,2,No
18N02M29,32.644,-2.457,2018,2,No
18N02M30,32.867,-4.697,2018,2,No
18N030G02,32.845,-4.736,2018,3,No
18N030G03,33.663,-2.968,2018,2,No
18N030G06,32.963,-4.558,2018,2,No
18N030G07,32.768,-2.130,2018,2,No
18N031G02,32.914,-4.698,2018,2,No
18N031G03,33.313,-2.924,2018,2,No
18N031G06,32.839,-4.024,2018,1,No
18N031G07,32.483,-1.521,2018,2,No
18N032G02,32.912,-4.758,2018,2,No
18N032G03,33.888,-2.550,2018,3,No
18N032G06,32.990,-4.555,2018,3,No
18N032G07,32.668,-2.396,2018,2,No
18N033G02,33.575,-3.240,2018,2,No
18N033G03,33.918,-2.549,2018,3,No
18N033G06,32.979,-4.564,2018,2,No
18N033G07,32.709,-3.143,2018,1,No
18N034G02,33.583,-3.108,2018,2,No
18N034G03,33.872,-2.345,2018,2,Yes
18N034G06,33.057,-4.508,2018,3,No
18N034G07,32.979,-3.049,2018,3,No
18N035G02,33.255,-3.248,2018,2,No
18N035G03,33.918,-2.192,2018,2,No
18N035G06,33.117,-4.491,2018,2,No
18N035G07,33.095,-3.252,2018,3,Yes
18N036G02,33.254,-3.260,2018,1,No
18N036G03,34.112,-2.217,2018,3,No
18N036G06,32.794,-3.857,2018,2,No
18N036G07,33.069,-3.243,2018,2,No
18N037G02,32.905,-4.827,2018,3,No
18N037G03,33.650,-2.932,2018,2,No
18N037G06,32.929,-3.485,2018,3,No
18N037G07,33.163,-1.985,2018,2,No
18N038G02,33.035,-4.518,2018,2,No
18N038G03,33.655,-2.874,2018,2,Yes
18N038G06,33.580,-3.174,2018,2,No
18N038G07,32.771,-2.139,2018,2,No
18N039G02,33.148,-3.298,2018,2,No
18N039G03,33.715,-2.856,2018,1,No
18N039G06,33.310,-3.012,2018,2,No
18N039G07,32.487,-1.507,2018,2,Yes
18N03M06,33.565,-3.190,2018,3,No
18N03M08,33.734,-3.140,2018,2,Yes
18N03M09,33.886,-2.537,2018,2,No
18N03M11,33.292,-2.643,2018,2,No
18N03M16,33.007,-4.093,2018,1,Yes
18N03M17,32.847,-3.813,2018,1,No
18N03M20,32.929,-4.901,2018,2,No
18N03M24,33.896,-2.962,2018,2,No
18N03M25,32.891,-4.863,2018,3,No
18N03M27,32.634,-2.469,2018,2,No
18N03M29,32.403,-2.281,2018,2,Yes
18N03M30,32.923,-4.905,2018,,No
18N03M32,33.283,-3.133,2018,2,No
18N040G02,32.843,-4.911,2018,2,No
18N040G03,33.897,-2.528,2018,3,No
18N040G06,33.305,-3.049,2018,2,No
18N040G07,33.092,-1.953,2018,2,No
18N041G02,33.151,-4.667,2018,3,No
18N041G03,33.929,-2.549,2018,3,No
18N041G06,33.408,-3.219,2018,2,No
18N041G07,33.146,-1.992,2018,3,Yes
18N042G02,32.828,-4.790,2018,1,No
18N042G03,34.007,-2.339,2018,3,No
18N042G06,32.877,-4.055,2018,2,No
18N042G07,33.229,-2.556,2018,2,No
18N043G02,32.877,-4.755,2018,2,No
18N043G03,33.749,-3.069,2018,2,No
18N043G07,32.742,-2.473,2018,2,Yes
18N044G02,32.891,-4.679,2018,2,No
18N044G03,33.390,-2.644,2018,2,No
18N044G07,32.748,-2.380,2018,2,No
18N045G02,32.889,-4.675,2018,1,No
18N045G03,33.449,-2.543,2018,2,Yes
18N045G07,32.764,-2.288,2018,2,No
18N046G02,32.880,-4.842,2018,2,No
18N046G03,33.454,-2.525,2018,1,No
18N046G07,32.632,-2.013,2018,2,No
18N047G02,32.871,-4.874,2018,2,No
18N047G03,33.933,-2.555,2018,3,No
18N047G07,32.704,-2.533,2018,2,No
18N048G02,32.855,-4.751,2018,3,No
18N048G03,33.771,-2.934,2018,2,No
18N048G07,33.140,-1.972,2018,2,No
18N049G03,33.765,-2.942,2018,1,No
18N049G07,32.732,-1.826,2018,2,No
18N04M06,33.403,-3.205,2018,3,No
18N04M08,33.692,-3.053,2018,2,No
18N04M09,33.189,-2.448,2018,2,Yes
18N04M11,33.928,-2.212,2018,2,No
18N04M16,33.006,-4.093,2018,3,Yes
18N04M17,32.942,-3.571,2018,3,Yes
18N04M20,34.006,-2.459,2018,4,Yes
18N04M25,32.902,-4.828,2018,3,No
18N04M27,32.544,-2.997,2018,,No
18N04M29,32.698,-2.250,2018,2,No
18N04M30,32.854,-4.711,2018,2,Yes
18N04M32,33.130,-2.998,2018,,No
18N050G03,33.743,-3.193,2018,2,No
18N050G07,32.608,-1.473,2018,2,No
18N051G03,33.727,-3.162,2018,2,No
18N051G07,33.129,-1.991,2018,2,Yes
18N052G03,33.728,-3.113,2018,3,No
18N052G07,33.120,-1.973,2018,2,No
18N053G03,33.888,-2.593,2018,3,No
18N053G07,33.313,-2.425,2018,2,No
18N054G03,33.976,-2.517,2018,2,No
18N054G07,32.690,-2.104,2018,3,Yes
18N055G03,33.755,-3.071,2018,2,No
18N055G07,33.160,-2.256,2018,3,No
18N056G03,33.989,-2.462,2018,3,No
18N056G07,33.076,-2.387,2018,3,No
18N057G03,33.933,-2.251,2018,1,No
18N057G07,33.198,-2.296,2018,2,No
18N058G03,33.668,-2.938,2018,2,No
18N058G07,33.262,-2.575,2018,2,No
18N059G03,33.774,-2.939,2018,2,No
18N059G07,32.670,-2.704,2018,1,No
18N05M06,33.578,-2.954,2018,3,No
18N05M08,33.620,-3.142,2018,2,No
18N05M11,33.911,-2.247,2018,2,No
18N05M16,33.142,-4.586,2018,3,Yes
18N05M17,33.130,-2.936,2018,2,Yes
18N05M20,33.865,-2.556,2018,3,Yes
18N05M25,33.826,-2.518,2018,,No
18N05M30,32.872,-4.713,2018,1,Yes
18N05M32,33.221,-2.921,2018,3,No
18N060G03,33.363,-2.472,2018,2,No
18N060G07,32.649,-2.154,2018,2,No
18N061G03,33.650,-2.844,2018,3,No
18N061G07,32.761,-2.145,2018,2,No
18N062G03,33.978,-2.474,2018,3,No
18N062G07,33.162,-2.000,2018,2,No
18N063G03,33.975,-2.374,2018,3,No
18N063G07,32.801,-2.249,2018,2,No
18N064G03,33.803,-2.890,2018,3,No
18N064G07,32.896,-3.096,2018,3,Yes
18N065G03,34.144,-3.082,2018,3,No
18N065G07,33.093,-3.166,2018,2,No
18N066G03,33.711,-3.114,2018,3,Yes
18N066G07,33.032,-3.105,2018,1,No
18N067G03,33.693,-2.975,2018,2,Yes
18N067G07,32.927,-2.468,2018,2,No
18N068G03,33.891,-2.603,2018,3,No
18N068G07,32.703,-1.894,2018,2,No
18N069G03,33.957,-2.415,2018,3,No
18N06M06,33.363,-2.629,2018,3,No
18N06M08,33.146,-2.735,2018,2,No
18N06M11,33.887,-2.515,2018,3,No
18N06M16,33.141,-4.587,2018,2,No
18N06M20,33.936,-2.468,2018,2,Yes
18N06M25,33.899,-2.528,2018,,No
18N06M30,32.888,-4.688,2018,2,Yes
18N06M32,33.291,-2.860,2018,2,No
18N070G03,33.937,-2.208,2018,2,No
18N071G03,33.693,-3.118,2018,2,No
18N072G03,33.514,-2.919,2018,2,No
18N073G03,33.423,-2.969,2018,2,No
18N074G03,33.327,-2.932,2018,1,Yes
18N075G03,33.657,-2.861,2018,2,Yes
18N076G03,33.924,-2.511,2018,3,Yes
18N077G03,34.108,-2.222,2018,2,No
18N078G03,33.935,-2.292,2018,2,No
18N079G03,33.489,-3.093,2018,2,No
18N07M06,33.655,-2.880,2018,3,No
18N07M08,34.024,-2.462,2018,3,No
18N07M11,32.952,-3.235,2018,3,No
18N07M15,33.163,-2.658,2018,2,No
18N07M16,33.215,-3.908,2018,1,No
18N07M20,33.913,-2.217,2018,2,No
18N07M25,33.902,-2.525,2018,2,No
18N07M30,33.771,-2.916,2018,2,No
18N080G03,33.465,-3.109,2018,1,No
18N081G03,33.459,-3.176,2018,2,No
18N082G03,33.625,-3.161,2018,2,No
18N083G03,33.888,-2.583,2018,3,No
18N084G03,33.961,-2.214,2018,2,No
18N085G03,33.689,-3.100,2018,3,No
18N086G03,33.607,-3.140,2018,2,No
18N087G03,33.938,-2.234,2018,2,No
18N088G03,33.953,-2.526,2018,2,No
18N089G03,33.674,-3.081,2018,2,No
18N08M06,33.651,-2.829,2018,2,No
18N08M08,32.688,-2.684,2018,2,Yes
18N08M11,33.105,-2.265,2018,2,No
18N08M16,33.140,-4.583,2018,3,Yes
18N08M20,33.266,-2.905,2018,2,No
18N08M25,33.975,-2.532,2018,2,No
18N08M30,33.303,-2.918,2018,2,No
18N08M32,33.313,-2.866,2018,2,No
18N090G03,33.877,-2.591,2018,2,No
18N091G03,33.880,-2.591,2018,1,No
18N092G03,34.058,-2.256,2018,2,No
18N093G03,33.993,-2.452,2018,2,No
18N094G03,33.603,-3.116,2018,1,No
18N095G03,33.881,-2.578,2018,3,No
18N096G03,33.962,-2.375,2018,2,Yes
18N097G03,33.863,-2.541,2018,2,No
18N098G03,33.955,-2.521,2018,3,No
18N099G03,33.958,-2.497,2018,2,No
18N09M06,33.781,-2.900,2018,2,No
18N09M08,32.677,-2.797,2018,2,Yes
18N09M11,33.922,-2.199,2018,3,No
18N09M20,33.084,-3.195,2018,2,No
18N09M25,33.888,-2.333,2018,2,Yes
18N09M30,32.750,-4.853,2018,2,No
18N09M32,33.282,-2.805,2018,3,No
18N100G03,34.049,-2.500,2018,3,No
18N100M21,29.839,-6.726,2018,2,Yes
18N101G03,33.885,-2.561,2018,2,No
18N102G03,34.138,-3.070,2018,3,No
18N103G03,33.903,-2.497,2018,3,No
18N10M06,33.568,-2.954,2018,2,No
18N10M11,33.922,-2.195,2018,2,No
18N10M20,32.683,-4.861,2018,2,No
18N10M25,33.983,-2.472,2018,,No
18N10M30,32.843,-4.699,2018,3,No
18N10M32,33.731,-2.300,2018,2,No
18N11M06,33.544,-2.934,2018,3,No
18N11M11,33.501,-3.265,2018,1,No
18N11M20,32.817,-3.913,2018,2,No
18N11M25,33.095,-4.482,2018,3,Yes
18N11M30,32.844,-4.694,2018,1,No
18N11M32,33.962,-2.463,2018,,No
18N12M06,32.884,-4.846,2018,3,No
18N12M11,33.977,-2.363,2018,2,No
18N12M20,33.934,-2.451,2018,2,No
18N12M25,33.134,-4.467,2018,1,Yes
18N12M30,32.897,-4.059,2018,2,No
18N12M32,33.943,-2.524,2018,2,No
18N13M06,33.738,-2.747,2018,3,No
18N13M11,34.103,-2.198,2018,3,No
18N13M20,33.811,-2.484,2018,2,Yes
18N13M25,33.132,-2.988,2018,2,No
18N13M30,32.883,-4.848,2018,3,No
18N13M32,33.869,-2.538,2018,2,No
18N14M06,33.891,-2.328,2018,2,Yes
18N14M11,33.118,-2.921,2018,2,No
18N14M20,33.156,-1.996,2018,2,No
18N14M25,33.244,-2.821,2018,2,No
18N14M30,33.006,-4.786,2018,3,No
18N14M32,33.180,-2.359,2018,2,No
18N15M06,33.886,-2.581,2018,2,No
18N15M11,33.571,-3.140,2018,3,No
18N15M15,33.100,-2.731,2018,3,No
18N15M20,33.247,-3.901,2018,1,No
18N15M25,33.062,-4.544,2018,2,Yes
18N15M30,33.067,-4.549,2018,3,Yes
18N16M06,33.820,-2.526,2018,2,Yes
18N16M11,33.139,-4.007,2018,2,No
18N16M15,33.245,-2.209,2018,1,No
18N16M20,32.912,-4.682,2018,2,No
18N16M25,32.773,-4.091,2018,2,No
18N16M30,33.896,-2.573,2018,2,No
18N17M06,33.886,-2.344,2018,3,Yes
18N17M11,32.927,-4.879,2018,3,No
18N17M25,32.716,-3.824,2018,2,Yes
18N17M32,32.898,-2.488,2018,3,No
18N18M06,32.893,-4.681,2018,2,No
18N18M25,33.031,-2.573,2018,2,Yes
18N18M32,33.092,-1.997,2018,2,No
18N19M06,32.893,-4.685,2018,3,No
18N19M25,32.895,-2.837,2018,2,No
18N19M32,33.134,-2.727,2018,3,No
18N20M06,32.843,-4.739,2018,2,No
18N20M25,34.250,-2.971,2018,2,No
18N21M06,32.872,-4.697,2018,2,No
18N21M25,32.834,-3.726,2018,2,No
18N22M06,33.887,-2.410,2018,3,Yes
18N22M25,32.815,-3.771,2018,2,Yes
18N23M06,33.890,-2.485,2018,2,No
18N24M06,33.651,-2.986,2018,3,No
18N24M25,32.845,-4.023,2018,2,Yes
18N25M06,33.158,-4.074,2018,1,Yes
18N25M25,32.944,-2.878,2018,2,Yes
18N26M25,32.841,-4.020,2018,3,No
18N27M25,32.953,-4.515,2018,3,No
18N28M25,33.003,-4.555,2018,3,No
18N99M18,32.682,-2.751,2018,3,Yes
18N99M21,29.712,-7.476,2018,2,No
18N99M24,32.736,-2.459,2018,2,Yes
19N01M21,29.816,-6.616,2018,2,Yes
19G01N001,32.833,-3.705,2019,2,No
19G01N002,33.250,-3.685,2019,2,No
19G01N003,33.252,-3.680,2019,2,No
19G01N004,33.217,-3.683,2019,3,No
19G01N005,32.751,-3.994,2019,2,Yes
19G01N006,33.141,-3.709,2019,3,No
19G01N007,33.162,-3.653,2019,2,No
19G01N008,33.224,-3.683,2019,3,No
19G01N009,33.014,-3.630,2019,3,No
19G01N010,33.042,-3.647,2019,3,No
19G01N011,33.002,-3.886,2019,3,No
19G01N012,32.859,-3.765,2019,2,No
19G01N013,33.070,-3.737,2019,3,No
19G01N014,33.203,-3.651,2019,3,No
19G01N015,33.000,-3.655,2019,3,No
19G01N016,32.985,-3.604,2019,3,No
19G01N017,33.187,-3.620,2019,2,No
19G01N018,33.010,-3.681,2019,3,No
19G01N019,33.108,-3.742,2019,3,No
19G01N020,33.049,-3.641,2019,2,No
19G01N021,33.125,-3.722,2019,2,No
19G01N022,33.067,-3.829,2019,2,No
19G01N023,33.132,-3.763,2019,3,No
19G01N024,33.140,-3.749,2019,3,No
19G01N025,33.012,-3.699,2019,2,No
19G01N026,33.116,-3.725,2019,3,No
19G01N027,33.249,-3.680,2019,3,No
19G01N028,33.010,-3.619,2019,2,No
19G01N029,32.922,-3.665,2019,2,No
19G01N030,33.084,-3.731,2019,2,No
19G01N031,33.152,-3.794,2019,3,No
19G01N032,32.916,-3.580,2019,2,No
19G01N033,33.018,-3.642,2019,3,No
19G01N034,33.049,-3.659,2019,3,No
19G01N035,33.139,-3.745,2019,3,No
19G01N036,33.108,-3.731,2019,1,No
19G01N037,33.013,-3.645,2019,1,No
19G01N038,33.006,-3.705,2019,3,No
19G01N039,32.981,-3.617,2019,,No
19G01N040,33.008,-3.705,2019,2,No
19G01N041,33.021,-3.656,2019,3,No
19G01N042,33.000,-3.612,2019,2,No
19G01N043,33.032,-3.659,2019,3,No
19G01N044,33.047,-3.668,2019,3,No
19G01N045,32.847,-4.002,2019,2,Yes
19G01N046,32.766,-4.009,2019,3,No
19G01N047,33.006,-3.647,2019,3,No
19G01N048,33.150,-3.827,2019,3,No
19G01N049,33.153,-3.812,2019,2,No
19G01N050,33.127,-3.808,2019,2,No
19G01N051,32.938,-3.566,2019,3,No
19G01N052,32.910,-3.466,2019,,No
19G01N053,33.002,-3.880,2019,2,No
19G01N054,32.919,-3.746,2019,2,No
19G01N055,32.898,-3.906,2019,2,No
19G01N056,32.903,-3.916,2019,3,No
19G01N057,33.048,-3.670,2019,2,No
19G01N058,33.059,-3.673,2019,3,No
19G01N059,33.201,-3.670,2019,3,No
19G01N060,33.161,-3.644,2019,3,No
19G01N061,32.840,-4.166,2019,2,No
19G01N062,32.917,-3.666,2019,2,No
19G01N063,33.056,-3.905,2019,2,No
19G01N064,33.025,-3.630,2019,3,No
19G01N065,33.211,-3.692,2019,1,No
19G01N066,33.018,-3.628,2019,3,No
19G01N067,32.926,-3.557,2019,3,No
19G01N068,33.025,-3.946,2019,2,No
19G01N069,33.033,-3.944,2019,2,No
19G01N070,33.042,-3.655,2019,3,No
19G01N071,32.844,-3.794,2019,2,No
19G01N072,33.137,-3.735,2019,3,No
19G01N073,33.005,-3.960,2019,2,No
19G01N074,32.839,-3.657,2019,3,No
19G01N075,32.940,-3.598,2019,3,No
19G01N076,33.158,-3.636,2019,2,No
19G01N077,33.185,-3.697,2019,3,No
19G01N078,33.109,-3.727,2019,3,No
19G01N079,33.041,-3.661,2019,2,No
19G01N080,33.141,-3.796,2019,3,No
19G01N081,33.004,-3.707,2019,1,No
19G01N082,33.037,-3.692,2019,3,No
19G01N083,32.793,-3.861,2019,3,No
19G01N084,32.735,-4.020,2019,3,No
19G01N085,32.843,-4.030,2019,3,No
19G01N086,33.110,-3.740,2019,3,No
19G01N087,32.875,-4.017,2019,2,No
19G01N088,32.834,-4.022,2019,3,No
19G01N089,32.860,-4.026,2019,3,No
19G01N090,33.051,-3.665,2019,3,No
19G01N091,33.142,-3.667,2019,3,Yes
19G01N092,33.069,-3.838,2019,2,No
19G01N093,33.084,-3.725,2019,3,No
19G01N094,33.014,-3.672,2019,2,No
19G01N095,33.099,-3.821,2019,2,No
19G01N096,33.027,-3.680,2019,3,No
19G01N097,33.144,-3.688,2019,1,No
19G01N098,33.031,-3.698,2019,3,No
19G01N099,32.817,-4.179,2019,3,No
19G01N100,33.091,-3.725,2019,2,No
19G01N101,33.141,-3.704,2019,1,No
19G01N102,32.924,-4.014,2019,2,No
19G01N103,32.724,-3.844,2019,2,No
19G01N104,32.903,-4.911,2019,2,No
19G01N105,32.854,-4.630,2019,3,No
19G01N106,33.038,-3.942,2019,2,No
19G01N107,32.844,-4.628,2019,3,No
19G01N108,32.911,-4.676,2019,3,No
19G01N109,32.906,-4.716,2019,2,No
19G01N110,32.815,-4.163,2019,3,No
19G01N111,32.898,-4.670,2019,2,No
19G01N112,32.842,-4.634,2019,2,No
19G01N113,32.846,-4.653,2019,2,No
19G01N114,32.785,-3.970,2019,3,No
19G02N001,33.324,-3.247,2019,3,No
19G02N002,33.239,-3.682,2019,3,No
19G02N003,33.246,-3.681,2019,2,Yes
19G02N004,33.283,-3.178,2019,3,No
19G02N005,33.247,-3.193,2019,2,No
19G02N006,33.314,-3.233,2019,3,No
19G02N007,33.258,-3.696,2019,3,No
19G02N008,33.250,-3.692,2019,2,No
19G02N009,33.152,-3.637,2019,2,Yes
19G02N010,33.170,-3.637,2019,2,No
19G02N011,33.230,-3.190,2019,2,No
19G02N012,33.303,-3.199,2019,3,No
19G02N013,33.372,-3.183,2019,2,No
19G02N014,33.220,-3.324,2019,2,No
19G02N015,33.293,-3.290,2019,3,No
19G02N016,33.207,-3.629,2019,3,No
19G02N017,33.320,-3.243,2019,1,No
19G02N018,33.359,-3.219,2019,3,No
19G02N019,33.374,-3.207,2019,3,No
19G02N020,33.364,-3.220,2019,3,No
19G02N021,33.296,-3.165,2019,3,No
19G02N022,33.242,-3.255,2019,2,No
19G02N023,33.221,-3.645,2019,2,No
19G02N024,33.189,-3.582,2019,3,No
19G02N025,33.150,-3.707,2019,2,No
19G02N026,33.212,-3.683,2019,2,No
19G02N027,33.212,-3.633,2019,3,No
19G02N028,33.250,-3.670,2019,2,No
19G02N029,33.235,-3.667,2019,1,No
19G02N030,33.241,-3.706,2019,2,No
19G02N031,33.299,-3.309,2019,2,No
19G02N032,33.207,-3.356,2019,2,No
19G02N033,33.260,-3.689,2019,3,No
19G02N034,33.250,-3.682,2019,2,No
19G02N035,33.233,-3.689,2019,2,No
19G02N036,33.149,-3.803,2019,3,Yes
19G02N037,33.078,-3.850,2019,2,No
19G02N038,33.207,-3.664,2019,2,No
19G02N039,33.215,-3.663,2019,3,No
19G02N040,33.219,-3.678,2019,2,No
19G02N041,33.134,-3.812,2019,2,No
19G02N042,33.232,-3.656,2019,3,No
19G02N043,33.163,-3.593,2019,2,No
19G02N044,33.254,-3.684,2019,2,No
19G02N045,33.257,-3.710,2019,2,No
19G02N046,33.160,-3.811,2019,2,No
19G02N047,33.402,-3.365,2019,3,No
19G02N048,33.269,-3.682,2019,3,No
19G02N049,33.210,-3.339,2019,2,No
19G02N050,33.244,-3.669,2019,1,No
19G02N051,33.137,-3.813,2019,3,No
19G02N052,33.228,-3.687,2019,3,No
19G02N053,33.137,-3.704,2019,2,No
19G02N054,32.909,-4.673,2019,3,No
19G02N055,32.921,-4.643,2019,3,No
19G02N056,33.048,-4.512,2019,3,No
19G02N057,32.832,-4.732,2019,3,No
19G02N058,32.830,-4.734,2019,3,No
19G02N059,33.223,-3.333,2019,2,No
19G02N060,33.217,-3.252,2019,2,No
19G02N061,33.315,-3.220,2019,2,No
19G02N062,33.032,-4.524,2019,2,No
19G02N063,33.350,-3.263,2019,2,No
19G02N064,33.283,-3.194,2019,3,No
19G02N065,33.251,-3.197,2019,3,No
19G02N066,33.200,-3.211,2019,3,No
19G02N067,33.232,-3.657,2019,1,No
19G02N068,33.226,-3.643,2019,2,No
19G02N069,33.156,-3.726,2019,3,No
19G02N070,33.250,-3.315,2019,3,No
19G02N071,33.286,-3.191,2019,3,No
19G02N072,33.220,-3.319,2019,3,No
19G02N073,33.241,-3.214,2019,3,No
19G02N074,33.191,-3.591,2019,2,No
19G02N075,33.207,-3.627,2019,2,No
19G02N076,33.339,-3.278,2019,3,No
19G02N077,33.322,-3.240,2019,2,No
19G02N078,33.222,-3.330,2019,3,No
19G02N079,33.150,-4.668,2019,2,No
19G02N080,33.260,-3.268,2019,3,No
19G02N081,33.210,-3.338,2019,1,No
19G02N082,33.247,-3.181,2019,3,No
19G02N083,33.127,-4.700,2019,3,No
19G02N084,33.124,-4.711,2019,3,No
19G03N001,33.513,-3.313,2019,3,No
19G03N002,33.394,-3.191,2019,3,No
19G03N003,33.839,-2.271,2019,3,Yes
19G03N004,33.320,-3.088,2019,2,No
19G03N005,33.372,-3.116,2019,3,No
19G03N006,33.329,-2.907,2019,3,No
19G03N007,33.115,-3.275,2019,2,No
19G03N008,33.133,-3.291,2019,3,No
19G03N009,33.389,-2.808,2019,2,No
19G03N010,33.672,-2.885,2019,3,No
19G03N011,33.390,-3.163,2019,3,No
19G03N012,33.744,-2.722,2019,3,No
19G03N013,33.711,-2.802,2019,3,No
19G03N014,33.393,-3.115,2019,3,No
19G03N015,33.760,-2.828,2019,3,No
19G03N016,33.493,-3.286,2019,3,No
19G03N017,33.451,-3.299,2019,3,No
19G03N018,33.928,-2.554,2019,3,No
19G03N019,33.640,-2.604,2019,3,No
19G03N020,33.348,-2.924,2019,3,No
19G03N021,33.314,-3.129,2019,1,No
19G03N022,33.373,-3.200,2019,3,No
19G03N023,33.363,-3.187,2019,3,No
19G03N024,33.903,-2.516,2019,3,No
19G03N025,33.960,-2.512,2019,2,No
19G03N026,33.642,-2.586,2019,3,No
19G03N027,33.383,-3.145,2019,3,No
19G03N028,33.888,-2.463,2019,3,Yes
19G03N029,33.791,-2.996,2019,3,No
19G03N030,33.303,-3.214,2019,2,No
19G03N031,33.269,-3.233,2019,2,No
19G03N032,33.265,-3.232,2019,3,No
19G03N033,33.240,-3.215,2019,3,No
19G03N034,33.218,-3.128,2019,3,No
19G03N035,33.265,-2.978,2019,2,No
19G03N036,33.769,-2.366,2019,2,No
19G03N037,33.642,-2.599,2019,3,No
19G03N038,33.474,-3.109,2019,2,No
19G03N039,33.364,-3.123,2019,2,No
19G03N040,33.294,-3.110,2019,3,No
19G03N041,33.360,-3.212,2019,3,No
19G03N042,33.312,-3.233,2019,3,No
19G03N043,33.319,-3.215,2019,1,No
19G03N044,33.244,-3.193,2019,2,No
19G03N045,33.242,-3.153,2019,3,No
19G03N046,33.090,-2.917,2019,3,No
19G03N047,33.125,-2.987,2019,3,No
19G03N048,33.098,-3.100,2019,3,No
19G03N049,33.052,-3.142,2019,1,No
19G03N050,33.033,-3.083,2019,3,No
19G03N051,33.021,-3.102,2019,2,No
19G03N052,33.774,-2.859,2019,3,No
19G03N053,33.945,-2.359,2019,2,Yes
19G03N054,33.655,-2.566,2019,3,No
19G03N055,33.648,-2.562,2019,3,No
19G03N056,33.623,-2.622,2019,3,No
19G03N057,33.675,-2.943,2019,3,No
19G03N058,33.514,-3.160,2019,2,No
19G03N059,33.386,-3.155,2019,2,No
19G03N060,33.270,-3.189,2019,2,No
19G03N061,33.285,-3.127,2019,3,No
19G03N062,33.886,-2.471,2019,3,No
19G03N063,33.986,-2.339,2019,3,No
19G03N064,33.796,-2.575,2019,3,No
19G03N065,33.619,-2.529,2019,3,No
19G03N066,33.678,-2.566,2019,3,No
19G03N067,33.451,-3.036,2019,3,No
19G03N068,33.203,-3.085,2019,3,No
19G03N069,33.189,-3.096,2019,2,No
19G03N070,33.193,-3.120,2019,3,No
19G03N071,33.879,-2.471,2019,1,Yes
19G03N072,33.878,-2.580,2019,3,No
19G03N073,33.131,-2.964,2019,3,No
19G03N074,33.118,-2.953,2019,2,No
19G03N075,33.022,-3.006,2019,3,No
19G03N076,32.996,-3.058,2019,3,No
19G03N077,33.033,-3.078,2019,3,No
19G03N078,33.047,-3.122,2019,2,No
19G03N079,33.111,-3.130,2019,2,No
19G03N080,33.079,-3.086,2019,3,No
19G03N081,33.214,-3.002,2019,2,No
19G03N082,33.227,-3.007,2019,3,No
19G03N083,33.236,-2.993,2019,2,No
19G03N084,33.305,-2.974,2019,3,Yes
19G03N085,33.246,-3.187,2019,3,No
19G03N086,33.918,-2.523,2019,2,No
19G03N087,33.917,-2.513,2019,3,Yes
19G03N088,33.962,-2.330,2019,2,No
19G03N089,33.473,-3.156,2019,3,No
19G03N090,33.376,-3.204,2019,3,No
19G03N091,33.375,-3.178,2019,2,No
19G03N092,33.350,-3.113,2019,2,No
19G03N093,33.332,-3.006,2019,3,No
19G03N094,33.595,-2.753,2019,3,No
19G03N095,33.627,-2.617,2019,2,No
19G03N096,33.656,-2.553,2019,2,No
19G03N097,33.639,-2.864,2019,3,Yes
19G03N098,33.758,-3.009,2019,3,No
19G03N099,33.892,-2.461,2019,3,Yes
19G03N100,33.733,-3.086,2019,3,No
19G03N101,33.159,-2.880,2019,2,No
19G03N102,33.145,-2.877,2019,3,No
19G03N103,33.120,-2.912,2019,3,No
19G03N104,33.115,-3.272,2019,3,No
19G03N105,33.099,-3.270,2019,3,No
19G03N106,33.114,-3.137,2019,3,No
19G03N107,33.111,-3.135,2019,2,No
19G03N108,33.104,-3.134,2019,2,No
19G03N109,33.255,-3.208,2019,3,No
19G03N110,33.246,-3.206,2019,3,No
19G03N111,33.346,-3.265,2019,4,No
19G03N112,33.938,-2.569,2019,3,No
19G03N113,33.911,-2.520,2019,3,No
19G03N114,33.584,-3.170,2019,3,No
19G03N115,33.320,-2.877,2019,3,No
19G03N116,33.307,-2.826,2019,3,No
19G03N117,33.682,-2.906,2019,2,No
19G03N118,33.622,-2.900,2019,2,No
19G03N119,33.624,-2.604,2019,3,No
19G03N120,33.365,-3.118,2019,3,No
19G03N121,33.345,-3.045,2019,2,No
19G03N122,33.178,-2.913,2019,3,No
19G03N123,33.140,-3.039,2019,3,No
19G03N124,33.120,-2.986,2019,2,No
19G03N125,33.111,-2.959,2019,3,No
19G03N126,33.143,-2.903,2019,3,No
19G03N127,33.162,-2.879,2019,3,No
19G03N128,33.245,-2.859,2019,2,No
19G03N129,33.599,-3.172,2019,2,No
19G03N130,33.376,-3.194,2019,2,No
19G03N131,33.273,-3.087,2019,2,No
19G03N132,33.264,-3.030,2019,3,No
19G03N133,33.347,-2.809,2019,2,No
19G03N134,33.561,-2.853,2019,4,No
19G03N135,33.580,-2.923,2019,3,No
19G03N136,33.761,-2.760,2019,3,No
19G03N137,33.959,-2.497,2019,3,No
19G03N138,33.800,-2.893,2019,2,No
19G03N139,33.583,-2.716,2019,3,No
19G03N140,33.886,-2.516,2019,3,No
19G03N141,33.924,-2.239,2019,3,No
19G03N142,33.871,-2.251,2019,1,Yes
19G03N143,33.752,-2.320,2019,3,No
19G03N144,33.636,-2.542,2019,3,No
19G03N145,33.615,-2.613,2019,3,Yes
19G03N146,33.390,-3.190,2019,2,No
19G03N147,33.290,-3.112,2019,3,No
19G03N148,33.705,-3.072,2019,4,No
19G03N149,33.801,-2.583,2019,3,No
19G03N150,33.669,-2.565,2019,3,No
19G03N151,33.638,-2.751,2019,3,No
19G03N152,33.649,-2.866,2019,3,No
19G03N153,33.676,-2.867,2019,3,No
19G03N154,33.143,-2.953,2019,3,No
19G03N155,33.195,-3.035,2019,3,No
19G03N156,33.083,-3.128,2019,1,No
19G03N157,33.080,-3.163,2019,3,No
19G03N158,33.097,-3.168,2019,2,No
19G03N159,33.331,-2.699,2019,3,No
19G03N160,33.376,-2.799,2019,3,No
19G03N161,33.703,-3.028,2019,3,No
19G03N162,33.841,-2.299,2019,3,Yes
19G03N163,34.052,-2.241,2019,3,No
19G03N164,33.648,-2.848,2019,3,No
19G03N165,33.614,-2.780,2019,1,No
19G03N166,33.558,-2.542,2019,2,No
19G03N167,33.718,-2.650,2019,3,No
19G03N168,33.701,-2.622,2019,4,No
19G03N169,33.574,-3.130,2019,3,No
19G03N170,33.927,-2.208,2019,3,No
19G03N171,33.922,-2.191,2019,3,No
19G03N172,33.843,-2.237,2019,2,Yes
19G03N173,33.663,-2.546,2019,3,No
19G03N174,33.636,-2.743,2019,3,No
19G03N175,33.728,-2.830,2019,3,No
19G03N176,32.653,-2.558,2019,3,No
19G03N177,33.327,-2.843,2019,3,No
19G03N178,33.340,-2.815,2019,4,No
19G03N179,33.585,-3.020,2019,3,No
19G03N180,33.464,-3.058,2019,2,No
19G03N181,33.352,-3.114,2019,3,No
19G03N182,33.219,-3.121,2019,3,No
19G03N183,33.295,-3.108,2019,2,No
19G03N184,33.700,-2.607,2019,3,No
19G03N185,33.609,-2.579,2019,1,No
19G03N186,33.682,-2.448,2019,3,No
19G03N187,33.677,-2.464,2019,3,Yes
19G03N188,33.562,-2.800,2019,3,No
19G03N189,33.538,-3.022,2019,3,No
19G03N190,33.545,-2.995,2019,3,No
19G03N191,33.126,-2.989,2019,3,No
19G03N192,33.064,-3.253,2019,1,No
19G03N193,33.090,-3.263,2019,3,No
19G03N194,33.022,-2.965,2019,3,No
19G03N195,33.131,-2.909,2019,2,No
19G03N196,33.155,-2.946,2019,3,No
19G03N197,33.414,-3.152,2019,3,No
19G03N198,33.459,-3.097,2019,2,No
19G03N199,33.675,-2.875,2019,3,No
19G03N200,33.522,-2.842,2019,3,No
19G03N201,33.824,-2.588,2019,3,No
19G03N202,33.758,-2.836,2019,3,No
19G03N203,33.589,-2.930,2019,2,No
19G03N204,33.348,-2.926,2019,3,No
19G03N205,33.153,-2.940,2019,3,No
19G03N206,33.333,-2.772,2019,3,No
19G03N207,33.657,-2.866,2019,4,No
19G03N208,33.627,-2.610,2019,2,No
19G03N209,33.661,-2.542,2019,3,No
19G03N210,33.544,-2.483,2019,4,No
19G03N211,33.547,-2.464,2019,3,No
19G03N212,33.621,-2.761,2019,3,No
19G03N213,33.747,-2.847,2019,3,No
19G03N214,33.633,-2.615,2019,3,No
19G03N215,33.627,-2.580,2019,2,No
19G03N216,33.614,-2.564,2019,3,No
19G03N217,33.634,-2.553,2019,3,No
19G03N218,33.619,-2.532,2019,2,No
19G03N219,33.871,-2.528,2019,3,No
19G03N220,33.882,-2.520,2019,2,No
19G03N221,33.891,-2.424,2019,3,Yes
19G03N222,33.817,-2.424,2019,1,No
19G03N223,33.795,-2.409,2019,3,Yes
19G03N224,33.799,-2.443,2019,3,Yes
19G03N225,33.792,-2.440,2019,3,Yes
19G03N226,33.674,-3.073,2019,2,No
19G03N227,33.674,-3.067,2019,3,No
19G03N228,33.679,-2.898,2019,3,No
19G03N229,33.608,-2.636,2019,2,No
19G03N230,33.698,-2.576,2019,2,No
19G03N231,33.618,-2.587,2019,2,No
19G03N232,33.689,-3.062,2019,2,No
19G03N233,33.640,-2.905,2019,2,No
19G03N234,33.674,-2.861,2019,3,No
19G03N235,33.733,-3.073,2019,3,No
19G03N236,33.395,-2.439,2019,1,No
19G03N237,33.403,-2.441,2019,2,No
19G03N238,33.769,-2.890,2019,2,No
19G03N239,33.707,-2.610,2019,2,No
19G03N240,33.539,-2.652,2019,3,No
19G03N241,33.629,-2.545,2019,2,No
19G03N242,33.624,-2.540,2019,2,No
19G03N243,33.621,-2.543,2019,3,No
19G03N244,33.611,-2.538,2019,2,No
19G03N245,33.408,-2.453,2019,3,No
19G03N246,33.456,-2.469,2019,2,No
19G03N247,33.711,-3.038,2019,3,No
19G03N248,33.323,-2.809,2019,1,No
19G03N249,33.703,-2.674,2019,2,No
19G03N250,33.716,-2.759,2019,2,No
19G03N251,33.658,-2.576,2019,2,No
19G03N252,33.552,-2.686,2019,2,No
19G03N253,33.689,-2.609,2019,1,No
19G03N254,33.691,-2.732,2019,2,No
19G03N255,33.599,-2.730,2019,1,No
19G03N256,34.016,-2.436,2019,2,No
19G04N001,32.709,-2.133,2019,2,No
19G04N002,32.673,-2.403,2019,3,No
19G04N003,32.826,-2.445,2019,3,No
19G04N004,32.815,-2.446,2019,3,No
19G04N005,32.714,-2.405,2019,2,No
19G04N006,33.267,-2.518,2019,2,No
19G04N007,32.716,-2.112,2019,3,Yes
19G04N008,33.383,-2.545,2019,3,No
19G04N009,32.805,-2.044,2019,2,No
19G04N010,32.998,-2.082,2019,3,No
19G04N011,32.966,-2.186,2019,2,No
19G04N012,32.735,-2.252,2019,2,No
19G04N013,32.775,-2.169,2019,3,No
19G04N014,32.832,-2.479,2019,1,No
19G04N015,32.829,-2.449,2019,2,No
19G04N016,32.835,-2.506,2019,2,No
19G04N017,33.142,-1.991,2019,3,Yes
19G04N018,32.987,-2.092,2019,3,No
19G04N019,32.969,-2.092,2019,2,No
19G04N020,32.853,-2.170,2019,3,No
19G04N021,33.127,-1.932,2019,3,No
19G04N022,33.123,-1.814,2019,3,No
19G04N023,32.722,-2.135,2019,3,No
19G04N024,32.777,-2.164,2019,3,No
19G04N025,32.985,-2.066,2019,2,No
19G04N026,32.989,-2.062,2019,3,No
19G04N027,32.987,-2.063,2019,2,No
19G04N028,32.907,-2.531,2019,3,No
19G04N029,32.856,-2.689,2019,3,No
19G04N030,32.681,-2.634,2019,3,No
19G04N031,32.738,-2.426,2019,3,No
19G04N032,32.699,-2.389,2019,3,No
19G04N033,32.718,-2.129,2019,3,No
19G04N034,32.979,-2.082,2019,3,No
19G04N035,32.983,-2.084,2019,3,No
19G04N036,33.075,-2.020,2019,3,No
19G04N037,32.760,-2.151,2019,3,No
19G04N038,32.530,-2.480,2019,3,No
19G04N039,32.670,-2.403,2019,3,No
19G04N040,32.728,-2.126,2019,2,No
19G04N041,32.713,-2.137,2019,3,No
19G04N042,32.733,-2.270,2019,3,No
19G04N043,32.677,-2.410,2019,2,No
19G04N044,32.887,-2.880,2019,3,No
19G04N045,33.012,-2.846,2019,3,No
19G04N046,32.832,-2.506,2019,3,No
19G04N047,32.807,-2.457,2019,2,No
19G04N048,33.041,-2.246,2019,2,No
19G04N049,33.036,-2.080,2019,3,No
19G04N050,33.035,-2.081,2019,3,No
19G04N051,33.056,-2.128,2019,3,No
19G04N052,33.095,-2.050,2019,3,No
19G04N053,33.087,-2.019,2019,3,No
19G04N054,33.120,-1.830,2019,2,No
19G04N055,32.713,-2.130,2019,3,No
19G04N056,32.685,-2.145,2019,2,No
19G04N057,32.682,-2.156,2019,2,No
19G04N058,32.763,-2.126,2019,3,No
19G04N059,32.740,-2.414,2019,3,No
19G04N060,32.751,-2.405,2019,2,No
19G04N061,32.767,-2.611,2019,3,No
19G04N062,33.055,-2.575,2019,3,No
19G04N063,33.279,-2.528,2019,3,No
19G04N064,33.206,-2.621,2019,3,No
19G04N065,32.731,-2.160,2019,3,No
19G04N066,32.776,-2.509,2019,3,No
19G04N067,32.817,-2.500,2019,3,No
19G04N068,32.850,-2.508,2019,3,No
19G04N069,33.026,-2.176,2019,2,No
19G04N070,32.989,-2.107,2019,2,No
19G04N071,33.027,-2.084,2019,3,No
19G04N072,32.765,-2.155,2019,1,No
19G04N073,32.767,-2.140,2019,3,No
19G04N074,33.046,-2.134,2019,3,No
19G04N075,33.222,-2.518,2019,3,No
19G04N076,33.086,-2.320,2019,3,No
19G04N077,32.895,-2.531,2019,3,No
19G04N078,32.757,-2.436,2019,3,No
19G04N079,32.798,-2.172,2019,3,No
19G04N080,32.716,-2.135,2019,2,No
19G04N081,32.751,-2.478,2019,1,No
19G04N082,32.709,-2.737,2019,3,No
19G04N083,32.783,-2.738,2019,3,No
19G04N084,32.742,-2.697,2019,3,No
19G04N085,32.733,-2.694,2019,2,No
19G04N086,32.825,-2.533,2019,3,No
19G04N087,32.746,-2.165,2019,3,No
19G04N088,32.743,-2.120,2019,3,No
19G04N089,33.211,-2.545,2019,3,No
19G04N090,33.027,-2.424,2019,3,No
19G04N091,32.947,-2.481,2019,3,No
19G04N092,32.848,-2.510,2019,3,No
19G04N093,32.983,-2.084,2019,3,No
19G04N094,32.935,-2.007,2019,2,No
19G04N095,33.072,-2.405,2019,2,No
19G04N096,33.064,-2.395,2019,3,No
19G04N097,33.100,-2.409,2019,4,No
19G04N098,33.122,-2.571,2019,2,No
19G04N099,33.223,-2.544,2019,2,No
19G04N100,33.305,-2.505,2019,3,No
19G04N101,32.651,-1.797,2019,3,No
19G04N102,32.971,-2.099,2019,3,No
19G04N103,32.752,-2.449,2019,3,No
19G04N104,32.763,-2.507,2019,3,No
19G04N105,32.832,-2.483,2019,3,No
19G04N106,32.848,-2.466,2019,2,No
19G04N107,33.117,-2.283,2019,3,No
19G04N108,33.109,-2.071,2019,2,No
19G04N109,33.092,-2.058,2019,3,No
19G04N110,32.927,-2.005,2019,4,No
19G04N111,32.658,-2.027,2019,4,No
19G04N112,32.724,-2.174,2019,3,No
19G04N113,32.826,-2.528,2019,3,No
19G04N114,32.840,-2.534,2019,3,No
19G04N115,32.849,-2.529,2019,3,No
19G04N116,32.855,-2.507,2019,2,No
19G04N117,32.967,-2.512,2019,3,No
19G04N118,33.144,-2.449,2019,2,No
19G04N119,33.228,-2.554,2019,3,No
19G04N120,33.237,-2.539,2019,3,No
19G04N121,33.217,-2.556,2019,3,No
19G04N122,33.154,-2.483,2019,3,No
19G04N123,33.120,-2.449,2019,4,No
19G04N124,32.853,-2.509,2019,2,No
19G04N125,32.857,-2.509,2019,2,No
19G04N126,32.692,-2.735,2019,2,No
19G04N127,32.647,-2.684,2019,2,No
19G04N128,32.760,-2.386,2019,3,Yes
19G04N129,32.743,-2.355,2019,3,No
19G04N130,32.705,-2.110,2019,3,No
19G04N131,32.685,-2.161,2019,3,No
19G04N132,32.766,-2.101,2019,3,No
19G04N133,32.754,-2.163,2019,3,No
19G04N134,32.768,-2.249,2019,3,No
19G04N135,32.790,-2.468,2019,3,No
19G04N136,32.798,-2.465,2019,2,No
19G04N137,32.722,-2.537,2019,3,No
19G04N138,32.786,-2.727,2019,3,No
19G04N139,32.717,-2.772,2019,3,No
19G04N140,33.027,-2.431,2019,3,No
19G04N141,33.150,-2.537,2019,4,No
19G04N142,33.166,-2.503,2019,3,No
19G04N143,33.204,-2.510,2019,2,No
19G04N144,33.028,-2.093,2019,3,No
19G04N145,32.993,-2.057,2019,2,No
19G04N146,32.704,-2.128,2019,2,No
19G04N147,33.029,-3.085,2019,3,No
19G04N148,33.043,-3.061,2019,3,No
19G04N149,33.090,-3.070,2019,2,No
19G04N150,33.091,-3.124,2019,3,No
19G04N151,33.090,-3.136,2019,1,No
19G04N152,33.103,-3.137,2019,3,No
19G04N153,33.089,-3.186,2019,3,No
19G04N154,32.854,-2.733,2019,4,No
19G04N155,32.786,-2.308,2019,1,No
19G04N156,32.309,-2.345,2019,1,No
19G04N157,32.652,-2.711,2019,2,No
19G04N158,32.965,-2.906,2019,3,No
19G04N159,32.974,-2.847,2019,3,No
19G04N160,32.867,-2.955,2019,4,No
19G04N161,32.776,-3.086,2019,3,No
19G04N162,32.708,-3.111,2019,3,No
19G04N163,32.830,-2.211,2019,3,No
19G04N164,32.840,-2.214,2019,2,No
19G04N165,32.635,-1.802,2019,3,No
19G04N166,32.831,-2.548,2019,3,No
19G04N167,32.839,-2.528,2019,3,No
19G04N168,32.850,-2.493,2019,3,No
19G04N169,32.834,-2.199,2019,2,No
19G04N170,32.545,-2.108,2019,2,No
19G04N171,32.556,-2.355,2019,2,No
19G04N172,32.834,-2.165,2019,3,No
19G04N173,33.001,-2.069,2019,1,No
19G04N174,33.012,-2.425,2019,3,No
19G04N175,32.837,-2.547,2019,3,No
19G04N176,32.823,-2.553,2019,3,No
19G04N177,32.713,-2.154,2019,2,No
19G04N178,32.663,-2.030,2019,2,No
19G04N179,32.718,-2.126,2019,2,No
19G04N180,32.736,-2.157,2019,4,No
19G04N181,32.800,-2.329,2019,1,No
19G04N182,32.794,-2.302,2019,3,No
19G04N183,32.834,-2.543,2019,3,No
19G04N184,32.772,-2.597,2019,3,No
19G04N185,32.685,-2.703,2019,2,No
19G04N186,32.748,-2.717,2019,2,No
19G04N187,32.835,-2.560,2019,2,No
19G04N188,32.732,-2.020,2019,3,No
19G04N189,32.473,-1.589,2019,3,No
19G04N190,32.578,-1.441,2019,2,No
19G04N191,33.085,-2.404,2019,3,No
19G04N192,33.148,-2.441,2019,2,No
19G04N193,33.161,-2.399,2019,3,No
19G04N194,33.163,-2.490,2019,4,No
19G04N195,32.794,-2.193,2019,2,No
19G04N196,32.833,-2.023,2019,3,No
19G04N197,32.727,-2.116,2019,3,No
19G04N198,32.633,-2.008,2019,3,No
19G04N199,32.998,-2.096,2019,3,No
19G04N200,33.280,-2.340,2019,2,No
19G04N201,32.851,-2.520,2019,2,No
19G04N202,32.840,-2.563,2019,2,No
19G04N203,32.772,-2.617,2019,3,No
19G04N204,32.665,-2.689,2019,2,No
19G04N205,32.658,-2.698,2019,1,No
19G04N206,32.596,-1.888,2019,2,No
19G04N207,32.763,-2.008,2019,2,No
19G04N208,32.810,-2.480,2019,2,No
19G04N209,32.834,-2.652,2019,2,No
19G04N210,32.727,-2.171,2019,2,No
19G04N211,32.717,-2.140,2019,2,No
19G04N212,32.737,-2.113,2019,2,No
19G04N213,32.711,-2.175,2019,2,No
19G04N214,32.788,-2.282,2019,2,No
19G04N215,32.985,-2.099,2019,2,No
19G05N001,33.124,-2.954,2019,2,No
19G05N002,33.268,-2.794,2019,3,Yes
19G05N003,33.291,-2.719,2019,2,No
19G05N004,32.869,-2.679,2019,3,No
19G05N005,32.896,-2.814,2019,1,No
19G05N006,32.981,-3.054,2019,3,No
19G05N007,33.084,-2.639,2019,3,No
19G05N008,32.741,-2.168,2019,3,Yes
19G05N009,33.068,-2.690,2019,2,No
19G05N010,32.506,-3.216,2019,3,No
19G05N011,32.639,-2.111,2019,2,No
19G05N012,32.682,-2.154,2019,2,No
19G05N013,32.719,-2.261,2019,3,No
19G05N014,32.834,-2.470,2019,3,No
19G05N015,32.842,-2.463,2019,3,No
19G05N016,32.841,-2.473,2019,3,No
19G05N017,32.700,-2.408,2019,3,No
19G05N018,32.697,-2.448,2019,1,No
19G05N019,32.677,-2.447,2019,2,No
19G05N020,32.666,-2.499,2019,3,No
19G05N021,32.661,-2.749,2019,2,No
19G05N022,32.682,-2.650,2019,2,No
19G05N023,32.655,-2.171,2019,3,No
19G05N024,32.684,-2.157,2019,3,No
19G05N025,32.682,-2.152,2019,3,No
19G05N026,32.678,-2.147,2019,3,No
19G05N027,32.376,-2.143,2019,3,Yes
19G05N028,32.449,-2.067,2019,2,Yes
19G05N029,32.908,-2.020,2019,3,No
19G05N030,33.228,-2.556,2019,2,No
19G05N031,33.115,-2.668,2019,3,No
19G05N032,33.017,-2.839,2019,3,No
19G05N033,33.046,-2.582,2019,3,No
19G05N034,32.924,-2.469,2019,3,No
19G05N035,32.792,-2.325,2019,3,No
19G05N036,32.798,-2.301,2019,2,No
19G05N037,32.278,-2.095,2019,2,No
19G05N038,32.489,-2.136,2019,2,Yes
19G05N039,32.679,-2.148,2019,2,No
19G05N040,32.433,-2.707,2019,3,No
19G05N041,32.464,-2.908,2019,2,No
19G05N042,32.532,-2.924,2019,2,No
19G05N043,32.870,-2.936,2019,3,No
19G05N044,32.673,-2.778,2019,2,No
19G05N045,32.537,-2.933,2019,3,No
19G05N046,32.444,-2.299,2019,2,No
19G05N047,32.505,-2.355,2019,2,No
19G05N048,32.523,-2.097,2019,3,No
19G05N049,32.568,-2.258,2019,2,No
19G05N050,32.564,-2.256,2019,3,No
19G05N051,32.483,-2.693,2019,3,No
19G05N052,32.455,-2.901,2019,2,No
19G05N053,32.466,-2.525,2019,2,No
19G05N054,32.439,-2.095,2019,3,No
19G05N055,32.356,-2.205,2019,3,No
19G05N056,32.368,-2.808,2019,2,No
19G05N057,32.185,-2.932,2019,2,No
19G05N058,32.640,-2.133,2019,3,No
19G05N059,32.753,-2.369,2019,3,No
19G05N060,32.752,-2.374,2019,3,No
19G05N061,32.678,-2.349,2019,3,No
19G05N062,32.792,-2.457,2019,3,No
19G05N063,32.795,-2.468,2019,3,No
19G05N064,32.855,-2.642,2019,3,No
19G05N065,33.043,-2.614,2019,3,No
19G05N066,33.038,-2.620,2019,3,No
19G05N067,32.931,-2.810,2019,3,No
19G05N068,32.473,-2.144,2019,3,No
19G05N069,32.422,-2.618,2019,2,No
19G05N070,32.537,-2.938,2019,2,No
19G05N071,32.522,-2.981,2019,2,No
19G05N072,32.527,-2.989,2019,2,No
19G05N073,32.339,-3.474,2019,1,No
19G05N074,32.574,-2.257,2019,2,No
19G05N075,32.389,-2.145,2019,3,No
19G05N076,32.346,-2.224,2019,3,No
19G05N077,32.652,-2.134,2019,3,No
19G05N078,32.647,-2.169,2019,3,No
19G05N079,32.697,-2.608,2019,3,No
19G05N080,32.850,-2.750,2019,3,No
19G05N081,32.652,-2.700,2019,1,No
19G05N082,32.796,-2.529,2019,2,No
19G05N083,32.894,-2.877,2019,3,No
19G05N084,32.917,-2.840,2019,2,No
19G05N085,33.050,-3.119,2019,3,No
19G05N086,33.088,-3.086,2019,3,No
19G05N087,33.101,-3.084,2019,2,No
19G05N088,33.107,-3.069,2019,2,No
19G05N089,33.066,-2.950,2019,3,No
19G05N090,33.130,-2.894,2019,2,No
19G05N091,32.561,-2.344,2019,3,No
19G05N092,32.680,-2.686,2019,3,No
19G05N093,32.691,-2.786,2019,3,No
19G05N094,32.783,-2.731,2019,3,No
19G05N095,32.807,-2.320,2019,3,No
19G05N096,32.796,-2.287,2019,2,No
19G05N097,32.763,-2.128,2019,3,No
19G05N098,32.200,-2.919,2019,2,No
19G05N099,32.156,-2.685,2019,2,No
19G05N100,32.440,-2.112,2019,3,No
19G05N101,32.483,-2.148,2019,3,No
19G05N102,32.717,-2.258,2019,3,No
19G05N103,32.762,-2.141,2019,2,No
19G05N104,32.754,-2.134,2019,3,No
19G05N105,32.787,-2.188,2019,3,No
19G05N106,32.711,-2.151,2019,3,No
19G05N107,32.351,-2.206,2019,2,No
19G05N108,32.644,-2.538,2019,3,No
19G05N109,32.650,-2.524,2019,3,No
19G05N110,32.740,-2.717,2019,1,No
19G05N111,32.732,-2.734,2019,1,No
19G05N112,32.723,-2.735,2019,3,No
19G05N113,32.687,-2.749,2019,3,No
19G05N114,32.749,-2.587,2019,4,No
19G05N115,32.732,-2.390,2019,2,No
19G05N116,32.662,-2.026,2019,3,No
19G05N117,32.784,-2.318,2019,3,No
19G05N118,32.759,-2.375,2019,1,No
19G05N119,32.751,-2.376,2019,3,No
19G05N120,32.455,-2.728,2019,3,No
19G05N121,32.433,-2.748,2019,3,No
19G06N001,33.339,-2.633,2019,3,No
19G06N002,33.360,-2.671,2019,3,Yes
19G06N003,33.169,-2.875,2019,3,No
19G06N004,33.078,-2.938,2019,2,No
19G06N005,33.223,-3.001,2019,2,No
19G06N006,33.127,-2.907,2019,3,No
19G06N007,33.347,-2.597,2019,3,No
19G06N008,33.981,-2.206,2019,3,No
19G06N009,33.846,-2.240,2019,2,Yes
19G06N010,33.329,-2.616,2019,2,No
19G06N011,33.343,-2.636,2019,3,No
19G06N012,33.290,-2.885,2019,3,No
19G06N013,33.840,-2.321,2019,3,Yes
19G06N014,33.286,-2.886,2019,3,No
19G06N015,33.126,-3.033,2019,3,No
19G06N016,33.130,-3.223,2019,2,No
19G06N017,33.088,-2.998,2019,3,No
19G06N018,33.114,-2.969,2019,3,No
19G06N019,33.057,-3.128,2019,2,No
19G06N020,33.091,-3.071,2019,3,No
19G06N021,32.865,-2.953,2019,3,No
19G06N022,32.874,-2.954,2019,2,No
19G06N023,32.925,-2.935,2019,2,No
19G06N024,33.342,-2.673,2019,3,No
19G06N025,33.311,-2.695,2019,2,No
19G06N026,33.300,-2.510,2019,2,No
19G06N028,33.315,-2.867,2019,3,No
19G06N029,33.837,-2.287,2019,2,No
19G06N030,33.844,-2.277,2019,3,Yes
19G06N031,33.833,-2.254,2019,3,Yes
19G06N032,33.784,-2.223,2019,3,Yes
19G06N033,33.517,-2.680,2019,3,No
19G06N034,33.835,-2.247,2019,2,No
19G06N035,33.842,-2.277,2019,2,Yes
19G06N036,33.841,-2.269,2019,1,No
19G06N037,33.134,-2.005,2019,2,No
19G06N038,33.126,-1.988,2019,2,No
19G06N039,33.772,-2.307,2019,3,No
19G06N040,33.867,-2.459,2019,3,Yes
19G06N041,33.222,-2.827,2019,3,Yes
19G06N042,33.952,-2.248,2019,3,No
19G06N043,33.852,-2.266,2019,3,Yes
19G06N044,33.467,-2.527,2019,3,No
19G06N045,33.335,-2.419,2019,3,No
19G06N046,33.846,-2.232,2019,3,Yes
19G06N047,33.781,-2.438,2019,3,No
19G06N048,33.141,-2.005,2019,3,No
19G06N049,33.346,-2.443,2019,2,No
19G06N050,33.693,-2.003,2019,4,No
19G06N051,33.334,-2.623,2019,3,No
19G06N052,33.882,-2.465,2019,2,No
19G06N053,33.882,-2.519,2019,2,No
19G06N054,33.924,-2.429,2019,3,Yes
19G06N055,33.931,-2.358,2019,3,No
19G06N056,33.920,-2.375,2019,3,Yes
19G06N057,33.726,-2.488,2019,3,Yes
19G06N058,33.739,-2.311,2019,2,Yes
19G06N059,33.593,-2.662,2019,3,No
19G06N060,33.325,-2.631,2019,3,No
19G06N061,32.456,-2.727,2019,2,No
19G06N062,33.794,-2.173,2019,3,No
19G06N063,33.971,-2.223,2019,3,No
19G06N064,33.885,-2.178,2019,3,No
19G06N065,33.831,-2.304,2019,3,Yes
19G06N066,33.957,-2.490,2019,3,No
19G06N067,33.917,-2.435,2019,3,Yes
19G06N068,33.796,-2.344,2019,3,Yes
19G06N069,33.788,-2.436,2019,2,No
19G06N070,33.938,-2.472,2019,2,No
19G06N071,33.931,-2.489,2019,4,No
19G06N072,33.899,-2.411,2019,2,No
19G06N073,33.896,-2.380,2019,3,No
19G06N074,33.841,-2.280,2019,3,No
19G06N075,34.054,-2.169,2019,2,No
19G06N076,33.830,-2.251,2019,3,Yes
19G06N077,33.956,-2.508,2019,3,No
19G06N078,33.326,-2.818,2019,3,No
19G06N079,33.256,-2.842,2019,3,No
19G06N080,33.436,-2.511,2019,3,No
19G06N081,33.489,-2.471,2019,3,No
19G06N082,33.858,-2.298,2019,3,Yes
19G06N083,33.917,-2.414,2019,3,No
19G06N084,33.694,-2.310,2019,3,Yes
19G06N085,33.959,-2.242,2019,1,No
19G06N086,33.891,-2.408,2019,2,Yes
19G06N087,33.903,-2.412,2019,3,Yes
19G06N088,33.635,-2.188,2019,3,No
19G06N089,33.561,-2.117,2019,3,No
19G06N090,33.555,-2.038,2019,4,No
19G06N091,33.504,-2.138,2019,4,No
19G06N092,33.624,-2.182,2019,1,No
19G06N093,33.768,-2.225,2019,3,No
19G06N094,33.914,-2.372,2019,3,Yes
19G06N095,33.914,-2.356,2019,1,Yes
19G06N096,33.883,-2.471,2019,3,No
19G06N097,33.823,-2.232,2019,3,No
19G06N098,33.858,-2.366,2019,3,No
19G06N099,33.895,-2.402,2019,3,Yes
19G06N100,33.875,-2.289,2019,2,Yes
19G06N101,33.914,-2.399,2019,3,No
19G06N102,33.930,-2.546,2019,3,No
19G06N103,33.974,-2.196,2019,2,No
19G06N104,33.958,-2.227,2019,3,No
19G06N105,33.918,-2.325,2019,3,Yes
19G06N106,33.912,-2.384,2019,2,No
19G06N107,33.899,-2.385,2019,2,No
19G06N108,33.809,-2.402,2019,2,No
19G06N109,33.719,-2.476,2019,3,Yes
19G06N110,33.797,-2.178,2019,2,No
19G06N111,33.700,-2.314,2019,3,No
19G06N112,33.868,-2.505,2019,2,No
19G06N113,33.879,-2.448,2019,2,No
19G06N114,33.642,-2.179,2019,2,No
19G06N115,33.897,-2.417,2019,2,Yes
19G06N116,33.896,-2.387,2019,2,Yes
19G06N117,33.755,-2.443,2019,3,Yes
19G06N118,33.725,-2.485,2019,2,Yes
19G06N119,33.538,-2.249,2019,2,No
19G07N001,32.990,-2.106,2019,2,No
19G07N002,32.804,-2.460,2019,3,No
19G07N003,32.759,-2.388,2019,3,Yes
19G07N004,32.726,-2.128,2019,2,No
19G07N005,32.779,-2.479,2019,2,No
19G07N006,32.825,-2.454,2019,2,No
19G07N007,32.819,-2.460,2019,3,No
19G07N008,32.922,-2.487,2019,1,No
19G07N009,32.692,-2.244,2019,3,No
19G07N010,32.770,-2.414,2019,2,No
19G07N011,32.810,-2.452,2019,1,No
19G07N012,32.808,-2.439,2019,3,No
19G07N013,32.814,-2.468,2019,3,No
19G07N014,32.689,-2.603,2019,3,No
19G07N015,32.659,-2.680,2019,2,No
19G07N016,32.666,-2.653,2019,3,No
19G07N017,32.844,-2.499,2019,2,No
19G07N018,33.062,-2.636,2019,3,No
19G07N019,33.119,-2.576,2019,2,Yes
19G07N020,33.154,-2.527,2019,3,No
19G07N021,32.812,-2.264,2019,2,No
19G07N022,32.281,-1.616,2019,2,No
19G07N023,32.513,-1.407,2019,3,No
19G07N024,32.527,-1.432,2019,2,No
19G07N025,32.651,-2.172,2019,3,No
19G07N026,32.525,-1.419,2019,1,No
19G07N027,32.498,-1.496,2019,3,No
19G07N028,32.416,-2.668,2019,2,No
19G07N029,32.472,-1.475,2019,2,No
19G07N030,32.565,-1.445,2019,3,No
19G07N031,32.487,-1.493,2019,2,No
19G07N032,32.484,-1.470,2019,3,No
19G07N033,32.518,-1.408,2019,2,No
19G07N034,32.529,-1.420,2019,2,No
19G07N035,32.531,-1.396,2019,3,Yes
19G07N036,32.532,-1.431,2019,1,No
19G07N037,32.727,-2.158,2019,3,No
19G07N038,32.643,-2.170,2019,3,No
19G07N039,32.287,-1.582,2019,2,No
19G07N040,32.284,-1.548,2019,2,No
19G07N041,32.502,-1.713,2019,2,No
19G07N042,32.753,-2.242,2019,3,No
19G07N043,32.496,-1.498,2019,2,No
19G07N044,32.518,-1.502,2019,2,Yes
19G07N045,32.484,-1.511,2019,2,No
19G07N046,32.754,-2.004,2019,2,No
19G07N047,32.512,-1.415,2019,2,No
19G07N048,32.569,-1.427,2019,3,No
19G07N049,32.569,-1.430,2019,2,No
19G07N050,32.805,-1.938,2019,3,No
19G07N051,32.655,-2.192,2019,3,No
19G07N052,32.765,-1.992,2019,3,No
19G07N053,33.059,-1.698,2019,3,No
19G07N054,32.716,-1.790,2019,3,No
19G07N055,32.523,-1.425,2019,2,No
19G07N056,32.262,-1.530,2019,2,No
19G07N057,32.706,-1.800,2019,3,No
19G07N058,32.893,-2.829,2019,3,No
19G07N059,32.895,-2.866,2019,1,No
19G07N060,33.146,-2.942,2019,4,No
19G07N061,33.083,-2.937,2019,3,No
19G07N062,33.121,-2.947,2019,4,No
19G07N063,33.107,-2.977,2019,3,No
19G07N064,32.673,-2.785,2019,3,No
19G07N065,32.662,-2.692,2019,3,No
19G07N066,32.801,-2.324,2019,3,No
19G07N067,32.785,-2.242,2019,3,No
19G07N068,32.726,-2.169,2019,2,No
19G07N069,32.534,-1.396,2019,3,No
19G07N070,32.508,-1.724,2019,2,No
19G07N071,32.790,-2.598,2019,3,No
19G07N072,32.726,-2.758,2019,2,No
19G07N073,32.690,-2.550,2019,,No
19G07N074,32.518,-1.417,2019,3,No
19G07N075,32.611,-1.541,2019,2,No
19G07N076,33.022,-2.974,2019,2,No
19G07N077,33.031,-2.971,2019,3,No
19G07N078,33.088,-3.171,2019,2,No
19G07N079,33.126,-3.222,2019,3,No
19G07N080,33.128,-2.941,2019,4,No
19G07N081,33.137,-2.915,2019,2,No
19G07N082,32.705,-2.731,2019,3,No
19G07N083,32.707,-2.740,2019,3,No
19G07N084,32.611,-1.882,2019,2,No
19G07N085,32.786,-1.957,2019,3,No
19G07N086,32.199,-1.755,2019,3,No
19G07N087,32.980,-2.088,2019,3,No
19G07N088,32.511,-2.401,2019,3,No
19G07N089,32.568,-2.284,2019,2,No
19G07N090,32.432,-1.644,2019,3,No
19G07N091,32.735,-2.155,2019,4,No
19G07N092,32.709,-2.105,2019,3,No
19G07N093,32.748,-1.939,2019,2,No
19G07N094,32.877,-2.156,2019,2,No
19G07N095,32.271,-1.618,2019,1,No
19G08N001,32.702,-2.394,2019,2,Yes
19G08N002,32.819,-2.452,2019,3,No
19G08N003,32.665,-2.530,2019,2,No
19G08N004,32.667,-2.507,2019,3,No
19G08N005,32.686,-2.450,2019,2,No
19G08N006,32.666,-2.417,2019,3,No
19G08N007,32.813,-2.473,2019,3,No
19G08N008,32.835,-2.492,2019,3,Yes
19G08N009,32.946,-2.461,2019,3,No
19G08N010,33.008,-2.625,2019,3,No
19G08N011,33.068,-2.635,2019,3,No
19G08N012,32.763,-2.375,2019,3,Yes
19G08N013,32.750,-2.397,2019,3,No
19G08N014,33.113,-2.238,2019,3,No
19G08N015,33.108,-2.251,2019,3,No
19G08N016,33.074,-2.568,2019,3,No
19G08N017,32.686,-2.479,2019,3,No
19G08N018,32.469,-2.092,2019,3,No
19G08N019,32.664,-2.514,2019,3,No
19G08N020,32.695,-2.813,2019,3,No
19G08N021,32.778,-3.091,2019,3,No
19G08N022,33.208,-2.510,2019,2,No
19G08N023,32.160,-2.922,2019,2,No
19G08N024,32.790,-2.309,2019,3,No
19G08N025,32.743,-2.355,2019,3,No
19G08N026,32.734,-2.377,2019,2,No
19G08N027,32.720,-2.416,2019,3,No
19G08N028,32.734,-2.388,2019,3,No
19G08N029,32.784,-2.476,2019,3,No
19G08N030,32.805,-2.460,2019,3,No
19G08N031,32.700,-2.591,2019,3,No
19G08N032,33.014,-2.620,2019,3,No
19G08N033,33.189,-2.542,2019,3,No
19G08N034,32.784,-2.257,2019,3,No
19G08N035,32.634,-2.018,2019,2,No
19G08N036,32.764,-2.260,2019,3,No
19G08N037,32.816,-2.450,2019,3,No
19G08N038,32.653,-2.695,2019,3,No
19G08N039,32.674,-2.804,2019,1,No
19G08N040,32.676,-2.817,2019,2,No
19G08N041,33.069,-2.407,2019,3,No
19G08N042,33.080,-2.360,2019,3,No
19G08N043,32.651,-2.687,2019,2,No
19G08N044,32.970,-2.892,2019,3,No
19G08N045,32.947,-2.892,2019,3,No
19G08N046,32.749,-2.457,2019,3,No
19G08N047,32.696,-2.608,2019,2,No
19G08N048,32.833,-2.513,2019,3,No
19G08N049,32.839,-2.503,2019,3,No
19G08N050,32.825,-2.459,2019,2,No
19G08N051,32.826,-2.466,2019,3,No
19G08N052,32.829,-2.469,2019,4,No
19G08N053,32.834,-2.477,2019,3,No
19G08N054,32.853,-2.507,2019,3,No
19G08N055,33.073,-2.418,2019,2,No
19G08N056,32.524,-2.645,2019,2,No
19G08N057,32.543,-2.577,2019,2,No
19G08N058,32.450,-2.722,2019,2,No
19G08N059,32.456,-2.896,2019,2,No
19G08N060,32.388,-2.312,2019,3,No
19G08N061,32.311,-2.340,2019,3,No
19G08N062,32.717,-2.104,2019,2,No
19G08N063,32.720,-2.155,2019,3,No
19G08N064,32.730,-2.107,2019,3,No
19G08N065,32.763,-2.266,2019,1,No
19G08N066,32.688,-2.451,2019,4,No
19G08N067,32.839,-2.700,2019,3,No
19G08N068,32.697,-2.806,2019,3,No
19G08N069,32.853,-2.631,2019,3,No
19G08N070,32.797,-2.462,2019,3,No
19G08N071,32.683,-2.435,2019,3,No
19G08N072,32.490,-2.721,2019,2,No
19G08N073,32.452,-2.904,2019,3,No
19G08N074,32.305,-2.339,2019,3,No
19G08N075,32.189,-2.930,2019,2,No
19G08N076,32.744,-2.688,2019,3,No
19G08N077,33.030,-2.600,2019,3,No
19G08N078,32.883,-2.657,2019,4,No
19G08N079,32.944,-2.461,2019,3,No
19G08N080,32.295,-2.350,2019,2,No
19G08N081,32.425,-2.053,2019,2,No
19G08N082,32.512,-2.709,2019,1,No
19G08N083,32.386,-2.280,2019,1,No
19G09N001,32.912,-3.940,2019,2,No
19G09N002,32.736,-3.914,2019,3,No
19G09N003,33.068,-3.742,2019,4,No
19G09N004,33.123,-3.749,2019,3,No
19G09N005,33.116,-3.724,2019,1,No
19G09N006,33.094,-3.733,2019,2,No
19G09N007,33.048,-3.674,2019,3,No
19G09N008,32.944,-3.911,2019,2,No
19G09N009,32.829,-3.786,2019,3,No
19G09N010,33.125,-3.811,2019,2,No
19G09N011,33.111,-3.718,2019,1,No
19G09N012,33.164,-3.657,2019,3,No
19G09N013,33.046,-3.905,2019,2,No
19G09N014,33.019,-3.649,2019,3,No
19G09N015,33.043,-3.708,2019,3,No
19G09N016,33.032,-3.688,2019,3,No
19G09N017,33.177,-3.644,2019,2,No
19G09N018,33.200,-3.678,2019,3,No
19G09N019,33.154,-3.710,2019,2,No
19G09N020,33.107,-3.744,2019,2,Yes
19G09N021,32.791,-4.000,2019,2,No
19G09N022,32.740,-3.985,2019,3,No
19G09N023,32.885,-4.045,2019,3,No
19G09N024,32.853,-3.928,2019,1,No
19G09N025,32.850,-3.910,2019,2,No
19G09N026,33.121,-3.744,2019,1,No
19G09N027,33.102,-3.763,2019,3,No
19G09N028,33.216,-3.651,2019,3,No
19G09N029,33.084,-3.850,2019,3,No
19G09N030,32.927,-3.707,2019,2,No
19G09N031,32.827,-3.900,2019,2,No
19G09N032,32.854,-4.024,2019,2,No
19G09N033,33.263,-3.687,2019,2,No
19G09N034,33.111,-3.704,2019,3,No
19G09N035,33.125,-3.752,2019,3,No
19G09N036,33.132,-3.804,2019,3,No
19G09N037,32.810,-4.041,2019,3,No
19G09N038,33.206,-3.737,2019,3,No
19G09N039,33.109,-3.751,2019,3,No
19G09N040,32.807,-4.048,2019,2,No
19G09N041,32.932,-3.690,2019,3,No
19G09N042,32.957,-3.618,2019,3,No
19G09N043,32.973,-3.626,2019,3,No
19G09N044,33.204,-3.685,2019,2,No
19G09N045,32.874,-4.051,2019,3,No
19G09N046,32.837,-4.034,2019,2,No
19G09N047,33.006,-3.744,2019,2,No
19G09N048,33.070,-3.731,2019,3,No
19G09N049,33.056,-3.755,2019,3,No
19G09N050,33.013,-3.653,2019,2,No
19G09N051,33.022,-3.646,2019,2,No
19G09N052,32.984,-3.609,2019,2,No
19G09N053,33.169,-3.644,2019,3,No
19G09N054,32.807,-4.048,2019,2,No
19G09N055,32.810,-4.045,2019,2,No
19G09N056,32.792,-4.037,2019,2,No
19G09N057,32.886,-4.057,2019,2,No
19G09N058,32.832,-3.783,2019,3,No
19G09N059,33.173,-3.597,2019,3,No
19G09N060,33.002,-3.714,2019,2,No
19G09N061,33.038,-3.898,2019,2,No
19G09N062,33.035,-3.875,2019,2,No
19G09N063,32.925,-3.879,2019,2,No
19G09N064,33.568,-3.220,2019,3,No
19G09N065,32.880,-4.722,2019,3,Yes
19G09N066,32.861,-4.755,2019,3,No
19G09N067,32.887,-4.856,2019,3,No
19G09N068,33.169,-4.656,2019,2,No
19G09N069,33.112,-4.375,2019,3,No
19G09N070,32.825,-4.023,2019,1,No
19G09N071,33.147,-3.722,2019,3,No
19G09N072,33.093,-3.788,2019,2,No
19G09N073,32.805,-3.961,2019,3,No
19G09N074,32.787,-4.006,2019,3,No
19G09N075,32.994,-4.912,2019,3,No
19G09N076,32.847,-4.682,2019,2,No
19G09N077,32.953,-4.212,2019,2,No
19G09N078,32.805,-4.065,2019,1,No
19G09N079,32.903,-3.906,2019,2,No
19G09N080,33.093,-4.481,2019,4,No
19G09N081,33.065,-3.827,2019,3,No
19G09N082,33.039,-3.694,2019,2,No
19G09N083,32.933,-3.622,2019,2,No
19G09N084,33.038,-3.675,2019,3,No
19G09N085,32.876,-4.742,2019,3,No
19G09N086,33.163,-3.652,2019,3,No
19G09N087,33.138,-3.742,2019,2,No
19G09N088,33.057,-3.742,2019,2,No
19G09N089,32.908,-4.071,2019,1,No
19G09N090,32.837,-3.646,2019,2,No
19G09N091,32.854,-4.014,2019,2,No
19G09N092,32.776,-3.884,2019,2,No
19G09N093,32.801,-3.910,2019,2,No
19G09N094,32.951,-3.526,2019,3,No
19G09N095,33.027,-3.664,2019,2,Yes
19G09N096,33.023,-3.676,2019,2,No
19G09N097,33.111,-3.737,2019,2,No
19G09N098,33.251,-3.670,2019,2,No
19G09N099,33.133,-4.477,2019,2,No
19G09N100,33.120,-4.446,2019,3,No
19G09N101,32.842,-4.706,2019,3,No
19G09N102,32.856,-4.705,2019,2,No
19G09N103,32.841,-4.020,2019,2,No
19G09N104,32.936,-3.632,2019,3,No
19G09N105,33.047,-3.688,2019,2,No
19G09N106,33.123,-3.765,2019,2,No
19G09N107,33.127,-3.736,2019,3,No
19G09N108,33.253,-3.681,2019,2,No
19G09N109,33.197,-3.636,2019,2,No
19G09N110,33.261,-3.700,2019,2,No
19G09N111,32.906,-4.063,2019,3,No
19G09N112,32.844,-3.736,2019,3,No
19G09N113,32.933,-3.649,2019,2,No
19G09N114,33.031,-3.648,2019,3,No
19G09N115,33.008,-3.648,2019,3,No
19G09N116,32.987,-3.606,2019,3,No
19G09N117,32.831,-4.057,2019,2,No
19G09N118,33.006,-3.958,2019,2,No
19G09N119,33.086,-3.744,2019,3,No
19G09N120,33.048,-4.284,2019,3,No
19G09N121,32.814,-3.899,2019,2,No
19G09N122,32.810,-4.072,2019,2,No
19G09N123,32.814,-4.063,2019,3,No
19G09N124,32.891,-4.055,2019,3,No
19G09N125,32.888,-4.052,2019,3,No
19G09N126,32.796,-3.904,2019,2,No
19G09N127,32.852,-3.709,2019,2,No
19G09N128,32.830,-3.632,2019,1,No
19G09N129,33.051,-3.663,2019,2,No
19G09N130,32.823,-3.836,2019,3,No
19G09N131,32.802,-3.841,2019,3,No
19G09N132,32.945,-3.701,2019,2,No
19G09N133,33.035,-3.661,2019,2,No
19G09N134,33.160,-3.638,2019,2,No
19G09N135,33.073,-3.729,2019,2,No
19G09N136,33.007,-4.493,2019,3,No
19G09N137,32.887,-4.753,2019,3,No
19G09N138,32.846,-4.688,2019,3,No
19G09N139,32.871,-4.666,2019,2,No
19G09N140,32.903,-4.758,2019,2,No
19G09N141,32.909,-4.758,2019,3,No
19G09N142,32.886,-4.757,2019,3,No
19G09N143,32.897,-4.804,2019,2,No
19G09N144,32.990,-4.909,2019,3,No
19G09N145,33.078,-4.696,2019,3,No
19G09N146,32.915,-3.637,2019,2,No
19G09N147,32.946,-3.586,2019,3,No
19G09N148,33.017,-3.538,2019,3,No
19G09N149,32.818,-4.026,2019,3,No
19G09N150,32.809,-3.933,2019,3,No
19G09N151,32.843,-3.825,2019,3,No
19G09N152,33.039,-3.723,2019,2,No
19G09N153,33.008,-3.685,2019,2,No
19G09N154,33.163,-3.578,2019,2,No
19G09N155,32.813,-4.184,2019,4,No
19G09N156,32.711,-4.014,2019,2,No
19G09N157,33.012,-3.683,2019,2,No
19G09N158,32.827,-3.761,2019,3,No
19G09N159,32.835,-3.734,2019,3,No
19G09N160,32.918,-3.619,2019,2,No
19G09N161,33.053,-4.294,2019,1,No
19G09N162,32.976,-4.197,2019,2,No
19G09N163,32.874,-4.052,2019,3,No
19G09N164,32.801,-3.910,2019,2,No
19G09N165,32.774,-4.137,2019,2,No
19G09N166,33.112,-4.534,2019,3,No
19G09N167,33.110,-4.533,2019,2,No
19G09N168,32.912,-4.889,2019,3,No
19G09N169,33.114,-4.532,2019,2,No
19G09N170,33.088,-4.533,2019,2,No
19G09N171,33.002,-4.579,2019,2,No
19G09N172,33.094,-4.547,2019,2,No
19G09N173,33.101,-3.763,2019,2,No
19G09N174,33.084,-4.529,2019,3,No
19G09N175,33.189,-4.620,2019,2,No
19M06N01,33.245,-3.850,2019,2,No
19M06N02,33.238,-3.932,2019,2,No
19M06N03,33.099,-3.879,2019,2,No
19M06N04,33.211,-4.076,2019,3,No
19M06N05,32.884,-3.995,2019,2,Yes
19M06N06,33.090,-4.535,2019,3,No
19M06N07,33.097,-4.494,2019,3,Yes
19M06N08,33.123,-4.077,2019,1,No
19M06N09,33.134,-2.607,2019,3,No
19M06N10,33.104,-2.612,2019,3,No
19M06N11,33.136,-3.810,2019,2,No
19M06N12,32.970,-4.113,2019,2,No
19M06N13,33.251,-4.014,2019,3,Yes
19M06N14,32.706,-2.258,2019,3,No
19M06N15,33.169,-2.631,2019,3,No
19M06N16,33.855,-2.530,2019,2,No
19M06N17,33.956,-2.530,2019,3,No
19M06N18,33.914,-2.532,2019,3,No
19M06N19,33.081,-2.751,2019,3,No
19M06N20,34.037,-1.892,2019,,No
19M06N21,33.176,-2.448,2019,4,No
19M06N22,32.930,-4.900,2019,3,Yes
19M06N23,32.739,-4.892,2019,,No
19M06N24,32.844,-3.799,2019,3,No
19M06N25,33.293,-3.933,2019,2,No
19M06N26,33.415,-3.724,2019,3,No
19M06N27,33.252,-3.952,2019,1,No
19M06N28,32.906,-4.720,2019,2,No
19M06N29,32.885,-4.727,2019,3,No
19M06N30,32.843,-4.735,2019,3,No
19M06N31,33.583,-2.938,2019,3,No
19M06N32,33.582,-2.954,2019,2,No
19M06N33,33.842,-2.232,2019,2,Yes
19M06N34,33.891,-2.280,2019,2,Yes
19M06N35,33.137,-2.617,2019,3,No
19M06N36,33.897,-2.561,2019,3,No
19M06N37,33.915,-2.548,2019,3,No
19M06N38,33.942,-2.299,2019,3,Yes
19M06N39,33.898,-2.517,2019,3,No
19M06N40,33.756,-2.931,2019,3,No
19M06N41,32.924,-4.904,2019,3,Yes
19M06N42,32.879,-4.851,2019,3,No
19M06N43,32.758,-3.943,2019,2,No
19M06N44,33.121,-4.456,2019,3,No
19M06N45,33.123,-4.456,2019,3,No
19M06N47,32.810,-3.915,2019,,No
19M06N48,33.791,-2.337,2019,2,Yes
19M06N49,33.799,-2.348,2019,3,No
19M06N50,32.874,-4.731,2019,3,No
19M06N51,32.798,-4.911,2019,3,No
19M06N52,33.140,-4.632,2019,1,Yes
19M06N53,33.160,-4.611,2019,3,No
19M06N54,33.289,-2.685,2019,2,No
19M06N55,33.301,-2.814,2019,3,No
19M06N56,33.129,-2.638,2019,3,No
19M06N57,33.785,-2.504,2019,2,Yes
19M08N01,33.273,-3.988,2019,2,No
19M08N02,33.297,-3.923,2019,2,Yes
19M08N03,33.230,-3.178,2019,2,No
19M08N04,33.879,-2.505,2019,3,Yes
19M08N05,33.971,-2.305,2019,2,No
19M08N06,33.815,-2.294,2019,3,Yes
19M08N07,33.003,-3.139,2019,1,No
19M08N08,33.324,-2.846,2019,4,No
19M08N09,33.342,-2.837,2019,3,No
19M08N10,32.932,-2.531,2019,4,No
19M08N11,33.286,-2.154,2019,,No
19M08N12,33.344,-2.924,2019,3,No
19M08N14,33.305,-2.537,2019,3,No
19M08N15,33.241,-3.205,2019,2,No
19M08N16,33.267,-2.684,2019,3,No
19M08N17,33.129,-3.010,2019,2,No
19M08N18,33.125,-2.933,2019,2,No
19M08N19,33.142,-2.904,2019,3,No
19M08N20,33.134,-3.209,2019,2,No
19M09N01,32.686,-2.138,2019,3,No
19M09N02,33.320,-2.908,2019,3,No
19M09N03,33.126,-3.029,2019,3,No
19M09N04,33.378,-2.799,2019,3,Yes
19M09N05,33.032,-2.266,2019,3,No
19M09N06,33.172,-3.790,2019,3,No
19M09N07,33.151,-3.766,2019,3,No
19M09N08,33.235,-3.859,2019,,No
19M09N09,33.246,-3.920,2019,2,No
19M09N10,33.302,-3.914,2019,2,No
19M09N11,33.002,-3.656,2019,,No
19M09N12,33.222,-3.757,2019,2,Yes
19M09N13,33.686,-2.459,2019,2,Yes
19M09N14,33.185,-3.898,2019,2,No
19M09N15,33.251,-3.887,2019,2,No
19M09N16,33.082,-3.728,2019,2,No
19M09N17,33.190,-3.625,2019,2,No
19M09N18,33.191,-3.619,2019,2,No
19M09N19,33.164,-3.593,2019,3,No
19M09N20,33.113,-3.802,2019,2,No
19M09N21,33.256,-3.695,2019,2,No
19M09N22,32.731,-2.505,2019,2,Yes
19M09N99,32.912,-3.633,2019,,No
19M11N01,33.142,-3.724,2019,3,Yes
19M11N02,33.133,-3.813,2019,3,No
19M11N03,33.117,-3.812,2019,2,Yes
19M11N04,33.144,-3.796,2019,2,No
19M11N05,33.651,-3.019,2019,3,No
19M11N06,33.127,-3.786,2019,2,No
19M11N07,33.026,-3.665,2019,3,Yes
19M11N08,33.170,-3.799,2019,2,No
19M11N09,32.999,-3.671,2019,2,Yes
19M11N10,33.099,-3.788,2019,3,No
19M11N11,32.812,-3.915,2019,3,No
19M11N12,33.148,-3.811,2019,3,No
19M11N13,32.916,-3.636,2019,2,No
19M11N14,33.586,-2.933,2019,3,No
19M11N15,33.081,-2.103,2019,3,No
19M11N16,33.771,-2.762,2019,2,Yes
19M11N17,33.538,-2.761,2019,3,No
19M11N18,33.248,-2.213,2019,3,Yes
19M11N19,33.162,-2.943,2019,3,No
19M11N20,33.832,-2.408,2019,3,Yes
19M11N21,33.645,-2.489,2019,3,No
19M11N22,33.567,-2.605,2019,2,No
19M11N23,33.557,-2.659,2019,3,No
19M11N24,32.547,-2.992,2019,3,No
19M11N25,33.836,-2.292,2019,1,No
19M11N26,33.082,-2.927,2019,4,No
19M11N27,33.103,-3.276,2019,3,No
19M11N28,33.104,-3.154,2019,3,No
19M11N29,33.108,-3.145,2019,4,No
19M11N30,33.232,-2.977,2019,4,No
19M11N31,33.932,-2.357,2019,3,Yes
19M11N32,33.853,-2.280,2019,3,No
19M11N33,33.795,-2.273,2019,3,No
19M11N34,33.500,-3.267,2019,3,No
19M11N35,33.271,-3.968,2019,3,No
19M11N36,33.709,-2.552,2019,2,No
19M11N37,33.773,-2.353,2019,3,Yes
19M11N38,33.814,-2.386,2019,,No
19M11N39,33.619,-2.577,2019,1,No
19M11N40,33.898,-2.394,2019,3,No
19M11N41,33.950,-2.298,2019,2,No
19M11N42,33.816,-2.391,2019,3,Yes
19M11N43,33.772,-2.420,2019,2,Yes
19M13N01,29.842,-6.636,2019,2,Yes
19M13N02,30.007,-6.889,2019,2,Yes
19M15N02,33.473,-3.046,2019,2,No
19M15N03,33.297,-2.859,2019,3,No
19M15N04,33.128,-2.945,2019,2,No
19M15N12,33.181,-2.351,2019,3,Yes
19M15N23,33.316,-2.897,2019,3,No
19M15N24,33.328,-2.913,2019,1,Yes
19M15N25,33.258,-1.984,2019,3,No
19M15N26,33.287,-1.979,2019,3,No
19M15N27,33.090,-2.010,2019,2,No
19M15N33,33.206,-2.443,2019,3,No
19M15N34,33.084,-2.367,2019,3,Yes
19M15N35,32.695,-2.690,2019,3,No
19M15N36,32.705,-2.523,2019,2,No
19M15N37,32.724,-2.553,2019,3,No
19M15N38,33.139,-2.956,2019,4,No
19M15N52,33.138,-2.730,2019,3,No
19M15N53,33.034,-2.795,2019,2,No
19M15N54,32.979,-2.863,2019,4,No
19M15N55,32.939,-2.897,2019,2,No
19M15N56,32.865,-2.941,2019,3,No
19M15N57,32.982,-2.852,2019,4,No
19M15N65,33.238,-2.532,2019,3,No
19M15N67,33.066,-2.742,2019,3,No
19M15N68,33.303,-2.594,2019,3,No
19M16N01,33.204,-3.871,2019,2,Yes
19M16N02,33.142,-4.586,2019,3,Yes
19M16N03,33.209,-4.080,2019,3,Yes
19M16N04,33.143,-4.587,2019,3,Yes
19M16N05,33.143,-4.006,2019,1,No
19M17N01,33.160,-3.797,2019,2,No
19M17N02,33.587,-2.918,2019,3,No
19M17N03,33.325,-2.619,2019,3,No
19M17N04,33.211,-3.855,2019,2,No
19M17N05,33.117,-4.007,2019,3,No
19M17N06,33.100,-4.002,2019,2,Yes
19M17N07,33.278,-3.800,2019,2,No
19M17N08,33.653,-2.546,2019,3,No
19M17N09,33.899,-2.523,2019,3,No
19M17N10,33.753,-2.777,2019,3,No
19M17N11,33.133,-3.990,2019,3,No
19M17N12,33.298,-3.963,2019,2,No
19M17N13,33.210,-4.173,2019,2,No
19M17N14,33.225,-3.942,2019,1,No
19M17N15,33.233,-3.856,2019,2,No
19M17N16,33.019,-3.600,2019,3,No
19M17N17,33.870,-2.535,2019,,No
19M17N18,33.830,-2.284,2019,2,Yes
19M17N19,33.916,-2.414,2019,3,Yes
19M17N20,33.583,-2.938,2019,3,Yes
19M17N21,33.092,-4.709,2019,3,No
19M17N22,33.901,-2.515,2019,3,No
19M17N23,33.863,-2.286,2019,3,Yes
19M17N24,33.758,-2.373,2019,2,Yes
19M17N25,33.739,-2.411,2019,3,No
19M17N26,33.737,-2.391,2019,2,Yes
19M17N27,33.731,-2.436,2019,3,No
19M17N28,32.879,-4.721,2019,2,No
19M17N29,33.119,-4.707,2019,2,No
19M17N30,33.122,-4.473,2019,3,No
19M17N31,33.489,-2.670,2019,,No
19M17N32,33.786,-2.521,2019,3,Yes
19M17N33,33.869,-2.340,2019,3,Yes
19M17N34,33.989,-2.370,2019,3,No
19M17N35,33.579,-2.938,2019,2,No
19M17N36,33.888,-2.461,2019,2,Yes
19M17N37,33.891,-2.529,2019,2,No
19M17N99,33.271,-2.630,2019,3,No
19M18N01,32.767,-2.375,2019,3,No
19M18N02,33.123,-2.984,2019,3,No
19M18N03,32.974,-4.177,2019,,No
19M18N04,33.071,-2.633,2019,3,Yes
19M18N05,33.065,-2.637,2019,2,No
19M18N06,32.944,-2.492,2019,3,No
19M18N07,33.589,-2.632,2019,,No
19M18N08,33.657,-2.560,2019,3,Yes
19M18N09,33.702,-2.377,2019,3,Yes
19M18N10,33.238,-2.194,2019,3,Yes
19M18N11,33.066,-2.638,2019,3,No
19M18N12,32.980,-3.054,2019,4,No
19M18N13,33.061,-2.648,2019,3,No
19M18N14,33.191,-3.035,2019,3,No
19M18N15,33.258,-3.050,2019,3,No
19M18N16,33.301,-3.116,2019,3,No
19M18N17,33.299,-3.089,2019,3,No
19M18N18,33.333,-2.619,2019,3,No
19M18N19,33.329,-2.616,2019,2,No
19M18N20,33.276,-2.380,2019,3,No
19M18N21,33.080,-3.079,2019,3,No
19M18N22,33.080,-3.081,2019,3,No
19M18N23,33.035,-3.191,2019,3,No
19M18N24,33.434,-2.546,2019,3,No
19M18N25,33.484,-2.526,2019,3,No
19M18N26,33.373,-2.619,2019,4,No
19M18N27,33.266,-2.721,2019,3,No
19M18N28,33.072,-2.638,2019,3,No
19M18N29,33.051,-2.653,2019,2,Yes
19M18N30,33.372,-2.888,2019,2,No
19M18N31,32.875,-3.111,2019,2,No
19M18N32,33.156,-2.515,2019,,No
19M18N33,33.299,-2.895,2019,3,No
19M18N34,33.032,-3.123,2019,3,No
19M18N35,33.028,-2.951,2019,3,No
19M18N36,32.992,-3.002,2019,3,No
19M18N37,33.337,-2.562,2019,2,No
19M20N01,32.765,-3.945,2019,2,No
19M20N02,33.144,-3.995,2019,2,Yes
19M20N03,33.208,-4.069,2019,3,No
19M20N04,33.501,-3.271,2019,3,No
19M20N05,33.487,-3.256,2019,1,No
19M20N06,33.382,-3.321,2019,3,No
19M20N07,33.225,-3.881,2019,2,No
19M20N08,33.155,-3.826,2019,2,No
19M20N09,32.924,-4.891,2019,3,Yes
19M20N10,32.990,-1.677,2019,3,No
19M20N11,32.766,-1.594,2019,,No
19M20N12,32.996,-3.048,2019,3,No
19M20N13,32.973,-3.060,2019,3,No
19M20N14,33.011,-3.060,2019,2,No
19M20N15,33.350,-2.964,2019,2,No
19M20N16,33.643,-2.572,2019,3,No
19M20N17,33.948,-2.515,2019,3,No
19M20N18,33.186,-3.646,2019,2,No
19M20N19,33.037,-3.703,2019,,No
19M20N20,32.868,-3.976,2019,1,Yes
19M20N21,32.824,-3.911,2019,3,Yes
19M20N22,33.093,-4.532,2019,3,No
19M20N23,33.033,-2.272,2019,3,Yes
19M20N24,33.196,-3.102,2019,2,No
19M20N25,33.296,-2.697,2019,3,No
19M20N26,33.124,-3.754,2019,2,No
19M20N27,33.189,-3.643,2019,2,No
19M20N28,33.008,-3.684,2019,2,No
19M20N29,33.026,-3.673,2019,3,No
19M20N30,33.040,-3.661,2019,2,No
19M20N31,33.042,-3.912,2019,2,No
19M20N32,32.848,-4.156,2019,2,No
19M20N33,32.874,-4.066,2019,2,No
19M20N34,33.322,-2.897,2019,,No
19M20N35,33.379,-2.801,2019,3,No
19M20N36,33.231,-3.131,2019,3,No
19M20N37,33.249,-3.158,2019,2,No
19M20N38,33.375,-3.204,2019,3,No
19M20N39,33.368,-3.213,2019,2,No
19M20N40,33.246,-3.173,2019,3,No
19M20N41,33.257,-3.151,2019,3,No
19M20N42,33.220,-2.826,2019,2,No
19M20N43,33.029,-3.169,2019,3,No
19M20N44,32.985,-3.130,2019,2,No
19M20N45,33.211,-2.923,2019,3,No
19M20N46,33.114,-2.972,2019,3,No
19M20N47,33.101,-3.182,2019,2,No
19M20N48,33.131,-3.224,2019,3,No
19M20N49,33.088,-3.244,2019,3,No
19M20N50,33.079,-3.269,2019,2,No
19M20N51,33.088,-3.082,2019,2,No
19M20N52,33.384,-2.813,2019,2,No
19M20N53,33.314,-2.928,2019,3,No
19M20N54,33.309,-2.898,2019,3,No
19M20N55,32.755,-2.495,2019,3,No
19M20N56,33.337,-3.016,2019,3,No
19M20N57,33.372,-3.199,2019,3,No
19M20N58,33.236,-3.156,2019,3,No
19M20N59,33.241,-3.125,2019,3,No
19M20N60,32.889,-3.129,2019,3,No
19M21N02,29.809,-6.610,2019,2,Yes
19M21N03,29.688,-7.365,2019,2,Yes
19M21N04,29.699,-7.367,2019,2,Yes
19M21N05,29.602,-7.448,2019,3,Yes
19M21N06,29.857,-6.713,2019,2,Yes
19M21N07,29.861,-6.716,2019,2,No
19M21N08,29.863,-6.752,2019,2,No
19M21N09,29.994,-7.347,2019,2,No
19M23N01,32.919,-4.263,2019,2,Yes
19M23N02,33.265,-4.368,2019,2,Yes
19M23N03,33.095,-4.532,2019,1,No
19M24N01,32.775,-4.075,2019,2,Yes
19M24N03,32.682,-4.879,2019,3,Yes
19M24N04,33.975,-2.297,2019,2,Yes
19M24N05,33.221,-3.876,2019,2,No
19M24N06,33.271,-3.979,2019,3,Yes
19M24N07,33.301,-3.844,2019,2,Yes
19M24N08,33.114,-4.018,2019,2,No
19M24N09,32.768,-4.076,2019,3,No
19M24N10,32.754,-4.019,2019,2,No
19M24N11,33.296,-3.913,2019,2,No
19M24N12,33.212,-3.858,2019,2,No
19M24N13,33.244,-3.839,2019,1,Yes
19M24N14,33.290,-3.925,2019,2,Yes
19M24N15,32.906,-4.828,2019,3,No
19M24N16,33.203,-3.901,2019,2,No
19M24N17,33.143,-3.791,2019,2,Yes
19M24N18,32.882,-4.724,2019,3,Yes
19M24N19,32.896,-4.751,2019,2,No
19M24N20,33.619,-2.758,2019,3,No
19M24N21,33.589,-2.757,2019,2,No
19M24N22,33.578,-2.749,2019,2,No
19M24N23,33.717,-3.135,2019,3,No
19M24N24,33.662,-3.114,2019,2,No
19M24N25,33.947,-2.314,2019,3,No
19M24N26,33.046,-3.670,2019,3,No
19M24N27,32.678,-4.887,2019,,No
19M24N28,33.754,-2.272,2019,1,Yes
19M24N29,32.986,-3.145,2019,,No
19M24N30,33.074,-4.727,2019,2,No
19M24N31,33.205,-4.138,2019,2,Yes
19M24N32,32.742,-4.874,2019,2,Yes
19M25N01,33.039,-3.658,2019,3,No
19M25N02,33.085,-2.098,2019,2,No
19M25N03,33.734,-2.722,2019,2,No
19M25N04,33.869,-2.533,2019,2,No
19M25N05,33.032,-3.636,2019,3,No
19M25N06,33.683,-2.742,2019,3,No
19M25N07,33.118,-2.973,2019,2,No
19M25N08,32.832,-3.811,2019,2,Yes
19M25N09,32.877,-4.702,2019,,No
19M25N10,33.264,-3.891,2019,2,No
19M25N11,33.140,-3.951,2019,3,No
19M25N12,32.879,-4.851,2019,2,No
19M25N14,33.158,-2.490,2019,3,No
19M25N15,33.982,-2.525,2019,3,No
19M25N16,33.821,-2.395,2019,2,Yes
19M25N17,33.184,-3.902,2019,2,No
19M25N18,33.003,-3.709,2019,2,Yes
19M25N19,32.808,-3.900,2019,2,No
19M25N21,33.914,-2.506,2019,3,No
19M25N22,33.883,-2.523,2019,,No
19M25N23,33.262,-2.636,2019,3,No
19M25N24,33.841,-2.332,2019,3,Yes
19M25N25,33.183,-2.346,2019,3,No
19M25N26,32.788,-3.955,2019,2,No
19M25N27,33.024,-3.680,2019,2,No
19M25N28,33.097,-4.493,2019,3,No
19M25N29,33.256,-3.914,2019,2,No
19M25N30,32.844,-3.811,2019,3,No
19M25N31,32.913,-3.634,2019,,No
19M25N32,33.040,-3.653,2019,3,No
19M25N33,33.024,-4.799,2019,3,No
19M25N34,33.192,-3.682,2019,3,No
19M25N36,33.575,-2.637,2019,3,Yes
19M25N37,33.695,-2.617,2019,3,No
19M25N38,33.697,-2.583,2019,2,No
19M25N39,33.778,-2.355,2019,2,Yes
19M25N40,33.563,-2.675,2019,2,No
19M25N41,33.834,-2.396,2019,,No
19M25N42,33.817,-2.394,2019,,No
19M25N43,33.820,-2.287,2019,3,Yes
19M25N44,33.737,-2.399,2019,2,Yes
19M25N45,33.565,-2.750,2019,2,No
19M25N46,33.631,-2.731,2019,3,No
19M25N47,33.949,-2.360,2019,3,Yes
19M25N48,33.895,-2.344,2019,3,Yes
19M25N49,33.757,-2.754,2019,3,No
19M25N50,33.752,-2.753,2019,3,No
19M25N51,33.552,-3.206,2019,3,No
19M25N55,33.317,-2.884,2019,2,No
19M25N56,33.247,-2.632,2019,3,No
19M25N57,33.119,-2.915,2019,3,No
19M25N58,33.124,-2.903,2019,3,No
19M25N59,33.080,-2.941,2019,3,No
19M25N60,33.024,-2.985,2019,3,No
19M25N61,33.157,-2.947,2019,2,No
19M25N62,33.157,-2.936,2019,3,No
19M25N63,33.122,-2.950,2019,2,No
19M25N64,33.092,-3.071,2019,3,No
19M25N65,33.128,-2.951,2019,3,No
19M25N66,33.227,-3.005,2019,2,No
19M25N67,33.247,-2.891,2019,2,No
19M25N68,33.336,-2.766,2019,3,No
19M25N69,33.118,-3.065,2019,3,No
19M25N70,33.037,-2.958,2019,2,No
19M26N01,32.797,-4.001,2019,3,No
19M27N01,32.648,-2.120,2019,3,Yes
19M27N02,32.639,-2.601,2019,3,No
19M27N03,32.689,-2.141,2019,3,No
19M27N04,32.303,-2.080,2019,3,No
19M27N05,32.632,-2.477,2019,2,No
19M27N06,32.808,-2.479,2019,2,No
19M27N07,32.730,-2.274,2019,3,Yes
19M27N08,32.380,-2.129,2019,3,No
19M27N09,32.539,-2.987,2019,,No
19M27N10,32.730,-2.406,2019,3,Yes
19M27N11,32.692,-2.689,2019,3,No
19M27N12,32.805,-2.147,2019,3,No
19M27N13,32.311,-2.329,2019,1,No
19M27N14,32.548,-2.699,2019,2,No
19M27N15,32.692,-2.384,2019,3,Yes
19M27N16,32.953,-2.005,2019,2,No
19M27N17,32.735,-2.259,2019,3,Yes
19M27N18,32.356,-2.077,2019,2,No
19M27N19,32.651,-2.110,2019,,No
19M27N20,32.669,-2.407,2019,3,No
19M27N21,32.441,-2.748,2019,2,No
19M27N22,32.438,-2.699,2019,3,No
19M27N23,32.541,-2.788,2019,3,Yes
19M27N25,32.672,-2.558,2019,2,No
19M27N26,32.495,-2.128,2019,3,No
19M27N27,32.647,-2.115,2019,3,Yes
19M27N28,32.548,-2.994,2019,3,Yes
19M27N29,32.552,-2.400,2019,1,No
19M27N30,32.551,-2.690,2019,2,Yes
19M27N31,32.576,-1.452,2019,,No
19M27N33,33.876,-2.371,2019,2,Yes
19M29N01,32.688,-2.139,2019,3,Yes
19M29N02,32.895,-2.524,2019,3,No
19M29N03,33.013,-1.776,2019,3,Yes
19M29N04,32.334,-2.588,2019,2,No
19M29N05,32.608,-1.469,2019,2,Yes
19M29N06,32.731,-2.277,2019,1,No
19M29N07,32.739,-2.280,2019,2,No
19M29N08,32.335,-2.591,2019,3,Yes
19M29N09,32.735,-2.443,2019,3,No
19M29N10,32.696,-2.417,2019,3,No
19M29N11,32.738,-2.315,2019,3,No
19M29N12,32.307,-2.308,2019,3,No
19M29N13,32.421,-2.371,2019,2,No
19M29N14,32.412,-2.297,2019,2,No
19M29N15,32.320,-2.456,2019,2,No
19M29N16,32.424,-2.131,2019,3,No
19M29N17,32.362,-2.802,2019,2,No
19M29N18,32.157,-2.713,2019,3,No
19M29N19,32.442,-2.425,2019,1,Yes
19M29N20,32.955,-2.005,2019,2,No
19M29N21,33.540,-2.661,2019,2,No
19M29N22,34.059,-1.891,2019,,No
19M29N23,33.162,-2.556,2019,3,No
19M29N24,33.012,-1.790,2019,3,No
19M30N01,33.186,-3.694,2019,3,Yes
19M30N02,33.317,-2.906,2019,,No
19M30N03,33.531,-2.755,2019,3,No
19M30N04,33.680,-2.419,2019,3,Yes
19M30N05,33.121,-1.800,2019,3,No
19M30N06,33.443,-2.557,2019,2,Yes
19M30N07,33.124,-3.027,2019,2,No
19M30N08,33.283,-3.874,2019,3,No
19M30N09,33.018,-3.615,2019,3,Yes
19M30N10,32.944,-3.630,2019,2,Yes
19M30N11,33.114,-3.250,2019,2,No
19M30N12,33.106,-3.158,2019,1,No
19M30N13,32.846,-4.151,2019,1,No
19M30N14,32.896,-4.065,2019,1,No
19M30N15,32.867,-3.989,2019,2,No
19M30N16,33.093,-4.716,2019,,No
19M30N17,32.850,-4.151,2019,2,No
19M30N18,32.797,-3.999,2019,2,No
19M30N19,32.889,-4.054,2019,1,No
19M30N20,33.762,-2.834,2019,3,No
19M30N21,33.826,-2.507,2019,2,Yes
19M30N22,33.914,-2.531,2019,2,No
19M30N23,33.884,-2.457,2019,3,Yes
19M30N24,33.912,-2.436,2019,2,Yes
19M30N25,33.099,-3.086,2019,3,No
19M30N26,33.054,-3.201,2019,3,No
19M30N27,33.079,-3.163,2019,3,No
19M30N28,33.102,-3.177,2019,3,No
19M30N29,33.089,-3.114,2019,2,No
19M30N30,33.085,-3.097,2019,3,No
19M30N31,33.104,-3.061,2019,3,No
19M30N32,33.666,-2.562,2019,3,No
19M30N33,33.775,-2.793,2019,3,No
19M30N34,33.297,-2.869,2019,,No
19M30N35,33.311,-2.879,2019,3,No
19M30N36,33.505,-2.734,2019,1,No
19M30N37,33.687,-3.052,2019,3,No
19M30N38,32.921,-4.892,2019,2,No
19M30N39,32.739,-4.897,2019,,No
19M32N01,33.215,-3.083,2019,3,Yes
19M32N05,33.229,-2.821,2019,3,Yes
19M32N06,33.301,-2.869,2019,3,No
19M32N07,33.314,-2.898,2019,2,No
19M32N08,33.283,-3.085,2019,1,No
19M32N09,33.244,-3.170,2019,2,No
19M32N10,33.058,-3.388,2019,1,No
19M32N11,33.168,-2.492,2019,3,No
19M32N13,33.166,-2.941,2019,3,No
19M32N14,33.233,-2.795,2019,3,No
19M32N15,33.854,-2.559,2019,2,No
19M32N16,33.887,-2.537,2019,3,Yes
19M32N17,33.040,-2.675,2019,3,Yes
19M32N18,33.218,-2.911,2019,3,No
19M32N19,33.140,-2.961,2019,3,No
19M32N20,33.161,-2.630,2019,3,No
19M32N21,33.158,-2.768,2019,4,Yes
19M32N22,33.196,-2.728,2019,3,No
19M32N28,32.941,-2.537,2019,3,No
19M32N29,33.078,-2.100,2019,3,No
19M32N30,33.263,-2.222,2019,,No
19M32N31,33.237,-2.256,2019,3,No
19M32N32,33.206,-2.298,2019,4,No
19M32N39,32.845,-2.649,2019,1,Yes
19M32N40,32.789,-2.606,2019,2,No
19M32N41,32.815,-2.619,2019,4,No
19M32N42,33.218,-2.434,2019,3,No
19M32N43,33.418,-2.876,2019,4,No
19M32N44,33.294,-2.880,2019,4,No
19M32N45,33.298,-2.886,2019,3,No
19M32N46,32.650,-2.559,2019,1,Yes
19M32N47,32.891,-2.525,2019,,No
19M32N48,32.749,-2.478,2019,3,No
19M32N49,32.712,-2.405,2019,4,Yes
19M32N50,32.752,-2.253,2019,4,No
19M32N51,33.301,-2.441,2019,1,No
19M32N58,32.880,-2.496,2019,2,No
19M32N59,33.111,-2.322,2019,3,No
19M32N60,33.289,-2.841,2019,4,No
19M32N61,33.297,-2.852,2019,3,No
19M32N62,33.278,-2.853,2019,4,No
19M32N63,33.145,-2.110,2019,3,No
19M32N64,33.211,-2.787,2019,4,No
19M32N66,33.290,-2.704,2019,3,No
19M32N69,33.407,-2.507,2019,4,No
19M32N70,33.416,-2.515,2019,3,No
19M32N71,32.865,-3.126,2019,2,No
19M32N72,32.951,-3.050,2019,3,No
19M32N73,33.054,-2.941,2019,3,No
19M32N74,33.241,-2.872,2019,3,No
19M32N75,33.209,-2.558,2019,3,No
19M32N76,33.278,-2.799,2019,3,No
19M32N77,33.233,-2.034,2019,3,No
19M32N78,33.246,-2.547,2019,3,No
20G01N001,33.181,-4.577,2020,3,No
20G01N002,32.812,-3.788,2020,2,No
20G01N003,32.848,-3.762,2020,3,No
20G02N001,33.361,-2.970,2020,2,Yes
20G02N002,33.335,-3.008,2020,2,Yes
20G02N003,33.350,-2.964,2020,3,No
20G02N004,33.471,-3.186,2020,2,No
20G02N005,33.471,-3.110,2020,1,No
20G03N001,33.916,-2.531,2020,3,Yes
20G03N002,33.972,-2.485,2020,3,Yes
20G03N003,33.792,-2.576,2020,3,No
20G03N004,33.479,-3.073,2020,2,No
20G03N005,33.551,-2.670,2020,2,No
20G03N006,33.581,-3.014,2020,2,No
20G03N007,33.680,-2.966,2020,3,No
20G03N008,33.320,-2.313,2020,2,Yes
20G03N009,33.975,-2.491,2020,2,No
20G03N010,33.958,-2.408,2020,3,No
20G03N011,33.376,-2.665,2020,2,No
20G03N012,33.715,-2.659,2020,3,No
20G03N013,33.179,-3.079,2020,2,No
20G03N014,33.332,-2.793,2020,2,No
20G03N015,33.919,-2.524,2020,3,No
20G03N016,33.957,-2.511,2020,2,No
20G03N017,33.965,-2.545,2020,3,No
20G03N018,33.158,-2.887,2020,2,No
20G03N019,33.561,-2.829,2020,2,No
20G03N020,33.710,-2.670,2020,3,No
20G03N021,33.715,-3.071,2020,3,No
20G03N022,33.118,-2.953,2020,2,No
20G03N023,33.132,-2.954,2020,2,No
20G03N024,33.387,-2.657,2020,2,No
20G03N025,33.407,-2.456,2020,2,No
20G03N026,33.721,-2.936,2020,2,No
20G03N027,33.884,-2.471,2020,3,No
20G03N028,33.951,-2.465,2020,3,No
20G03N029,33.851,-2.577,2020,3,No
20G03N030,33.706,-2.790,2020,3,No
20G03N031,33.643,-2.869,2020,2,No
20G03N032,33.218,-2.869,2020,2,No
20G03N033,33.192,-3.052,2020,2,No
20G03N034,33.612,-2.620,2020,2,No
20G03N035,33.902,-2.573,2020,3,No
20G03N036,33.888,-2.516,2020,2,No
20G05N001,33.114,-2.280,2020,2,No
20G05N002,32.280,-1.546,2020,2,No
20G06N001,33.955,-2.536,2020,3,No
20G06N002,33.840,-2.167,2020,2,No
20G06N003,33.960,-2.551,2020,2,Yes
20G06N004,33.960,-2.543,2020,3,No
20G06N005,33.980,-2.322,2020,3,No
20G06N006,33.935,-2.228,2020,2,No
20G06N007,33.332,-2.726,2020,3,No
20G06N008,33.301,-2.831,2020,2,No
20G06N009,33.874,-2.480,2020,2,No
20G06N010,33.953,-2.538,2020,3,No
20G06N011,33.912,-2.190,2020,2,No
20G07N001,33.068,-2.930,2020,3,No
20G08N001,32.968,-2.433,2020,2,No
20G08N002,33.158,-2.600,2020,2,No
20G09N001,33.141,-3.800,2020,2,No
20M01N01,33.199,-3.938,2020,2,No
20M07N01,33.691,-3.463,2020,3,No
20M08N01,33.286,-3.826,2020,2,Yes
20M08N02,33.110,-3.808,2020,2,Yes
20M08N03,33.437,-3.746,2020,2,Yes
20M08N04,33.190,-3.813,2020,2,No
20M08N05,33.152,-3.639,2020,3,Yes
20M08N06,33.046,-3.665,2020,3,Yes
20M08N07,33.274,-3.871,2020,2,No
20M08N08,33.097,-3.877,2020,2,Yes
20M08N09,33.234,-3.903,2020,2,Yes
20M08N10,33.242,-3.944,2020,2,No
20M08N11,33.281,-3.901,2020,2,No
20M08N12,33.199,-3.899,2020,2,Yes
20M08N13,33.227,-4.010,2020,,No
20M08N14,33.302,-3.914,2020,2,Yes
20M08N15,33.223,-3.878,2020,2,Yes
20M08N16,33.167,-3.795,2020,2,Yes
20M08N17,32.884,-4.020,2020,2,No
20M08N18,32.906,-4.066,2020,2,Yes
20M08N19,32.875,-4.822,2020,2,No
20M08N20,32.919,-4.886,2020,3,Yes
20M08N21,33.091,-3.731,2020,2,Yes
20M08N22,33.171,-3.801,2020,,No
20M08N23,33.294,-3.941,2020,2,No
20M08N24,33.247,-4.002,2020,2,Yes
20M08N25,33.217,-3.887,2020,2,Yes
20M08N26,33.260,-3.862,2020,2,Yes
20M08N27,33.210,-3.890,2020,2,Yes
20M08N28,33.167,-3.802,2020,2,No
20M08N29,33.290,-3.924,2020,2,No
20M08N30,33.094,-4.529,2020,2,Yes
20M08N31,33.145,-3.943,2020,2,Yes
20M08N32,33.091,-3.739,2020,1,Yes
20M08N33,33.266,-3.860,2020,2,No
20M09N01,33.540,-2.761,2020,,No
20M15N05,33.297,-2.915,2020,2,Yes
20M15N06,33.291,-2.897,2020,2,No
20M15N12,33.869,-2.538,2020,3,Yes
20M15N13,33.875,-2.559,2020,2,No
20M15N14,33.163,-2.491,2020,2,No
20M15N15,33.218,-2.141,2020,2,No
20M15N16,33.129,-2.983,2020,2,Yes
20M15N17,33.855,-2.444,2020,,No
20M15N18,33.214,-2.824,2020,3,No
20M15N19,33.871,-2.403,2020,,No
20M15N20,33.840,-2.338,2020,,No
20M15N21,33.806,-2.343,2020,,No
20M15N22,33.875,-2.269,2020,3,No
20M15N23,33.914,-2.248,2020,2,Yes
20M15N24,33.536,-2.740,2020,3,No
20M15N25,33.318,-2.671,2020,,No
20M15N42,33.622,-2.613,2020,3,Yes
20M15N43,33.798,-2.300,2020,2,Yes
20M15N44,33.727,-2.728,2020,,No
20M15N45,34.048,-2.499,2020,3,Yes
20M15N46,33.877,-2.398,2020,2,Yes
20M15N47,33.891,-2.559,2020,2,Yes
20M15N48,33.162,-2.941,2020,2,Yes
20M15N49,33.354,-2.925,2020,,No
20M15N50,33.268,-2.772,2020,,No
20M15N51,33.235,-2.644,2020,2,Yes
20M15N52,33.182,-2.478,2020,,No
20M15N53,33.792,-2.479,2020,1,Yes
20M15N54,33.853,-2.338,2020,2,Yes
20M15N55,33.705,-2.548,2020,,No
20M15N56,33.082,-2.641,2020,2,Yes
20M15N58,33.627,-2.195,2020,,No
20M15N59,33.881,-2.279,2020,2,Yes
20M15N60,33.798,-2.337,2020,1,No
20M15N61,33.860,-2.541,2020,,No
20M15N69,33.797,-2.340,2020,2,No
20M15N70,33.332,-2.942,2020,,No
20M15N71,33.296,-2.868,2020,3,No
20M15N72,33.722,-2.563,2020,3,Yes
20M15N73,33.794,-2.480,2020,2,Yes
20M15N74,33.645,-2.888,2020,1,Yes
20M15N75,33.889,-2.402,2020,1,Yes
20M15N76,33.039,-3.186,2020,2,Yes
20M15N77,33.970,-2.520,2020,2,Yes
20M15N78,33.878,-2.447,2020,1,Yes
20M15N79,33.882,-2.392,2020,1,Yes
20M15N80,33.748,-2.378,2020,3,Yes
20M15N81,33.796,-2.432,2020,1,No
20M15N82,33.699,-2.537,2020,2,Yes
20M15N83,33.666,-2.564,2020,2,Yes
20M15N84,33.705,-2.683,2020,2,Yes
20M15N85,33.177,-2.465,2020,2,Yes
20M15N99,33.800,-2.418,2020,2,Yes
20M17N01,33.867,-2.364,2020,2,No
20M17N02,33.798,-2.284,2020,2,No
20M17N03,33.875,-2.411,2020,2,No
20M17N04,32.972,-3.887,2020,1,Yes
20M17N05,33.108,-3.865,2020,2,No
20M17N06,33.068,-3.837,2020,2,Yes
20M17N07,33.139,-3.701,2020,2,Yes
20M17N08,32.945,-3.634,2020,1,No
20M18N01,33.322,-2.896,2020,2,No
20M18N02,33.273,-3.876,2020,2,No
20M18N03,33.132,-3.988,2020,2,Yes
20M18N04,32.880,-4.848,2020,2,No
20M18N05,32.742,-4.890,2020,3,No
20M18N06,32.866,-4.760,2020,3,No
20M18N07,33.289,-4.340,2020,2,Yes
20M18N08,33.027,-3.663,2020,2,Yes
20M18N09,33.150,-3.698,2020,2,Yes
20M18N10,33.209,-3.783,2020,2,Yes
20M18N11,33.151,-3.602,2020,2,Yes
20M18N12,32.869,-4.713,2020,3,Yes
20M18N13,33.477,-3.624,2020,3,Yes
20M18N14,32.797,-4.001,2020,2,Yes
20M18N15,33.005,-3.959,2020,3,No
20M18N16,33.703,-3.458,2020,3,No
20M18N17,33.092,-4.530,2020,3,Yes
20M18N18,33.087,-4.718,2020,3,No
20M18N19,33.190,-4.181,2020,3,No
20M18N20,32.895,-4.057,2020,2,Yes
20M18N21,33.271,-4.360,2020,2,Yes
20M18N22,33.023,-3.648,2020,2,No
20M18N23,32.901,-4.745,2020,2,Yes
20M18N24,32.734,-4.885,2020,2,Yes
20M18N25,33.120,-3.890,2020,2,Yes
20M18N26,33.373,-3.591,2020,,No
20M18N27,33.877,-2.356,2020,2,Yes
20M18N28,33.609,-2.629,2020,2,Yes
20M19N01,33.208,-4.088,2020,2,Yes
20M19N03,33.282,-3.798,2020,2,Yes
20M20N01,34.162,-3.099,2020,3,No
20M23N01,33.008,-4.092,2020,3,Yes
20M23N03,32.984,-4.284,2020,2,No
20M24N01,33.294,-2.695,2020,2,No
20M27N01,33.023,-2.279,2020,2,No
20M27N02,32.863,-2.620,2020,1,No
20M27N03,32.868,-3.134,2020,3,Yes
20M27N04,32.796,-2.436,2020,,No
20M27N05,33.897,-2.401,2020,,No
20M27N06,33.612,-2.617,2020,2,Yes
20M27N07,33.708,-2.666,2020,2,Yes
20M27N08,33.683,-2.745,2020,,No
20M27N09,33.863,-2.552,2020,2,No
20M27N10,33.794,-2.532,2020,,No
20M27N11,33.788,-2.486,2020,,No
20M27N12,33.704,-2.386,2020,3,Yes
20M27N13,33.049,-2.657,2020,3,Yes
20M27N14,33.040,-2.697,2020,2,Yes
20M27N15,33.858,-2.330,2020,2,Yes
20M27N16,33.748,-2.435,2020,2,Yes
20M27N17,33.686,-2.424,2020,2,Yes
20M27N18,32.758,-2.400,2020,2,Yes
20M29N01,33.004,-2.098,2020,2,No
20M29N02,33.217,-2.575,2020,2,Yes
20M29N03,32.885,-2.524,2020,2,No
20M29N04,32.624,-2.463,2020,,No
20M29N05,32.403,-2.281,2020,2,No
20M29N06,32.632,-2.106,2020,1,Yes
20M29N07,32.750,-2.454,2020,2,Yes
20M29N08,32.687,-2.453,2020,2,Yes
20M29N09,32.795,-2.589,2020,2,Yes
20M29N10,32.682,-2.807,2020,2,Yes
20M29N11,32.339,-2.591,2020,2,Yes
20M29N12,32.427,-2.088,2020,1,Yes
20M29N13,32.882,-2.515,2020,3,Yes
20M29N14,32.859,-2.612,2020,2,Yes
20M29N15,33.103,-1.979,2020,,No
20M29N16,32.647,-2.468,2020,,No
20M29N17,32.310,-2.321,2020,1,Yes
20M29N18,33.108,-1.989,2020,,No
20M30N01,33.805,-2.523,2020,2,No
20M30N02,33.787,-2.382,2020,2,Yes
20M30N03,33.782,-2.529,2020,2,No
20M32N01,33.787,-2.321,2020,2,No
20M32N02,33.862,-2.601,2020,2,No
20M32N03,33.350,-2.924,2020,1,Yes
20M32N04,33.871,-2.537,2020,3,No
20M32N07,33.229,-2.561,2020,2,No
20M32N08,33.084,-2.719,2020,2,No
20M32N09,33.078,-2.684,2020,2,No
20M32N10,33.368,-2.900,2020,3,No
20M32N11,33.304,-2.362,2020,3,No
20M32N26,33.883,-2.282,2020,2,No
20M32N27,33.823,-2.518,2020,1,Yes
20M32N28,33.085,-2.430,2020,2,No
20M32N29,33.611,-2.628,2020,2,No
20M32N30,33.689,-2.747,2020,1,No
20M32N31,33.764,-2.754,2020,2,No
20M32N32,33.819,-2.571,2020,2,Yes
20M32N33,33.791,-2.335,2020,2,Yes
20M32N34,34.097,-2.256,2020,2,Yes
20M32N35,33.033,-3.192,2020,2,Yes
20M32N36,33.888,-2.407,2020,2,Yes
20M32N37,33.921,-2.537,2020,3,Yes
20M32N38,33.598,-2.987,2020,3,Yes
20M32N39,33.816,-2.425,2020,,No
20M32N40,33.859,-2.327,2020,2,Yes
20M32N41,33.712,-2.734,2020,3,Yes
20M32N62,33.881,-2.464,2020,,No
20M32N63,33.129,-2.978,2020,3,Yes
20M32N64,33.254,-3.152,2020,,No
20M32N65,33.210,-2.823,2020,,No
20M32N66,33.815,-2.567,2020,2,Yes
20M32N67,33.889,-2.524,2020,3,Yes
20M32N86,33.807,-2.345,2020,2,Yes
20M32N87,33.247,-2.886,2020,1,Yes
20M32N88,33.860,-2.372,2020,,No
20M32N89,33.891,-2.345,2020,2,Yes
20M32N90,33.693,-2.518,2020,2,Yes
20M32N91,33.692,-2.482,2020,2,Yes
21G01N001,33.211,-3.640,2021,2,No
21G01N002,33.137,-3.676,2021,2,Yes
21G01N003,32.875,-4.741,2021,2,No
21G01N004,32.885,-4.066,2021,3,No
21G01N005,32.879,-4.714,2021,3,No
21G01N006,32.849,-4.706,2021,2,No
21G01N007,32.836,-4.697,2021,3,No
21G01N008,32.851,-4.730,2021,2,No
21G01N009,32.837,-4.022,2021,3,No
21G01N010,32.837,-4.001,2021,2,No
21G01N011,32.881,-4.052,2021,3,No
21G01N012,32.884,-4.047,2021,2,No
21G01N013,32.886,-4.057,2021,2,No
21G01N014,32.805,-3.802,2021,2,No
21G01N015,32.849,-3.775,2021,2,No
21G01N016,32.822,-3.995,2021,2,No
21G01N017,32.817,-4.005,2021,2,No
21G01N018,32.908,-4.841,2021,2,No
21G01N019,32.905,-4.851,2021,2,No
21G01N020,32.923,-4.765,2021,2,No
21G01N021,32.857,-4.029,2021,2,Yes
21G01N022,32.867,-4.019,2021,3,No
21G01N023,32.871,-4.017,2021,2,No
21G01N024,32.849,-3.763,2021,2,No
21G01N025,32.809,-3.772,2021,3,No
21G01N026,32.810,-4.064,2021,3,No
21G01N027,32.801,-3.985,2021,2,No
21G01N028,32.897,-4.024,2021,2,No
21G01N029,32.960,-3.659,2021,3,No
21G01N030,32.862,-3.896,2021,2,No
21G01N031,32.741,-4.008,2021,2,No
21G01N032,33.035,-3.935,2021,2,No
21G01N033,32.869,-3.700,2021,2,No
21G01N034,33.042,-3.941,2021,2,No
21G01N035,32.832,-3.844,2021,2,No
21G01N036,32.919,-3.626,2021,3,No
21G01N037,33.039,-3.671,2021,2,No
21G01N038,33.058,-3.898,2021,2,No
21G01N039,32.808,-3.964,2021,2,No
21G01N040,32.737,-4.096,2021,2,No
21G01N041,32.901,-4.854,2021,2,No
21G01N042,32.844,-4.710,2021,3,No
21G01N043,32.873,-4.725,2021,2,No
21G01N044,32.937,-4.367,2021,2,No
21G01N045,32.825,-4.182,2021,2,No
21G01N046,32.940,-3.714,2021,3,No
21G01N047,32.898,-4.869,2021,2,No
21G01N048,32.879,-4.081,2021,2,No
21G01N049,32.870,-4.066,2021,2,Yes
21G01N050,32.867,-4.027,2021,3,No
21G01N051,32.804,-3.912,2021,2,No
21G01N052,32.862,-3.926,2021,2,No
21G01N053,32.807,-4.293,2021,2,No
21G01N054,33.035,-3.666,2021,2,No
21G01N055,33.103,-4.517,2021,2,No
21G01N056,32.854,-4.163,2021,3,No
21G01N057,32.739,-4.122,2021,2,No
21G01N058,32.834,-3.717,2021,2,No
21G01N059,32.853,-3.907,2021,2,No
21G01N060,32.855,-4.010,2021,3,No
21G01N061,32.886,-4.063,2021,2,No
21G01N062,32.814,-4.075,2021,3,No
21G01N063,32.947,-4.980,2021,3,No
21G01N064,32.835,-3.735,2021,2,No
21G01N065,32.738,-4.024,2021,2,No
21G01N066,33.043,-3.913,2021,3,No
21G01N067,32.896,-4.025,2021,2,No
21G01N068,32.813,-4.161,2021,2,No
21G01N069,33.047,-3.909,2021,3,No
21G01N070,32.872,-4.182,2021,3,No
21G01N071,32.792,-4.029,2021,2,No
21G01N072,32.935,-4.077,2021,2,No
21G02N001,33.146,-3.713,2021,2,No
21G02N002,32.842,-4.726,2021,2,No
21G02N003,32.876,-4.728,2021,3,No
21G02N004,33.463,-3.633,2021,2,No
21G02N005,32.844,-4.733,2021,2,No
21G02N006,32.900,-4.743,2021,2,No
21G02N007,33.248,-3.280,2021,2,No
21G02N008,32.862,-4.705,2021,3,No
21G02N009,32.898,-4.754,2021,2,No
21G02N010,32.895,-4.749,2021,2,No
21G02N011,33.103,-3.716,2021,3,No
21G02N012,33.110,-3.722,2021,2,No
21G02N013,32.857,-4.631,2021,2,No
21G02N014,33.144,-3.707,2021,2,No
21G02N015,33.210,-3.631,2021,2,No
21G02N016,33.247,-3.660,2021,2,Yes
21G02N017,33.253,-3.270,2021,2,No
21G02N018,33.240,-3.265,2021,2,No
21G02N019,33.290,-3.257,2021,1,No
21G02N020,32.854,-3.901,2021,2,No
21G02N021,33.045,-3.899,2021,2,No
21G02N022,33.100,-3.740,2021,1,No
21G02N023,33.054,-3.748,2021,3,No
21G02N024,33.036,-3.787,2021,2,Yes
21G02N025,33.143,-3.732,2021,2,No
21G02N026,33.151,-3.609,2021,3,No
21G02N027,33.213,-3.659,2021,2,No
21G02N028,33.218,-3.649,2021,1,No
21G02N029,33.263,-3.683,2021,2,No
21G02N030,33.255,-3.697,2021,2,No
21G02N031,33.148,-3.707,2021,1,No
21G02N032,32.838,-4.690,2021,3,No
21G02N033,32.854,-4.677,2021,2,No
21G02N034,32.853,-4.654,2021,2,No
21G02N035,32.836,-4.674,2021,2,No
21G02N036,33.210,-3.234,2021,2,No
21G02N037,33.282,-3.170,2021,1,No
21G02N038,33.322,-3.224,2021,2,No
21G02N039,32.842,-4.218,2021,3,No
21G02N040,33.141,-3.663,2021,3,Yes
21G02N041,33.172,-3.648,2021,3,No
21G02N042,33.095,-4.707,2021,2,No
21G02N043,32.898,-4.860,2021,2,No
21G02N044,32.871,-4.716,2021,2,No
21G02N045,33.257,-3.295,2021,2,No
21G02N046,33.191,-3.254,2021,2,No
21G02N047,33.192,-3.585,2021,2,No
21G02N048,33.217,-3.329,2021,3,No
21G02N049,33.359,-3.271,2021,2,No
21G02N050,33.134,-3.716,2021,2,No
21G02N051,33.214,-3.646,2021,2,Yes
21G02N052,33.135,-4.456,2021,2,No
21G02N053,33.190,-3.258,2021,2,No
21G02N054,33.194,-3.714,2021,1,No
21G02N055,33.122,-3.748,2021,2,No
21G02N056,33.232,-3.272,2021,2,No
21G02N057,33.212,-3.339,2021,2,No
21G02N058,33.211,-3.333,2021,2,No
21G02N059,33.220,-3.319,2021,2,No
21G02N060,33.098,-3.721,2021,2,Yes
21G02N061,33.264,-3.680,2021,2,No
21G02N062,32.835,-4.727,2021,2,No
21G02N063,32.867,-4.730,2021,2,No
21G02N064,32.897,-4.753,2021,2,No
21G02N065,32.864,-4.009,2021,2,No
21G02N066,32.873,-4.017,2021,2,No
21G02N067,32.875,-4.018,2021,3,Yes
21G02N068,33.149,-3.697,2021,1,No
21G02N069,33.175,-4.581,2021,3,No
21G02N070,33.171,-4.594,2021,2,No
21G02N071,33.419,-3.660,2021,3,No
21G02N072,33.206,-4.561,2021,3,No
21G02N073,33.115,-4.453,2021,3,No
21G02N074,32.841,-4.745,2021,3,No
21G02N075,32.846,-4.698,2021,2,No
21G02N076,33.159,-3.703,2021,2,No
21G02N077,33.203,-3.689,2021,2,No
21G02N078,33.132,-3.808,2021,2,No
21G02N079,32.838,-3.889,2021,1,No
21G02N080,33.005,-3.647,2021,2,No
21G02N081,33.219,-3.655,2021,1,No
21G02N082,33.128,-3.698,2021,1,No
21G02N083,33.172,-3.652,2021,2,No
21G02N084,33.443,-3.072,2021,2,No
21G02N085,33.092,-4.677,2021,2,No
21G02N086,33.167,-4.508,2021,2,No
21G02N087,33.193,-3.583,2021,2,No
21G02N088,33.017,-3.642,2021,1,No
21G02N089,33.155,-3.699,2021,2,No
21G03N001,34.167,-3.093,2021,3,No
21G03N002,33.666,-2.877,2021,2,No
21G03N003,33.923,-2.556,2021,3,No
21G03N004,33.294,-3.049,2021,1,No
21G03N005,33.398,-3.641,2021,2,No
21G03N006,33.099,-3.184,2021,2,No
21G03N007,33.124,-2.948,2021,2,No
21G03N008,33.141,-2.960,2021,2,No
21G03N009,33.521,-3.194,2021,2,No
21G03N010,33.653,-2.827,2021,2,No
21G03N011,33.109,-3.244,2021,2,No
21G03N012,33.509,-3.317,2021,3,No
21G03N013,33.037,-2.958,2021,3,No
21G03N014,33.658,-2.861,2021,3,No
21G03N015,33.272,-3.094,2021,2,No
21G03N016,33.913,-2.532,2021,3,No
21G03N017,33.914,-2.539,2021,3,No
21G03N018,33.931,-2.555,2021,2,No
21G03N019,33.268,-2.941,2021,1,No
21G03N020,33.508,-3.181,2021,2,No
21G03N021,33.285,-2.942,2021,2,No
21G03N022,33.133,-2.895,2021,2,No
21G03N023,33.035,-2.973,2021,2,No
21G03N024,33.104,-3.055,2021,2,No
21G03N025,33.107,-3.068,2021,2,No
21G03N026,33.124,-3.225,2021,2,No
21G03N027,33.035,-3.237,2021,2,No
21G03N028,33.006,-3.075,2021,2,No
21G03N029,33.915,-2.375,2021,2,No
21G03N030,33.260,-3.128,2021,2,No
21G03N031,33.123,-2.988,2021,3,No
21G03N032,33.108,-2.993,2021,3,No
21G03N033,33.107,-3.078,2021,2,No
21G03N034,33.103,-3.111,2021,2,No
21G03N035,33.712,-2.943,2021,2,No
21G03N036,33.674,-2.873,2021,2,No
21G03N037,33.946,-2.312,2021,2,No
21G03N038,33.881,-2.577,2021,2,No
21G03N039,33.471,-3.116,2021,2,No
21G03N040,33.318,-3.004,2021,2,No
21G03N041,33.072,-2.930,2021,3,No
21G03N042,33.126,-3.005,2021,3,No
21G03N043,33.127,-3.028,2021,3,No
21G03N044,33.037,-3.205,2021,3,No
21G03N045,33.109,-3.200,2021,2,No
21G03N046,33.049,-3.109,2021,2,No
21G03N047,33.114,-3.081,2021,2,No
21G03N048,33.083,-3.093,2021,2,No
21G03N050,33.895,-2.510,2021,2,No
21G03N051,33.383,-3.205,2021,2,No
21G03N052,33.215,-3.026,2021,2,No
21G03N053,33.149,-2.901,2021,2,No
21G03N054,33.262,-2.926,2021,1,No
21G03N055,33.347,-2.922,2021,2,No
21G03N056,33.221,-3.149,2021,2,No
21G03N057,33.254,-3.201,2021,3,No
21G03N058,33.125,-3.064,2021,2,No
21G03N059,33.110,-3.051,2021,2,No
21G03N060,33.088,-3.016,2021,2,Yes
21G03N061,33.392,-2.438,2021,3,No
21G03N062,33.899,-2.601,2021,3,No
21G03N063,33.369,-3.204,2021,2,No
21G03N064,33.282,-2.974,2021,2,No
21G03N065,33.122,-2.986,2021,2,No
21G03N066,33.107,-3.078,2021,2,No
21G03N067,33.040,-3.148,2021,2,No
21G03N068,33.055,-3.144,2021,3,No
21G03N069,33.624,-3.200,2021,2,No
21G03N070,33.339,-3.119,2021,2,No
21G03N071,33.383,-3.172,2021,1,No
21G03N072,33.368,-3.213,2021,2,No
21G03N073,33.320,-3.234,2021,2,No
21G03N074,33.643,-2.869,2021,2,No
21G03N075,33.670,-2.800,2021,2,No
21G03N076,33.806,-2.473,2021,2,No
21G03N077,33.102,-2.951,2021,3,No
21G03N078,33.107,-2.958,2021,2,No
21G03N079,33.119,-2.976,2021,2,No
21G03N080,33.220,-3.017,2021,1,No
21G03N081,33.050,-2.982,2021,3,No
21G03N082,33.160,-3.166,2021,2,No
21G03N083,33.152,-2.965,2021,2,No
21G03N084,33.094,-3.068,2021,2,No
21G03N085,33.070,-3.068,2021,2,No
21G03N086,33.084,-3.098,2021,2,No
21G03N087,33.000,-3.090,2021,2,No
21G03N088,34.142,-3.133,2021,3,No
21G03N089,33.588,-3.142,2021,2,No
21G03N090,33.610,-3.134,2021,2,No
21G03N091,33.657,-2.860,2021,2,No
21G03N092,33.288,-3.116,2021,2,No
21G03N093,33.254,-3.186,2021,2,No
21G03N094,33.221,-3.094,2021,2,No
21G03N095,33.924,-2.565,2021,2,No
21G03N096,33.913,-2.555,2021,2,No
21G03N097,33.787,-2.477,2021,2,No
21G03N098,33.138,-2.987,2021,2,No
21G03N099,33.014,-3.021,2021,1,No
21G03N100,33.099,-3.181,2021,2,No
21G03N101,33.479,-3.124,2021,3,No
21G03N102,33.723,-3.076,2021,2,No
21G03N103,33.801,-3.019,2021,2,No
21G03N104,33.652,-2.566,2021,2,No
21G03N105,33.289,-2.842,2021,3,No
21G03N106,33.227,-3.067,2021,1,No
21G03N107,33.380,-3.132,2021,2,No
21G03N108,33.377,-3.207,2021,2,No
21G03N109,33.441,-3.046,2021,2,No
21G03N110,33.123,-2.890,2021,2,No
21G03N111,33.116,-3.086,2021,1,No
21G03N112,33.406,-3.091,2021,2,No
21G03N113,33.672,-2.976,2021,2,No
21G03N114,33.882,-2.579,2021,2,No
21G03N115,33.080,-3.118,2021,1,No
21G03N116,33.050,-3.139,2021,2,No
21G03N117,33.549,-3.007,2021,2,No
21G03N118,33.763,-2.684,2021,2,No
21G03N119,33.869,-2.542,2021,2,Yes
21G03N120,33.121,-2.911,2021,1,No
21G03N121,33.389,-2.672,2021,3,No
21G03N122,33.354,-2.696,2021,2,No
21G03N123,33.628,-2.523,2021,2,No
21G03N124,33.871,-2.475,2021,2,No
21G03N125,33.878,-2.451,2021,2,No
21G03N126,34.136,-3.139,2021,3,No
21G03N127,33.516,-3.188,2021,2,No
21G03N128,33.887,-2.329,2021,1,No
21G05N001,32.559,-2.259,2021,3,No
21G05N002,33.061,-2.424,2021,2,No
21G05N003,33.084,-2.933,2021,2,No
21G05N004,32.732,-2.097,2021,3,No
21G05N005,32.579,-2.321,2021,3,No
21G05N006,32.755,-2.134,2021,3,No
21G05N007,32.462,-2.907,2021,2,No
21G05N008,32.753,-2.378,2021,2,No
21G05N009,32.755,-2.480,2021,2,No
21G05N010,32.623,-2.416,2021,3,No
21G05N011,32.325,-2.357,2021,2,No
21G05N012,32.525,-2.987,2021,3,No
21G05N013,32.669,-2.188,2021,3,No
21G05N014,32.712,-2.115,2021,3,No
21G05N015,32.548,-2.251,2021,2,No
21G05N016,32.653,-2.034,2021,3,No
21G05N017,32.694,-2.117,2021,1,No
21G05N018,32.679,-2.179,2021,2,No
21G05N019,32.678,-2.188,2021,3,No
21G05N020,32.773,-2.273,2021,3,No
21G05N021,32.304,-2.315,2021,3,No
21G05N022,32.563,-2.252,2021,3,No
21G05N023,32.505,-2.724,2021,2,No
21G05N024,32.646,-2.969,2021,2,No
21G05N025,32.544,-2.801,2021,2,No
21G05N026,32.506,-3.216,2021,3,No
21G05N027,32.689,-2.150,2021,3,No
21G05N028,32.733,-2.167,2021,2,No
21G05N029,32.770,-2.122,2021,3,No
21G05N030,33.005,-2.424,2021,2,No
21G05N031,33.097,-2.488,2021,2,No
21G05N032,33.042,-2.458,2021,2,No
21G05N033,33.219,-2.436,2021,2,No
21G05N034,33.102,-2.744,2021,2,No
21G05N035,33.093,-2.747,2021,2,No
21G05N036,33.008,-2.847,2021,2,No
21G05N037,32.351,-2.202,2021,3,No
21G05N038,32.465,-2.908,2021,2,No
21G05N039,32.446,-2.939,2021,3,No
21G05N040,32.904,-2.966,2021,1,No
21G05N041,32.908,-2.863,2021,2,No
21G05N042,32.703,-2.119,2021,3,No
21G05N043,33.098,-1.984,2021,1,No
21G05N044,32.987,-2.088,2021,2,No
21G05N045,33.137,-2.456,2021,2,No
21G05N046,33.006,-2.457,2021,2,No
21G05N047,32.469,-2.692,2021,2,No
21G05N048,32.436,-2.703,2021,2,No
21G05N049,32.444,-2.524,2021,2,No
21G05N050,32.689,-2.888,2021,2,No
21G05N051,32.551,-2.676,2021,2,No
21G05N052,32.735,-2.763,2021,1,No
21G05N053,32.852,-2.886,2021,2,No
21G05N054,32.951,-2.890,2021,2,No
21G05N055,33.025,-2.811,2021,2,No
21G05N056,33.052,-2.863,2021,2,No
21G05N057,32.531,-2.520,2021,2,No
21G05N058,33.116,-2.458,2021,2,No
21G05N059,32.801,-2.276,2021,2,No
21G05N060,32.745,-2.167,2021,1,No
21G05N061,32.763,-2.118,2021,3,No
21G05N062,32.780,-2.313,2021,3,No
21G05N063,32.813,-2.249,2021,2,No
21G05N064,32.518,-2.451,2021,2,No
21G05N065,33.110,-2.750,2021,2,No
21G05N066,32.794,-2.264,2021,2,No
21G06N001,33.904,-2.224,2021,2,No
21G06N002,33.115,-2.278,2021,2,No
21G06N003,33.917,-2.228,2021,2,No
21G06N004,33.921,-2.228,2021,2,No
21G06N005,33.844,-2.288,2021,2,No
21G06N006,33.879,-2.318,2021,2,No
21G06N007,33.899,-2.387,2021,2,No
21G06N008,33.365,-2.599,2021,2,No
21G06N009,33.363,-2.788,2021,2,No
21G06N010,33.923,-2.423,2021,2,No
21G06N011,33.928,-2.551,2021,2,No
21G06N012,33.915,-2.412,2021,3,No
21G06N013,33.373,-2.598,2021,3,No
21G06N014,33.379,-2.536,2021,2,No
21G06N015,33.258,-2.456,2021,2,No
21G06N016,33.098,-2.737,2021,3,No
21G06N017,33.301,-2.831,2021,3,No
21G06N018,33.895,-2.287,2021,3,No
21G06N019,33.841,-2.290,2021,3,No
21G06N020,33.946,-2.472,2021,2,No
21G06N021,33.987,-2.371,2021,3,No
21G06N022,33.124,-1.988,2021,3,No
21G06N023,33.262,-2.356,2021,3,No
21G06N024,33.920,-2.219,2021,2,No
21G06N025,33.899,-2.372,2021,2,No
21G06N026,33.829,-2.285,2021,3,No
21G06N027,33.903,-2.259,2021,3,No
21G06N028,33.887,-2.408,2021,3,No
21G06N029,33.314,-2.303,2021,2,No
21G06N030,33.385,-2.590,2021,2,No
21G06N031,33.322,-2.865,2021,2,No
21G06N032,33.977,-2.466,2021,3,No
21G06N033,33.964,-2.511,2021,3,No
21G06N034,33.977,-2.304,2021,2,No
21G06N035,33.926,-2.303,2021,2,No
21G06N036,33.774,-2.326,2021,2,No
21G06N037,33.326,-2.846,2021,2,No
21G06N038,33.781,-2.322,2021,2,No
21G06N039,33.338,-2.416,2021,2,No
21G06N040,33.328,-2.883,2021,3,No
21G06N041,33.267,-2.581,2021,2,No
21G06N042,33.268,-2.768,2021,2,Yes
21G06N043,33.688,-2.020,2021,2,No
21G06N044,33.901,-2.270,2021,1,No
21G06N045,33.695,-2.013,2021,3,No
21G06N046,33.252,-2.653,2021,2,No
21G06N047,33.948,-2.230,2021,1,No
21G06N048,33.881,-2.161,2021,2,No
21G06N049,33.274,-2.718,2021,2,No
21G06N050,33.286,-2.880,2021,3,No
21G06N051,33.975,-2.309,2021,3,No
21G06N052,33.889,-2.418,2021,3,No
21G06N053,33.298,-2.704,2021,2,No
21G06N054,33.911,-2.559,2021,2,No
21G06N055,33.086,-2.919,2021,2,No
21G06N056,33.573,-2.757,2021,2,No
21G06N057,33.961,-2.345,2021,2,No
21G06N058,33.901,-2.247,2021,2,No
21G06N059,33.701,-2.436,2021,2,No
21G06N060,33.308,-2.853,2021,2,No
21G06N061,33.878,-2.405,2021,3,No
21G06N062,33.917,-2.417,2021,2,No
21G06N063,33.281,-2.860,2021,3,Yes
21G06N064,33.691,-2.008,2021,3,No
21G06N065,33.705,-1.990,2021,2,No
21G06N066,33.688,-2.008,2021,2,No
21G06N067,33.154,-2.246,2021,2,No
21G06N068,33.881,-2.456,2021,3,No
21G06N069,33.892,-2.449,2021,2,Yes
21G06N070,33.370,-2.059,2021,2,No
21G07N001,32.620,-2.001,2021,2,No
21G07N002,32.578,-1.440,2021,2,No
21G07N003,32.252,-1.640,2021,1,No
21G07N004,32.495,-1.511,2021,3,No
21G07N005,32.486,-1.502,2021,3,No
21G07N006,32.481,-1.478,2021,3,No
21G07N007,32.485,-1.517,2021,2,No
21G07N008,32.700,-2.127,2021,3,No
21G07N009,32.474,-1.482,2021,3,No
21G07N010,32.293,-1.571,2021,2,No
21G07N011,32.262,-1.627,2021,2,No
21G07N012,32.255,-1.639,2021,1,No
21G07N013,32.462,-1.474,2021,3,No
21G07N014,32.471,-1.476,2021,2,No
21G07N015,32.274,-1.643,2021,2,No
21G07N016,32.461,-2.183,2021,2,No
21G07N017,32.542,-1.460,2021,2,No
21G07N018,32.579,-1.507,2021,2,No
21G07N019,32.251,-1.553,2021,3,No
21G07N020,32.513,-1.407,2021,3,No
21G07N021,32.781,-2.301,2021,3,No
21G07N022,32.764,-2.398,2021,2,No
21G07N023,32.769,-2.398,2021,3,No
21G07N024,32.717,-3.129,2021,3,No
21G07N025,32.682,-2.777,2021,3,No
21G07N026,32.653,-2.673,2021,3,No
21G07N027,33.033,-2.134,2021,3,No
21G07N028,32.849,-2.546,2021,2,No
21G07N029,32.684,-2.804,2021,2,No
21G07N030,32.678,-2.637,2021,3,No
21G07N031,32.760,-2.372,2021,3,No
21G07N032,32.770,-2.331,2021,3,No
21G07N033,32.776,-2.326,2021,3,No
21G07N034,32.722,-2.269,2021,3,No
21G07N035,32.815,-2.466,2021,3,No
21G07N036,33.018,-2.117,2021,3,No
21G07N037,33.111,-2.073,2021,3,No
21G07N038,32.743,-2.768,2021,3,No
21G07N039,32.715,-2.714,2021,2,No
21G07N040,32.683,-2.775,2021,2,No
21G07N041,32.670,-2.646,2021,2,No
21G07N042,33.155,-2.440,2021,2,No
21G07N043,32.883,-2.672,2021,3,No
21G07N044,32.367,-1.652,2021,3,No
21G07N045,32.348,-1.743,2021,2,No
21G07N046,32.533,-1.448,2021,2,No
21G07N047,32.281,-1.576,2021,2,No
21G07N048,32.570,-1.462,2021,2,No
21G07N049,32.373,-1.641,2021,2,No
21G07N050,32.292,-1.631,2021,2,No
21G07N051,32.253,-2.755,2021,2,No
21G07N052,32.565,-1.446,2021,2,No
21G07N053,32.577,-1.459,2021,1,No
21G07N054,32.483,-1.477,2021,2,No
21G07N055,32.679,-2.108,2021,3,No
21G07N056,32.638,-2.133,2021,3,No
21G07N057,32.822,-2.241,2021,2,No
21G07N058,32.540,-1.395,2021,1,No
21G07N059,32.426,-1.666,2021,2,No
21G07N060,32.366,-2.213,2021,2,No
21G07N061,32.684,-2.444,2021,2,No
21G07N062,32.662,-2.401,2021,1,No
21G07N063,32.657,-2.410,2021,,No
21G07N064,32.888,-2.853,2021,3,No
21G07N065,32.896,-2.871,2021,2,No
21G07N066,32.936,-2.968,2021,2,No
21G07N067,32.684,-2.740,2021,3,No
21G07N068,32.764,-2.145,2021,3,No
21G07N069,32.764,-2.140,2021,3,No
21G07N070,32.568,-2.242,2021,3,No
21G07N071,32.566,-2.216,2021,1,No
21G07N072,32.525,-2.931,2021,2,No
21G07N073,32.529,-3.008,2021,3,No
21G07N074,32.911,-2.808,2021,1,No
21G07N075,32.859,-2.905,2021,2,No
21G07N076,32.702,-3.122,2021,3,No
21G07N077,32.783,-2.112,2021,2,No
21G07N078,32.841,-2.795,2021,2,No
21G07N079,32.707,-2.527,2021,2,No
21G07N080,32.763,-2.126,2021,2,No
21G07N081,32.749,-2.150,2021,3,No
21G07N082,32.730,-2.117,2021,3,No
21G07N083,33.009,-2.109,2021,2,No
21G07N084,33.025,-2.799,2021,2,No
21G07N085,33.244,-2.425,2021,1,No
21G08N001,32.570,-2.258,2021,3,No
21G08N002,32.740,-2.169,2021,2,No
21G08N003,32.775,-2.354,2021,3,No
21G08N004,32.951,-2.465,2021,2,No
21G08N005,33.031,-2.435,2021,3,No
21G08N006,32.554,-2.113,2021,2,No
21G08N007,33.033,-2.271,2021,2,No
21G08N008,32.696,-2.392,2021,2,No
21G08N009,32.656,-2.688,2021,3,No
21G08N010,32.985,-2.870,2021,2,No
21G08N011,32.688,-2.437,2021,3,Yes
21G08N012,33.132,-1.982,2021,2,No
21G08N013,32.831,-2.130,2021,2,No
21G08N014,32.454,-2.243,2021,2,No
21G08N015,32.494,-2.334,2021,2,No
21G08N016,32.314,-2.346,2021,2,No
21G08N017,32.996,-2.087,2021,2,No
21G08N018,33.122,-2.045,2021,3,No
21G08N019,32.762,-2.128,2021,3,No
21G08N020,32.733,-2.185,2021,2,No
21G08N021,32.775,-2.349,2021,2,No
21G08N022,32.787,-2.357,2021,3,No
21G08N023,32.754,-2.517,2021,2,No
21G08N024,32.720,-2.779,2021,2,No
21G08N025,32.949,-2.884,2021,1,No
21G08N026,32.843,-2.664,2021,2,No
21G08N027,32.302,-2.363,2021,2,No
21G08N028,32.657,-2.599,2021,2,No
21G08N029,32.767,-2.707,2021,2,No
21G08N030,32.741,-2.699,2021,3,No
21G08N031,32.679,-2.964,2021,3,No
21G08N032,32.715,-3.143,2021,2,No
21G08N033,32.691,-2.407,2021,2,No
21G08N034,32.655,-2.046,2021,3,No
21G08N035,32.838,-2.146,2021,3,No
21G08N036,32.860,-2.179,2021,2,No
21G08N037,32.930,-2.114,2021,3,No
21G08N038,33.055,-2.308,2021,3,No
21G08N039,32.947,-2.628,2021,3,No
21G08N040,32.914,-2.506,2021,3,No
21G08N041,32.704,-2.432,2021,2,No
21G08N042,32.693,-2.365,2021,3,No
21G08N043,32.688,-2.379,2021,2,No
21G08N044,32.654,-2.024,2021,2,No
21G08N045,32.462,-2.244,2021,2,No
21G08N046,32.985,-2.067,2021,2,No
21G08N047,32.759,-2.117,2021,2,No
21G08N048,32.264,-2.378,2021,2,No
21G08N049,32.988,-2.091,2021,3,No
21G08N050,32.714,-2.140,2021,3,No
21G08N051,32.570,-2.261,2021,3,No
21G08N052,32.680,-2.470,2021,1,No
21G08N053,32.694,-2.435,2021,3,No
21G08N054,32.752,-2.384,2021,3,No
21G08N055,32.762,-2.696,2021,2,No
21G08N056,32.729,-3.116,2021,2,No
21G08N057,32.709,-3.140,2021,2,No
21G08N058,32.682,-2.636,2021,3,No
21G08N059,32.986,-2.065,2021,3,No
21G08N060,33.032,-2.157,2021,3,No
21G08N061,32.675,-2.434,2021,3,No
21G08N062,32.799,-2.483,2021,2,No
21G08N063,32.837,-2.666,2021,3,No
21G08N064,32.988,-2.575,2021,3,No
21G08N065,33.064,-2.669,2021,3,No
21G08N066,33.047,-2.614,2021,3,No
21G08N067,32.563,-2.255,2021,2,No
21G08N068,32.625,-2.465,2021,3,No
21G08N069,32.823,-2.747,2021,3,No
21G08N070,32.823,-2.753,2021,2,No
21G08N071,32.724,-2.696,2021,2,No
21G08N072,32.678,-2.701,2021,3,No
21G08N073,33.050,-2.587,2021,2,No
21G08N074,33.102,-2.612,2021,2,No
21G08N075,33.003,-2.861,2021,3,No
21G08N076,33.005,-2.099,2021,2,No
21G08N077,32.884,-2.679,2021,2,No
21G08N078,32.680,-2.763,2021,2,No
21G08N079,32.684,-2.396,2021,2,No
21G08N080,32.776,-2.378,2021,3,No
21G08N081,32.770,-2.371,2021,2,No
21G08N082,32.843,-2.644,2021,2,No
21G08N083,32.746,-2.180,2021,3,No
21G08N084,32.770,-2.690,2021,2,No
21G08N085,32.677,-2.697,2021,2,No
21G08N086,32.636,-2.019,2021,2,No
21G08N087,32.658,-2.423,2021,3,No
21G08N088,32.706,-2.514,2021,2,No
21G08N089,32.709,-2.508,2021,2,No
21G08N090,32.264,-2.385,2021,1,No
21G08N091,32.659,-2.691,2021,2,No
21G08N092,32.708,-2.821,2021,3,No
21G08N093,33.013,-2.095,2021,3,No
21G08N094,32.767,-2.296,2021,3,No
21G08N095,32.637,-2.411,2021,3,No
21G08N096,33.102,-2.188,2021,2,No
21G08N097,32.549,-2.104,2021,1,No
21G08N098,32.675,-2.877,2021,1,No
21G08N099,32.682,-2.399,2021,1,No
21G09N001,33.223,-3.657,2021,2,No
21G09N002,33.135,-3.703,2021,2,No
21G09N003,32.854,-3.763,2021,2,No
21G09N004,33.066,-3.831,2021,2,Yes
21G09N005,33.266,-3.686,2021,2,No
21G09N006,33.261,-3.701,2021,2,No
21G09N007,32.970,-3.520,2021,3,No
21G09N008,33.109,-3.739,2021,3,No
21G09N009,33.221,-3.649,2021,2,No
21G09N010,33.253,-3.673,2021,2,Yes
21G09N011,33.211,-3.687,2021,2,No
21G09N012,33.131,-3.808,2021,2,No
21G09N013,33.244,-3.653,2021,2,No
21M01N01,33.208,-3.783,2021,2,Yes
21M01N02,33.170,-3.800,2021,2,Yes
21M01N03,33.217,-3.879,2021,2,Yes
21M01N04,32.969,-4.125,2021,,No
21M01N05,33.111,-3.875,2021,2,Yes
21M01N06,33.155,-3.627,2021,2,Yes
21M01N07,33.105,-3.892,2021,2,No
21M01N08,33.938,-2.237,2021,2,No
21M01N09,33.883,-2.417,2021,3,No
21M01N10,33.886,-2.441,2021,1,Yes
21M01N11,33.838,-2.477,2021,,No
21M01N12,33.786,-2.422,2021,2,Yes
21M01N13,33.684,-2.699,2021,2,No
21M01N14,33.230,-3.739,2021,2,No
21M01N15,33.661,-3.447,2021,2,No
21M01N16,33.212,-4.182,2021,2,Yes
21M01N17,32.910,-4.740,2021,2,Yes
21M01N18,32.902,-4.748,2021,3,No
21M01N19,32.920,-4.769,2021,2,No
21M01N20,33.116,-3.935,2021,1,Yes
21M01N21,33.200,-3.760,2021,2,Yes
21M01N22,32.872,-4.054,2021,2,Yes
21M01N23,33.252,-3.860,2021,2,Yes
21M01N24,33.271,-3.875,2021,2,Yes
21M01N25,32.924,-4.891,2021,,No
21M01N26,32.876,-4.819,2021,2,No
21M01N28,33.157,-4.065,2021,2,Yes
21M07N01,33.292,-3.825,2021,2,Yes
21M07N02,32.680,-4.887,2021,2,Yes
21M07N03,33.905,-2.585,2021,2,No
21M07N04,33.044,-3.191,2021,2,No
21M07N05,33.277,-3.979,2021,,No
21M07N06,33.212,-3.983,2021,1,Yes
21M07N07,33.219,-3.881,2021,2,No
21M07N08,33.213,-3.890,2021,2,No
21M07N09,33.098,-2.596,2021,2,Yes
21M07N10,33.751,-2.502,2021,2,No
21M07N11,33.003,-4.085,2021,3,Yes
21M08N01,33.125,-3.991,2021,1,Yes
21M09N01,33.329,-2.899,2021,2,Yes
21M09N02,33.532,-2.753,2021,2,No
21M09N03,33.292,-3.845,2021,1,No
21M09N04,33.437,-3.614,2021,3,Yes
21M09N05,33.518,-3.537,2021,2,No
21M09N06,32.884,-4.020,2021,2,No
21M15N01,33.893,-2.569,2021,3,Yes
21M15N03,33.243,-2.184,2021,2,Yes
21M15N04,33.952,-2.532,2021,3,Yes
21M15N09,33.034,-3.052,2021,2,No
21M15N10,33.105,-3.019,2021,3,No
21M15N11,32.742,-2.397,2021,3,Yes
21M15N12,32.542,-2.991,2021,3,No
21M15N13,33.113,-2.999,2021,3,Yes
21M15N14,33.348,-2.926,2021,2,Yes
21M15N21,33.251,-2.917,2021,3,No
21M15N22,33.711,-2.352,2021,2,Yes
21M15N23,33.084,-3.006,2021,3,No
21M15N24,33.793,-2.478,2021,3,No
21M15N25,33.797,-2.412,2021,1,Yes
21M15N26,33.904,-2.422,2021,,No
21M15N27,33.740,-2.890,2021,3,No
21M16N01,33.012,-4.088,2021,3,No
21M16N02,32.706,-4.490,2021,2,No
21M16N03,32.876,-4.817,2021,,No
21M18N01,32.919,-3.528,2021,1,No
21M18N03,33.894,-2.281,2021,1,No
21M20N01,33.224,-3.880,2021,2,Yes
21M20N02,33.513,-3.542,2021,2,No
21M20N03,32.988,-4.100,2021,2,Yes
21M20N04,33.128,-3.811,2021,3,No
21M20N05,33.318,-3.864,2021,2,No
21M20N06,33.047,-3.684,2021,2,Yes
21M20N07,32.939,-3.687,2021,2,Yes
21M20N08,33.072,-4.725,2021,2,No
21M20N09,32.918,-4.885,2021,2,No
21M20N11,33.419,-3.763,2021,2,No
21M20N12,33.658,-3.436,2021,2,No
21M20N13,33.238,-3.994,2021,2,No
21M20N14,33.290,-3.882,2021,2,Yes
21M20N15,33.463,-3.713,2021,2,No
21M20N16,32.883,-4.062,2021,2,No
21M20N17,33.042,-3.703,2021,2,No
21M20N18,33.890,-2.407,2021,2,No
21M20N19,33.939,-2.299,2021,,No
21M20N20,33.134,-2.977,2021,,No
21M20N21,33.135,-2.966,2021,3,No
21M20N22,33.794,-2.329,2021,2,Yes
21M20N23,33.879,-2.290,2021,2,No
21M20N24,33.533,-2.754,2021,2,No
21M20N25,33.810,-2.542,2021,2,No
21M20N26,33.886,-2.513,2021,2,No
21M20N27,33.887,-2.414,2021,2,No
21M20N28,33.853,-2.218,2021,2,No
21M20N30,32.883,-4.847,2021,3,No
21M20N31,33.427,-3.766,2021,1,Yes
21M20N32,33.225,-3.997,2021,2,Yes
21M20N33,33.443,-3.798,2021,3,No
21M20N34,33.443,-3.754,2021,2,No
21M20N35,33.180,-3.967,2021,2,Yes
21M20N36,33.788,-2.455,2021,2,Yes
21M20N37,33.734,-2.441,2021,2,No
21M20N38,33.180,-3.926,2021,1,Yes
21M20N39,33.046,-3.741,2021,3,Yes
21M21N01,33.437,-3.764,2021,2,No
21M21N02,33.128,-3.995,2021,2,Yes
21M21N03,32.880,-4.850,2021,2,No
21M21N04,33.505,-3.744,2021,2,No
21M21N05,33.524,-3.630,2021,3,No
21M21N06,33.854,-2.232,2021,2,No
21M21N07,33.879,-2.398,2021,2,Yes
21M21N08,33.238,-3.863,2021,,No
21M21N09,33.194,-4.003,2021,2,No
21M21N10,33.194,-4.205,2021,2,Yes
21M21N11,32.879,-4.075,2021,2,Yes
21M21N12,33.820,-2.477,2021,2,No
21M21N13,33.941,-2.287,2021,2,No
21M21N14,33.651,-2.571,2021,2,No
21M21N15,33.913,-2.237,2021,2,No
21M21N16,33.190,-4.006,2021,1,Yes
21M21N17,33.225,-4.002,2021,1,Yes
21M21N18,33.277,-3.981,2021,,No
21M21N19,33.258,-4.002,2021,1,Yes
21M21N20,33.250,-3.953,2021,1,No
21M24N01,33.352,-2.689,2021,3,No
21M24N02,33.136,-3.814,2021,2,No
21M24N03,32.996,-2.044,2021,2,No
21M24N04,33.096,-2.026,2021,3,No
21M24N05,33.152,-4.075,2021,2,No
21M24N06,32.873,-4.877,2021,2,No
21M25N01,33.250,-3.864,2021,2,Yes
21M25N02,33.015,-3.958,2021,3,Yes
21M25N03,32.810,-3.915,2021,2,Yes
21M25N04,32.754,-4.035,2021,2,No
21M25N05,33.424,-3.847,2021,2,No
21M25N06,33.273,-3.913,2021,2,Yes
21M25N07,33.200,-3.896,2021,2,Yes
21M25N08,32.897,-4.060,2021,1,Yes
21M25N09,32.980,-3.906,2021,,No
21M25N10,32.875,-4.821,2021,2,No
21M25N11,32.951,-4.224,2021,,No
21M25N13,33.732,-2.625,2021,2,No
21M25N14,33.745,-2.435,2021,2,No
21M25N15,33.897,-2.576,2021,,No
21M25N16,32.744,-2.458,2021,,No
21M25N17,32.736,-2.753,2021,2,No
21M25N18,33.496,-3.751,2021,1,Yes
21M25N19,33.223,-3.938,2021,1,Yes
21M25N20,33.237,-3.843,2021,2,No
21M25N21,32.685,-4.896,2021,3,Yes
21M25N22,33.003,-4.088,2021,2,No
21M27N01,32.728,-2.393,2021,2,No
21M27N02,33.415,-2.670,2021,2,No
21M27N03,32.951,-2.579,2021,2,Yes
21M27N04,32.738,-2.400,2021,2,No
21M27N05,32.335,-2.265,2021,2,Yes
21M27N06,32.317,-2.347,2021,2,Yes
21M27N07,32.736,-2.178,2021,2,No
21M27N08,32.866,-2.272,2021,3,Yes
21M27N09,32.640,-2.102,2021,3,No
21M27N10,32.448,-2.338,2021,2,No
21M27N11,32.522,-2.389,2021,2,No
21M27N12,32.180,-2.738,2021,2,Yes
21M27N13,32.455,-2.245,2021,1,No
21M27N14,32.543,-2.057,2021,2,No
21M27N15,32.845,-2.310,2021,2,No
21M27N16,32.916,-2.535,2021,,No
21M27N17,32.852,-2.313,2021,2,No
21M29N01,32.629,-2.390,2021,3,No
21M29N02,32.455,-1.616,2021,2,No
21M29N03,32.401,-1.836,2021,2,No
21M29N04,32.517,-1.412,2021,2,No
21M29N05,32.429,-2.204,2021,2,Yes
21M29N06,32.410,-2.706,2021,2,No
21M29N07,32.758,-2.401,2021,,No
21M29N08,32.705,-2.531,2021,2,Yes
21M29N09,32.698,-2.832,2021,,No
21M29N10,32.696,-2.837,2021,2,No
21M29N11,32.634,-2.026,2021,2,No
21M30N01,33.256,-3.938,2021,2,Yes
21M30N02,32.914,-4.888,2021,3,Yes
21M30N03,33.084,-3.020,2021,1,Yes
21M30N04,33.075,-2.638,2021,1,Yes
21M30N05,33.793,-2.480,2021,,No
21M30N06,33.915,-2.381,2021,2,Yes
21M30N07,32.912,-4.080,2021,3,No
21M30N08,33.185,-4.004,2021,2,Yes
21M30N09,33.053,-4.155,2021,2,No
21M30N10,33.203,-3.370,2021,2,No
21M32N02,33.311,-2.901,2021,2,Yes
21M32N03,33.019,-2.550,2021,2,Yes
21M32N05,33.787,-2.383,2021,2,Yes
21M32N06,33.800,-2.330,2021,2,Yes
21M32N07,33.875,-2.281,2021,2,No
21M32N08,33.041,-2.686,2021,2,No
21M32N15,33.149,-2.942,2021,2,No
21M32N16,33.035,-3.093,2021,3,No
21M32N17,33.040,-3.186,2021,,No
21M32N18,32.899,-2.481,2021,2,No
21M32N19,33.122,-2.983,2021,2,No
21M32N20,33.099,-2.022,2021,2,Yes
21M33N01,29.199,-9.657,2021,2,No
21M56N01,33.248,-4.004,2021,2,Yes
21M64N01,33.006,-4.088,2021,3,No
22G01N001,32.883,-4.761,2022,2,No
22G01N002,32.873,-4.735,2022,3,No
22G01N003,32.870,-4.732,2022,2,No
22G01N004,33.011,-3.651,2022,2,No
22G01N005,32.845,-3.737,2022,2,Yes
22G01N006,32.822,-3.786,2022,2,No
22G01N007,32.980,-3.671,2022,2,No
22G01N008,32.899,-4.880,2022,3,No
22G01N009,32.837,-4.694,2022,3,No
22G01N010,32.849,-4.674,2022,2,No
22G01N011,32.842,-4.665,2022,3,No
22G01N012,32.923,-3.668,2022,1,No
22G01N013,33.039,-3.689,2022,2,No
22G01N014,32.834,-4.200,2022,3,No
22G01N015,32.869,-4.736,2022,2,No
22G01N016,32.964,-3.626,2022,2,No
22G01N017,32.844,-3.804,2022,2,No
22G01N018,33.040,-3.733,2022,2,No
22G01N019,32.987,-3.683,2022,2,No
22G01N020,32.874,-4.717,2022,3,No
22G01N021,32.889,-4.833,2022,2,No
22G01N022,32.813,-3.790,2022,2,No
22G01N023,32.870,-4.016,2022,2,No
22G01N024,32.891,-4.054,2022,1,No
22G01N025,33.044,-3.772,2022,2,No
22G01N026,33.001,-3.713,2022,1,No
22G01N027,32.740,-4.175,2022,2,No
22G01N028,32.870,-4.873,2022,2,No
22G02N001,33.223,-3.710,2022,2,No
22G02N002,33.093,-3.726,2022,2,No
22G02N003,33.137,-3.723,2022,2,No
22G02N004,33.242,-3.652,2022,2,No
22G02N005,33.217,-3.706,2022,2,No
22G02N006,32.836,-4.705,2022,3,No
22G02N007,32.901,-4.759,2022,2,No
22G02N008,33.109,-3.737,2022,3,No
22G02N009,33.069,-3.729,2022,2,No
22G02N010,33.376,-3.373,2022,2,No
22G02N011,33.111,-4.676,2022,2,No
22G02N012,32.873,-4.877,2022,2,No
22G02N013,33.210,-3.639,2022,2,No
22G02N014,33.221,-3.653,2022,2,No
22G02N015,33.106,-3.715,2022,2,No
22G02N016,33.137,-3.739,2022,2,No
22G02N017,33.141,-3.729,2022,1,No
22G02N018,33.077,-4.512,2022,2,No
22G02N019,32.914,-4.938,2022,2,No
22G02N020,33.158,-3.646,2022,2,No
22G02N021,33.124,-3.746,2022,2,No
22G02N022,32.867,-4.741,2022,2,No
22G02N023,32.822,-4.754,2022,2,No
22G02N024,32.854,-4.653,2022,2,No
22G02N025,33.092,-4.704,2022,2,No
22G02N026,32.941,-4.736,2022,3,No
22G02N027,33.072,-4.544,2022,2,No
22G02N028,33.115,-3.740,2022,2,No
22G02N029,33.248,-3.655,2022,2,No
22G02N030,32.846,-4.163,2022,2,No
22G02N031,33.062,-4.543,2022,2,No
22G02N032,33.099,-4.517,2022,2,No
22G02N033,32.882,-4.721,2022,2,No
22G02N034,32.878,-4.726,2022,3,No
22G02N035,32.862,-4.703,2022,2,No
22G02N036,32.901,-4.755,2022,2,No
22G02N037,33.133,-4.455,2022,2,No
22G02N038,33.108,-3.739,2022,1,No
22G02N039,32.845,-4.687,2022,3,No
22G02N040,33.048,-4.700,2022,2,Yes
22G02N041,32.875,-4.908,2022,2,No
22G03N001,33.827,-3.011,2022,2,No
22G03N002,33.125,-2.950,2022,2,No
22G03N003,33.032,-3.091,2022,2,No
22G03N004,33.067,-2.933,2022,2,No
22G03N005,33.165,-2.874,2022,3,No
22G03N006,33.887,-2.453,2022,2,No
22G03N007,33.903,-2.530,2022,2,No
22G03N008,33.884,-2.453,2022,2,No
22G03N009,33.069,-2.927,2022,2,No
22G03N010,33.104,-2.958,2022,2,No
22G03N011,33.123,-3.055,2022,2,No
22G03N012,33.128,-2.896,2022,1,No
22G03N013,33.873,-2.574,2022,2,No
22G03N014,33.129,-2.939,2022,3,No
22G03N015,33.053,-2.858,2022,2,No
22G03N016,33.105,-3.055,2022,2,No
22G03N017,33.255,-2.939,2022,2,No
22G03N018,33.155,-2.929,2022,2,No
22G03N019,33.089,-3.207,2022,2,No
22G03N020,33.885,-2.560,2022,2,No
22G03N021,33.110,-3.007,2022,2,No
22G03N022,33.083,-3.013,2022,2,No
22G03N023,32.883,-3.127,2022,1,No
22G03N024,33.103,-2.992,2022,2,No
22G03N025,33.089,-2.914,2022,2,No
22G03N026,33.889,-2.593,2022,2,No
22G05N001,32.506,-3.216,2022,2,No
22G05N002,32.349,-3.396,2022,2,No
22G05N003,32.744,-2.321,2022,3,No
22G05N004,32.841,-2.800,2022,2,No
22G05N005,32.769,-2.400,2022,2,No
22G05N006,32.881,-2.970,2022,2,No
22G05N007,32.349,-3.530,2022,2,No
22G06N001,33.065,-2.419,2022,2,No
22G06N002,33.183,-2.555,2022,2,No
22G06N003,33.559,-1.997,2022,1,No
22G06N004,34.013,-2.444,2022,2,No
22G06N005,33.873,-2.278,2022,2,No
22G06N006,33.944,-2.599,2022,3,No
22G06N007,33.899,-2.433,2022,2,No
22G06N008,33.376,-1.989,2022,2,No
22G07N001,32.739,-2.139,2022,2,No
22G07N002,32.761,-2.252,2022,2,Yes
22G07N003,32.524,-2.962,2022,2,No
22G07N004,32.779,-2.274,2022,2,Yes
22G07N005,32.708,-3.111,2022,2,No
22G07N006,32.931,-2.939,2022,2,No
22G07N007,32.525,-2.931,2022,3,No
22G07N008,32.524,-2.964,2022,2,No
22G07N009,32.828,-2.171,2022,1,No
22G07N010,32.721,-2.271,2022,2,No
22G07N011,32.762,-2.260,2022,2,No
22G07N012,32.732,-2.254,2022,2,No
22G07N013,32.871,-2.676,2022,2,No
22G07N014,32.686,-2.466,2022,2,No
22G07N015,32.762,-2.256,2022,2,No
22G07N016,32.734,-2.260,2022,2,No
22G07N017,32.731,-2.257,2022,2,No
22G07N018,32.912,-2.794,2022,2,No
22G07N019,32.912,-2.799,2022,2,No
22G07N020,32.903,-2.951,2022,3,No
22G07N021,33.126,-2.586,2022,2,No
22G08N001,32.720,-2.121,2022,2,No
22G08N002,32.670,-2.962,2022,2,No
22G08N003,32.872,-2.957,2022,2,No
22G08N004,32.776,-2.333,2022,2,No
22G08N005,32.790,-2.276,2022,2,No
22G08N006,32.715,-3.143,2022,3,No
22G08N007,32.897,-2.868,2022,2,No
22G08N008,32.691,-2.407,2022,2,No
22G08N009,32.779,-2.254,2022,2,No
22G08N010,32.773,-2.242,2022,2,No
22G08N011,32.752,-2.241,2022,3,No
22G08N012,32.962,-2.901,2022,2,No
22G08N013,32.757,-2.150,2022,2,No
22G08N014,32.648,-2.970,2022,3,No
22G08N015,32.698,-2.841,2022,2,Yes
22G08N016,32.835,-2.542,2022,2,No
22G08N017,32.872,-2.973,2022,2,No
22G08N018,32.938,-2.822,2022,2,No
22G08N019,32.934,-2.939,2022,3,No
22G08N020,32.720,-2.786,2022,2,No
22M01N01,31.630,-4.564,2022,3,No
22M01N02,33.226,-3.769,2022,1,Yes
22M01N03,33.241,-3.866,2022,2,Yes
22M02N01,33.247,-3.867,2022,2,Yes
22M02N02,32.928,-3.677,2022,2,No
22M02N03,33.033,-3.663,2022,2,Yes
22M02N04,33.287,-3.829,2022,2,No
22M02N05,33.204,-3.938,2022,1,Yes
22M02N06,33.040,-3.672,2022,2,Yes
22M07N01,33.006,-4.093,2022,2,No
22M07N02,33.005,-4.089,2022,3,No
22M07N03,33.497,-3.619,2022,2,Yes
22M07N04,33.087,-2.920,2022,3,No
22M07N05,32.928,-4.884,2022,2,No
22M07N06,32.867,-4.715,2022,2,No
22M07N07,33.045,-4.692,2022,2,No
22M07N08,33.118,-4.351,2022,2,No
22M09N01,32.832,-3.723,2022,2,Yes
22M09N02,33.047,-3.685,2022,2,No
22M09N03,33.207,-3.922,2022,2,Yes
22M09N04,33.476,-3.601,2022,2,Yes
22M09N05,33.129,-3.812,2022,1,No
22M09N06,33.115,-3.880,2022,1,No
22M09N07,33.141,-4.583,2022,2,No
22M13N01,29.852,-6.755,2022,2,No
22M13N02,30.167,-6.864,2022,3,Yes
22M13N03,30.121,-6.674,2022,3,Yes
22M13N04,29.164,-8.370,2022,1,Yes
22M13N05,29.973,-6.767,2022,4,No
22M13N06,30.190,-6.744,2022,3,Yes
22M13N07,30.049,-6.623,2022,3,Yes
22M15N02,33.856,-2.559,2022,2,No
22M15N03,33.963,-2.538,2022,2,No
22M15N04,33.166,-2.926,2022,2,Yes
22M15N05,33.304,-2.917,2022,2,Yes
22M15N06,33.078,-2.633,2022,2,Yes
22M15N10,33.070,-3.066,2022,2,No
22M15N11,33.836,-2.490,2022,2,No
22M21N01,32.880,-4.810,2022,2,No
22M21N02,32.681,-4.886,2022,2,No
22M24N01,32.671,-4.887,2022,2,Yes
22M24N02,33.444,-3.753,2022,2,Yes
22M24N03,32.969,-3.947,2022,2,Yes
22M24N04,32.930,-4.902,2022,2,No
22M24N05,33.254,-3.680,2022,2,Yes
22M25N01,33.063,-3.840,2022,1,No
22M25N02,32.927,-4.768,2022,2,No
22M25N03,33.262,-3.689,2022,2,Yes
22M25N04,32.867,-4.698,2022,3,Yes
22M25N05,32.867,-4.646,2022,2,Yes
22M25N06,33.037,-3.844,2022,2,Yes
22M25N07,32.872,-4.822,2022,2,No
22M25N08,33.258,-3.900,2022,2,No
22M25N10,33.073,-4.583,2022,2,No
22M26N01,32.720,-2.392,2022,2,Yes
22M27N01,32.077,-3.332,2022,2,No
22M27N02,31.860,-3.703,2022,2,No
22M27N03,32.717,-2.786,2022,2,No
22M30N01,33.223,-3.816,2022,2,Yes
22M30N02,33.427,-3.765,2022,3,Yes
22M30N03,33.307,-3.802,2022,2,Yes
22M32N01,33.886,-2.523,2022,2,No
22M32N06,33.301,-2.675,2022,1,No
22M32N07,33.280,-2.743,2022,2,No
22M32N08,33.283,-2.971,2022,2,No
22M32N09,33.550,-2.755,2022,2,Yes
22M33N01,29.240,-7.925,2022,3,No
23G01N001,32.838,-3.762,2023,2,No
23G01N002,33.248,-3.680,2023,1,No
23G01N003,33.258,-3.683,2023,2,No
23G01N004,32.845,-3.741,2023,3,Yes
23G01N005,33.104,-3.791,2023,3,Yes
23G01N006,33.065,-3.828,2023,2,Yes
23G01N007,33.040,-3.690,2023,2,No
23G01N008,33.263,-3.669,2023,2,No
23G01N009,33.253,-3.695,2023,3,No
23G01N010,33.252,-3.690,2023,1,No
23G01N011,33.023,-3.724,2023,3,No
23G01N012,32.898,-4.911,2023,3,No
23G01N013,33.003,-3.716,2023,2,No
23G01N014,32.759,-4.013,2023,2,No
23G01N015,32.745,-3.997,2023,3,No
23G01N016,33.083,-3.729,2023,2,No
23G01N017,33.052,-3.747,2023,2,No
23G01N018,32.987,-3.744,2023,2,No
23G01N019,32.822,-3.790,2023,3,No
23G01N020,32.814,-3.758,2023,3,No
23G01N021,33.000,-3.718,2023,2,No
23G01N022,33.024,-3.663,2023,2,No
23G01N023,33.024,-3.669,2023,2,No
23G01N024,33.120,-3.753,2023,2,No
23G01N025,33.124,-3.740,2023,2,No
23G01N026,33.145,-3.701,2023,3,No
23G01N027,33.235,-3.722,2023,2,No
23G01N028,32.867,-4.729,2023,2,No
23G01N029,32.851,-4.729,2023,1,No
23G01N030,32.837,-3.754,2023,1,Yes
23G01N031,32.929,-4.184,2023,2,No
23G01N032,32.939,-4.172,2023,2,No
23G01N033,33.046,-4.264,2023,2,No
23G01N034,32.856,-4.029,2023,2,No
23G01N035,32.831,-3.768,2023,2,No
23G01N036,33.066,-4.763,2023,2,No
23G01N037,33.253,-3.702,2023,2,Yes
23G01N038,32.994,-3.697,2023,2,No
23G01N039,32.875,-4.740,2023,2,No
23G01N040,32.837,-4.746,2023,2,No
23G01N041,32.908,-4.855,2023,2,No
23G01N042,32.912,-4.886,2023,1,No
23G01N043,32.985,-4.936,2023,1,No
23G01N044,32.918,-3.625,2023,2,No
23G01N045,32.871,-4.019,2023,2,No
23G01N046,32.841,-4.020,2023,2,No
23G01N047,32.811,-4.045,2023,2,No
23G01N048,32.823,-4.168,2023,1,No
23G01N049,32.860,-3.971,2023,2,No
23G01N050,33.104,-3.741,2023,2,No
23G01N051,32.901,-4.697,2023,2,No
23G01N052,32.900,-4.759,2023,2,No
23G01N053,33.040,-3.738,2023,2,No
23G01N054,33.024,-3.669,2023,1,No
23G01N055,32.811,-4.199,2023,2,No
23G01N056,32.836,-3.775,2023,2,No
23G01N057,33.018,-3.739,2023,2,No
23G01N058,32.887,-4.893,2023,2,No
23G01N059,33.042,-3.770,2023,2,Yes
23G01N060,32.815,-4.163,2023,2,No
23G01N061,32.821,-4.171,2023,2,No
23G01N062,32.841,-4.021,2023,3,No
23G01N063,33.000,-4.548,2023,3,No
23G01N064,33.254,-3.691,2023,3,No
23G01N065,33.032,-3.651,2023,2,No
23G01N066,33.023,-3.664,2023,2,No
23G01N067,32.927,-4.882,2023,3,Yes
23G01N068,32.911,-4.939,2023,2,No
23G01N069,32.867,-4.713,2023,3,No
23G01N070,33.257,-3.682,2023,2,No
23G01N071,33.248,-3.679,2023,2,No
23G01N072,33.248,-3.670,2023,1,No
23G01N073,33.056,-4.699,2023,2,No
23G01N074,32.845,-4.685,2023,2,No
23G01N075,32.869,-4.734,2023,2,No
23G01N076,33.033,-3.660,2023,3,No
23G01N077,32.948,-3.703,2023,,No
23G02N001,33.233,-3.651,2023,2,No
23G02N002,33.230,-3.687,2023,2,No
23G02N003,33.252,-3.277,2023,2,No
23G02N004,33.137,-3.734,2023,2,Yes
23G02N005,33.131,-3.722,2023,3,Yes
23G02N006,33.137,-3.704,2023,3,No
23G02N007,33.169,-3.650,2023,2,No
23G02N008,33.147,-3.721,2023,2,No
23G02N009,33.113,-3.734,2023,2,Yes
23G02N010,33.152,-3.694,2023,2,No
23G02N011,33.164,-3.651,2023,2,No
23G02N012,33.138,-3.813,2023,2,Yes
23G02N013,33.188,-3.642,2023,2,No
23G02N014,33.200,-3.648,2023,2,No
23G02N015,33.150,-3.698,2023,2,No
23G02N016,33.102,-3.759,2023,3,Yes
23G02N017,33.138,-3.721,2023,1,No
23G02N018,33.132,-3.706,2023,2,No
23G02N019,33.288,-3.265,2023,3,No
23G02N020,33.199,-3.277,2023,3,No
23G02N021,33.145,-3.700,2023,3,No
23G02N022,33.133,-3.728,2023,2,No
23G02N023,33.130,-3.728,2023,3,No
23G02N024,33.136,-3.718,2023,2,No
23G02N025,33.091,-3.727,2023,3,No
23G02N026,33.210,-3.378,2023,2,No
23G02N027,33.158,-3.633,2023,1,No
23G02N028,32.869,-4.746,2023,2,No
23G02N029,32.868,-4.739,2023,2,No
23G02N030,32.735,-4.889,2023,2,No
23G02N031,32.654,-4.620,2023,2,No
23G02N032,33.210,-3.234,2023,2,No
23G02N033,33.215,-3.236,2023,3,No
23G02N034,33.152,-3.315,2023,3,No
23G02N035,33.204,-3.748,2023,2,No
23G02N036,32.907,-4.843,2023,2,No
23G02N037,33.088,-4.701,2023,2,No
23G02N038,33.154,-3.753,2023,3,No
23G02N039,33.160,-3.724,2023,3,Yes
23G02N040,32.651,-4.612,2023,3,No
23G02N041,32.880,-4.740,2023,2,No
23G02N042,33.176,-3.610,2023,2,No
23G02N043,33.232,-3.271,2023,3,No
23G02N044,33.047,-3.775,2023,2,No
23G02N045,33.209,-3.798,2023,3,No
23G02N046,33.105,-3.741,2023,1,Yes
23G02N047,33.149,-3.728,2023,2,No
23G02N048,32.892,-4.871,2023,2,No
23G02N049,33.171,-3.625,2023,2,No
23G02N050,33.224,-3.656,2023,1,No
23G02N051,33.065,-3.832,2023,2,No
23G02N052,33.102,-4.492,2023,2,No
23G02N053,33.209,-3.686,2023,1,No
23G02N054,33.197,-3.689,2023,2,No
23G02N055,32.843,-4.725,2023,2,No
23G02N056,33.159,-3.644,2023,2,No
23G02N057,32.872,-4.820,2023,1,No
23G03N001,33.835,-2.545,2023,2,No
23G03N002,33.907,-2.512,2023,3,No
23G03N003,33.263,-2.932,2023,3,No
23G03N004,33.893,-2.580,2023,2,Yes
23G03N005,33.573,-2.754,2023,3,Yes
23G03N006,33.242,-3.059,2023,2,No
23G03N007,33.384,-2.905,2023,3,No
23G03N008,33.954,-2.414,2023,3,No
23G03N009,33.881,-2.582,2023,1,No
23G03N010,33.858,-2.128,2023,3,No
23G03N011,33.351,-3.022,2023,2,No
23G03N012,33.218,-3.329,2023,3,No
23G03N013,33.397,-2.920,2023,2,No
23G03N014,33.231,-3.011,2023,3,No
23G03N015,33.226,-3.258,2023,2,No
23G03N016,33.881,-2.525,2023,3,Yes
23G03N017,33.971,-2.371,2023,3,Yes
23G03N018,33.971,-2.371,2023,3,No
23G03N019,33.953,-2.317,2023,3,No
23G03N020,33.634,-2.905,2023,2,No
23G03N021,33.369,-3.194,2023,2,No
23G03N022,33.389,-3.355,2023,2,No
23G03N023,33.193,-3.101,2023,3,No
23G03N024,33.885,-2.584,2023,2,No
23G03N025,33.981,-2.385,2023,3,No
23G03N026,33.974,-2.385,2023,3,Yes
23G03N027,33.922,-2.422,2023,3,No
23G03N028,33.936,-2.355,2023,3,No
23G03N029,33.867,-2.454,2023,3,No
23G03N030,33.582,-3.189,2023,3,No
23G03N031,33.394,-2.949,2023,3,No
23G03N032,33.883,-2.580,2023,2,No
23G03N033,33.923,-2.431,2023,3,No
23G03N034,33.940,-2.350,2023,3,No
23G03N035,33.681,-2.840,2023,3,No
23G03N036,33.364,-3.210,2023,2,No
23G03N037,33.482,-3.096,2023,2,No
23G03N038,33.316,-3.223,2023,2,No
23G03N039,33.708,-2.616,2023,3,No
23G03N040,33.579,-2.744,2023,3,No
23G03N041,33.338,-3.048,2023,2,No
23G03N042,33.291,-2.944,2023,2,No
23G03N043,33.162,-2.921,2023,2,No
23G03N044,33.123,-3.097,2023,3,No
23G03N045,33.355,-2.532,2023,2,No
23G03N046,33.676,-2.557,2023,2,No
23G03N047,33.098,-3.140,2023,2,No
23G03N048,33.076,-2.988,2023,2,No
23G03N049,33.151,-2.989,2023,1,No
23G03N050,33.156,-3.006,2023,2,No
23G03N051,33.245,-2.930,2023,3,No
23G03N052,33.802,-2.477,2023,2,No
23G03N053,33.971,-2.314,2023,2,No
23G03N054,33.561,-3.213,2023,2,No
23G03N055,33.253,-3.185,2023,2,No
23G03N056,33.446,-3.129,2023,2,No
23G03N057,33.324,-2.371,2023,2,No
23G03N058,33.389,-2.440,2023,,No
23G03N059,33.742,-2.605,2023,2,No
23G03N060,33.195,-3.025,2023,2,No
23G03N061,33.022,-3.156,2023,2,No
23G03N062,33.770,-2.466,2023,2,No
23G03N063,33.858,-2.480,2023,3,No
23G03N064,33.114,-3.072,2023,2,No
23G03N065,33.305,-2.765,2023,2,No
23G03N066,33.787,-2.472,2023,2,No
23G03N067,33.309,-2.866,2023,3,No
23G03N068,33.603,-3.126,2023,3,No
23G03N069,34.015,-2.476,2023,3,No
23G03N070,33.320,-3.128,2023,1,No
23G03N071,33.100,-3.124,2023,2,No
23G03N072,33.122,-2.993,2023,2,No
23G03N073,33.658,-2.493,2023,2,No
23G03N074,33.707,-2.750,2023,2,Yes
23G05N001,33.081,-2.811,2023,2,No
23G05N002,33.120,-1.975,2023,3,Yes
23G05N003,33.150,-2.034,2023,3,No
23G05N004,33.156,-2.514,2023,3,Yes
23G05N005,33.172,-2.376,2023,3,No
23G05N006,32.629,-2.907,2023,1,No
23G05N007,32.558,-2.257,2023,3,No
23G05N008,32.287,-1.546,2023,2,No
23G05N009,32.482,-1.479,2023,2,No
23G05N010,32.554,-2.242,2023,2,No
23G05N011,32.265,-2.418,2023,2,No
23G05N012,33.198,-2.417,2023,3,No
23G05N013,33.184,-2.447,2023,3,No
23G05N014,33.196,-2.433,2023,2,No
23G05N015,33.140,-2.100,2023,2,No
23G05N016,32.468,-1.501,2023,2,No
23G05N017,33.206,-2.359,2023,2,No
23G05N018,32.666,-2.650,2023,2,No
23G05N019,33.082,-2.819,2023,1,No
23G05N020,32.823,-2.097,2023,1,No
23G05N021,32.211,-2.368,2023,2,No
23G06N001,33.905,-2.254,2023,3,No
23G06N002,33.395,-2.586,2023,2,No
23G06N003,34.007,-2.348,2023,3,No
23G06N004,33.537,-2.351,2023,3,No
23G06N005,33.586,-2.931,2023,2,No
23G06N006,33.829,-2.307,2023,2,No
23G06N007,33.971,-2.368,2023,3,No
23G06N008,33.354,-2.614,2023,1,No
23G06N009,33.327,-2.488,2023,3,No
23G06N010,33.146,-1.988,2023,3,Yes
23G06N011,33.669,-2.980,2023,3,No
23G06N012,33.885,-2.445,2023,2,No
23G06N013,33.886,-2.397,2023,3,No
23G06N014,33.763,-2.359,2023,3,No
23G06N015,33.969,-2.225,2023,2,No
23G06N016,33.910,-2.263,2023,3,No
23G06N017,33.735,-2.115,2023,3,No
23G06N018,33.682,-2.006,2023,3,No
23G06N019,33.262,-2.005,2023,3,Yes
23G06N020,33.142,-1.993,2023,2,No
23G06N021,33.984,-2.215,2023,3,No
23G06N022,33.738,-2.380,2023,1,No
23G06N023,33.737,-2.377,2023,2,No
23G06N024,33.574,-2.954,2023,2,No
23G06N025,33.973,-2.347,2023,3,No
23G06N026,33.373,-2.663,2023,3,No
23G06N027,33.237,-2.407,2023,3,Yes
23G06N028,33.247,-2.398,2023,3,No
23G06N029,33.127,-1.989,2023,2,No
23G06N030,33.876,-2.255,2023,2,No
23G06N031,33.815,-2.273,2023,2,No
23G06N032,33.880,-2.291,2023,3,No
23G06N033,33.887,-2.293,2023,2,Yes
23G06N034,33.981,-2.224,2023,3,No
23G06N035,33.953,-2.363,2023,3,No
23G06N036,33.924,-2.377,2023,2,No
23G06N037,33.355,-2.519,2023,3,No
23G06N038,33.828,-2.425,2023,3,No
23G06N039,33.695,-2.000,2023,2,No
23G06N040,33.467,-2.530,2023,2,No
23G06N041,33.927,-2.366,2023,2,No
23G06N042,33.983,-2.216,2023,2,No
23G06N043,33.888,-2.460,2023,2,No
23G06N044,33.213,-2.404,2023,2,No
23G06N045,33.237,-2.392,2023,3,No
23G06N046,33.230,-2.336,2023,3,No
23G06N047,33.218,-2.356,2023,2,No
23G06N048,33.942,-2.376,2023,2,No
23G06N049,33.785,-2.356,2023,2,No
23G06N050,33.808,-2.414,2023,2,No
23G06N051,33.424,-2.593,2023,3,No
23G06N052,33.333,-2.649,2023,2,No
23G06N053,33.781,-2.378,2023,2,No
23G06N054,33.877,-2.295,2023,3,No
23G06N055,33.447,-1.983,2023,3,No
23G06N056,33.746,-2.395,2023,2,No
23G06N057,33.785,-2.337,2023,2,No
23G06N058,33.737,-2.135,2023,3,No
23G06N059,33.932,-2.335,2023,2,No
23G06N060,33.720,-2.120,2023,2,No
23G06N061,33.790,-2.418,2023,3,No
23G06N062,33.846,-2.288,2023,2,No
23G06N063,34.058,-2.257,2023,2,No
23G06N064,33.718,-2.403,2023,3,No
23G06N065,33.744,-2.401,2023,1,No
23G06N066,33.940,-2.386,2023,1,No
23G06N067,33.908,-2.244,2023,2,No
23G06N068,33.937,-2.461,2023,1,No
23G06N069,33.723,-2.482,2023,2,Yes
23G06N070,33.654,-2.958,2023,1,No
23G06N071,33.775,-2.406,2023,1,No
23G06N072,33.895,-2.341,2023,3,No
23G06N073,33.900,-2.388,2023,2,Yes
23G06N074,33.670,-2.584,2023,1,No
23G07N001,33.252,-2.569,2023,3,No
23G07N002,33.213,-2.683,2023,2,No
23G07N003,32.289,-1.638,2023,2,No
23G07N004,32.517,-1.407,2023,2,No
23G07N005,32.672,-2.382,2023,2,No
23G07N006,32.615,-1.532,2023,1,No
23G07N007,33.163,-2.444,2023,2,No
23G07N008,32.458,-1.517,2023,3,No
23G07N009,32.735,-2.102,2023,2,No
23G07N010,32.890,-2.141,2023,2,No
23G07N011,32.994,-2.854,2023,1,No
23G07N012,33.081,-2.632,2023,2,No
23G07N013,32.671,-2.603,2023,3,No
23G07N014,32.953,-3.045,2023,2,No
23G07N015,33.068,-2.931,2023,2,Yes
23G07N016,33.209,-2.942,2023,2,No
23G07N017,33.085,-2.970,2023,2,No
23G07N018,33.117,-3.146,2023,2,No
23G07N019,33.095,-3.172,2023,2,No
23G07N020,33.060,-3.141,2023,2,No
23G07N021,33.033,-3.082,2023,2,No
23G07N022,33.028,-3.082,2023,2,No
23G07N023,33.039,-3.066,2023,3,No
23G07N024,33.085,-3.047,2023,3,No
23G07N025,33.070,-2.956,2023,1,No
23G07N026,33.080,-2.810,2023,2,No
23G07N027,33.028,-2.768,2023,3,No
23G07N028,32.922,-2.874,2023,2,No
23G07N029,32.955,-2.839,2023,1,No
23G07N030,33.116,-3.027,2023,2,No
23G07N031,33.141,-2.907,2023,3,Yes
23G07N032,33.142,-2.999,2023,1,No
23G07N033,33.143,-3.018,2023,2,No
23G07N034,33.154,-3.005,2023,3,No
23G07N035,32.831,-2.548,2023,2,No
23G07N036,32.863,-2.676,2023,1,No
23G07N037,33.039,-3.060,2023,3,No
23G07N038,33.176,-2.954,2023,3,No
23G07N039,32.949,-3.053,2023,2,No
23G07N040,33.112,-3.137,2023,2,No
23G08N001,32.768,-2.374,2023,2,No
23G08N002,33.107,-2.523,2023,3,No
23G08N003,33.243,-2.567,2023,3,No
23G08N004,33.091,-2.364,2023,3,No
23G08N005,33.147,-2.669,2023,3,No
23G08N006,33.096,-2.670,2023,3,No
23G08N007,33.091,-2.754,2023,3,No
23G08N008,32.772,-2.370,2023,2,No
23G08N009,33.189,-2.489,2023,2,No
23G08N010,33.187,-2.618,2023,3,No
23G08N011,32.782,-2.302,2023,2,No
23G08N012,32.754,-2.436,2023,2,No
23G08N013,32.699,-2.143,2023,2,No
23G08N014,33.233,-2.364,2023,3,No
23G08N015,32.775,-2.370,2023,2,No
23G08N016,33.139,-2.582,2023,2,No
23G08N017,33.066,-2.624,2023,2,No
23G08N018,33.133,-1.992,2023,2,No
23G08N019,32.527,-2.079,2023,1,No
23G08N020,32.654,-2.404,2023,2,No
23G08N021,32.758,-2.349,2023,2,No
23G08N022,33.114,-3.153,2023,1,No
23G08N023,33.044,-3.071,2023,2,No
23G08N024,33.105,-2.995,2023,2,No
23M01N01,33.286,-3.794,2023,2,Yes
23M01N02,33.188,-3.896,2023,1,Yes
23M01N03,33.159,-2.999,2023,2,No
23M01N04,33.024,-3.934,2023,2,Yes
23M01N05,33.021,-3.158,2023,3,No
23M01N06,33.082,-3.121,2023,3,No
23M01N07,33.045,-3.656,2023,2,Yes
23M01N08,33.047,-3.684,2023,2,No
23M01N09,32.876,-4.817,2023,2,Yes
23M01N10,32.914,-4.753,2023,3,No
23M01N11,33.582,-3.174,2023,3,No
23M02N01,33.907,-2.210,2023,3,Yes
23M02N02,33.916,-2.554,2023,3,Yes
23M02N03,33.904,-2.590,2023,3,Yes
23M02N04,33.129,-3.995,2023,2,Yes
23M02N05,32.673,-4.887,2023,3,Yes
23M02N06,33.050,-3.670,2023,2,Yes
23M02N07,33.729,-2.624,2023,2,No
23M02N08,33.914,-2.424,2023,1,Yes
23M02N09,33.071,-2.632,2023,2,No
23M02N10,33.318,-2.898,2023,2,Yes
23M02N11,33.106,-3.965,2023,,No
23M02N12,33.119,-3.997,2023,,No
23M02N13,33.149,-3.939,2023,2,Yes
23M02N14,33.111,-4.389,2023,2,No
23M02N15,32.718,-4.354,2023,2,No
23M02N16,33.555,-2.761,2023,2,Yes
23M02N17,33.864,-2.452,2023,,No
23M02N18,34.239,-1.876,2023,2,No
23M02N19,33.680,-2.710,2023,2,Yes
23M02N20,33.264,-2.803,2023,2,Yes
23M07N01,33.791,-2.398,2023,2,Yes
23M07N02,33.962,-2.541,2023,3,Yes
23M07N03,33.556,-2.762,2023,3,Yes
23M07N04,32.732,-4.004,2023,2,Yes
23M07N05,32.901,-3.917,2023,2,Yes
23M07N06,33.136,-3.944,2023,2,Yes
23M07N07,33.215,-3.855,2023,,No
23M07N08,32.929,-4.883,2023,3,Yes
23M07N09,32.711,-4.478,2023,2,Yes
23M07N15,33.290,-3.949,2023,2,Yes
23M07N17,32.911,-4.865,2023,2,No
23M07N18,32.911,-4.882,2023,2,No
23M07N19,33.022,-4.574,2023,2,No
23M07N20,33.127,-3.038,2023,3,Yes
23M08N01,33.186,-3.921,2023,2,Yes
23M08N02,33.199,-3.897,2023,2,Yes
23M08N03,32.912,-4.080,2023,2,No
23M08N04,32.908,-4.073,2023,2,No
23M09N01,33.238,-2.862,2023,2,Yes
23M09N02,33.074,-3.026,2023,2,No
23M09N03,32.815,-4.246,2023,2,No
23M09N04,33.135,-3.793,2023,,No
23M09N05,33.280,-3.797,2023,2,Yes
23M13N01,29.817,-7.262,2023,2,No
23M13N02,30.163,-6.735,2023,1,No
23M13N03,30.004,-7.469,2023,2,Yes
23M15N01,33.353,-3.309,2023,2,Yes
23M15N02,32.998,-3.159,2023,1,Yes
23M15N03,33.793,-2.407,2023,2,Yes
23M15N031,33.316,-2.698,2023,3,No
23M15N04,33.299,-2.900,2023,2,Yes
23M15N05,33.128,-2.935,2023,2,Yes
23M15N06,32.988,-3.157,2023,2,No
23M18N01,33.439,-3.819,2023,2,Yes
23M18N02,33.306,-3.826,2023,1,Yes
23M18N04,33.137,-4.016,2023,2,Yes
23M18N05,32.969,-3.947,2023,2,Yes
23M18N06,33.522,-3.722,2023,2,No
23M18N07,32.909,-3.915,2023,2,Yes
23M18N08,32.901,-3.962,2023,2,Yes
23M18N09,32.907,-3.976,2023,2,Yes
23M18N10,33.322,-3.829,2023,2,Yes
23M21N01,33.202,-3.783,2023,2,Yes
23M21N02,33.006,-4.088,2023,2,No
23M21N03,33.111,-3.976,2023,2,Yes
23M21N04,32.872,-4.010,2023,2,Yes
23M21N05,33.803,-2.335,2023,2,Yes
23M21N06,33.888,-2.515,2023,2,Yes
23M21N07,33.722,-2.323,2023,3,Yes
23M21N08,33.677,-2.362,2023,2,No
23M21N09,33.648,-2.506,2023,2,No
23M21N10,32.940,-3.708,2023,2,No
23M24N01,33.945,-2.413,2023,3,Yes
23M24N02,33.278,-4.386,2023,2,Yes
23M24N03,32.874,-4.010,2023,3,No
23M24N04,32.714,-3.985,2023,3,Yes
23M25N01,33.316,-2.874,2023,3,Yes
23M25N02,33.293,-2.264,2023,2,Yes
23M25N03,33.881,-2.446,2023,2,Yes
23M25N04,33.105,-3.975,2023,2,Yes
23M25N05,33.039,-3.703,2023,2,Yes
23M25N06,33.238,-3.866,2023,2,No
23M25N07,32.907,-3.676,2023,3,Yes
23M25N08,33.245,-3.970,2023,2,Yes
23M25N09,33.133,-3.950,2023,,No
23M25N10,33.753,-2.437,2023,2,Yes
23M25N11,33.806,-2.451,2023,3,Yes
23M25N12,33.879,-2.397,2023,2,Yes
23M25N13,33.802,-2.301,2023,2,Yes
23M25N14,33.968,-2.263,2023,3,Yes
23M25N15,33.196,-4.037,2023,2,Yes
23M25N17,33.228,-3.707,2023,2,Yes
23M25N18,33.902,-2.465,2023,3,Yes
23M25N19,33.819,-2.339,2023,,No
23M25N20,33.129,-3.186,2023,1,Yes
23M25N21,33.087,-3.180,2023,2,Yes
23M25N22,33.924,-2.542,2023,2,Yes
23M25N25,33.324,-2.873,2023,2,Yes
23M25N26,33.291,-2.892,2023,2,Yes
23M25N27,33.114,-3.015,2023,3,Yes
23M25N28,33.103,-3.009,2023,3,Yes
23M25N29,33.075,-3.021,2023,3,No
23M25N30,33.085,-3.185,2023,2,Yes
23M25N31,33.744,-2.432,2023,3,Yes
23M25N32,33.747,-2.433,2023,3,Yes
23M25N33,33.881,-2.467,2023,2,Yes
23M25N34,33.872,-2.405,2023,2,Yes
23M25N35,33.019,-2.989,2023,3,Yes
23M25N36,33.103,-3.132,2023,,No
23M25N37,33.123,-2.948,2023,3,No
23M25N38,33.158,-2.914,2023,2,Yes
23M25N39,33.424,-3.765,2023,2,No
23M25N41,32.841,-4.725,2023,2,No
23M25N42,32.872,-4.743,2023,2,No
23M25N43,33.086,-4.709,2023,2,No
23M25N44,32.667,-4.862,2023,2,No
23M27N01,33.226,-2.674,2023,1,Yes
23M27N02,32.519,-2.940,2023,,No
23M28N01,33.687,-2.698,2023,2,No
23M28N02,33.963,-2.375,2023,2,Yes
23M28N03,32.872,-4.820,2023,1,Yes
23M28N04,33.861,-2.336,2023,,No
23M32N04,33.676,-2.559,2023,2,Yes
24G01U001,33.011,-3.668,2024,2,No
24G01U002,32.898,-4.766,2024,3,No
24G01U003,33.163,-3.640,2024,1,No
24G01U004,33.023,-3.668,2024,2,Yes
24G01U005,32.857,-3.783,2024,1,No
24G01U006,32.835,-4.745,2024,2,Yes
24G01U007,32.833,-4.733,2024,3,Yes
24G01U008,33.157,-3.647,2024,1,Yes
24G01U009,32.915,-4.863,2024,2,No
24G01U010,32.915,-4.889,2024,2,No
24G01U011,32.835,-4.728,2024,2,No
24G01U012,32.844,-4.614,2024,3,No
24G01U013,32.913,-4.881,2024,2,No
24G01U014,32.828,-4.721,2024,2,Yes
24G01U015,32.775,-4.841,2024,2,No
24G01U016,32.874,-4.714,2024,2,No
24G01U017,32.819,-4.849,2024,1,No
24G01U018,33.048,-4.687,2024,2,Yes
24G01U019,32.872,-4.697,2024,2,No
24G01U020,33.069,-3.786,2024,2,Yes
24G01U021,32.879,-4.731,2024,2,No
24G01U022,32.996,-4.448,2024,1,No
24G01U023,33.149,-3.704,2024,2,Yes
24G01U024,33.120,-3.702,2024,2,No
24G01U025,33.033,-3.662,2024,2,No
24G01U026,32.847,-4.688,2024,2,No
24G01U027,33.209,-3.682,2024,2,Yes
24G01U028,32.737,-4.867,2024,1,Yes
24G01U029,33.142,-3.822,2024,2,No
24G02U001,32.902,-4.748,2024,2,No
24G02U002,33.213,-3.694,2024,2,No
24G02U003,33.145,-3.311,2024,2,No
24G02U004,33.126,-3.716,2024,2,No
24G02U005,32.837,-4.704,2024,2,No
24G02U006,32.865,-4.729,2024,2,No
24G02U007,32.877,-4.721,2024,2,No
24G02U008,32.835,-4.691,2024,3,No
24G02U009,32.846,-4.709,2024,2,No
24G02U010,32.851,-4.706,2024,2,No
24G02U011,32.848,-4.719,2024,2,No
24G02U012,32.892,-4.786,2024,3,No
24G02U013,33.136,-3.727,2024,1,No
24G02U014,32.908,-4.874,2024,2,No
24G02U015,32.918,-4.895,2024,2,No
24G02U016,33.129,-3.725,2024,1,No
24G03U001,33.094,-3.255,2024,2,No
24G03U002,33.083,-2.973,2024,2,No
24G03U003,33.033,-3.123,2024,2,No
24G03U004,33.420,-3.155,2024,2,No
24G03U005,33.050,-3.070,2024,2,No
24G03U006,33.064,-2.998,2024,2,No
24G03U007,33.246,-3.189,2024,2,No
24G03U008,33.749,-3.149,2024,2,No
24G03U009,33.087,-3.206,2024,2,No
24G03U010,33.231,-3.011,2024,1,No
24G03U011,32.931,-3.260,2024,2,No
24G03U012,33.158,-2.913,2024,2,Yes
24G03U013,33.157,-2.924,2024,2,No
24G03U014,33.037,-3.118,2024,2,Yes
24G03U015,33.027,-3.108,2024,3,Yes
24G03U016,32.893,-3.293,2024,2,No
24G03U017,33.073,-2.931,2024,2,No
24G03U018,33.123,-2.978,2024,2,Yes
24G03U019,33.068,-2.929,2024,3,Yes
24G03U020,33.111,-2.916,2024,2,Yes
24G03U021,33.121,-2.975,2024,2,Yes
24G03U022,33.052,-2.942,2024,2,No
24G03U023,33.027,-3.134,2024,3,No
24G03U024,33.173,-2.913,2024,2,No
24G03U025,32.957,-2.909,2024,1,Yes
24G03U026,32.985,-3.151,2024,1,No
24G03U027,33.092,-3.066,2024,2,No
24G03U028,33.437,-3.274,2024,2,No
24G03U029,33.571,-2.743,2024,2,No
24G05U001,32.265,-2.418,2024,2,No
24G05U002,32.980,-3.056,2024,2,No
24G05U003,32.631,-2.910,2024,2,Yes
24G05U004,32.266,-2.419,2024,2,Yes
24G05U005,32.909,-2.672,2024,2,No
24G06U001,33.886,-2.516,2024,1,Yes
24G06U002,33.779,-2.380,2024,2,Yes
24G06U003,33.236,-2.406,2024,2,No
24G06U004,33.144,-2.000,2024,2,No
24G07U001,32.912,-2.794,2024,2,No
24G07U002,32.980,-3.053,2024,2,No
24G07U003,32.974,-3.033,2024,2,No
24G07U004,32.937,-2.928,2024,2,No
24G07U005,32.973,-3.061,2024,2,No
24G07U006,33.036,-2.840,2024,1,No
24G07U007,32.916,-2.858,2024,2,Yes
24G07U008,32.876,-2.965,2024,2,Yes
24G07U009,32.680,-2.813,2024,2,No
24G07U010,33.088,-2.827,2024,3,Yes
24G07U011,32.664,-2.730,2024,2,No
24G08U001,33.080,-3.267,2024,2,Yes
24G08U002,32.861,-2.136,2024,3,No
24G08U003,32.998,-2.076,2024,1,No
24G08U004,32.875,-2.119,2024,1,No
24G08U005,32.996,-2.090,2024,2,No
24G08U006,32.199,-2.362,2024,2,No
24G08U007,32.643,-2.175,2024,2,No
24M01U002,33.101,-3.263,2024,2,No
24M01U003,33.075,-3.192,2024,2,Yes
24M01U004,32.868,-4.740,2024,3,Yes
24M01U005,32.872,-4.711,2024,2,No
24M01U006,32.903,-4.794,2024,2,No
24M01U007,32.894,-4.790,2024,2,Yes
24M01U008,33.131,-4.463,2024,2,Yes
24M01U009,32.901,-4.795,2024,2,Yes
24M01U010,33.031,-4.684,2024,2,Yes
24M01U011,33.263,-3.865,2024,,No
24M01U012,32.924,-4.891,2024,2,Yes
24M01U013,33.143,-3.920,2024,2,Yes
24M01U014,33.845,-2.360,2024,2,Yes
24M07U001,33.202,-3.704,2024,2,Yes
24M07U002,32.941,-3.645,2024,2,Yes
24M15U002,33.106,-3.132,2024,2,Yes
24M15U003,33.905,-2.596,2024,2,Yes
24M15U004,33.115,-2.960,2024,2,No
24M15U005,33.085,-2.966,2024,1,Yes
24M15U006,33.902,-3.308,2024,,No
24M15U007,33.070,-3.271,2024,,No
24M15U008,33.334,-2.728,2024,1,No
24M15U009,33.158,-2.966,2024,3,Yes
24M15U010,33.098,-2.959,2024,2,Yes
24M15U011,33.919,-2.611,2024,,No
24M15U012,33.733,-2.451,2024,1,Yes
24M15U013,33.928,-2.396,2024,1,Yes
24M15U014,32.943,-2.928,2024,1,Yes
24M15U015,33.099,-2.953,2024,2,Yes
24M15U016,32.743,-2.624,2024,2,No
24M15U017,32.836,-2.660,2024,2,No
24M15U018,32.518,-1.415,2024,2,No
24M15U019,33.107,-2.523,2024,3,No
24M15U020,32.400,-2.242,2024,2,Yes
24M18U001,33.928,-2.585,2024,2,Yes
24M21U001,33.175,-3.689,2024,2,Yes
24M21U002,33.188,-3.741,2024,2,Yes
24M24U001,32.737,-4.897,2024,2,Yes
24M24U002,32.843,-4.622,2024,2,Yes
24M24U003,32.917,-4.646,2024,2,Yes
24M24U004,33.241,-3.948,2024,2,Yes
24M24U005,33.236,-3.933,2024,2,Yes
24M24U006,33.148,-3.808,2024,2,Yes
24M24U007,33.141,-3.818,2024,2,Yes
24M24U008,33.228,-3.646,2024,2,No
24M27U001,32.886,-3.283,2024,1,Yes
24M27U002,32.965,-2.913,2024,2,No
24M27U003,33.142,-2.582,2024,2,No
24M27U004,32.531,-3.002,2024,2,No
24M28U001,33.194,-4.197,2024,,No
24M28U002,32.913,-3.683,2024,1,Yes
24M28U003,32.900,-3.612,2024,,No
24M28U004,33.167,-4.171,2024,1,Yes
24M60U001,33.149,-3.949,2024,3,Yes
24M68U003,33.193,-3.910,2024,2,Yes
24M69U021,33.830,-2.288,2024,2,No
24M71U001,33.283,-3.902,2024,2,Yes
24M71U002,32.713,-4.354,2024,2,Yes
24M71U003,29.287,-8.144,2024,2,No
24M72U001,33.186,-3.894,2024,2,Yes
24M74U001,33.253,-2.730,2024,2,No
24M74U002,33.048,-3.073,2024,1,No
24M74U003,32.915,-4.636,2024,,No
24M74U004,33.190,-4.026,2024,2,Yes
24M74U005,33.431,-3.818,2024,2,Yes
24M74U006,33.236,-3.840,2024,2,Yes
24M74U007,33.256,-3.926,2024,1,Yes
24M75U001,33.278,-3.829,2024,1,Yes
24M75U002,33.282,-3.801,2024,2,Yes
24M75U003,32.929,-4.897,2024,,No
24M75U004,32.845,-4.622,2024,2,Yes
24M75U005,33.542,-3.738,2024,2,Yes
24M75U007,32.670,-4.564,2024,,No
24M75U008,32.681,-2.767,2024,2,No
24M75U009,33.092,-2.582,2024,3,No
24M76U001,33.084,-3.022,2024,2,Yes
24M76U002,33.104,-3.131,2024,2,Yes
24M76U003,33.296,-3.889,2024,2,Yes
24M76U004,33.190,-3.693,2024,2,Yes
24M76U005,33.099,-3.868,2024,2,Yes
24M77U001,33.425,-3.817,2024,1,No
24M77U002,32.927,-4.877,2024,,No
24M77U003,32.842,-4.783,2024,2,Yes
24M77U004,33.319,-3.767,2024,2,Yes
24M78U001,33.334,-2.728,2024,1,Yes
24M78U002,32.542,-2.992,2024,1,Yes
24M78U003,33.001,-3.655,2024,1,Yes
24M78U004,33.538,-3.736,2024,,No
24M78U005,32.871,-4.828,2024,,No
25G01U001,32.837,-3.791,2025,2,Yes
25G01U002,33.255,-3.676,2025,2,No
25G01U003,33.125,-3.703,2025,3,Yes
25G01U004,33.269,-3.698,2025,2,Yes
25G01U005,33.206,-3.687,2025,2,Yes
25G01U006,33.209,-3.682,2025,2,Yes
25G01U007,33.116,-3.750,2025,3,Yes
25G01U008,33.150,-3.708,2025,2,No
25G01U009,33.185,-3.642,2025,2,Yes
25G01U010,32.837,-4.743,2025,2,No
25G01U011,33.204,-3.688,2025,2,Yes
25G01U012,33.068,-3.769,2025,3,No
25G01U013,33.131,-3.707,2025,3,No
25G01U014,33.103,-3.722,2025,2,Yes
25G01U015,33.139,-3.818,2025,1,No
25G01U016,33.138,-3.831,2025,3,No
25G01U017,33.122,-3.815,2025,3,Yes
25G01U018,33.111,-3.739,2025,2,Yes
25G01U019,33.050,-3.688,2025,3,Yes
25G01U020,33.129,-3.813,2025,2,Yes
25G01U021,33.139,-3.817,2025,1,No
25G01U022,33.140,-3.813,2025,1,No
25G01U023,33.124,-3.743,2025,2,No
25G01U024,33.116,-3.712,2025,3,Yes
25G01U025,33.250,-3.672,2025,2,No
25G01U026,33.248,-3.671,2025,2,No
25G01U027,33.035,-4.263,2025,2,No
25G01U028,33.098,-3.767,2025,3,No
25G01U029,33.089,-3.771,2025,3,Yes
25G01U030,33.182,-3.685,2025,2,No
25G01U031,33.189,-3.626,2025,2,No
25G01U032,33.176,-3.660,2025,2,Yes
25G01U033,32.896,-4.757,2025,3,No
25G01U034,32.878,-4.726,2025,3,No
25G01U035,32.851,-4.710,2025,3,No
25G01U036,33.158,-3.718,2025,3,No
25G01U037,33.069,-3.841,2025,3,No
25G01U038,33.015,-3.919,2025,3,No
25G01U039,32.831,-4.177,2025,2,No
25G01U040,33.128,-3.715,2025,2,Yes
25G01U041,32.869,-4.699,2025,4,Yes
25G01U042,33.120,-3.717,2025,3,No
25G01U043,33.065,-4.529,2025,1,No
25G01U044,32.872,-4.742,2025,2,No
25G01U045,32.846,-4.740,2025,2,No
25G01U046,32.871,-4.716,2025,3,No
25G01U047,32.812,-4.208,2025,1,No
25G01U048,32.835,-4.213,2025,3,No
25G01U049,32.881,-3.781,2025,3,No
25G01U050,33.042,-3.941,2025,2,No
25G01U051,33.014,-4.705,2025,2,No
25G01U052,33.120,-3.738,2025,2,No
25G01U053,32.885,-4.758,2025,3,No
25G01U054,32.988,-4.550,2025,3,No
25G01U055,32.808,-3.788,2025,3,No
25G01U056,33.127,-3.706,2025,2,No
25G01U057,33.131,-3.714,2025,3,No
25G01U058,33.189,-3.691,2025,2,Yes
25G01U059,33.047,-4.573,2025,3,No
25G01U060,32.831,-4.759,2025,2,No
25G01U061,32.834,-4.224,2025,3,No
25G01U062,32.813,-4.183,2025,1,No
25G01U063,32.849,-4.611,2025,3,Yes
25G01U064,32.735,-4.884,2025,4,No
25G01U065,32.742,-3.992,2025,2,No
25G01U066,32.830,-3.758,2025,2,No
25G01U067,32.816,-4.241,2025,3,No
25G01U068,32.796,-4.293,2025,3,No
25G01U069,33.013,-4.686,2025,3,No
25G01U070,32.835,-4.707,2025,3,No
25G01U071,32.898,-4.705,2025,3,No
25G01U072,32.906,-4.870,2025,2,No
25G01U073,32.882,-4.735,2025,4,No
25G01U074,32.837,-4.742,2025,2,No
25G01U075,32.802,-3.799,2025,3,No
25G01U076,32.779,-4.042,2025,2,No
25G01U077,32.911,-4.890,2025,3,No
25G01U078,32.903,-4.877,2025,3,No
25G01U079,32.743,-4.008,2025,2,No
25G01U080,33.043,-4.310,2025,3,No
25G01U081,33.042,-4.696,2025,3,No
25G01U082,32.800,-3.797,2025,3,No
25G01U083,33.049,-4.308,2025,3,No
25G01U084,33.015,-4.703,2025,3,No
25G01U085,32.892,-4.698,2025,2,No
25G01U086,33.041,-4.668,2025,3,No
25G01U087,32.851,-4.714,2025,3,No
25G01U088,32.867,-4.732,2025,3,No
25G01U089,32.892,-4.720,2025,3,No
25G01U090,32.855,-4.608,2025,2,No
25G01U091,32.692,-4.650,2025,2,No
25G01U092,32.896,-4.907,2025,2,No
25G03U001,33.441,-3.299,2025,2,No
25G03U002,33.455,-3.291,2025,2,No
25G03U003,33.493,-2.988,2025,2,No
25G03U004,33.259,-3.062,2025,2,No
25G03U005,33.214,-2.955,2025,3,No
25G03U006,33.475,-3.250,2025,3,No
25G03U007,33.587,-3.192,2025,3,No
25G03U008,33.756,-2.370,2025,2,No
25G03U009,33.480,-3.121,2025,3,No
25G03U010,33.483,-2.551,2025,3,No
25G03U011,33.491,-3.289,2025,2,No
25G03U012,33.519,-3.174,2025,3,No
25G03U013,33.300,-3.122,2025,3,No
25G03U014,33.334,-2.659,2025,3,Yes
25G03U015,33.097,-3.058,2025,2,No
25G03U016,33.953,-2.573,2025,3,Yes
25G03U017,33.233,-2.295,2025,2,Yes
25G03U018,33.115,-3.216,2025,3,No
25G03U019,33.402,-3.223,2025,3,No
25G03U020,33.257,-2.408,2025,2,Yes
25G03U021,33.192,-3.158,2025,2,No
25G03U022,33.207,-2.956,2025,4,No
25G03U023,33.565,-3.254,2025,3,No
25G03U024,33.133,-2.960,2025,3,No
25G03U025,33.366,-3.257,2025,3,No
25G03U026,33.357,-2.695,2025,3,No
25G03U027,33.470,-3.000,2025,3,No
25G03U028,32.967,-3.044,2025,3,Yes
25G03U029,33.239,-2.417,2025,3,Yes
25G03U030,33.537,-2.500,2025,3,No
25G03U031,33.428,-3.312,2025,3,No
25G03U032,33.861,-2.532,2025,2,No
25G03U033,33.885,-2.582,2025,3,No
25G03U034,33.881,-2.580,2025,3,No
25G03U035,33.793,-3.014,2025,2,No
25G03U036,33.720,-3.092,2025,1,No
25G03U037,33.401,-2.944,2025,3,No
25G03U038,32.878,-3.361,2025,3,No
25G03U039,33.224,-2.434,2025,3,No
25G03U040,33.693,-2.913,2025,2,No
25G03U041,33.763,-2.768,2025,2,No
25G03U042,33.539,-2.622,2025,3,No
25G03U043,33.321,-2.753,2025,3,No
25G03U044,33.095,-3.067,2025,3,No
25G03U045,33.271,-2.931,2025,1,No
25G03U046,33.114,-3.271,2025,3,No
25G03U047,33.485,-2.513,2025,3,No
25G03U048,33.851,-2.575,2025,3,Yes
25G03U049,33.664,-2.712,2025,3,Yes
25G03U050,33.285,-2.979,2025,3,No
25G03U051,33.699,-2.819,2025,2,No
25G03U052,33.253,-2.435,2025,3,No
25G03U053,33.246,-3.268,2025,2,No
25G03U054,33.748,-2.421,2025,2,No
25G03U055,33.685,-3.122,2025,3,No
25G03U056,33.189,-2.958,2025,3,No
25G03U057,33.200,-3.106,2025,3,No
25G03U058,33.540,-2.519,2025,3,Yes
25G03U059,33.877,-2.515,2025,3,No
25G03U060,33.775,-3.024,2025,3,No
25G03U061,33.589,-3.002,2025,3,No
25G03U062,33.159,-2.924,2025,3,No
25G03U063,33.094,-3.060,2025,3,No
25G03U064,33.948,-2.230,2025,2,No
25G03U065,33.428,-2.298,2025,3,No
25G03U066,33.283,-2.550,2025,3,No
25G03U067,33.232,-2.963,2025,1,No
25G03U068,33.041,-3.273,2025,3,No
25G03U069,33.330,-2.676,2025,2,No
25G03U070,33.954,-2.539,2025,3,No
25G03U071,33.657,-2.651,2025,2,No
25G03U072,33.811,-2.792,2025,3,No
25G03U073,33.069,-2.930,2025,2,No
25G03U074,33.193,-3.321,2025,2,No
25G03U075,33.786,-2.875,2025,3,No
25G03U076,33.888,-2.593,2025,3,No
25G03U078,33.896,-2.467,2025,2,No
25G03U079,33.896,-2.334,2025,3,No
25G03U080,33.751,-2.510,2025,3,No
25G03U081,33.606,-2.994,2025,4,No
25G03U082,33.753,-2.440,2025,2,No
25G03U083,33.604,-3.004,2025,2,No
25G03U084,33.191,-3.034,2025,3,No
25G03U085,33.025,-2.857,2025,4,No
25G03U086,33.007,-3.022,2025,3,No
25G03U087,33.707,-2.984,2025,3,No
25G03U088,33.376,-3.172,2025,2,No
25G03U089,33.808,-2.749,2025,3,No
25G03U090,32.981,-3.054,2025,3,No
25G03U091,32.928,-3.264,2025,3,No
25G03U092,33.745,-2.414,2025,3,No
25G03U093,33.806,-2.759,2025,2,No
25G03U094,33.318,-2.756,2025,2,No
25G03U095,33.157,-2.910,2025,2,No
25G03U096,32.977,-3.057,2025,3,No
25G03U097,33.060,-3.275,2025,3,No
25G03U098,33.700,-2.910,2025,2,No
25G03U099,33.967,-2.214,2025,1,No
25G03U100,33.369,-2.386,2025,2,No
25G03U101,33.570,-2.912,2025,2,No
25G03U102,33.314,-2.755,2025,2,No
25G03U103,33.598,-3.071,2025,2,No
25G03U104,33.036,-3.076,2025,3,No
25G03U105,33.164,-3.241,2025,3,No
25G03U106,33.168,-3.239,2025,3,No
25G03U107,33.648,-2.837,2025,4,No
25G03U108,33.856,-2.531,2025,2,No
25G03U109,33.220,-3.008,2025,2,No
25G03U110,33.158,-3.002,2025,2,No
25G03U111,33.705,-2.953,2025,3,No
25G03U112,33.713,-2.796,2025,3,No
25G03U113,33.039,-3.083,2025,2,No
25G03U114,33.522,-2.463,2025,2,No
25G03U115,32.948,-3.054,2025,3,No
25G03U116,33.317,-3.105,2025,2,No
25G05U001,32.212,-2.924,2025,2,No
25G05U002,32.557,-2.282,2025,2,Yes
25G05U003,32.175,-2.745,2025,3,Yes
25G05U004,32.616,-1.570,2025,2,No
25G05U005,32.551,-2.262,2025,3,Yes
25G05U006,32.763,-2.130,2025,3,No
25G05U007,32.712,-2.115,2025,3,No
25G05U008,32.636,-2.175,2025,3,No
25G05U009,32.732,-2.154,2025,3,No
25G05U010,32.646,-2.143,2025,3,No
25G05U011,32.660,-2.143,2025,3,No
25G05U012,32.649,-2.139,2025,2,No
25G05U013,32.280,-2.760,2025,3,No
25G05U014,32.256,-2.766,2025,3,No
25G05U015,32.767,-2.344,2025,4,No
25G05U016,32.539,-2.270,2025,2,No
25G05U017,32.363,-2.204,2025,3,Yes
25G05U018,32.355,-3.502,2025,3,No
25G05U019,32.555,-2.256,2025,3,No
25G05U020,33.078,-2.585,2025,3,No
25G05U021,32.963,-3.062,2025,1,No
25G05U022,32.975,-3.041,2025,1,No
25G05U023,32.683,-2.074,2025,3,No
25G05U024,33.088,-2.525,2025,3,Yes
25G05U025,32.698,-2.777,2025,3,No
25G05U026,32.481,-1.509,2025,2,No
25G05U027,32.570,-1.504,2025,3,No
25G05U028,32.593,-1.558,2025,2,No
25G05U029,32.713,-2.115,2025,4,No
25G05U030,32.601,-1.557,2025,3,No
25G05U031,32.630,-1.523,2025,3,No
25G05U032,32.646,-1.515,2025,3,No
25G05U033,32.644,-1.517,2025,1,No
25G05U034,32.650,-1.515,2025,2,No
25G05U035,32.317,-1.665,2025,3,No
25G05U036,32.479,-2.298,2025,3,No
25G05U037,32.500,-2.309,2025,2,No
25G05U038,32.500,-2.314,2025,3,No
25G05U039,32.504,-2.309,2025,3,No
25G05U040,32.481,-2.300,2025,3,No
25G05U041,32.531,-2.367,2025,2,No
25G05U042,32.262,-2.740,2025,3,No
25G05U043,32.254,-2.744,2025,1,No
25G05U044,32.424,-2.447,2025,2,No
25G05U045,32.332,-2.150,2025,2,Yes
25G05U046,32.348,-1.701,2025,4,No
25G05U047,32.865,-2.141,2025,3,No
25G05U048,32.673,-2.776,2025,3,No
25G05U049,32.983,-2.099,2025,3,No
25G05U050,32.440,-2.409,2025,3,No
25G05U051,32.516,-1.532,2025,3,No
25G05U052,32.371,-2.160,2025,2,No
25G05U053,32.704,-2.120,2025,3,No
25G05U054,33.012,-2.864,2025,2,No
25G05U055,32.916,-2.932,2025,3,No
25G05U056,33.006,-2.101,2025,2,No
25G05U057,32.502,-1.847,2025,2,No
25G05U058,32.925,-2.130,2025,2,No
25G05U059,32.370,-2.157,2025,2,No
25G05U060,32.168,-2.711,2025,3,No
25G05U061,33.090,-2.326,2025,2,No
25G05U062,32.218,-2.932,2025,2,No
25G06U001,33.146,-1.991,2025,2,Yes
25G06U002,33.461,-2.494,2025,2,Yes
25G06U003,33.356,-2.291,2025,3,No
25G06U004,33.696,-2.332,2025,2,No
25G06U005,33.889,-2.453,2025,3,No
25G06U006,33.100,-1.983,2025,3,Yes
25G06U007,33.778,-3.125,2025,3,No
25G06U008,33.349,-2.273,2025,2,Yes
25G06U009,33.449,-2.206,2025,3,No
25G06U010,33.249,-2.400,2025,2,No
25G06U011,33.383,-2.596,2025,3,No
25G06U012,33.730,-2.345,2025,3,No
25G06U013,33.811,-2.286,2025,2,No
25G06U014,33.923,-2.376,2025,3,No
25G06U015,33.346,-2.624,2025,4,No
25G06U016,33.865,-2.185,2025,4,No
25G06U017,33.257,-3.121,2025,3,No
25G06U018,33.431,-2.959,2025,2,No
25G06U019,33.759,-2.385,2025,3,No
25G06U020,33.899,-2.230,2025,3,No
25G06U021,33.446,-2.600,2025,2,No
25G06U022,33.843,-2.159,2025,3,No
25G06U023,33.438,-2.214,2025,2,No
25G06U024,33.322,-2.406,2025,2,No
25G06U025,33.981,-2.174,2025,3,No
25G06U026,33.732,-2.343,2025,2,No
25G06U027,33.900,-2.397,2025,3,No
25G06U028,33.158,-2.915,2025,3,No
25G06U029,33.884,-2.089,2025,2,No
25G06U030,33.915,-2.497,2025,2,No
25G07U001,32.647,-2.124,2025,2,Yes
25G07U002,32.713,-2.122,2025,2,Yes
25G07U003,32.895,-2.097,2025,2,Yes
25G07U004,32.794,-2.500,2025,2,No
25G07U005,32.735,-2.246,2025,2,Yes
25G07U006,33.104,-2.504,2025,3,No
25G07U007,33.005,-2.614,2025,3,No
25G07U008,32.519,-1.414,2025,3,No
25G07U009,32.831,-2.461,2025,3,No
25G07U010,32.606,-1.442,2025,3,No
25G07U011,32.543,-1.453,2025,3,No
25G07U012,33.172,-2.497,2025,3,No
25G07U013,32.309,-2.098,2025,3,No
25G07U014,32.526,-1.387,2025,3,No
25G07U015,32.534,-1.394,2025,3,No
25G07U016,32.504,-1.851,2025,4,No
25G07U017,32.726,-2.165,2025,2,No
25G07U018,32.567,-1.465,2025,2,No
25G07U019,32.352,-1.700,2025,4,No
25G07U020,32.739,-2.281,2025,3,No
25G07U021,32.644,-2.135,2025,3,No
25G07U022,33.017,-2.442,2025,3,No
25G07U023,32.691,-2.783,2025,3,No
25G07U024,32.525,-2.930,2025,3,No
25G07U025,32.221,-2.849,2025,2,No
25G07U026,32.583,-1.473,2025,3,No
25G07U027,32.640,-1.544,2025,2,No
25G07U028,32.489,-1.501,2025,4,No
25G07U029,32.618,-1.530,2025,2,No
25G07U030,32.645,-1.531,2025,3,No
25G07U031,32.651,-1.536,2025,2,No
25G07U032,32.433,-1.653,2025,2,No
25G07U033,32.694,-2.787,2025,2,No
25G07U034,32.822,-2.448,2025,3,Yes
25G07U035,33.054,-2.646,2025,3,Yes
25G07U036,32.742,-2.729,2025,2,No
25G07U037,32.797,-2.514,2025,3,Yes
25G07U038,33.036,-2.419,2025,3,No
25G07U039,32.675,-2.532,2025,2,No
25G07U040,33.168,-2.030,2025,2,No
25G07U041,33.222,-2.590,2025,2,No
25G07U042,33.083,-2.431,2025,3,No
25G07U043,33.237,-2.599,2025,3,No
25G07U044,32.843,-2.473,2025,3,No
25G07U045,32.443,-1.651,2025,3,No
25G07U046,32.492,-1.502,2025,3,No
25G07U047,32.717,-2.136,2025,4,No
25G07U048,32.673,-2.811,2025,2,No
25G07U049,32.877,-2.107,2025,3,No
25G07U050,32.998,-2.090,2025,1,No
25G07U051,33.003,-2.096,2025,2,No
25G07U052,32.446,-1.630,2025,4,No
25G07U053,32.931,-2.331,2025,3,No
25G07U054,33.127,-2.447,2025,3,No
25G07U055,32.790,-2.132,2025,4,No
25G07U056,32.453,-1.650,2025,3,No
25G07U057,32.487,-1.505,2025,1,No
25G07U058,32.530,-1.453,2025,3,No
25G07U059,32.460,-1.499,2025,2,No
25G07U060,32.508,-1.537,2025,3,No
25G07U061,32.648,-2.905,2025,3,No
25G07U062,33.016,-2.458,2025,2,No
25G07U063,32.911,-2.123,2025,4,No
25G07U064,32.896,-2.120,2025,3,No
25G07U065,32.773,-2.129,2025,3,No
25G07U066,32.515,-1.850,2025,3,No
25G07U067,33.165,-2.488,2025,2,No
25G07U068,33.087,-2.533,2025,2,Yes
25G07U069,32.399,-3.331,2025,3,No
25G07U070,33.020,-2.453,2025,3,No
25G07U071,32.165,-2.930,2025,2,No
25G08U001,32.268,-2.123,2025,2,No
25G08U002,32.271,-2.758,2025,3,Yes
25G08U003,32.532,-2.914,2025,3,Yes
25G08U004,32.266,-2.104,2025,2,Yes
25G08U005,33.039,-2.107,2025,3,No
25G08U006,32.675,-2.406,2025,3,No
25G08U007,32.675,-2.507,2025,3,No
25G08U008,32.195,-2.875,2025,3,No
25G08U009,32.685,-2.523,2025,3,No
25G08U010,32.817,-2.243,2025,2,No
25G08U011,32.543,-2.406,2025,3,No
25G08U012,32.741,-2.302,2025,3,No
25G08U013,32.487,-1.506,2025,3,No
25G08U014,32.679,-2.403,2025,2,No
25G08U015,32.675,-2.448,2025,3,No
25G08U016,32.671,-2.964,2025,3,No
25G08U017,32.682,-2.513,2025,3,No
25G08U018,32.734,-2.169,2025,3,No
25G08U019,32.667,-2.507,2025,2,No
25G08U020,32.675,-2.511,2025,3,No
25G08U021,32.643,-2.426,2025,2,No
25G08U022,32.640,-2.423,2025,3,No
25G08U023,33.007,-2.855,2025,3,No
25G08U024,32.910,-2.811,2025,3,No
25G08U025,32.654,-2.372,2025,2,No
25G08U026,33.087,-2.516,2025,2,No
25G08U027,32.828,-2.155,2025,3,No
25G08U028,32.314,-1.742,2025,2,No
25G08U029,32.986,-2.104,2025,2,No
25G08U030,33.028,-2.108,2025,3,No
25G08U031,32.668,-2.381,2025,3,No
25G08U032,32.757,-2.361,2025,3,No
25G08U033,32.499,-2.552,2025,2,No
25G08U034,32.464,-2.199,2025,3,No
25G08U035,32.544,-2.116,2025,1,No
25G08U036,32.339,-2.322,2025,1,No
25G08U037,32.677,-2.523,2025,3,No
25G08U038,32.752,-2.433,2025,4,No
25G08U039,32.656,-2.406,2025,2,No
25G08U040,32.767,-2.264,2025,4,No
25G08U041,33.042,-2.234,2025,3,No
25G08U042,32.809,-2.660,2025,2,No
25G08U043,33.121,-2.516,2025,3,No
25G08U044,33.163,-2.494,2025,3,No
25G08U045,32.504,-1.856,2025,4,No
25G08U046,32.503,-1.848,2025,2,No
25G08U047,32.512,-1.846,2025,3,No
25G08U048,32.840,-2.466,2025,3,No
25G08U049,33.066,-2.541,2025,4,No
25G08U050,33.205,-2.669,2025,3,No
25G08U051,33.002,-2.871,2025,3,No
25G08U052,32.884,-2.933,2025,3,No
25G08U053,32.855,-2.639,2025,2,No
25G08U054,32.861,-2.662,2025,3,No
25G08U055,32.683,-2.431,2025,3,No
25G08U056,32.824,-2.481,2025,2,No
25G08U057,32.834,-2.491,2025,3,No
25G08U058,32.494,-2.157,2025,2,No
25G08U059,32.500,-2.519,2025,2,No
25G08U060,32.690,-2.436,2025,2,No
25G08U061,32.748,-2.162,2025,2,No
25G08U062,33.080,-2.535,2025,3,No
25G08U063,33.129,-2.582,2025,3,No
25G08U064,32.811,-2.236,2025,3,No
25G08U065,32.178,-2.813,2025,3,No
25G08U066,32.709,-2.784,2025,3,No
25G08U067,32.718,-2.116,2025,3,No
25G08U068,33.039,-2.087,2025,3,No
25G08U069,32.721,-2.116,2025,3,No
25G08U070,32.308,-1.743,2025,4,No
25G08U071,33.062,-2.383,2025,3,No
25G08U072,33.002,-2.085,2025,3,No
25G08U073,33.074,-2.392,2025,3,No
25G09U001,33.148,-3.721,2025,3,No
25G09U002,32.841,-4.021,2025,3,Yes
25G09U003,32.888,-4.053,2025,2,No
25G09U004,33.044,-3.687,2025,3,Yes
25G09U005,32.875,-4.009,2025,3,Yes
25G09U006,33.207,-3.784,2025,2,No
25G09U007,33.222,-3.707,2025,3,No
25G09U008,33.023,-3.674,2025,2,Yes
25G09U009,33.137,-3.704,2025,2,Yes
25G09U010,33.138,-3.704,2025,1,Yes
25G09U011,33.156,-3.742,2025,2,No
25G09U012,33.142,-3.838,2025,2,Yes
25G09U013,33.095,-3.790,2025,3,Yes
25G09U014,33.197,-3.651,2025,2,No
25G09U015,33.199,-3.650,2025,1,No
25G09U016,33.096,-3.770,2025,3,No
25G09U017,32.842,-3.912,2025,2,No
25G09U018,33.263,-3.688,2025,3,Yes
25G09U019,33.254,-3.680,2025,3,Yes
25G09U020,33.147,-3.705,2025,2,No
25G09U021,33.149,-3.686,2025,3,No
25G09U022,33.087,-3.769,2025,2,Yes
25G09U023,33.258,-3.707,2025,2,Yes
25G09U024,33.246,-3.655,2025,3,Yes
25G09U025,32.841,-3.800,2025,3,No
25G09U026,32.983,-4.636,2025,3,No
25G09U027,33.164,-3.736,2025,3,Yes
25G09U028,33.213,-3.647,2025,3,Yes
25G09U029,33.099,-3.783,2025,1,No
25G09U030,33.090,-3.765,2025,2,Yes
25G09U031,32.911,-3.655,2025,2,Yes
25G09U032,33.124,-3.785,2025,3,Yes
25G09U033,33.137,-3.821,2025,3,No
25G09U034,33.132,-3.812,2025,3,Yes
25G09U035,32.803,-4.000,2025,3,No
25G09U036,33.093,-3.765,2025,2,Yes
25G09U037,33.179,-3.737,2025,2,No
25G09U038,33.241,-3.657,2025,2,No
25G09U039,32.865,-4.731,2025,3,No
25G09U040,33.112,-3.803,2025,2,No
25G09U041,33.077,-3.759,2025,1,No
25G09U042,33.110,-3.775,2025,3,Yes
25G09U043,33.137,-3.814,2025,3,Yes
25G09U044,33.255,-3.705,2025,4,No
25G09U045,33.262,-3.712,2025,3,No
25G09U046,33.238,-3.715,2025,3,No
25G09U047,33.138,-3.810,2025,2,No
25G09U048,33.153,-3.715,2025,3,No
25G09U049,33.087,-3.732,2025,3,No
25G09U050,33.188,-3.641,2025,2,No
25G09U051,33.174,-3.657,2025,2,No
25G09U052,33.196,-3.653,2025,2,No
25G09U053,33.153,-3.637,2025,2,No
25G09U054,33.122,-3.720,2025,2,Yes
25G09U055,33.175,-3.646,2025,3,No
25G09U056,33.174,-3.635,2025,1,No
25G09U057,33.181,-3.645,2025,3,No
25G09U058,33.196,-3.634,2025,1,No
25G09U059,33.204,-3.685,2025,2,No
25G09U060,33.142,-3.708,2025,3,Yes
25G09U061,33.170,-3.783,2025,3,No
25G09U062,33.229,-3.701,2025,3,No
25G09U063,33.253,-3.684,2025,3,No
25G09U064,33.174,-3.692,2025,1,Yes
25G09U065,32.940,-3.704,2025,3,No
25G09U066,33.206,-3.693,2025,2,Yes
25G09U067,33.057,-4.582,2025,3,No
25G09U068,33.206,-3.680,2025,3,No
25G09U069,32.743,-3.981,2025,3,No
25G09U070,33.136,-3.739,2025,3,Yes
25G09U071,33.126,-3.727,2025,2,Yes
25G09U072,32.998,-4.553,2025,3,No
25G09U073,32.976,-4.648,2025,3,No
25G09U074,33.184,-3.632,2025,3,No
25G09U075,33.175,-3.683,2025,1,Yes
25G09U076,33.053,-3.746,2025,2,No
25G09U077,33.109,-3.716,2025,2,No
25G09U078,33.093,-3.717,2025,3,No
25G09U079,33.164,-3.820,2025,2,Yes
25G09U080,33.147,-3.790,2025,1,No
25G09U081,33.154,-3.823,2025,2,No
25G09U082,32.760,-4.152,2025,2,No
25G09U083,33.118,-3.708,2025,3,Yes
25G09U084,33.135,-3.720,2025,2,Yes
25G09U085,33.127,-3.808,2025,3,Yes
25G09U086,33.127,-3.813,2025,2,Yes
25G09U087,33.160,-3.824,2025,2,Yes
25G09U088,33.186,-3.677,2025,3,No
25G09U089,33.132,-3.708,2025,2,No
25G09U090,33.128,-3.710,2025,2,No
25G09U091,33.107,-3.737,2025,2,Yes
25G09U092,33.172,-3.662,2025,2,No
25G09U093,33.253,-3.696,2025,3,No
25G09U094,33.256,-3.692,2025,2,Yes
25G09U095,33.250,-3.681,2025,3,No
25G09U096,33.247,-3.672,2025,3,Yes
25G09U097,33.162,-3.716,2025,2,No
25G09U098,33.259,-3.690,2025,3,No
25G09U099,33.185,-3.658,2025,3,No
25G09U100,33.140,-3.818,2025,3,No
25G09U101,33.022,-3.633,2025,2,No
25G09U102,33.013,-3.761,2025,3,No
25G09U103,33.186,-3.640,2025,2,No
25G09U104,33.039,-3.670,2025,2,No
25G09U105,33.150,-3.706,2025,3,No
25G09U106,33.190,-3.629,2025,3,No
25G09U107,33.135,-3.818,2025,3,No
25G09U108,33.088,-3.732,2025,2,No
25G09U109,33.119,-3.720,2025,3,Yes
25G09U110,33.095,-3.789,2025,2,No
25G09U111,33.189,-3.627,2025,3,No
25G09U112,33.227,-3.722,2025,3,No
25G09U113,32.852,-4.744,2025,3,No
25G09U114,33.211,-3.643,2025,3,No
25G09U115,33.211,-3.639,2025,2,No
25G09U116,33.177,-3.690,2025,2,No
25G09U117,32.904,-4.920,2025,3,No
25G09U118,33.143,-3.817,2025,2,No
25G09U119,32.894,-4.736,2025,3,No
25G09U120,33.255,-3.697,2025,3,Yes
25G09U121,33.197,-3.651,2025,2,Yes
25G09U122,33.174,-3.787,2025,2,No
25G09U123,32.899,-4.023,2025,2,No
25G09U124,33.149,-3.719,2025,2,No
25G09U125,32.903,-3.642,2025,3,No
25G09U126,33.185,-3.642,2025,2,No
25G09U127,32.950,-3.706,2025,3,No
25G09U128,33.236,-3.659,2025,3,No
25G09U129,32.908,-4.915,2025,3,No
25G09U130,32.826,-3.802,2025,2,No
25G09U131,33.189,-3.649,2025,2,No
25G09U132,33.201,-3.676,2025,3,No
25G09U133,33.200,-3.641,2025,3,No
25G09U134,33.213,-3.690,2025,2,No
25G09U135,33.153,-3.709,2025,2,No
25G09U136,33.224,-3.707,2025,2,No
25G09U137,33.135,-3.711,2025,2,No
25G09U138,33.084,-3.748,2025,1,No
25G09U139,33.180,-3.695,2025,3,No
25G09U140,33.221,-3.705,2025,3,No
25G09U141,32.882,-4.028,2025,2,No
25G09U142,33.141,-3.739,2025,1,No
25G09U143,33.015,-3.745,2025,2,No
25G09U144,33.199,-3.694,2025,1,No
25G09U145,32.895,-4.871,2025,2,No
25G09U146,33.164,-3.624,2025,2,No
25G09U147,33.170,-3.620,2025,2,No
25G09U148,32.882,-4.018,2025,2,No
25G09U149,33.078,-3.729,2025,2,No
25G09U150,32.912,-4.861,2025,2,No
25G09U151,32.682,-4.638,2025,2,No
25G09U152,33.257,-3.688,2025,2,No
25G09U153,32.933,-3.546,2025,2,No
25G09U154,32.873,-4.713,2025,3,No
25G09U155,32.883,-4.846,2025,2,No
25G09U156,32.892,-4.777,2025,3,No
25G09U157,33.008,-3.699,2025,2,No
25G09U158,33.296,-3.592,2025,3,No
25G09U159,32.849,-4.743,2025,1,No
25G09U160,32.868,-4.716,2025,2,No
25G09U161,32.941,-3.702,2025,2,No
25M01U001,33.077,-3.008,2025,3,Yes
25M01U002,33.276,-3.848,2025,2,Yes
25M01U003,33.222,-3.925,2025,,No
25M01U004,32.999,-3.746,2025,2,Yes
25M01U005,32.961,-3.782,2025,3,Yes
25M01U006,32.963,-3.634,2025,2,Yes
25M01U007,32.755,-4.448,2025,,No
25M01U008,33.015,-3.958,2025,2,Yes
25M01U009,33.179,-3.730,2025,3,Yes
25M07U001,33.306,-3.826,2025,1,Yes
25M07U002,33.301,-3.900,2025,2,Yes
25M07U003,33.295,-3.885,2025,2,Yes
25M07U004,33.025,-3.636,2025,2,Yes
25M07U005,33.278,-3.830,2025,2,Yes
25M07U006,33.323,-3.771,2025,2,Yes
25M07U007,33.173,-3.891,2025,3,Yes
25M07U008,33.292,-3.913,2025,3,Yes
25M07U009,33.297,-3.900,2025,3,Yes
25M07U010,33.223,-3.903,2025,3,Yes
25M07U011,33.278,-3.830,2025,3,Yes
25M07U012,33.056,-3.764,2025,2,Yes
25M07U013,33.519,-3.703,2025,2,No
25M07U014,32.980,-3.674,2025,2,Yes
25M07U015,33.166,-3.901,2025,2,Yes
25M07U016,33.198,-3.941,2025,3,Yes
25M07U017,33.171,-3.671,2025,2,Yes
25M07U019,33.006,-4.090,2025,3,No
25M07U020,32.891,-4.869,2025,2,Yes
25M07U021,33.007,-3.703,2025,2,Yes
25M07U022,32.958,-3.743,2025,1,Yes
25M07U023,33.197,-3.919,2025,3,Yes
25M07U024,33.125,-3.830,2025,1,Yes
25M07U025,33.107,-3.894,2025,2,Yes
25M07U026,33.281,-3.810,2025,1,Yes
25M07U027,32.835,-3.741,2025,2,Yes
25M07U028,32.909,-3.621,2025,2,Yes
25M07U029,33.162,-3.794,2025,3,Yes
25M07U030,33.034,-3.686,2025,,No
25M07U031,32.982,-3.603,2025,3,Yes
25M07U032,33.202,-3.939,2025,3,Yes
25M07U033,33.302,-3.900,2025,2,Yes
25M07U034,33.288,-3.832,2025,2,Yes
25M07U035,32.692,-4.596,2025,3,Yes
25M07U036,33.093,-4.531,2025,2,Yes
25M07U037,33.061,-4.585,2025,,No
25M07U038,32.958,-3.785,2025,2,Yes
25M13U001,29.866,-6.734,2025,2,No
25M13U002,29.872,-6.749,2025,3,No
25M13U003,29.852,-6.755,2025,3,No
25M13U004,29.830,-6.775,2025,3,No
25M13U005,29.851,-6.773,2025,3,No
25M13U006,30.239,-6.845,2025,3,No
25M13U007,29.840,-6.765,2025,3,No
25M13U008,29.813,-6.726,2025,3,No
25M13U009,29.865,-6.760,2025,3,No
25M13U010,29.354,-8.163,2025,2,No
25M18U001,33.259,-3.859,2025,2,Yes
25M18U002,33.045,-2.666,2025,3,Yes
25M18U003,33.950,-2.410,2025,,No
25M18U004,32.965,-2.862,2025,3,Yes
25M18U005,33.130,-3.283,2025,2,Yes
25M18U006,33.931,-2.394,2025,3,Yes
25M24U001,32.374,-3.381,2025,2,No
25M27U001,32.373,-3.471,2025,2,No
25M27U002,32.876,-2.094,2025,2,Yes
25M27U003,32.679,-2.520,2025,3,Yes
25M27U004,32.505,-1.414,2025,3,No
25M27U005,32.473,-2.311,2025,2,Yes
25M27U006,32.699,-2.822,2025,3,Yes
25M27U007,32.514,-2.962,2025,3,Yes
25M27U008,32.386,-3.063,2025,,No
25M27U009,32.313,-3.274,2025,3,No
25M27U010,32.485,-2.301,2025,1,Yes
25M27U011,32.770,-2.139,2025,2,Yes
25M27U012,32.493,-2.142,2025,3,Yes
25M27U013,33.252,-3.206,2025,3,Yes
25M27U014,32.941,-2.621,2025,3,Yes
25M27U015,33.530,-2.223,2025,3,Yes
25M27U017,32.900,-2.544,2025,2,Yes
25M27U018,32.948,-2.581,2025,3,Yes
25M27U019,32.819,-2.460,2025,2,Yes
25M28U001,33.261,-3.915,2025,2,Yes
25M28U002,33.133,-3.991,2025,3,Yes
25M65U001,32.971,-2.256,2025,3,Yes
25M65U002,32.872,-4.018,2025,3,Yes
25M65U003,33.156,-3.905,2025,3,Yes
25M65U004,33.274,-3.914,2025,2,Yes
25M65U005,33.211,-3.975,2025,3,Yes
25M65U006,33.196,-3.781,2025,3,Yes
25M65U007,33.188,-3.907,2025,3,Yes
25M65U008,33.326,-3.776,2025,,No
25M65U009,33.192,-3.899,2025,2,Yes
25M65U010,33.373,-3.824,2025,2,Yes
25M65U011,33.210,-3.791,2025,2,Yes
25M65U012,33.128,-3.798,2025,,No
25M65U013,33.170,-3.835,2025,1,Yes
25M65U014,33.187,-3.785,2025,3,Yes
25M65U015,33.077,-3.786,2025,2,Yes
25M65U016,33.179,-3.735,2025,3,Yes
25M65U017,33.208,-3.865,2025,3,No
25M65U018,33.166,-3.766,2025,2,Yes
25M65U019,33.186,-3.650,2025,2,Yes
25M65U020,33.397,-3.867,2025,2,Yes
25M65U021,32.982,-3.592,2025,2,Yes
25M65U022,32.986,-3.655,2025,2,Yes
25M65U023,33.236,-4.013,2025,,No
25M65U024,33.127,-3.963,2025,2,Yes
25M65U025,32.921,-3.644,2025,2,Yes
25M65U026,32.838,-3.771,2025,2,Yes
25M65U027,32.923,-3.720,2025,2,Yes
25M65U028,33.212,-2.944,2025,2,Yes
25M66U001,33.036,-3.661,2025,3,Yes
25M66U002,33.360,-3.780,2025,2,Yes
25M66U003,33.274,-3.722,2025,,No
25M66U004,33.417,-3.876,2025,3,Yes
25M66U005,33.172,-3.820,2025,,No
25M66U006,33.132,-4.011,2025,3,Yes
25M66U007,32.737,-4.881,2025,3,Yes
25M69U001,32.698,-2.896,2025,3,Yes
25M69U002,32.663,-2.566,2025,2,No
25M69U003,32.900,-2.923,2025,3,Yes
25M69U004,33.150,-2.048,2025,3,Yes
25M69U005,33.224,-2.518,2025,3,Yes
25M69U006,33.100,-2.300,2025,3,Yes
25M69U007,33.213,-2.668,2025,3,Yes
25M69U008,32.700,-2.520,2025,4,Yes
25M69U009,33.149,-2.056,2025,3,Yes
25M69U010,33.792,-2.413,2025,,No
25M69U011,33.195,-2.933,2025,3,Yes
25M69U012,33.442,-2.916,2025,3,Yes
25M69U013,33.359,-3.217,2025,2,Yes
25M69U014,32.930,-2.197,2025,1,No
25M69U015,33.110,-2.444,2025,2,Yes
25M69U016,33.295,-3.122,2025,3,Yes
25M69U017,33.086,-2.531,2025,,No
25M69U018,32.962,-2.902,2025,3,Yes
25M69U019,33.071,-3.008,2025,3,Yes
25M69U020,33.931,-2.396,2025,,No
25M71U001,29.195,-7.947,2025,2,No
25M71U002,29.377,-7.888,2025,3,No
25M71U003,29.383,-7.894,2025,3,No
25M71U004,29.356,-8.163,2025,2,No
25M74U001,33.172,-3.766,2025,1,Yes
25M74U002,32.387,-3.411,2025,3,No
25M74U003,33.005,-4.088,2025,3,No
25M74U004,33.200,-3.781,2025,1,Yes
25M74U005,33.201,-3.740,2025,1,Yes
25M74U006,33.234,-4.016,2025,3,No
25M74U007,32.822,-3.784,2025,2,Yes
25M74U008,33.089,-2.718,2025,2,Yes
25M74U009,33.143,-3.736,2025,1,Yes
25M74U010,33.230,-3.718,2025,1,Yes
25M74U011,32.814,-3.423,2025,,No
25M75U001,33.387,-3.797,2025,2,Yes
25M75U002,33.045,-3.694,2025,2,Yes
25M75U003,33.200,-3.935,2025,3,Yes
25M75U004,33.048,-2.657,2025,3,Yes
25M75U005,33.318,-3.220,2025,2,Yes
25M75U006,33.252,-3.935,2025,3,No
25M75U007,33.284,-3.924,2025,3,Yes
25M75U008,32.940,-4.847,2025,3,Yes
25M75U009,32.758,-4.108,2025,3,Yes
25M75U010,33.199,-3.792,2025,2,Yes
25M75U011,32.813,-4.043,2025,3,Yes
25M75U012,32.859,-3.704,2025,3,Yes
25M75U013,33.203,-3.785,2025,1,Yes
25M75U014,32.868,-4.027,2025,3,Yes
25M75U015,33.265,-3.713,2025,2,Yes
25M75U016,33.281,-3.801,2025,,No
25M75U017,33.293,-3.912,2025,,No
25M75U018,33.171,-3.893,2025,1,Yes
25M75U019,33.231,-3.946,2025,3,Yes
25M75U020,33.930,-2.406,2025,3,Yes
25M75U021,33.414,-3.849,2025,1,Yes
25M75U022,33.307,-3.826,2025,2,Yes
25M75U023,33.541,-3.734,2025,3,Yes
25M75U024,32.845,-4.621,2025,3,Yes
25M77U001,33.151,-3.819,2025,2,Yes
25M77U002,32.803,-3.777,2025,2,Yes
25M77U003,33.195,-3.906,2025,2,Yes
25M77U004,33.276,-3.834,2025,2,Yes
25M77U005,32.871,-4.831,2025,3,Yes
25M77U006,33.107,-3.781,2025,,No
25M77U007,33.229,-3.725,2025,1,Yes
25M77U008,33.141,-3.796,2025,2,Yes
25M77U009,33.238,-3.927,2025,2,Yes
25M77U010,33.272,-3.911,2025,1,Yes
25M77U011,33.335,-3.809,2025,2,Yes
25M77U012,33.208,-3.812,2025,2,Yes
25M77U013,33.105,-3.965,2025,1,Yes
25M77U014,33.163,-3.937,2025,1,Yes
25M77U015,33.223,-3.876,2025,3,Yes
25M77U016,33.168,-3.877,2025,3,Yes
25M77U017,33.070,-3.766,2025,3,Yes
25M77U018,33.089,-3.761,2025,2,Yes
25M77U019,33.532,-3.726,2025,3,Yes
25M77U020,33.281,-3.859,2025,2,Yes
25M77U021,33.285,-3.832,2025,2,Yes
25M77U022,33.304,-3.913,2025,3,Yes
25M77U023,33.189,-3.940,2025,1,Yes
25M78U001,33.180,-3.754,2025,3,Yes
25M78U002,33.228,-3.939,2025,,No
25M78U003,33.214,-3.901,2025,2,Yes
25M78U004,33.211,-3.889,2025,3,Yes
25M78U005,33.141,-3.929,2025,2,Yes
25M78U006,33.188,-3.895,2025,3,Yes
25M78U009,33.006,-3.666,2025,2,Yes
25M78U013,32.740,-2.002,2025,1,No
25M78U014,33.110,-3.803,2025,1,Yes
25M78U015,33.124,-3.723,2025,2,Yes
25M78U016,33.003,-3.709,2025,,No
